i j d[nm] fc
2 4 0.4948 700.0000
2 17 0.8644 700.0000
2 18 0.6677 700.0000
2 19 0.4616 700.0000
2 20 0.8731 700.0000
2 175 0.6983 700.0000
2 178 0.7924 700.0000
3 5 0.5529 700.0000
3 6 0.6937 700.0000
3 16 0.6891 700.0000
3 17 0.5736 700.0000
3 18 0.4998 700.0000
3 19 0.7736 700.0000
3 178 0.8821 700.0000
4 17 0.5468 700.0000
4 18 0.7074 700.0000
4 19 0.7074 700.0000
4 175 0.7329 700.0000
4 178 0.5629 700.0000
4 179 0.6590 700.0000
4 182 0.6776 700.0000
5 7 0.6298 700.0000
5 15 0.6997 700.0000
5 16 0.5946 700.0000
5 17 0.3996 700.0000
5 18 0.7956 700.0000
5 170 0.8419 700.0000
5 178 0.8683 700.0000
5 182 0.6128 700.0000
5 185 0.7319 700.0000
5 186 0.8273 700.0000
6 8 0.7994 700.0000
6 14 0.5926 700.0000
6 15 0.7015 700.0000
6 16 0.5128 700.0000
6 17 0.7702 700.0000
6 167 0.8780 700.0000
6 169 0.8703 700.0000
7 9 0.6093 700.0000
7 10 0.8990 700.0000
7 13 0.8352 700.0000
7 14 0.5882 700.0000
7 15 0.4489 700.0000
7 16 0.7162 700.0000
7 17 0.8360 700.0000
7 185 0.6766 700.0000
7 189 0.7072 700.0000
8 10 0.5284 700.0000
8 11 0.7517 700.0000
8 12 0.7419 700.0000
8 13 0.5874 700.0000
8 14 0.5704 700.0000
8 15 0.7122 700.0000
8 189 0.8604 700.0000
9 11 0.7716 700.0000
9 12 0.7941 700.0000
9 13 0.4830 700.0000
9 14 0.6335 700.0000
9 15 0.6275 700.0000
9 152 0.7769 700.0000
9 153 0.6978 700.0000
9 156 0.5780 700.0000
9 168 0.8317 700.0000
9 189 0.7301 700.0000
10 12 0.5155 700.0000
10 13 0.3905 700.0000
10 14 0.7542 700.0000
10 156 0.6806 700.0000
10 160 0.8080 700.0000
10 163 0.8990 700.0000
10 166 0.8064 700.0000
11 13 0.5695 700.0000
11 160 0.8675 700.0000
11 166 0.8352 700.0000
12 14 0.6488 700.0000
12 165 0.8673 700.0000
12 166 0.4702 700.0000
12 167 0.8227 700.0000
13 15 0.7612 700.0000
13 156 0.6914 700.0000
13 163 0.8286 700.0000
13 165 0.7123 700.0000
13 166 0.4761 700.0000
13 167 0.7406 700.0000
13 168 0.7573 700.0000
14 16 0.5720 700.0000
14 165 0.8942 700.0000
14 166 0.6802 700.0000
14 167 0.5304 700.0000
14 168 0.5751 700.0000
14 169 0.7709 700.0000
15 17 0.6629 700.0000
15 149 0.8125 700.0000
15 152 0.7564 700.0000
15 167 0.8226 700.0000
15 168 0.4781 700.0000
15 169 0.7341 700.0000
15 170 0.6474 700.0000
15 185 0.7206 700.0000
15 189 0.8680 700.0000
16 18 0.5921 700.0000
16 167 0.6858 700.0000
16 168 0.5849 700.0000
16 169 0.4202 700.0000
16 170 0.6076 700.0000
16 171 0.8692 700.0000
17 19 0.8551 700.0000
17 169 0.7455 700.0000
17 170 0.4885 700.0000
17 171 0.7288 700.0000
17 178 0.5923 700.0000
17 180 0.8934 700.0000
17 181 0.6308 700.0000
17 182 0.6100 700.0000
17 185 0.7867 700.0000
18 20 0.6144 700.0000
18 25 0.8125 700.0000
18 169 0.5958 700.0000
18 170 0.7026 700.0000
18 171 0.5839 700.0000
18 172 0.8666 700.0000
18 178 0.7570 700.0000
19 171 0.7284 700.0000
19 172 0.6463 700.0000
19 173 0.5710 700.0000
19 174 0.6633 700.0000
19 175 0.6180 700.0000
19 177 0.8727 700.0000
19 178 0.6246 700.0000
20 22 0.6415 700.0000
20 23 0.8609 700.0000
20 25 0.7284 700.0000
20 171 0.5251 700.0000
20 172 0.5405 700.0000
20 173 0.4673 700.0000
20 174 0.7961 700.0000
20 178 0.8645 700.0000
21 23 0.4367 700.0000
21 24 0.5388 700.0000
21 25 0.6455 700.0000
21 44 0.8465 700.0000
21 47 0.8104 700.0000
21 48 0.8210 700.0000
21 171 0.8118 700.0000
21 172 0.8331 700.0000
21 173 0.6930 700.0000
22 24 0.8280 700.0000
22 25 0.5610 700.0000
22 27 0.8594 700.0000
22 30 0.5917 700.0000
22 31 0.7400 700.0000
22 32 0.8401 700.0000
22 44 0.6951 700.0000
22 47 0.8567 700.0000
22 48 0.6757 700.0000
22 85 0.8178 700.0000
22 128 0.6267 700.0000
22 129 0.8329 700.0000
22 130 0.7428 700.0000
22 171 0.6200 700.0000
22 172 0.8161 700.0000
22 173 0.8922 700.0000
23 25 0.6191 700.0000
23 30 0.8162 700.0000
23 47 0.7389 700.0000
23 48 0.5948 700.0000
23 51 0.6607 700.0000
23 52 0.8768 700.0000
23 83 0.5934 700.0000
23 84 0.6578 700.0000
23 85 0.6758 700.0000
24 51 0.8551 700.0000
24 83 0.8436 700.0000
24 84 0.7492 700.0000
25 27 0.5131 700.0000
25 30 0.7933 700.0000
25 84 0.7581 700.0000
25 85 0.7256 700.0000
25 128 0.7209 700.0000
25 169 0.7176 700.0000
25 171 0.8153 700.0000
26 28 0.7978 700.0000
26 84 0.8536 700.0000
26 85 0.8597 700.0000
26 126 0.7678 700.0000
26 167 0.8385 700.0000
26 169 0.6911 700.0000
27 29 0.5454 700.0000
27 30 0.6860 700.0000
27 84 0.7561 700.0000
27 85 0.6099 700.0000
27 124 0.8658 700.0000
27 126 0.4686 700.0000
27 127 0.6466 700.0000
27 128 0.6435 700.0000
27 167 0.7871 700.0000
27 169 0.6848 700.0000
28 30 0.8203 700.0000
28 84 0.8880 700.0000
28 85 0.7023 700.0000
28 86 0.7616 700.0000
28 87 0.8800 700.0000
28 119 0.8655 700.0000
28 124 0.4730 700.0000
28 125 0.7156 700.0000
28 126 0.3977 700.0000
28 127 0.7187 700.0000
28 128 0.8928 700.0000
28 167 0.8865 700.0000
29 31 0.7008 700.0000
29 85 0.6116 700.0000
29 86 0.8392 700.0000
29 87 0.6961 700.0000
29 88 0.6741 700.0000
29 89 0.6461 700.0000
29 119 0.7041 700.0000
29 124 0.5598 700.0000
29 126 0.5772 700.0000
29 127 0.5127 700.0000
29 128 0.5937 700.0000
30 32 0.7015 700.0000
30 48 0.8129 700.0000
30 80 0.8683 700.0000
30 83 0.8472 700.0000
30 84 0.8841 700.0000
30 85 0.5822 700.0000
30 87 0.8365 700.0000
30 88 0.5254 700.0000
30 89 0.5759 700.0000
30 90 0.8447 700.0000
30 126 0.8843 700.0000
30 127 0.6657 700.0000
30 128 0.4856 700.0000
30 129 0.7642 700.0000
30 130 0.8649 700.0000
31 33 0.6796 700.0000
31 34 0.8866 700.0000
31 88 0.6834 700.0000
31 89 0.4745 700.0000
31 90 0.6949 700.0000
31 91 0.6288 700.0000
31 112 0.8575 700.0000
31 115 0.6751 700.0000
31 127 0.7164 700.0000
31 128 0.5240 700.0000
31 129 0.5182 700.0000
31 130 0.5627 700.0000
31 132 0.7716 700.0000
32 34 0.4983 700.0000
32 35 0.8599 700.0000
32 38 0.8518 700.0000
32 40 0.7268 700.0000
32 44 0.6244 700.0000
32 45 0.5735 700.0000
32 48 0.6747 700.0000
32 88 0.6579 700.0000
32 89 0.6580 700.0000
32 90 0.4679 700.0000
32 91 0.5480 700.0000
32 92 0.8652 700.0000
32 130 0.7610 700.0000
32 132 0.8204 700.0000
33 35 0.7427 700.0000
33 40 0.8184 700.0000
33 42 0.8218 700.0000
33 43 0.7812 700.0000
33 44 0.5768 700.0000
33 45 0.6103 700.0000
33 48 0.8930 700.0000
33 90 0.7205 700.0000
33 91 0.5173 700.0000
33 92 0.7371 700.0000
33 93 0.7455 700.0000
33 130 0.6793 700.0000
33 131 0.7759 700.0000
33 132 0.5794 700.0000
33 133 0.7293 700.0000
33 136 0.8935 700.0000
33 137 0.8231 700.0000
34 36 0.7152 700.0000
34 37 0.8490 700.0000
34 38 0.5964 700.0000
34 39 0.8485 700.0000
34 40 0.6891 700.0000
34 42 0.8761 700.0000
34 44 0.8829 700.0000
34 45 0.7185 700.0000
34 70 0.8500 700.0000
34 90 0.5708 700.0000
34 91 0.4660 700.0000
34 92 0.5045 700.0000
34 93 0.6577 700.0000
34 132 0.8333 700.0000
34 133 0.9000 700.0000
34 137 0.8276 700.0000
35 37 0.5020 700.0000
35 38 0.5073 700.0000
35 39 0.6077 700.0000
35 40 0.7090 700.0000
35 41 0.7185 700.0000
35 42 0.8838 700.0000
35 45 0.8921 700.0000
35 69 0.8565 700.0000
35 70 0.7388 700.0000
35 90 0.8338 700.0000
35 91 0.7974 700.0000
35 92 0.6258 700.0000
35 93 0.7744 700.0000
35 95 0.8649 700.0000
35 137 0.8274 700.0000
36 38 0.7337 700.0000
36 39 0.8719 700.0000
36 69 0.5529 700.0000
36 70 0.5414 700.0000
36 71 0.6256 700.0000
36 72 0.6680 700.0000
36 74 0.8682 700.0000
36 92 0.6171 700.0000
36 93 0.7601 700.0000
36 95 0.7409 700.0000
37 39 0.5025 700.0000
37 41 0.8933 700.0000
37 60 0.8800 700.0000
37 61 0.8313 700.0000
37 64 0.6672 700.0000
37 68 0.8149 700.0000
37 69 0.5032 700.0000
37 70 0.6940 700.0000
38 40 0.6172 700.0000
38 56 0.8538 700.0000
38 57 0.6712 700.0000
38 60 0.4558 700.0000
38 61 0.6935 700.0000
38 63 0.7238 700.0000
38 64 0.6582 700.0000
38 68 0.8957 700.0000
38 69 0.8757 700.0000
38 70 0.6938 700.0000
38 76 0.7986 700.0000
38 90 0.6031 700.0000
38 91 0.8884 700.0000
38 92 0.8394 700.0000
39 41 0.6017 700.0000
39 57 0.5685 700.0000
39 60 0.7326 700.0000
39 61 0.6825 700.0000
39 64 0.8914 700.0000
40 42 0.6463 700.0000
40 43 0.8234 700.0000
40 44 0.8529 700.0000
40 45 0.4392 700.0000
40 46 0.5773 700.0000
40 47 0.8217 700.0000
40 48 0.7383 700.0000
40 49 0.5625 700.0000
40 56 0.6742 700.0000
40 57 0.5399 700.0000
40 60 0.7453 700.0000
40 90 0.8056 700.0000
41 43 0.7596 700.0000
41 45 0.7692 700.0000
41 46 0.7778 700.0000
41 136 0.8720 700.0000
42 44 0.6746 700.0000
42 45 0.4854 700.0000
42 46 0.4813 700.0000
42 47 0.7728 700.0000
42 136 0.7380 700.0000
43 45 0.4818 700.0000
43 46 0.4829 700.0000
43 47 0.6350 700.0000
43 48 0.8476 700.0000
43 135 0.8535 700.0000
43 136 0.7639 700.0000
44 46 0.6031 700.0000
44 47 0.5478 700.0000
44 48 0.5768 700.0000
44 130 0.7803 700.0000
44 131 0.8975 700.0000
44 172 0.8655 700.0000
45 47 0.5070 700.0000
45 48 0.4926 700.0000
45 49 0.6044 700.0000
45 56 0.8909 700.0000
45 90 0.8965 700.0000
46 48 0.5754 700.0000
46 49 0.5006 700.0000
46 50 0.6167 700.0000
46 51 0.8369 700.0000
47 49 0.5531 700.0000
47 50 0.5218 700.0000
47 51 0.6185 700.0000
47 52 0.8401 700.0000
48 50 0.7583 700.0000
48 51 0.5827 700.0000
48 52 0.6717 700.0000
48 53 0.8359 700.0000
48 56 0.7563 700.0000
48 80 0.8310 700.0000
48 83 0.6976 700.0000
48 88 0.8171 700.0000
49 51 0.5569 700.0000
49 52 0.5093 700.0000
49 53 0.4672 700.0000
49 54 0.6962 700.0000
49 56 0.5644 700.0000
49 57 0.6831 700.0000
49 80 0.8867 700.0000
49 83 0.8795 700.0000
50 52 0.7191 700.0000
50 53 0.6953 700.0000
51 53 0.5463 700.0000
51 56 0.8794 700.0000
51 80 0.8529 700.0000
51 81 0.7863 700.0000
51 82 0.6034 700.0000
51 83 0.5740 700.0000
52 54 0.6278 700.0000
52 55 0.6310 700.0000
52 56 0.5964 700.0000
52 80 0.5900 700.0000
52 81 0.4855 700.0000
52 82 0.4340 700.0000
52 83 0.5143 700.0000
53 55 0.5486 700.0000
53 56 0.5934 700.0000
53 57 0.7875 700.0000
53 58 0.8960 700.0000
53 80 0.7886 700.0000
53 81 0.6615 700.0000
53 82 0.5797 700.0000
53 83 0.8117 700.0000
54 56 0.6578 700.0000
54 57 0.6796 700.0000
54 58 0.6617 700.0000
54 81 0.8215 700.0000
54 82 0.8039 700.0000
55 57 0.8436 700.0000
55 58 0.6431 700.0000
55 59 0.7393 700.0000
55 79 0.6584 700.0000
55 80 0.6782 700.0000
55 81 0.5094 700.0000
55 82 0.6783 700.0000
56 58 0.6255 700.0000
56 59 0.6210 700.0000
56 60 0.5728 700.0000
56 61 0.8833 700.0000
56 78 0.6223 700.0000
56 79 0.6632 700.0000
56 80 0.5495 700.0000
56 81 0.6612 700.0000
56 83 0.8412 700.0000
56 88 0.7004 700.0000
56 90 0.8117 700.0000
57 59 0.7250 700.0000
57 60 0.4803 700.0000
57 61 0.5170 700.0000
58 60 0.5428 700.0000
58 61 0.4733 700.0000
58 62 0.6272 700.0000
58 63 0.8363 700.0000
58 79 0.7904 700.0000
59 61 0.6788 700.0000
59 62 0.5144 700.0000
59 63 0.5831 700.0000
59 77 0.8592 700.0000
59 78 0.5448 700.0000
59 79 0.4570 700.0000
59 80 0.8585 700.0000
60 62 0.7060 700.0000
60 63 0.5141 700.0000
60 64 0.6770 700.0000
60 76 0.8356 700.0000
60 77 0.8928 700.0000
60 78 0.6310 700.0000
60 79 0.8048 700.0000
60 88 0.8888 700.0000
60 90 0.6976 700.0000
61 63 0.6719 700.0000
61 64 0.5876 700.0000
61 65 0.7131 700.0000
62 64 0.7371 700.0000
62 65 0.6015 700.0000
62 66 0.5707 700.0000
62 67 0.8807 700.0000
63 65 0.7492 700.0000
63 66 0.4744 700.0000
63 67 0.5229 700.0000
63 68 0.6775 700.0000
63 70 0.8845 700.0000
63 76 0.7312 700.0000
63 77 0.8326 700.0000
63 78 0.7829 700.0000
64 66 0.6762 700.0000
64 67 0.6118 700.0000
64 68 0.3868 700.0000
64 69 0.6788 700.0000
64 70 0.7240 700.0000
65 67 0.8496 700.0000
65 68 0.7580 700.0000
66 68 0.7116 700.0000
67 70 0.7991 700.0000
67 76 0.8371 700.0000
68 70 0.5972 700.0000
69 71 0.7065 700.0000
70 72 0.7187 700.0000
70 73 0.8104 700.0000
70 74 0.5493 700.0000
70 75 0.7320 700.0000
70 76 0.7611 700.0000
70 91 0.8937 700.0000
70 92 0.6131 700.0000
71 73 0.6200 700.0000
71 74 0.5253 700.0000
71 92 0.6851 700.0000
71 93 0.8518 700.0000
71 107 0.8928 700.0000
72 74 0.5578 700.0000
72 92 0.5465 700.0000
72 93 0.5469 700.0000
72 94 0.5966 700.0000
72 95 0.7565 700.0000
72 103 0.8446 700.0000
72 104 0.8922 700.0000
72 107 0.5709 700.0000
72 110 0.7563 700.0000
72 111 0.8813 700.0000
73 75 0.6729 700.0000
73 91 0.7584 700.0000
73 92 0.5266 700.0000
73 93 0.5933 700.0000
73 94 0.7139 700.0000
73 103 0.8922 700.0000
73 106 0.7314 700.0000
73 107 0.4564 700.0000
73 108 0.7280 700.0000
73 110 0.3747 700.0000
73 111 0.4958 700.0000
73 112 0.8705 700.0000
73 114 0.7289 700.0000
74 76 0.7578 700.0000
74 91 0.7100 700.0000
74 92 0.4890 700.0000
74 93 0.7384 700.0000
74 107 0.7857 700.0000
74 110 0.5951 700.0000
74 111 0.6213 700.0000
74 114 0.6786 700.0000
75 77 0.7644 700.0000
75 89 0.6991 700.0000
75 90 0.6936 700.0000
75 91 0.5831 700.0000
75 92 0.6405 700.0000
75 110 0.8282 700.0000
75 111 0.6073 700.0000
75 112 0.8751 700.0000
75 114 0.4935 700.0000
75 115 0.6059 700.0000
75 117 0.8904 700.0000
75 118 0.6942 700.0000
76 78 0.6861 700.0000
76 88 0.7968 700.0000
76 89 0.6070 700.0000
76 90 0.5058 700.0000
76 91 0.7452 700.0000
76 92 0.8498 700.0000
76 114 0.8379 700.0000
76 115 0.8150 700.0000
76 118 0.7109 700.0000
77 79 0.7864 700.0000
77 87 0.5883 700.0000
77 88 0.5950 700.0000
77 89 0.5428 700.0000
77 90 0.6418 700.0000
77 118 0.6284 700.0000
77 122 0.6988 700.0000
78 80 0.6149 700.0000
78 81 0.8686 700.0000
78 87 0.5240 700.0000
78 88 0.4284 700.0000
78 89 0.6920 700.0000
78 90 0.6047 700.0000
79 81 0.6497 700.0000
79 86 0.8447 700.0000
79 87 0.6091 700.0000
79 88 0.7631 700.0000
80 82 0.7270 700.0000
80 83 0.4656 700.0000
80 84 0.7733 700.0000
80 85 0.6404 700.0000
80 86 0.7069 700.0000
80 87 0.6191 700.0000
80 88 0.5679 700.0000
81 83 0.4869 700.0000
81 84 0.7997 700.0000
81 85 0.7932 700.0000
81 86 0.7992 700.0000
81 87 0.8582 700.0000
81 88 0.8788 700.0000
82 84 0.8680 700.0000
83 85 0.4556 700.0000
83 86 0.8605 700.0000
83 88 0.8259 700.0000
84 86 0.7767 700.0000
85 87 0.7762 700.0000
85 88 0.7462 700.0000
86 124 0.8283 700.0000
87 89 0.7540 700.0000
87 122 0.6960 700.0000
87 124 0.7561 700.0000
88 90 0.5136 700.0000
89 91 0.6716 700.0000
89 115 0.5573 700.0000
89 116 0.8988 700.0000
89 118 0.6414 700.0000
89 119 0.7818 700.0000
89 127 0.8619 700.0000
89 128 0.8514 700.0000
90 92 0.7826 700.0000
90 115 0.8955 700.0000
91 93 0.5856 700.0000
91 108 0.8748 700.0000
91 111 0.5734 700.0000
91 112 0.7864 700.0000
91 114 0.8599 700.0000
91 115 0.7111 700.0000
91 130 0.8534 700.0000
91 132 0.6306 700.0000
91 133 0.8801 700.0000
92 94 0.6903 700.0000
92 95 0.8775 700.0000
92 107 0.8344 700.0000
92 108 0.8716 700.0000
92 110 0.8785 700.0000
92 111 0.6566 700.0000
92 132 0.8245 700.0000
92 133 0.8787 700.0000
92 137 0.8538 700.0000
93 95 0.6543 700.0000
93 104 0.8524 700.0000
93 107 0.6752 700.0000
93 108 0.6403 700.0000
93 111 0.6970 700.0000
93 132 0.6491 700.0000
93 133 0.5679 700.0000
93 137 0.5870 700.0000
93 139 0.8897 700.0000
94 96 0.7319 700.0000
94 97 0.8716 700.0000
94 103 0.8749 700.0000
94 104 0.5226 700.0000
94 105 0.8208 700.0000
94 107 0.5508 700.0000
94 108 0.5843 700.0000
94 111 0.8718 700.0000
94 132 0.7870 700.0000
94 133 0.5537 700.0000
94 137 0.5773 700.0000
94 138 0.8394 700.0000
94 139 0.6658 700.0000
95 97 0.8853 700.0000
95 133 0.8023 700.0000
95 136 0.7815 700.0000
95 137 0.4208 700.0000
95 138 0.8243 700.0000
96 98 0.5463 700.0000
96 99 0.8912 700.0000
96 100 0.7848 700.0000
96 101 0.5987 700.0000
96 104 0.5579 700.0000
96 105 0.8693 700.0000
96 133 0.8299 700.0000
96 137 0.8604 700.0000
96 138 0.5462 700.0000
96 139 0.4755 700.0000
96 140 0.5889 700.0000
97 99 0.5492 700.0000
97 100 0.4634 700.0000
97 101 0.5649 700.0000
97 102 0.8493 700.0000
97 104 0.6071 700.0000
97 138 0.8746 700.0000
97 139 0.8690 700.0000
98 100 0.6008 700.0000
98 101 0.4948 700.0000
98 102 0.7907 700.0000
98 104 0.7761 700.0000
99 101 0.8241 700.0000
100 102 0.6451 700.0000
100 103 0.6214 700.0000
100 104 0.5880 700.0000
101 103 0.7612 700.0000
101 104 0.4530 700.0000
101 105 0.6015 700.0000
101 139 0.8528 700.0000
101 143 0.8502 700.0000
102 104 0.5736 700.0000
102 105 0.5522 700.0000
102 106 0.8037 700.0000
102 107 0.8929 700.0000
103 105 0.7420 700.0000
103 106 0.4986 700.0000
103 107 0.5133 700.0000
103 110 0.8404 700.0000
104 106 0.7620 700.0000
104 107 0.5511 700.0000
104 108 0.6967 700.0000
104 139 0.6792 700.0000
105 107 0.6427 700.0000
105 108 0.5709 700.0000
105 109 0.5934 700.0000
105 139 0.7797 700.0000
105 143 0.6967 700.0000
105 144 0.8381 700.0000
105 147 0.5738 700.0000
106 108 0.7690 700.0000
106 109 0.6083 700.0000
106 110 0.4957 700.0000
106 111 0.8891 700.0000
106 113 0.8885 700.0000
107 109 0.7708 700.0000
107 110 0.4822 700.0000
107 111 0.7079 700.0000
108 110 0.7538 700.0000
108 111 0.5617 700.0000
108 112 0.6370 700.0000
108 113 0.8737 700.0000
108 132 0.6039 700.0000
108 133 0.6875 700.0000
108 139 0.7206 700.0000
108 144 0.6540 700.0000
108 147 0.5517 700.0000
108 148 0.6423 700.0000
108 151 0.8629 700.0000
109 111 0.7855 700.0000
109 112 0.7014 700.0000
109 113 0.6014 700.0000
109 147 0.5330 700.0000
109 148 0.7580 700.0000
109 150 0.6225 700.0000
109 151 0.5161 700.0000
109 154 0.6769 700.0000
110 112 0.8013 700.0000
110 113 0.6501 700.0000
110 114 0.6364 700.0000
111 113 0.5934 700.0000
111 114 0.5006 700.0000
111 115 0.5748 700.0000
111 116 0.8424 700.0000
111 132 0.7493 700.0000
111 148 0.8697 700.0000
111 151 0.8891 700.0000
112 114 0.6257 700.0000
112 115 0.5080 700.0000
112 116 0.5903 700.0000
112 117 0.8642 700.0000
112 129 0.7578 700.0000
112 132 0.7593 700.0000
112 147 0.8221 700.0000
112 148 0.6035 700.0000
112 151 0.5796 700.0000
112 152 0.7091 700.0000
112 155 0.8970 700.0000
113 115 0.7108 700.0000
113 116 0.6424 700.0000
113 117 0.6878 700.0000
113 151 0.5615 700.0000
113 152 0.8115 700.0000
113 154 0.7354 700.0000
113 155 0.6834 700.0000
114 116 0.6719 700.0000
114 117 0.5183 700.0000
114 118 0.6343 700.0000
115 117 0.5901 700.0000
115 118 0.5220 700.0000
115 119 0.6774 700.0000
115 127 0.8292 700.0000
115 129 0.8270 700.0000
116 118 0.6769 700.0000
116 119 0.5881 700.0000
116 120 0.6488 700.0000
116 127 0.7344 700.0000
116 129 0.8786 700.0000
116 151 0.8132 700.0000
116 152 0.7260 700.0000
116 155 0.6242 700.0000
116 156 0.8592 700.0000
116 165 0.7381 700.0000
116 168 0.8722 700.0000
117 119 0.6207 700.0000
117 120 0.5947 700.0000
117 121 0.7000 700.0000
117 155 0.7889 700.0000
118 120 0.7366 700.0000
118 121 0.5414 700.0000
118 122 0.5993 700.0000
118 124 0.8554 700.0000
119 121 0.6295 700.0000
119 122 0.5862 700.0000
119 123 0.6398 700.0000
119 124 0.4876 700.0000
119 126 0.8248 700.0000
119 127 0.7304 700.0000
119 164 0.7425 700.0000
119 165 0.6822 700.0000
120 122 0.8282 700.0000
120 123 0.5353 700.0000
120 124 0.7460 700.0000
120 155 0.8714 700.0000
120 162 0.7003 700.0000
120 163 0.5894 700.0000
120 164 0.4513 700.0000
120 165 0.5492 700.0000
121 123 0.6509 700.0000
121 124 0.8698 700.0000
122 124 0.5994 700.0000
123 125 0.8503 700.0000
123 164 0.5024 700.0000
123 165 0.8325 700.0000
124 126 0.6195 700.0000
124 127 0.7886 700.0000
124 164 0.7896 700.0000
124 165 0.7975 700.0000
125 164 0.6230 700.0000
125 165 0.6095 700.0000
125 166 0.4965 700.0000
125 167 0.6560 700.0000
126 128 0.7330 700.0000
126 165 0.6446 700.0000
126 166 0.7582 700.0000
126 167 0.5238 700.0000
126 168 0.7323 700.0000
126 169 0.7168 700.0000
127 129 0.5960 700.0000
127 165 0.6889 700.0000
127 167 0.7326 700.0000
127 168 0.5176 700.0000
127 169 0.6386 700.0000
127 170 0.8781 700.0000
128 130 0.6643 700.0000
128 168 0.6948 700.0000
128 169 0.5880 700.0000
128 170 0.7138 700.0000
128 171 0.6496 700.0000
129 131 0.7469 700.0000
129 132 0.7435 700.0000
129 148 0.7183 700.0000
129 152 0.8706 700.0000
129 168 0.7035 700.0000
129 169 0.7821 700.0000
129 170 0.5318 700.0000
129 171 0.6241 700.0000
129 181 0.8559 700.0000
130 132 0.4953 700.0000
130 133 0.8673 700.0000
130 134 0.8721 700.0000
130 144 0.8988 700.0000
130 148 0.7833 700.0000
130 170 0.6986 700.0000
130 171 0.5694 700.0000
130 172 0.7168 700.0000
130 181 0.8291 700.0000
131 133 0.5986 700.0000
131 134 0.4932 700.0000
131 135 0.7610 700.0000
131 139 0.8397 700.0000
131 141 0.7379 700.0000
131 144 0.5719 700.0000
131 145 0.6902 700.0000
131 148 0.7316 700.0000
131 170 0.8544 700.0000
131 171 0.7804 700.0000
131 172 0.7045 700.0000
131 177 0.6940 700.0000
131 181 0.7257 700.0000
132 134 0.6703 700.0000
132 135 0.8604 700.0000
132 137 0.8404 700.0000
132 139 0.8033 700.0000
132 144 0.6447 700.0000
132 145 0.8804 700.0000
132 148 0.6847 700.0000
133 135 0.5455 700.0000
133 136 0.7096 700.0000
133 137 0.4683 700.0000
133 138 0.6000 700.0000
133 139 0.4949 700.0000
133 140 0.8221 700.0000
133 144 0.6336 700.0000
134 136 0.7199 700.0000
134 137 0.7371 700.0000
134 138 0.5562 700.0000
134 139 0.5795 700.0000
134 140 0.6902 700.0000
134 141 0.5896 700.0000
134 142 0.8961 700.0000
134 144 0.6153 700.0000
134 145 0.8864 700.0000
134 177 0.8195 700.0000
135 137 0.5847 700.0000
135 138 0.5029 700.0000
135 139 0.7754 700.0000
135 140 0.8937 700.0000
135 141 0.8891 700.0000
136 138 0.6567 700.0000
137 139 0.7754 700.0000
138 140 0.5803 700.0000
138 141 0.8744 700.0000
138 144 0.8901 700.0000
139 141 0.7088 700.0000
139 142 0.7599 700.0000
139 143 0.7168 700.0000
139 144 0.4810 700.0000
139 145 0.8680 700.0000
139 147 0.8387 700.0000
140 142 0.5751 700.0000
140 143 0.6232 700.0000
140 144 0.6149 700.0000
140 145 0.8784 700.0000
141 143 0.8159 700.0000
141 144 0.5404 700.0000
141 145 0.5870 700.0000
141 146 0.8483 700.0000
141 176 0.8683 700.0000
141 177 0.6342 700.0000
141 180 0.6369 700.0000
141 181 0.8086 700.0000
142 144 0.5180 700.0000
142 145 0.4573 700.0000
142 146 0.4820 700.0000
142 147 0.7922 700.0000
142 180 0.6411 700.0000
142 181 0.8223 700.0000
142 183 0.8072 700.0000
142 184 0.7656 700.0000
143 145 0.7374 700.0000
143 146 0.4539 700.0000
143 147 0.6340 700.0000
144 146 0.6568 700.0000
144 147 0.5481 700.0000
144 148 0.5807 700.0000
144 149 0.8916 700.0000
144 180 0.8886 700.0000
144 181 0.7905 700.0000
145 147 0.6016 700.0000
145 148 0.5204 700.0000
145 149 0.6219 700.0000
145 150 0.8590 700.0000
145 170 0.8528 700.0000
145 177 0.7926 700.0000
145 180 0.5783 700.0000
145 181 0.4637 700.0000
145 182 0.8565 700.0000
145 183 0.8431 700.0000
145 184 0.5855 700.0000
145 185 0.8698 700.0000
146 148 0.7489 700.0000
146 149 0.6724 700.0000
146 150 0.6961 700.0000
146 180 0.8496 700.0000
146 181 0.8772 700.0000
146 183 0.8344 700.0000
146 184 0.5665 700.0000
146 187 0.7244 700.0000
146 188 0.7395 700.0000
147 149 0.6286 700.0000
147 150 0.5289 700.0000
147 151 0.6532 700.0000
147 152 0.8974 700.0000
148 150 0.6266 700.0000
148 151 0.5921 700.0000
148 152 0.6490 700.0000
148 170 0.7920 700.0000
148 181 0.7146 700.0000
148 184 0.8755 700.0000
149 151 0.5818 700.0000
149 152 0.5057 700.0000
149 153 0.6775 700.0000
149 154 0.8432 700.0000
149 170 0.8062 700.0000
149 181 0.7134 700.0000
149 184 0.5803 700.0000
149 185 0.6134 700.0000
149 187 0.8597 700.0000
149 188 0.5996 700.0000
149 189 0.7489 700.0000
150 152 0.5877 700.0000
150 153 0.5441 700.0000
150 154 0.5230 700.0000
150 184 0.8428 700.0000
150 188 0.6094 700.0000
150 189 0.8419 700.0000
151 153 0.6601 700.0000
151 154 0.4354 700.0000
151 155 0.6482 700.0000
151 156 0.8677 700.0000
152 154 0.6566 700.0000
152 155 0.5974 700.0000
152 156 0.6524 700.0000
152 168 0.7175 700.0000
153 155 0.7838 700.0000
153 156 0.7094 700.0000
153 157 0.5270 700.0000
153 188 0.6209 700.0000
153 189 0.5663 700.0000
154 156 0.7961 700.0000
154 157 0.5982 700.0000
154 158 0.7335 700.0000
155 157 0.7785 700.0000
155 158 0.7456 700.0000
155 159 0.7065 700.0000
155 163 0.6771 700.0000
155 165 0.8836 700.0000
156 159 0.7611 700.0000
156 160 0.6972 700.0000
156 163 0.5673 700.0000
156 165 0.7785 700.0000
157 159 0.8709 700.0000
157 160 0.6875 700.0000
158 160 0.7849 700.0000
159 161 0.5124 700.0000
159 162 0.6874 700.0000
159 163 0.6667 700.0000
160 162 0.8816 700.0000
160 163 0.7880 700.0000
161 163 0.6408 700.0000
162 164 0.5876 700.0000
162 165 0.8621 700.0000
163 165 0.5862 700.0000
163 166 0.7643 700.0000
164 166 0.6448 700.0000
165 167 0.7227 700.0000
165 168 0.6947 700.0000
166 168 0.8040 700.0000
167 169 0.5628 700.0000
168 170 0.6573 700.0000
169 171 0.7174 700.0000
170 172 0.8477 700.0000
170 178 0.7379 700.0000
170 181 0.4922 700.0000
170 182 0.8571 700.0000
170 185 0.8838 700.0000
171 173 0.7463 700.0000
171 174 0.8885 700.0000
171 177 0.7952 700.0000
171 178 0.7031 700.0000
171 181 0.7448 700.0000
172 174 0.4571 700.0000
172 175 0.8515 700.0000
172 177 0.5003 700.0000
172 178 0.6115 700.0000
172 181 0.8220 700.0000
173 175 0.8093 700.0000
173 177 0.7713 700.0000
173 178 0.8358 700.0000
174 176 0.5431 700.0000
174 177 0.4684 700.0000
174 178 0.6246 700.0000
174 179 0.8012 700.0000
175 177 0.7275 700.0000
175 178 0.5908 700.0000
175 179 0.5320 700.0000
176 178 0.7442 700.0000
176 179 0.5531 700.0000
176 180 0.7795 700.0000
177 179 0.6472 700.0000
177 180 0.5503 700.0000
177 181 0.5971 700.0000
178 180 0.5688 700.0000
178 181 0.5402 700.0000
178 182 0.6500 700.0000
179 181 0.8224 700.0000
179 182 0.6445 700.0000
179 183 0.7465 700.0000
180 182 0.5105 700.0000
180 183 0.5022 700.0000
180 184 0.6071 700.0000
180 185 0.8444 700.0000
180 186 0.8906 700.0000
181 183 0.8235 700.0000
181 184 0.6224 700.0000
181 185 0.7291 700.0000
182 184 0.5249 700.0000
182 185 0.4992 700.0000
182 186 0.5062 700.0000
182 187 0.8360 700.0000
183 185 0.7120 700.0000
183 186 0.5318 700.0000
183 187 0.6120 700.0000
184 186 0.5802 700.0000
184 187 0.4608 700.0000
184 188 0.5651 700.0000
184 189 0.7799 700.0000
185 187 0.5962 700.0000
185 188 0.5691 700.0000
185 189 0.5417 700.0000
186 188 0.7982 700.0000
186 189 0.7934 700.0000
187 189 0.6919 700.0000
214 217 0.7862 700.0000
215 217 0.7262 700.0000
215 218 0.6925 700.0000
216 218 0.7789 700.0000
216 394 0.8373 700.0000
216 397 0.8671 700.0000
216 398 0.8408 700.0000
217 219 0.6710 700.0000
217 227 0.8225 700.0000
217 228 0.5543 700.0000
217 229 0.4599 700.0000
217 230 0.7951 700.0000
217 394 0.8067 700.0000
217 397 0.5964 700.0000
218 220 0.6902 700.0000
218 226 0.6446 700.0000
218 227 0.6313 700.0000
218 228 0.5602 700.0000
218 229 0.7343 700.0000
218 397 0.6252 700.0000
218 401 0.8192 700.0000
219 221 0.7238 700.0000
219 225 0.8615 700.0000
219 226 0.6481 700.0000
219 227 0.4166 700.0000
219 228 0.7162 700.0000
219 229 0.8970 700.0000
219 360 0.8284 700.0000
219 364 0.7896 700.0000
219 397 0.5266 700.0000
219 398 0.8923 700.0000
219 400 0.7217 700.0000
219 401 0.6797 700.0000
220 222 0.6787 700.0000
220 223 0.7674 700.0000
220 224 0.5597 700.0000
220 225 0.6437 700.0000
220 226 0.5601 700.0000
220 227 0.6105 700.0000
220 364 0.7794 700.0000
221 223 0.4586 700.0000
221 224 0.4314 700.0000
221 225 0.4785 700.0000
221 226 0.7507 700.0000
221 227 0.6931 700.0000
221 363 0.7941 700.0000
221 364 0.5430 700.0000
221 367 0.5737 700.0000
221 368 0.7567 700.0000
222 224 0.6091 700.0000
222 225 0.7820 700.0000
222 364 0.6854 700.0000
222 367 0.6168 700.0000
222 368 0.6024 700.0000
223 225 0.5674 700.0000
223 364 0.8800 700.0000
223 367 0.4801 700.0000
223 368 0.6741 700.0000
223 370 0.8620 700.0000
223 371 0.7790 700.0000
223 372 0.6855 700.0000
224 226 0.6589 700.0000
224 227 0.8738 700.0000
224 367 0.6873 700.0000
224 372 0.7951 700.0000
224 375 0.8794 700.0000
224 376 0.7053 700.0000
225 227 0.6058 700.0000
225 363 0.6952 700.0000
225 364 0.7743 700.0000
225 366 0.8418 700.0000
225 367 0.5662 700.0000
225 372 0.7333 700.0000
225 375 0.6272 700.0000
225 376 0.6420 700.0000
225 377 0.7108 700.0000
225 378 0.6582 700.0000
226 228 0.5752 700.0000
226 376 0.7170 700.0000
226 377 0.5217 700.0000
226 378 0.6533 700.0000
226 379 0.8048 700.0000
227 229 0.8614 700.0000
227 360 0.6828 700.0000
227 363 0.6696 700.0000
227 364 0.7065 700.0000
227 377 0.8130 700.0000
227 378 0.5008 700.0000
227 379 0.7916 700.0000
227 380 0.6752 700.0000
227 397 0.6963 700.0000
228 230 0.6335 700.0000
228 377 0.6888 700.0000
228 378 0.5933 700.0000
228 379 0.4641 700.0000
228 380 0.6150 700.0000
228 381 0.8967 700.0000
228 397 0.8288 700.0000
229 231 0.7608 700.0000
229 379 0.7952 700.0000
229 380 0.5795 700.0000
229 381 0.7699 700.0000
229 382 0.6531 700.0000
229 390 0.7575 700.0000
229 393 0.6691 700.0000
229 394 0.7046 700.0000
229 397 0.6495 700.0000
230 232 0.5051 700.0000
230 233 0.7887 700.0000
230 237 0.8922 700.0000
230 379 0.6352 700.0000
230 380 0.6761 700.0000
230 381 0.4879 700.0000
230 382 0.5665 700.0000
231 233 0.8092 700.0000
231 381 0.8359 700.0000
231 382 0.5851 700.0000
231 383 0.6977 700.0000
231 384 0.4472 700.0000
231 385 0.8270 700.0000
231 387 0.8894 700.0000
231 390 0.6744 700.0000
232 234 0.6510 700.0000
232 235 0.7325 700.0000
232 236 0.5334 700.0000
232 237 0.6732 700.0000
232 238 0.8849 700.0000
232 381 0.5549 700.0000
232 382 0.6995 700.0000
232 383 0.7398 700.0000
232 384 0.7328 700.0000
233 235 0.4296 700.0000
233 236 0.4564 700.0000
233 237 0.6769 700.0000
233 257 0.8919 700.0000
233 260 0.8004 700.0000
233 261 0.8903 700.0000
233 381 0.5918 700.0000
233 382 0.7613 700.0000
233 383 0.5905 700.0000
233 384 0.7461 700.0000
234 236 0.6053 700.0000
234 237 0.5656 700.0000
234 242 0.6876 700.0000
234 243 0.7937 700.0000
234 244 0.8586 700.0000
234 257 0.6622 700.0000
234 260 0.7144 700.0000
234 261 0.6143 700.0000
234 295 0.8686 700.0000
234 339 0.7220 700.0000
234 341 0.6650 700.0000
234 381 0.5367 700.0000
234 382 0.8710 700.0000
234 383 0.8362 700.0000
235 237 0.6643 700.0000
235 257 0.8245 700.0000
235 260 0.5251 700.0000
235 261 0.5533 700.0000
235 263 0.8156 700.0000
235 264 0.5789 700.0000
235 295 0.7371 700.0000
235 296 0.8759 700.0000
235 381 0.8913 700.0000
235 383 0.8990 700.0000
236 238 0.6837 700.0000
236 264 0.7444 700.0000
236 295 0.8108 700.0000
236 296 0.6816 700.0000
236 381 0.8815 700.0000
237 239 0.5106 700.0000
237 241 0.8618 700.0000
237 242 0.6932 700.0000
237 295 0.7165 700.0000
237 296 0.5534 700.0000
237 297 0.6529 700.0000
237 339 0.7013 700.0000
237 379 0.8029 700.0000
237 381 0.7360 700.0000
238 240 0.8836 700.0000
238 296 0.4853 700.0000
238 297 0.7568 700.0000
239 241 0.5067 700.0000
239 242 0.6327 700.0000
239 296 0.7672 700.0000
239 297 0.5923 700.0000
239 298 0.7760 700.0000
239 337 0.4497 700.0000
239 338 0.6053 700.0000
239 339 0.5678 700.0000
239 377 0.7867 700.0000
239 379 0.6347 700.0000
240 242 0.8324 700.0000
240 297 0.6360 700.0000
240 298 0.4172 700.0000
240 299 0.7213 700.0000
240 330 0.7717 700.0000
240 333 0.8904 700.0000
240 335 0.5135 700.0000
240 336 0.6590 700.0000
240 337 0.4190 700.0000
240 338 0.7339 700.0000
240 339 0.8889 700.0000
240 377 0.8833 700.0000
241 243 0.6961 700.0000
241 297 0.6309 700.0000
241 298 0.6985 700.0000
241 299 0.6359 700.0000
241 300 0.6698 700.0000
241 301 0.6526 700.0000
241 326 0.8154 700.0000
241 329 0.8908 700.0000
241 330 0.6350 700.0000
241 335 0.7148 700.0000
241 337 0.5543 700.0000
241 338 0.4675 700.0000
241 339 0.5580 700.0000
241 340 0.8435 700.0000
242 244 0.7034 700.0000
242 261 0.8054 700.0000
242 292 0.8375 700.0000
242 295 0.7916 700.0000
242 297 0.6143 700.0000
242 299 0.8258 700.0000
242 300 0.4902 700.0000
242 301 0.5922 700.0000
242 302 0.8312 700.0000
242 337 0.8846 700.0000
242 338 0.6691 700.0000
242 339 0.4641 700.0000
242 340 0.7585 700.0000
242 341 0.8068 700.0000
242 381 0.8968 700.0000
243 245 0.7355 700.0000
243 257 0.8607 700.0000
243 300 0.6653 700.0000
243 301 0.5048 700.0000
243 302 0.7170 700.0000
243 303 0.6639 700.0000
243 326 0.7072 700.0000
243 338 0.7201 700.0000
243 339 0.5181 700.0000
243 340 0.5139 700.0000
243 341 0.5504 700.0000
243 343 0.7454 700.0000
243 381 0.8857 700.0000
244 246 0.5432 700.0000
244 247 0.8889 700.0000
244 252 0.7334 700.0000
244 255 0.8850 700.0000
244 257 0.5975 700.0000
244 258 0.5400 700.0000
244 261 0.6740 700.0000
244 300 0.6632 700.0000
244 301 0.6734 700.0000
244 302 0.4608 700.0000
244 303 0.5626 700.0000
244 341 0.7747 700.0000
244 343 0.8280 700.0000
245 247 0.6822 700.0000
245 252 0.8591 700.0000
245 255 0.7521 700.0000
245 256 0.8709 700.0000
245 257 0.6064 700.0000
245 258 0.6384 700.0000
245 302 0.7544 700.0000
245 303 0.5106 700.0000
245 304 0.6935 700.0000
245 305 0.6045 700.0000
245 341 0.7881 700.0000
245 342 0.8323 700.0000
245 343 0.5863 700.0000
245 344 0.7217 700.0000
245 348 0.8369 700.0000
246 248 0.7387 700.0000
246 249 0.7781 700.0000
246 250 0.5830 700.0000
246 251 0.7336 700.0000
246 252 0.6788 700.0000
246 254 0.8475 700.0000
246 255 0.8253 700.0000
246 257 0.8788 700.0000
246 258 0.6993 700.0000
246 273 0.8771 700.0000
246 286 0.8447 700.0000
246 288 0.8638 700.0000
246 302 0.5984 700.0000
246 303 0.5070 700.0000
246 304 0.5280 700.0000
246 305 0.6710 700.0000
247 249 0.4663 700.0000
247 250 0.5174 700.0000
247 251 0.5551 700.0000
247 252 0.7402 700.0000
247 254 0.6037 700.0000
247 255 0.8311 700.0000
247 258 0.8669 700.0000
247 282 0.8820 700.0000
247 303 0.8265 700.0000
247 304 0.6366 700.0000
247 305 0.7832 700.0000
248 250 0.6644 700.0000
248 251 0.8886 700.0000
248 281 0.8974 700.0000
248 282 0.5264 700.0000
248 283 0.6392 700.0000
248 284 0.6933 700.0000
248 286 0.8321 700.0000
248 304 0.6262 700.0000
248 305 0.8708 700.0000
249 251 0.4596 700.0000
249 252 0.8661 700.0000
249 254 0.6715 700.0000
249 282 0.8473 700.0000
250 252 0.6729 700.0000
250 270 0.6831 700.0000
250 273 0.5379 700.0000
250 274 0.5974 700.0000
250 277 0.7396 700.0000
250 282 0.7549 700.0000
250 288 0.8102 700.0000
250 302 0.7473 700.0000
250 304 0.8464 700.0000
251 253 0.5223 700.0000
251 254 0.5118 700.0000
251 255 0.7951 700.0000
251 258 0.8101 700.0000
251 270 0.6519 700.0000
251 273 0.8773 700.0000
251 274 0.8423 700.0000
252 254 0.7597 700.0000
252 255 0.6605 700.0000
252 257 0.8512 700.0000
252 258 0.4434 700.0000
252 259 0.7010 700.0000
252 260 0.8993 700.0000
252 261 0.7533 700.0000
252 262 0.5661 700.0000
252 269 0.6994 700.0000
252 270 0.5324 700.0000
252 273 0.7737 700.0000
252 302 0.7919 700.0000
253 255 0.5509 700.0000
253 256 0.8178 700.0000
253 258 0.6609 700.0000
253 259 0.5186 700.0000
253 262 0.7178 700.0000
253 263 0.8959 700.0000
253 270 0.8351 700.0000
254 256 0.8943 700.0000
254 258 0.8581 700.0000
254 347 0.8574 700.0000
255 257 0.5690 700.0000
255 258 0.4416 700.0000
255 259 0.5452 700.0000
255 260 0.7838 700.0000
255 347 0.7719 700.0000
256 258 0.5727 700.0000
256 259 0.5701 700.0000
256 260 0.6534 700.0000
256 346 0.8779 700.0000
256 347 0.8130 700.0000
257 259 0.7501 700.0000
257 260 0.5876 700.0000
257 261 0.6178 700.0000
257 341 0.7112 700.0000
257 342 0.8042 700.0000
257 343 0.8586 700.0000
258 260 0.5902 700.0000
258 261 0.5198 700.0000
258 262 0.6499 700.0000
258 263 0.8503 700.0000
258 302 0.8499 700.0000
259 261 0.7343 700.0000
259 262 0.5799 700.0000
259 263 0.4843 700.0000
260 262 0.6474 700.0000
260 263 0.4642 700.0000
260 264 0.7380 700.0000
260 265 0.8986 700.0000
261 263 0.6900 700.0000
261 264 0.6572 700.0000
261 265 0.6619 700.0000
261 266 0.8099 700.0000
261 269 0.7553 700.0000
261 295 0.6854 700.0000
261 300 0.8248 700.0000
262 264 0.7757 700.0000
262 265 0.5646 700.0000
262 266 0.4593 700.0000
262 267 0.6031 700.0000
262 268 0.8177 700.0000
262 269 0.5963 700.0000
262 270 0.7119 700.0000
263 265 0.7533 700.0000
263 266 0.7332 700.0000
264 266 0.7064 700.0000
264 292 0.8865 700.0000
264 294 0.5236 700.0000
264 295 0.5163 700.0000
264 296 0.7822 700.0000
265 267 0.6653 700.0000
265 268 0.6412 700.0000
265 269 0.6032 700.0000
265 291 0.8851 700.0000
265 292 0.6683 700.0000
265 293 0.5902 700.0000
265 294 0.4199 700.0000
265 295 0.5357 700.0000
266 268 0.4441 700.0000
266 269 0.5549 700.0000
266 270 0.8207 700.0000
266 271 0.8638 700.0000
266 292 0.8974 700.0000
266 293 0.6541 700.0000
266 294 0.6505 700.0000
266 295 0.8467 700.0000
267 269 0.6343 700.0000
267 270 0.6687 700.0000
267 271 0.6063 700.0000
267 293 0.7984 700.0000
268 270 0.7866 700.0000
268 271 0.5482 700.0000
268 272 0.7702 700.0000
268 291 0.8896 700.0000
268 293 0.4992 700.0000
268 294 0.8245 700.0000
269 271 0.7081 700.0000
269 272 0.5778 700.0000
269 273 0.6368 700.0000
269 274 0.8726 700.0000
269 290 0.6353 700.0000
269 291 0.6567 700.0000
269 292 0.7384 700.0000
269 293 0.5994 700.0000
269 295 0.8713 700.0000
269 300 0.7318 700.0000
269 302 0.7769 700.0000
270 272 0.7656 700.0000
270 273 0.5308 700.0000
270 274 0.5066 700.0000
270 275 0.8912 700.0000
271 273 0.7895 700.0000
271 274 0.6390 700.0000
271 275 0.7265 700.0000
271 293 0.8984 700.0000
272 274 0.7373 700.0000
272 275 0.5871 700.0000
272 276 0.6143 700.0000
272 289 0.7699 700.0000
272 290 0.4871 700.0000
272 291 0.5624 700.0000
272 293 0.6970 700.0000
272 300 0.8710 700.0000
273 275 0.6340 700.0000
273 276 0.5281 700.0000
273 277 0.6364 700.0000
273 278 0.8784 700.0000
273 288 0.6306 700.0000
273 289 0.8702 700.0000
273 290 0.6521 700.0000
273 300 0.8792 700.0000
273 302 0.5942 700.0000
274 276 0.6784 700.0000
274 277 0.6031 700.0000
274 278 0.6588 700.0000
275 277 0.5818 700.0000
275 278 0.4673 700.0000
276 278 0.6242 700.0000
276 279 0.8387 700.0000
276 280 0.7565 700.0000
276 288 0.5885 700.0000
276 289 0.7171 700.0000
276 290 0.7392 700.0000
276 302 0.8893 700.0000
277 279 0.5331 700.0000
277 280 0.4474 700.0000
277 281 0.7989 700.0000
277 282 0.7392 700.0000
277 288 0.7137 700.0000
278 280 0.7188 700.0000
279 281 0.6308 700.0000
279 282 0.8389 700.0000
280 282 0.5414 700.0000
280 283 0.8383 700.0000
280 286 0.8098 700.0000
280 288 0.8212 700.0000
281 283 0.5805 700.0000
281 286 0.7681 700.0000
282 284 0.7923 700.0000
282 285 0.8318 700.0000
282 286 0.5817 700.0000
282 288 0.8789 700.0000
282 304 0.7255 700.0000
283 285 0.5251 700.0000
283 286 0.4630 700.0000
283 304 0.5862 700.0000
283 305 0.8801 700.0000
284 286 0.6896 700.0000
284 304 0.5060 700.0000
284 305 0.5783 700.0000
284 306 0.5646 700.0000
284 307 0.7464 700.0000
284 314 0.8971 700.0000
284 315 0.8531 700.0000
284 318 0.6655 700.0000
285 287 0.6103 700.0000
285 303 0.6644 700.0000
285 304 0.4754 700.0000
285 305 0.6572 700.0000
285 306 0.7645 700.0000
285 318 0.5729 700.0000
285 319 0.8333 700.0000
285 321 0.7573 700.0000
285 322 0.5564 700.0000
285 325 0.7843 700.0000
286 288 0.6201 700.0000
286 302 0.8862 700.0000
286 303 0.6301 700.0000
286 304 0.4650 700.0000
286 305 0.8110 700.0000
286 322 0.7804 700.0000
286 325 0.8594 700.0000
287 289 0.8075 700.0000
287 301 0.6286 700.0000
287 302 0.7070 700.0000
287 303 0.5754 700.0000
287 304 0.7350 700.0000
287 322 0.6934 700.0000
287 325 0.5827 700.0000
287 326 0.6947 700.0000
287 329 0.8170 700.0000
288 290 0.7062 700.0000
288 300 0.8209 700.0000
288 301 0.6606 700.0000
288 302 0.5002 700.0000
288 303 0.7184 700.0000
288 304 0.8592 700.0000
289 291 0.6898 700.0000
289 299 0.5896 700.0000
289 300 0.6363 700.0000
289 301 0.6298 700.0000
289 302 0.7493 700.0000
289 329 0.8183 700.0000
290 292 0.6903 700.0000
290 293 0.7881 700.0000
290 299 0.6218 700.0000
290 300 0.4259 700.0000
290 301 0.6911 700.0000
290 302 0.6066 700.0000
291 293 0.4881 700.0000
291 295 0.8141 700.0000
291 297 0.7721 700.0000
291 298 0.8972 700.0000
291 299 0.5615 700.0000
291 300 0.5932 700.0000
292 294 0.6535 700.0000
292 295 0.4358 700.0000
292 296 0.7785 700.0000
292 297 0.4636 700.0000
292 298 0.7850 700.0000
292 299 0.6680 700.0000
292 300 0.6453 700.0000
293 295 0.7580 700.0000
294 296 0.7877 700.0000
294 297 0.8979 700.0000
295 297 0.4680 700.0000
295 300 0.8154 700.0000
297 299 0.6708 700.0000
297 300 0.7170 700.0000
298 333 0.8678 700.0000
298 335 0.6782 700.0000
298 337 0.8350 700.0000
299 301 0.7831 700.0000
299 330 0.8738 700.0000
299 333 0.7331 700.0000
299 335 0.8159 700.0000
300 302 0.5074 700.0000
301 303 0.6527 700.0000
301 325 0.8801 700.0000
301 326 0.5682 700.0000
301 329 0.7505 700.0000
301 330 0.8685 700.0000
301 338 0.8706 700.0000
301 339 0.8613 700.0000
301 340 0.8940 700.0000
302 304 0.8612 700.0000
303 305 0.5716 700.0000
303 306 0.8905 700.0000
303 319 0.8805 700.0000
303 322 0.6221 700.0000
303 326 0.8062 700.0000
303 343 0.7523 700.0000
304 306 0.6729 700.0000
304 318 0.8565 700.0000
304 322 0.7747 700.0000
305 307 0.7322 700.0000
305 315 0.8570 700.0000
305 318 0.7417 700.0000
305 319 0.6494 700.0000
305 322 0.7395 700.0000
305 343 0.6954 700.0000
305 344 0.6628 700.0000
305 348 0.6282 700.0000
305 350 0.8793 700.0000
306 308 0.8147 700.0000
306 309 0.7617 700.0000
306 312 0.8927 700.0000
306 314 0.8084 700.0000
306 315 0.5162 700.0000
306 316 0.8237 700.0000
306 318 0.5789 700.0000
306 319 0.5625 700.0000
306 322 0.8385 700.0000
306 343 0.8372 700.0000
306 344 0.6810 700.0000
306 348 0.5916 700.0000
306 349 0.8817 700.0000
306 350 0.6980 700.0000
307 309 0.4145 700.0000
307 312 0.8829 700.0000
307 315 0.7057 700.0000
307 344 0.8693 700.0000
307 348 0.5130 700.0000
307 349 0.7588 700.0000
307 350 0.8301 700.0000
308 310 0.5202 700.0000
308 311 0.4454 700.0000
308 312 0.6432 700.0000
308 315 0.6381 700.0000
308 316 0.7349 700.0000
308 344 0.8400 700.0000
308 348 0.7914 700.0000
308 349 0.5318 700.0000
308 350 0.4401 700.0000
308 351 0.6003 700.0000
308 354 0.7887 700.0000
309 311 0.7448 700.0000
309 312 0.6022 700.0000
309 314 0.7728 700.0000
309 315 0.6302 700.0000
309 348 0.8724 700.0000
310 312 0.6540 700.0000
310 315 0.8994 700.0000
310 349 0.8936 700.0000
311 313 0.6499 700.0000
311 314 0.7865 700.0000
311 315 0.5918 700.0000
311 316 0.5862 700.0000
311 350 0.8120 700.0000
312 314 0.4681 700.0000
312 315 0.4108 700.0000
312 316 0.5567 700.0000
313 315 0.6066 700.0000
313 316 0.5677 700.0000
313 317 0.6716 700.0000
313 318 0.8804 700.0000
314 316 0.6179 700.0000
314 317 0.5659 700.0000
314 318 0.5737 700.0000
315 317 0.7088 700.0000
315 318 0.5498 700.0000
315 319 0.6737 700.0000
315 320 0.8898 700.0000
315 350 0.7546 700.0000
316 318 0.6942 700.0000
316 319 0.6487 700.0000
316 320 0.6104 700.0000
316 350 0.7979 700.0000
316 354 0.8693 700.0000
316 358 0.7215 700.0000
317 319 0.7909 700.0000
317 320 0.5516 700.0000
317 321 0.5096 700.0000
318 320 0.7068 700.0000
318 321 0.5446 700.0000
318 322 0.6271 700.0000
319 321 0.7115 700.0000
319 322 0.5214 700.0000
319 323 0.6018 700.0000
319 343 0.6588 700.0000
319 344 0.7673 700.0000
319 350 0.7319 700.0000
319 355 0.6958 700.0000
319 358 0.6804 700.0000
319 359 0.8062 700.0000
320 322 0.7632 700.0000
320 323 0.6408 700.0000
320 324 0.7314 700.0000
320 358 0.5758 700.0000
320 359 0.8152 700.0000
320 361 0.7899 700.0000
320 362 0.5275 700.0000
320 365 0.8036 700.0000
321 323 0.6738 700.0000
321 324 0.4706 700.0000
321 325 0.6633 700.0000
321 362 0.8300 700.0000
322 324 0.6864 700.0000
322 325 0.5644 700.0000
322 326 0.6136 700.0000
322 343 0.8423 700.0000
323 325 0.7449 700.0000
323 326 0.5912 700.0000
323 327 0.6299 700.0000
323 340 0.6688 700.0000
323 343 0.8349 700.0000
323 355 0.8938 700.0000
323 358 0.7714 700.0000
323 359 0.5989 700.0000
323 362 0.6202 700.0000
323 363 0.7549 700.0000
323 366 0.8858 700.0000
324 326 0.7332 700.0000
324 327 0.6518 700.0000
324 328 0.5168 700.0000
324 362 0.6949 700.0000
324 365 0.8270 700.0000
324 366 0.6588 700.0000
325 327 0.7650 700.0000
325 328 0.5319 700.0000
325 329 0.6065 700.0000
326 328 0.6714 700.0000
326 329 0.5404 700.0000
326 330 0.6666 700.0000
326 338 0.7381 700.0000
326 340 0.7350 700.0000
327 329 0.7344 700.0000
327 330 0.6261 700.0000
327 331 0.7825 700.0000
327 338 0.6912 700.0000
327 340 0.8131 700.0000
327 362 0.8322 700.0000
327 363 0.6799 700.0000
327 366 0.5364 700.0000
327 367 0.8870 700.0000
327 375 0.6781 700.0000
327 378 0.8070 700.0000
328 330 0.7447 700.0000
328 331 0.7263 700.0000
328 332 0.7408 700.0000
328 366 0.6796 700.0000
328 370 0.8433 700.0000
329 331 0.7584 700.0000
329 332 0.5273 700.0000
329 333 0.6091 700.0000
329 335 0.8664 700.0000
330 332 0.5843 700.0000
330 333 0.5332 700.0000
330 334 0.6989 700.0000
330 335 0.4784 700.0000
330 336 0.8602 700.0000
330 337 0.7224 700.0000
330 338 0.6623 700.0000
330 374 0.7563 700.0000
330 375 0.6206 700.0000
331 333 0.6998 700.0000
331 334 0.5686 700.0000
331 335 0.6713 700.0000
331 336 0.8827 700.0000
331 370 0.8918 700.0000
331 372 0.5906 700.0000
331 373 0.5558 700.0000
331 374 0.4803 700.0000
331 375 0.5350 700.0000
332 334 0.5822 700.0000
332 335 0.7370 700.0000
332 374 0.8581 700.0000
333 335 0.4990 700.0000
333 374 0.8751 700.0000
334 336 0.7503 700.0000
334 373 0.7510 700.0000
334 374 0.5076 700.0000
334 375 0.8414 700.0000
335 337 0.6164 700.0000
335 338 0.8575 700.0000
335 374 0.5802 700.0000
335 375 0.6992 700.0000
336 374 0.4998 700.0000
336 375 0.6044 700.0000
336 376 0.4637 700.0000
336 377 0.6272 700.0000
337 339 0.7149 700.0000
337 374 0.8627 700.0000
337 375 0.6767 700.0000
337 376 0.7463 700.0000
337 377 0.4928 700.0000
337 378 0.7166 700.0000
337 379 0.6684 700.0000
338 340 0.5414 700.0000
338 375 0.7563 700.0000
338 377 0.7185 700.0000
338 378 0.5224 700.0000
338 379 0.6018 700.0000
338 380 0.8542 700.0000
339 341 0.6174 700.0000
339 378 0.6877 700.0000
339 379 0.5459 700.0000
339 380 0.7241 700.0000
339 381 0.6049 700.0000
340 342 0.7899 700.0000
340 343 0.7184 700.0000
340 359 0.6944 700.0000
340 378 0.6641 700.0000
340 379 0.7586 700.0000
340 380 0.5940 700.0000
340 381 0.7367 700.0000
341 343 0.5173 700.0000
341 344 0.8999 700.0000
341 345 0.8929 700.0000
341 355 0.8708 700.0000
341 380 0.7146 700.0000
341 381 0.5275 700.0000
341 382 0.7375 700.0000
342 344 0.5950 700.0000
342 345 0.4868 700.0000
342 346 0.7734 700.0000
342 350 0.8732 700.0000
342 352 0.7338 700.0000
342 355 0.6007 700.0000
342 356 0.8551 700.0000
342 359 0.8965 700.0000
342 380 0.8537 700.0000
342 381 0.7854 700.0000
342 382 0.7248 700.0000
342 386 0.8550 700.0000
342 389 0.6390 700.0000
342 393 0.8293 700.0000
343 345 0.6317 700.0000
343 346 0.8295 700.0000
343 348 0.8391 700.0000
343 350 0.7700 700.0000
343 355 0.6059 700.0000
343 359 0.8450 700.0000
344 346 0.4581 700.0000
344 347 0.7060 700.0000
344 348 0.4384 700.0000
344 349 0.5573 700.0000
344 350 0.4503 700.0000
344 351 0.8045 700.0000
344 352 0.8263 700.0000
344 355 0.6846 700.0000
345 347 0.7812 700.0000
345 348 0.7058 700.0000
345 349 0.5852 700.0000
345 350 0.5646 700.0000
345 351 0.6660 700.0000
345 352 0.4921 700.0000
345 355 0.6605 700.0000
345 386 0.8560 700.0000
345 388 0.8857 700.0000
345 389 0.6816 700.0000
346 348 0.5172 700.0000
346 349 0.5139 700.0000
346 350 0.7243 700.0000
346 351 0.8867 700.0000
346 352 0.8000 700.0000
347 349 0.7131 700.0000
348 350 0.6148 700.0000
349 351 0.5804 700.0000
349 352 0.8250 700.0000
350 352 0.7765 700.0000
350 354 0.6837 700.0000
350 355 0.6089 700.0000
350 358 0.8905 700.0000
351 353 0.5271 700.0000
351 354 0.4623 700.0000
351 355 0.7174 700.0000
351 356 0.8816 700.0000
352 354 0.7683 700.0000
352 355 0.7060 700.0000
352 356 0.7784 700.0000
352 386 0.7219 700.0000
352 388 0.5107 700.0000
352 389 0.4248 700.0000
352 390 0.8966 700.0000
352 392 0.6544 700.0000
352 393 0.8148 700.0000
353 355 0.7566 700.0000
353 356 0.6173 700.0000
353 357 0.5868 700.0000
353 388 0.8786 700.0000
353 389 0.8258 700.0000
353 392 0.5740 700.0000
353 393 0.8454 700.0000
353 395 0.8706 700.0000
353 396 0.8825 700.0000
354 356 0.6288 700.0000
354 357 0.5277 700.0000
354 358 0.6624 700.0000
354 392 0.8959 700.0000
355 357 0.7484 700.0000
355 358 0.5207 700.0000
355 359 0.5427 700.0000
355 360 0.8382 700.0000
355 389 0.8162 700.0000
355 392 0.8860 700.0000
355 393 0.7497 700.0000
356 358 0.5800 700.0000
356 359 0.5364 700.0000
356 360 0.5561 700.0000
356 361 0.8289 700.0000
356 380 0.8278 700.0000
356 389 0.7867 700.0000
356 392 0.5918 700.0000
356 393 0.4645 700.0000
356 396 0.6348 700.0000
356 397 0.8780 700.0000
357 359 0.7951 700.0000
357 360 0.6610 700.0000
357 361 0.7130 700.0000
357 392 0.7789 700.0000
357 393 0.8241 700.0000
357 396 0.5314 700.0000
357 399 0.7344 700.0000
357 400 0.8396 700.0000
358 360 0.6640 700.0000
358 361 0.5597 700.0000
358 362 0.6481 700.0000
358 363 0.8995 700.0000
359 361 0.6357 700.0000
359 362 0.6471 700.0000
359 363 0.6160 700.0000
359 378 0.8940 700.0000
359 380 0.7075 700.0000
359 393 0.7901 700.0000
360 362 0.7524 700.0000
360 363 0.5746 700.0000
360 364 0.6086 700.0000
360 380 0.7645 700.0000
360 393 0.7365 700.0000
360 396 0.6175 700.0000
360 397 0.7209 700.0000
360 400 0.6510 700.0000
361 363 0.6151 700.0000
361 364 0.5776 700.0000
361 365 0.6132 700.0000
361 396 0.8826 700.0000
361 400 0.7941 700.0000
362 364 0.7622 700.0000
362 365 0.4053 700.0000
362 366 0.6624 700.0000
363 365 0.6737 700.0000
363 366 0.6004 700.0000
363 367 0.6463 700.0000
363 368 0.8642 700.0000
363 378 0.7107 700.0000
364 366 0.8830 700.0000
364 367 0.6521 700.0000
364 368 0.7022 700.0000
364 400 0.6710 700.0000
365 367 0.7385 700.0000
365 368 0.6203 700.0000
365 369 0.5610 700.0000
365 370 0.8444 700.0000
366 368 0.6874 700.0000
366 369 0.6639 700.0000
366 370 0.4671 700.0000
366 372 0.7335 700.0000
366 375 0.8495 700.0000
367 369 0.6807 700.0000
367 370 0.5523 700.0000
367 371 0.8394 700.0000
367 372 0.6359 700.0000
367 375 0.8671 700.0000
368 370 0.6303 700.0000
370 372 0.5781 700.0000
371 373 0.6797 700.0000
372 374 0.6386 700.0000
372 375 0.5476 700.0000
372 376 0.7761 700.0000
373 375 0.8045 700.0000
374 376 0.5847 700.0000
375 377 0.6910 700.0000
375 378 0.7852 700.0000
377 379 0.5727 700.0000
378 380 0.5753 700.0000
379 381 0.6597 700.0000
380 382 0.7039 700.0000
380 393 0.6074 700.0000
380 397 0.8098 700.0000
381 383 0.8272 700.0000
382 384 0.6912 700.0000
382 385 0.8764 700.0000
382 386 0.6595 700.0000
382 389 0.6006 700.0000
382 390 0.5544 700.0000
382 393 0.6945 700.0000
383 385 0.4698 700.0000
383 386 0.5933 700.0000
383 387 0.8605 700.0000
383 390 0.8914 700.0000
384 386 0.6916 700.0000
384 387 0.7221 700.0000
384 390 0.7877 700.0000
385 387 0.5084 700.0000
385 388 0.8973 700.0000
385 390 0.8371 700.0000
386 388 0.5303 700.0000
386 389 0.4603 700.0000
386 390 0.5894 700.0000
387 389 0.7795 700.0000
387 390 0.5759 700.0000
387 391 0.7789 700.0000
388 390 0.7367 700.0000
388 391 0.7131 700.0000
388 392 0.7539 700.0000
389 391 0.7431 700.0000
389 392 0.5480 700.0000
389 393 0.5785 700.0000
389 394 0.8952 700.0000
390 392 0.6350 700.0000
390 393 0.6607 700.0000
390 394 0.6272 700.0000
391 393 0.7875 700.0000
391 394 0.5140 700.0000
391 395 0.5085 700.0000
392 394 0.5322 700.0000
392 395 0.5071 700.0000
392 396 0.7004 700.0000
392 397 0.8523 700.0000
392 399 0.8723 700.0000
393 395 0.7746 700.0000
393 396 0.6990 700.0000
393 397 0.6446 700.0000
394 396 0.7160 700.0000
394 397 0.5508 700.0000
394 398 0.6429 700.0000
394 399 0.8284 700.0000
395 397 0.7710 700.0000
395 398 0.5893 700.0000
395 399 0.5545 700.0000
396 398 0.6043 700.0000
396 399 0.3642 700.0000
396 400 0.4828 700.0000
396 401 0.8748 700.0000
397 399 0.7816 700.0000
397 400 0.6669 700.0000
397 401 0.7104 700.0000
398 400 0.6939 700.0000
398 401 0.5004 700.0000
399 401 0.8232 700.0000
427 429 0.6208 700.0000
427 430 0.4628 700.0000
427 431 0.8310 700.0000
428 430 0.5724 700.0000
428 431 0.7860 700.0000
428 444 0.8134 700.0000
429 431 0.5139 700.0000
429 442 0.7368 700.0000
429 443 0.5653 700.0000
429 444 0.5133 700.0000
429 445 0.8999 700.0000
429 581 0.8989 700.0000
429 587 0.7050 700.0000
430 432 0.7121 700.0000
430 441 0.6540 700.0000
430 442 0.6154 700.0000
430 443 0.5563 700.0000
430 444 0.7089 700.0000
430 578 0.8959 700.0000
430 587 0.8749 700.0000
431 441 0.7984 700.0000
431 442 0.5369 700.0000
431 443 0.6994 700.0000
431 444 0.8750 700.0000
431 587 0.6484 700.0000
431 588 0.8547 700.0000
431 590 0.8884 700.0000
431 591 0.5363 700.0000
431 594 0.7226 700.0000
432 434 0.7878 700.0000
432 439 0.6153 700.0000
432 440 0.6894 700.0000
432 441 0.5084 700.0000
432 442 0.7761 700.0000
432 576 0.8998 700.0000
432 594 0.8586 700.0000
433 435 0.5686 700.0000
433 436 0.8689 700.0000
433 438 0.8283 700.0000
433 439 0.7116 700.0000
433 440 0.4862 700.0000
433 441 0.7942 700.0000
433 442 0.8685 700.0000
433 559 0.8369 700.0000
433 594 0.5286 700.0000
433 595 0.8650 700.0000
433 597 0.8662 700.0000
433 598 0.7880 700.0000
434 436 0.4174 700.0000
434 437 0.6065 700.0000
434 438 0.6031 700.0000
434 439 0.5875 700.0000
434 440 0.8568 700.0000
435 437 0.6329 700.0000
435 438 0.4662 700.0000
435 439 0.7180 700.0000
435 440 0.6552 700.0000
435 559 0.7497 700.0000
435 562 0.5834 700.0000
435 563 0.6871 700.0000
435 566 0.6913 700.0000
435 577 0.8771 700.0000
435 597 0.8920 700.0000
436 438 0.5507 700.0000
436 439 0.8189 700.0000
436 566 0.6673 700.0000
436 571 0.8749 700.0000
437 439 0.7200 700.0000
437 566 0.6450 700.0000
437 571 0.5831 700.0000
437 574 0.7611 700.0000
437 575 0.5980 700.0000
438 440 0.7227 700.0000
438 562 0.6543 700.0000
438 565 0.8281 700.0000
438 566 0.7011 700.0000
438 571 0.7012 700.0000
438 574 0.6356 700.0000
438 575 0.5733 700.0000
438 576 0.7303 700.0000
438 577 0.6495 700.0000
439 441 0.6214 700.0000
439 574 0.8934 700.0000
439 575 0.6723 700.0000
439 576 0.4853 700.0000
439 577 0.6254 700.0000
440 442 0.6153 700.0000
440 558 0.7880 700.0000
440 559 0.6833 700.0000
440 562 0.7296 700.0000
440 576 0.7942 700.0000
440 577 0.5141 700.0000
440 578 0.7664 700.0000
440 579 0.6823 700.0000
440 590 0.8425 700.0000
440 594 0.6631 700.0000
441 443 0.6684 700.0000
441 576 0.5983 700.0000
441 577 0.6306 700.0000
441 578 0.4594 700.0000
441 579 0.6699 700.0000
442 444 0.7666 700.0000
442 577 0.8767 700.0000
442 578 0.6341 700.0000
442 579 0.4656 700.0000
442 580 0.7161 700.0000
442 581 0.6877 700.0000
442 587 0.6245 700.0000
442 590 0.6176 700.0000
442 591 0.8430 700.0000
442 594 0.7252 700.0000
443 445 0.5763 700.0000
443 578 0.6044 700.0000
443 579 0.5661 700.0000
443 580 0.5112 700.0000
443 581 0.5003 700.0000
443 587 0.6487 700.0000
443 590 0.8880 700.0000
444 446 0.8551 700.0000
444 580 0.6833 700.0000
444 581 0.5268 700.0000
444 582 0.7465 700.0000
444 583 0.8573 700.0000
444 584 0.7467 700.0000
444 587 0.6846 700.0000
445 447 0.6890 700.0000
445 448 0.8837 700.0000
445 449 0.7817 700.0000
445 450 0.7820 700.0000
445 579 0.8921 700.0000
445 580 0.5126 700.0000
445 581 0.5198 700.0000
445 582 0.5188 700.0000
445 583 0.8309 700.0000
446 448 0.4441 700.0000
446 449 0.4282 700.0000
446 450 0.6666 700.0000
446 472 0.8194 700.0000
446 580 0.7284 700.0000
446 582 0.6671 700.0000
447 449 0.6774 700.0000
447 450 0.5334 700.0000
447 455 0.6499 700.0000
447 456 0.7869 700.0000
447 469 0.7221 700.0000
447 472 0.7868 700.0000
447 473 0.6740 700.0000
447 504 0.8601 700.0000
447 538 0.6371 700.0000
447 539 0.7750 700.0000
447 540 0.6953 700.0000
447 578 0.8480 700.0000
447 580 0.5431 700.0000
447 581 0.8983 700.0000
448 450 0.6618 700.0000
448 455 0.8596 700.0000
448 469 0.8812 700.0000
448 472 0.6203 700.0000
448 473 0.6260 700.0000
448 476 0.5474 700.0000
448 477 0.8778 700.0000
448 504 0.6430 700.0000
448 505 0.8346 700.0000
449 476 0.8651 700.0000
449 504 0.8903 700.0000
449 505 0.7628 700.0000
450 452 0.7009 700.0000
450 455 0.8048 700.0000
450 504 0.8994 700.0000
450 505 0.7101 700.0000
450 538 0.6066 700.0000
450 578 0.6781 700.0000
450 580 0.7193 700.0000
451 453 0.8213 700.0000
451 505 0.4458 700.0000
451 506 0.7700 700.0000
451 536 0.8502 700.0000
451 538 0.8698 700.0000
452 454 0.5201 700.0000
452 455 0.6335 700.0000
452 504 0.8830 700.0000
452 505 0.7435 700.0000
452 506 0.5435 700.0000
452 507 0.6863 700.0000
452 508 0.8795 700.0000
452 534 0.8756 700.0000
452 535 0.7854 700.0000
452 536 0.4725 700.0000
452 537 0.6767 700.0000
452 538 0.5825 700.0000
452 576 0.8567 700.0000
452 578 0.8843 700.0000
453 455 0.8268 700.0000
453 506 0.6610 700.0000
453 507 0.4733 700.0000
453 508 0.7287 700.0000
453 529 0.7613 700.0000
453 534 0.4797 700.0000
453 535 0.5498 700.0000
453 536 0.3997 700.0000
453 537 0.6971 700.0000
453 538 0.8500 700.0000
454 456 0.6510 700.0000
454 506 0.6076 700.0000
454 507 0.6887 700.0000
454 508 0.5825 700.0000
454 509 0.6647 700.0000
454 510 0.6341 700.0000
454 525 0.7940 700.0000
454 529 0.6614 700.0000
454 534 0.6565 700.0000
454 535 0.8441 700.0000
454 536 0.5757 700.0000
454 537 0.4947 700.0000
454 538 0.5896 700.0000
454 539 0.8679 700.0000
455 457 0.7300 700.0000
455 473 0.7359 700.0000
455 501 0.7714 700.0000
455 504 0.7043 700.0000
455 506 0.5557 700.0000
455 508 0.7337 700.0000
455 509 0.5125 700.0000
455 510 0.6723 700.0000
455 511 0.8592 700.0000
455 536 0.8921 700.0000
455 537 0.7376 700.0000
455 538 0.5146 700.0000
455 539 0.7620 700.0000
455 540 0.8754 700.0000
456 458 0.6910 700.0000
456 469 0.8958 700.0000
456 473 0.8396 700.0000
456 509 0.6735 700.0000
456 510 0.5185 700.0000
456 511 0.6972 700.0000
456 512 0.6494 700.0000
456 522 0.8934 700.0000
456 525 0.7550 700.0000
456 537 0.7522 700.0000
456 538 0.6360 700.0000
456 539 0.5202 700.0000
456 540 0.5828 700.0000
456 542 0.8025 700.0000
457 459 0.5259 700.0000
457 460 0.8740 700.0000
457 463 0.8369 700.0000
457 465 0.8274 700.0000
457 469 0.6507 700.0000
457 470 0.5171 700.0000
457 472 0.8900 700.0000
457 473 0.5822 700.0000
457 474 0.7719 700.0000
457 497 0.8796 700.0000
457 509 0.6624 700.0000
457 510 0.6803 700.0000
457 511 0.4417 700.0000
457 512 0.5607 700.0000
457 513 0.8942 700.0000
457 540 0.7866 700.0000
457 542 0.8992 700.0000
458 460 0.7545 700.0000
458 465 0.7487 700.0000
458 467 0.8343 700.0000
458 468 0.8104 700.0000
458 469 0.5854 700.0000
458 470 0.5793 700.0000
458 473 0.8692 700.0000
458 511 0.7731 700.0000
458 512 0.5364 700.0000
458 513 0.7106 700.0000
458 514 0.5281 700.0000
458 515 0.8783 700.0000
458 540 0.6621 700.0000
458 541 0.7843 700.0000
458 542 0.5828 700.0000
458 543 0.6867 700.0000
458 545 0.8901 700.0000
459 461 0.7347 700.0000
459 462 0.7137 700.0000
459 463 0.5587 700.0000
459 464 0.7398 700.0000
459 465 0.4990 700.0000
459 467 0.8040 700.0000
459 469 0.8414 700.0000
459 470 0.5905 700.0000
459 511 0.6477 700.0000
459 512 0.5585 700.0000
459 513 0.5621 700.0000
459 514 0.6236 700.0000
459 515 0.8897 700.0000
460 462 0.4251 700.0000
460 463 0.4990 700.0000
460 464 0.5893 700.0000
460 465 0.5150 700.0000
460 470 0.8504 700.0000
460 511 0.8867 700.0000
460 512 0.7980 700.0000
460 513 0.5809 700.0000
460 514 0.7374 700.0000
460 515 0.8776 700.0000
461 463 0.6036 700.0000
461 464 0.7991 700.0000
461 465 0.8972 700.0000
461 489 0.8924 700.0000
461 492 0.8134 700.0000
461 495 0.8974 700.0000
461 513 0.6348 700.0000
462 464 0.4313 700.0000
462 465 0.7291 700.0000
462 485 0.8474 700.0000
462 486 0.8350 700.0000
462 489 0.7070 700.0000
462 492 0.8812 700.0000
462 513 0.8812 700.0000
463 465 0.8157 700.0000
463 485 0.5770 700.0000
463 486 0.7725 700.0000
463 488 0.7852 700.0000
463 489 0.5855 700.0000
463 492 0.7486 700.0000
463 495 0.8882 700.0000
463 497 0.5731 700.0000
463 511 0.6013 700.0000
463 512 0.7554 700.0000
463 513 0.7089 700.0000
464 466 0.6257 700.0000
464 470 0.8738 700.0000
464 482 0.7863 700.0000
464 485 0.7692 700.0000
464 486 0.7768 700.0000
465 467 0.4374 700.0000
465 468 0.7144 700.0000
465 469 0.8325 700.0000
465 470 0.5019 700.0000
465 471 0.7621 700.0000
465 474 0.8379 700.0000
465 546 0.8697 700.0000
466 468 0.8123 700.0000
466 470 0.6686 700.0000
466 471 0.5085 700.0000
466 472 0.8710 700.0000
466 474 0.6590 700.0000
466 475 0.7466 700.0000
466 482 0.7627 700.0000
467 469 0.6331 700.0000
467 470 0.4886 700.0000
467 471 0.5036 700.0000
467 472 0.7927 700.0000
467 474 0.8958 700.0000
467 546 0.7172 700.0000
468 470 0.5023 700.0000
468 471 0.5001 700.0000
468 472 0.6225 700.0000
468 473 0.8265 700.0000
468 545 0.8628 700.0000
468 546 0.7827 700.0000
469 471 0.7011 700.0000
469 472 0.5476 700.0000
469 473 0.5801 700.0000
469 474 0.8632 700.0000
469 540 0.7111 700.0000
469 541 0.8674 700.0000
470 472 0.5661 700.0000
470 473 0.5107 700.0000
470 474 0.5583 700.0000
470 475 0.8394 700.0000
470 511 0.8438 700.0000
471 473 0.7365 700.0000
471 474 0.6369 700.0000
471 475 0.4813 700.0000
471 476 0.8715 700.0000
472 474 0.5801 700.0000
472 475 0.4877 700.0000
472 476 0.5424 700.0000
472 477 0.8229 700.0000
473 475 0.7161 700.0000
473 476 0.5932 700.0000
473 477 0.6514 700.0000
473 478 0.8498 700.0000
473 481 0.8764 700.0000
473 504 0.7205 700.0000
473 509 0.7658 700.0000
473 511 0.8631 700.0000
474 476 0.6807 700.0000
474 477 0.5659 700.0000
474 478 0.5642 700.0000
474 479 0.8487 700.0000
474 481 0.6179 700.0000
474 482 0.5461 700.0000
474 485 0.8479 700.0000
474 511 0.8884 700.0000
475 477 0.7281 700.0000
475 478 0.7101 700.0000
475 482 0.8862 700.0000
476 478 0.6753 700.0000
476 502 0.8634 700.0000
476 503 0.6814 700.0000
476 504 0.6041 700.0000
477 479 0.8046 700.0000
477 480 0.7405 700.0000
477 481 0.5758 700.0000
477 482 0.8019 700.0000
477 500 0.7958 700.0000
477 501 0.5753 700.0000
477 502 0.4881 700.0000
477 503 0.4760 700.0000
477 504 0.5239 700.0000
477 509 0.8479 700.0000
478 480 0.5341 700.0000
478 481 0.5018 700.0000
478 482 0.5754 700.0000
478 483 0.8383 700.0000
478 501 0.7945 700.0000
478 502 0.6611 700.0000
478 503 0.6071 700.0000
478 504 0.8444 700.0000
479 481 0.7346 700.0000
479 482 0.5279 700.0000
479 483 0.6059 700.0000
480 482 0.6953 700.0000
480 483 0.4667 700.0000
480 484 0.6185 700.0000
480 500 0.8177 700.0000
480 501 0.8719 700.0000
480 502 0.7283 700.0000
480 503 0.8328 700.0000
481 483 0.6802 700.0000
481 484 0.4649 700.0000
481 485 0.5612 700.0000
481 486 0.8641 700.0000
481 499 0.5573 700.0000
481 500 0.5864 700.0000
481 501 0.6747 700.0000
481 502 0.7041 700.0000
481 509 0.7192 700.0000
481 511 0.8234 700.0000
482 484 0.7761 700.0000
482 485 0.6138 700.0000
482 486 0.7152 700.0000
483 485 0.8031 700.0000
483 486 0.7116 700.0000
483 487 0.7086 700.0000
484 486 0.7116 700.0000
484 487 0.6080 700.0000
484 488 0.6264 700.0000
484 497 0.8512 700.0000
484 498 0.8221 700.0000
484 499 0.5031 700.0000
484 500 0.6218 700.0000
484 501 0.8986 700.0000
484 509 0.8829 700.0000
485 487 0.6937 700.0000
485 488 0.5671 700.0000
485 489 0.6713 700.0000
485 497 0.6230 700.0000
485 498 0.8791 700.0000
485 499 0.6699 700.0000
485 509 0.8867 700.0000
485 511 0.6386 700.0000
486 488 0.6795 700.0000
486 489 0.5642 700.0000
486 490 0.6207 700.0000
487 489 0.7109 700.0000
487 490 0.6033 700.0000
487 491 0.6821 700.0000
488 490 0.7449 700.0000
488 491 0.5349 700.0000
488 492 0.8258 700.0000
488 497 0.5013 700.0000
488 498 0.6798 700.0000
488 499 0.7458 700.0000
488 511 0.8546 700.0000
489 491 0.6016 700.0000
489 492 0.5159 700.0000
489 497 0.7272 700.0000
490 492 0.8055 700.0000
491 493 0.7187 700.0000
492 494 0.6496 700.0000
492 495 0.6926 700.0000
492 496 0.8926 700.0000
492 497 0.8173 700.0000
494 496 0.4429 700.0000
494 497 0.7517 700.0000
495 497 0.8455 700.0000
495 512 0.7572 700.0000
495 513 0.5990 700.0000
495 516 0.6925 700.0000
495 520 0.8492 700.0000
495 521 0.7731 700.0000
495 524 0.8639 700.0000
496 498 0.6718 700.0000
496 510 0.6722 700.0000
496 511 0.7915 700.0000
496 512 0.7215 700.0000
496 513 0.8952 700.0000
496 521 0.8138 700.0000
496 524 0.6321 700.0000
496 525 0.7620 700.0000
496 528 0.7334 700.0000
497 499 0.6629 700.0000
497 509 0.7946 700.0000
497 510 0.6416 700.0000
497 511 0.4495 700.0000
497 512 0.7477 700.0000
498 500 0.7041 700.0000
498 508 0.6131 700.0000
498 509 0.6383 700.0000
498 510 0.5416 700.0000
498 511 0.6607 700.0000
498 528 0.8009 700.0000
499 501 0.6209 700.0000
499 502 0.8288 700.0000
499 506 0.8863 700.0000
499 508 0.5494 700.0000
499 509 0.4247 700.0000
499 510 0.7081 700.0000
499 511 0.6246 700.0000
500 502 0.5553 700.0000
500 504 0.8217 700.0000
500 506 0.6810 700.0000
500 507 0.7965 700.0000
500 508 0.4681 700.0000
500 509 0.4946 700.0000
500 510 0.8929 700.0000
500 511 0.8793 700.0000
501 503 0.6809 700.0000
501 504 0.4737 700.0000
501 506 0.4506 700.0000
501 507 0.7541 700.0000
501 508 0.5966 700.0000
501 509 0.5532 700.0000
502 504 0.5157 700.0000
502 506 0.6650 700.0000
502 508 0.8698 700.0000
502 509 0.8297 700.0000
504 506 0.4949 700.0000
504 509 0.7816 700.0000
506 508 0.5526 700.0000
506 509 0.6446 700.0000
506 538 0.8934 700.0000
507 509 0.8997 700.0000
507 532 0.8943 700.0000
507 534 0.6365 700.0000
507 536 0.8698 700.0000
508 510 0.6850 700.0000
508 529 0.8941 700.0000
508 532 0.8205 700.0000
508 534 0.7291 700.0000
509 511 0.5229 700.0000
510 512 0.6386 700.0000
510 524 0.8737 700.0000
510 525 0.6089 700.0000
510 528 0.8335 700.0000
510 529 0.8261 700.0000
511 513 0.8740 700.0000
512 514 0.6260 700.0000
512 515 0.8613 700.0000
512 516 0.7669 700.0000
512 521 0.6239 700.0000
512 522 0.8846 700.0000
512 525 0.8399 700.0000
512 542 0.7439 700.0000
513 515 0.5361 700.0000
513 516 0.4549 700.0000
513 521 0.7569 700.0000
513 542 0.8957 700.0000
514 516 0.5382 700.0000
514 517 0.8739 700.0000
514 518 0.7693 700.0000
514 521 0.8399 700.0000
514 542 0.5690 700.0000
514 543 0.5079 700.0000
514 544 0.8727 700.0000
514 545 0.8351 700.0000
514 546 0.8680 700.0000
514 547 0.6043 700.0000
514 549 0.7481 700.0000
515 517 0.7295 700.0000
515 518 0.7859 700.0000
515 542 0.8162 700.0000
515 543 0.6876 700.0000
515 547 0.6116 700.0000
515 549 0.7036 700.0000
516 518 0.7016 700.0000
516 520 0.7549 700.0000
516 521 0.6657 700.0000
517 519 0.5742 700.0000
517 520 0.4638 700.0000
517 521 0.5747 700.0000
517 522 0.8240 700.0000
517 523 0.8934 700.0000
517 557 0.7645 700.0000
518 520 0.6135 700.0000
518 521 0.5105 700.0000
518 522 0.5990 700.0000
518 523 0.8480 700.0000
518 541 0.8999 700.0000
518 542 0.5735 700.0000
518 543 0.8319 700.0000
518 549 0.7824 700.0000
518 554 0.6066 700.0000
518 555 0.8598 700.0000
518 557 0.5251 700.0000
518 558 0.6412 700.0000
518 561 0.8372 700.0000
519 521 0.7113 700.0000
519 522 0.6340 700.0000
519 523 0.6033 700.0000
519 556 0.8725 700.0000
519 557 0.4843 700.0000
519 558 0.7138 700.0000
519 559 0.8659 700.0000
519 560 0.5395 700.0000
519 561 0.4690 700.0000
519 562 0.8563 700.0000
519 564 0.6900 700.0000
520 522 0.5939 700.0000
520 523 0.4915 700.0000
520 524 0.5743 700.0000
520 525 0.8687 700.0000
520 557 0.8920 700.0000
520 561 0.7986 700.0000
521 523 0.5752 700.0000
521 524 0.5309 700.0000
521 525 0.6569 700.0000
521 526 0.8929 700.0000
521 542 0.7793 700.0000
521 561 0.8825 700.0000
522 524 0.5815 700.0000
522 525 0.5137 700.0000
522 526 0.5770 700.0000
522 527 0.8733 700.0000
522 539 0.8149 700.0000
522 542 0.8250 700.0000
522 557 0.7535 700.0000
522 558 0.6085 700.0000
522 561 0.5590 700.0000
522 562 0.7521 700.0000
523 525 0.5905 700.0000
523 526 0.5096 700.0000
523 527 0.5591 700.0000
523 561 0.5341 700.0000
523 562 0.7947 700.0000
523 564 0.7481 700.0000
523 565 0.6771 700.0000
524 526 0.6101 700.0000
524 527 0.4907 700.0000
524 528 0.6634 700.0000
524 529 0.8561 700.0000
525 527 0.6570 700.0000
525 528 0.6408 700.0000
525 529 0.5639 700.0000
525 537 0.7405 700.0000
526 528 0.7786 700.0000
526 529 0.5644 700.0000
526 530 0.7039 700.0000
526 537 0.7427 700.0000
526 561 0.7260 700.0000
526 562 0.7127 700.0000
526 565 0.5209 700.0000
526 570 0.8101 700.0000
526 571 0.8579 700.0000
526 574 0.6631 700.0000
526 577 0.8479 700.0000
527 529 0.7359 700.0000
527 530 0.6954 700.0000
527 531 0.7155 700.0000
527 565 0.6617 700.0000
527 568 0.8916 700.0000
527 570 0.7366 700.0000
528 530 0.7545 700.0000
528 531 0.4312 700.0000
528 532 0.5640 700.0000
528 534 0.8108 700.0000
529 531 0.7042 700.0000
529 532 0.5754 700.0000
529 533 0.7346 700.0000
529 534 0.4547 700.0000
529 535 0.7623 700.0000
529 536 0.7709 700.0000
529 537 0.6911 700.0000
529 573 0.7552 700.0000
529 574 0.6681 700.0000
530 532 0.7497 700.0000
530 533 0.5596 700.0000
530 534 0.7429 700.0000
530 535 0.8553 700.0000
530 565 0.7643 700.0000
530 570 0.6189 700.0000
530 571 0.6453 700.0000
530 572 0.5913 700.0000
530 573 0.4363 700.0000
530 574 0.5610 700.0000
531 533 0.7303 700.0000
531 534 0.8405 700.0000
532 534 0.4569 700.0000
533 535 0.7920 700.0000
533 572 0.8443 700.0000
533 573 0.5320 700.0000
533 574 0.8519 700.0000
534 536 0.6845 700.0000
534 537 0.8487 700.0000
534 573 0.7616 700.0000
534 574 0.8326 700.0000
535 537 0.6992 700.0000
535 573 0.5800 700.0000
535 574 0.5239 700.0000
535 575 0.5370 700.0000
535 576 0.6552 700.0000
535 577 0.8926 700.0000
536 538 0.6755 700.0000
536 573 0.8927 700.0000
536 574 0.7109 700.0000
536 575 0.7855 700.0000
536 576 0.5435 700.0000
536 577 0.7370 700.0000
536 578 0.8610 700.0000
537 539 0.6411 700.0000
537 574 0.7384 700.0000
537 576 0.6252 700.0000
537 577 0.4890 700.0000
537 578 0.7061 700.0000
537 579 0.8874 700.0000
538 540 0.7527 700.0000
538 576 0.7826 700.0000
538 577 0.7030 700.0000
538 578 0.4790 700.0000
538 579 0.6961 700.0000
538 580 0.6613 700.0000
539 541 0.6779 700.0000
539 542 0.7099 700.0000
539 558 0.7907 700.0000
539 577 0.7031 700.0000
539 578 0.6421 700.0000
539 579 0.4701 700.0000
539 580 0.5878 700.0000
540 542 0.5112 700.0000
540 543 0.8278 700.0000
540 544 0.8430 700.0000
540 578 0.8934 700.0000
540 579 0.6193 700.0000
540 580 0.5512 700.0000
540 581 0.7569 700.0000
541 543 0.5746 700.0000
541 544 0.4917 700.0000
541 545 0.7944 700.0000
541 549 0.8636 700.0000
541 551 0.7771 700.0000
541 554 0.6249 700.0000
541 555 0.8469 700.0000
541 558 0.8609 700.0000
541 579 0.7167 700.0000
541 580 0.7340 700.0000
541 581 0.6947 700.0000
541 586 0.7615 700.0000
541 590 0.8040 700.0000
542 544 0.6611 700.0000
542 545 0.8663 700.0000
542 547 0.8872 700.0000
542 549 0.7471 700.0000
542 554 0.6219 700.0000
542 558 0.7917 700.0000
543 545 0.4448 700.0000
543 546 0.7042 700.0000
543 547 0.4507 700.0000
543 548 0.7242 700.0000
543 549 0.4609 700.0000
543 551 0.8331 700.0000
543 554 0.7272 700.0000
544 546 0.7905 700.0000
544 547 0.6711 700.0000
544 548 0.7493 700.0000
544 549 0.5911 700.0000
544 550 0.7853 700.0000
544 551 0.5965 700.0000
544 554 0.7106 700.0000
544 583 0.8685 700.0000
544 586 0.7653 700.0000
545 547 0.4777 700.0000
545 548 0.5591 700.0000
545 549 0.7234 700.0000
546 548 0.6375 700.0000
547 549 0.5326 700.0000
548 550 0.8906 700.0000
549 551 0.6961 700.0000
549 553 0.7549 700.0000
549 554 0.6242 700.0000
550 552 0.5393 700.0000
550 553 0.5592 700.0000
550 554 0.7145 700.0000
550 589 0.8619 700.0000
551 553 0.6649 700.0000
551 554 0.5349 700.0000
551 555 0.6812 700.0000
551 585 0.8523 700.0000
551 586 0.6022 700.0000
551 589 0.5955 700.0000
551 590 0.7297 700.0000
552 554 0.6662 700.0000
552 555 0.5713 700.0000
552 556 0.5858 700.0000
552 589 0.5723 700.0000
552 590 0.7669 700.0000
552 592 0.7967 700.0000
552 593 0.5959 700.0000
552 596 0.8545 700.0000
553 555 0.6359 700.0000
553 556 0.4630 700.0000
553 557 0.6818 700.0000
553 593 0.8853 700.0000
554 556 0.6803 700.0000
554 557 0.5479 700.0000
554 558 0.5945 700.0000
554 559 0.8853 700.0000
554 589 0.8823 700.0000
554 590 0.7094 700.0000
555 557 0.5230 700.0000
555 558 0.4968 700.0000
555 559 0.5727 700.0000
555 560 0.8137 700.0000
555 589 0.7092 700.0000
555 590 0.4725 700.0000
555 592 0.8744 700.0000
555 593 0.5627 700.0000
555 594 0.8443 700.0000
556 558 0.7475 700.0000
556 559 0.6376 700.0000
556 560 0.5850 700.0000
556 593 0.6478 700.0000
556 596 0.8401 700.0000
556 597 0.7785 700.0000
557 559 0.5677 700.0000
557 560 0.4681 700.0000
557 561 0.6090 700.0000
557 562 0.8436 700.0000
558 560 0.6693 700.0000
558 561 0.5871 700.0000
558 562 0.6526 700.0000
558 577 0.8697 700.0000
558 579 0.8047 700.0000
558 590 0.7794 700.0000
559 561 0.6245 700.0000
559 562 0.5552 700.0000
559 563 0.6739 700.0000
559 590 0.8332 700.0000
559 593 0.7370 700.0000
559 594 0.7663 700.0000
559 597 0.6161 700.0000
560 562 0.6833 700.0000
560 563 0.5392 700.0000
560 564 0.6301 700.0000
560 597 0.7817 700.0000
561 563 0.6236 700.0000
561 564 0.5004 700.0000
561 565 0.6667 700.0000
561 566 0.8432 700.0000
562 564 0.6939 700.0000
562 565 0.6045 700.0000
562 566 0.6512 700.0000
562 577 0.7326 700.0000
563 565 0.8397 700.0000
563 566 0.6252 700.0000
563 567 0.5226 700.0000
563 568 0.8778 700.0000
563 597 0.7869 700.0000
564 566 0.6893 700.0000
564 567 0.5270 700.0000
564 568 0.5326 700.0000
565 567 0.7858 700.0000
565 568 0.5755 700.0000
565 569 0.6448 700.0000
565 570 0.4366 700.0000
565 571 0.5537 700.0000
565 574 0.7315 700.0000
566 568 0.6414 700.0000
566 569 0.5686 700.0000
566 570 0.6231 700.0000
566 571 0.5577 700.0000
567 569 0.7509 700.0000
568 570 0.5833 700.0000
568 571 0.8972 700.0000
569 571 0.5288 700.0000
569 572 0.6542 700.0000
570 572 0.5715 700.0000
570 573 0.8225 700.0000
570 574 0.8008 700.0000
571 573 0.5961 700.0000
571 574 0.5318 700.0000
571 575 0.6805 700.0000
572 574 0.7430 700.0000
572 575 0.8472 700.0000
573 575 0.5655 700.0000
574 576 0.7754 700.0000
574 577 0.7726 700.0000
575 577 0.8643 700.0000
576 578 0.6237 700.0000
577 579 0.6860 700.0000
578 580 0.5579 700.0000
578 581 0.8921 700.0000
579 581 0.6149 700.0000
579 587 0.8718 700.0000
579 590 0.6906 700.0000
580 582 0.8136 700.0000
581 583 0.5903 700.0000
581 584 0.6968 700.0000
581 586 0.5884 700.0000
581 587 0.5652 700.0000
581 590 0.7708 700.0000
582 584 0.7742 700.0000
583 585 0.5208 700.0000
583 586 0.5520 700.0000
583 587 0.7850 700.0000
584 586 0.5873 700.0000
584 587 0.5623 700.0000
584 588 0.6571 700.0000
585 587 0.7749 700.0000
585 588 0.6829 700.0000
585 589 0.7971 700.0000
586 588 0.6061 700.0000
586 589 0.5266 700.0000
586 590 0.5987 700.0000
587 589 0.6447 700.0000
587 590 0.5953 700.0000
587 591 0.7170 700.0000
587 592 0.8951 700.0000
588 590 0.7679 700.0000
588 591 0.6375 700.0000
588 592 0.7114 700.0000
589 591 0.7647 700.0000
589 592 0.5355 700.0000
589 593 0.5969 700.0000
589 594 0.8773 700.0000
590 592 0.7057 700.0000
590 593 0.6050 700.0000
590 594 0.6605 700.0000
591 593 0.7687 700.0000
591 594 0.5413 700.0000
591 595 0.5256 700.0000
592 594 0.5821 700.0000
592 595 0.5639 700.0000
592 596 0.5142 700.0000
593 595 0.7565 700.0000
593 596 0.4257 700.0000
593 597 0.6533 700.0000
594 596 0.7540 700.0000
594 597 0.7382 700.0000
594 598 0.7452 700.0000
595 597 0.8627 700.0000
595 598 0.4399 700.0000
596 598 0.8270 700.0000
734 736 0.8093 700.0000
734 737 0.6297 700.0000
734 738 0.7101 700.0000
735 737 0.6759 700.0000
735 738 0.4875 700.0000
735 739 0.6938 700.0000
735 762 0.6301 700.0000
735 765 0.6680 700.0000
736 738 0.8351 700.0000
736 739 0.6061 700.0000
736 740 0.6117 700.0000
736 761 0.7269 700.0000
736 762 0.6968 700.0000
737 739 0.5679 700.0000
737 740 0.5242 700.0000
737 741 0.6226 700.0000
737 742 0.8903 700.0000
738 740 0.8148 700.0000
738 741 0.6900 700.0000
738 742 0.6483 700.0000
738 762 0.8532 700.0000
738 765 0.5933 700.0000
738 769 0.7706 700.0000
739 741 0.5745 700.0000
739 742 0.4947 700.0000
739 743 0.5803 700.0000
739 744 0.8895 700.0000
739 760 0.8994 700.0000
739 761 0.4638 700.0000
739 762 0.6121 700.0000
739 764 0.6807 700.0000
739 765 0.5433 700.0000
740 742 0.6879 700.0000
740 743 0.5624 700.0000
740 744 0.7137 700.0000
740 761 0.5363 700.0000
741 743 0.6263 700.0000
741 744 0.6251 700.0000
741 745 0.6997 700.0000
742 744 0.7100 700.0000
742 745 0.6067 700.0000
742 746 0.5008 700.0000
742 761 0.7839 700.0000
742 764 0.6552 700.0000
742 765 0.6289 700.0000
742 768 0.7371 700.0000
742 769 0.8892 700.0000
743 745 0.6618 700.0000
743 746 0.5805 700.0000
743 747 0.6692 700.0000
743 761 0.5598 700.0000
743 764 0.6695 700.0000
743 765 0.8929 700.0000
743 811 0.7443 700.0000
744 746 0.7761 700.0000
744 811 0.6300 700.0000
744 812 0.8864 700.0000
745 810 0.7184 700.0000
745 811 0.5292 700.0000
745 812 0.6590 700.0000
746 748 0.6970 700.0000
746 764 0.6361 700.0000
746 765 0.8867 700.0000
746 768 0.6487 700.0000
746 808 0.5940 700.0000
746 809 0.6704 700.0000
746 810 0.5859 700.0000
746 811 0.6081 700.0000
747 749 0.5485 700.0000
747 758 0.6098 700.0000
747 759 0.7930 700.0000
747 764 0.6690 700.0000
747 807 0.7880 700.0000
747 808 0.7231 700.0000
747 809 0.4831 700.0000
747 810 0.7619 700.0000
747 811 0.6640 700.0000
748 758 0.8916 700.0000
748 759 0.6340 700.0000
748 763 0.7959 700.0000
748 764 0.5244 700.0000
748 767 0.4914 700.0000
748 768 0.6373 700.0000
748 771 0.8066 700.0000
748 791 0.8743 700.0000
748 794 0.8431 700.0000
748 806 0.6872 700.0000
748 807 0.6667 700.0000
748 808 0.4999 700.0000
748 809 0.7058 700.0000
749 751 0.7062 700.0000
749 756 0.5455 700.0000
749 757 0.6807 700.0000
749 758 0.4957 700.0000
749 759 0.6389 700.0000
749 805 0.8445 700.0000
749 806 0.6853 700.0000
749 807 0.4177 700.0000
749 808 0.8564 700.0000
749 809 0.6470 700.0000
750 752 0.6205 700.0000
750 755 0.7671 700.0000
750 756 0.6093 700.0000
750 757 0.4091 700.0000
750 758 0.6460 700.0000
750 759 0.5644 700.0000
750 782 0.6461 700.0000
750 783 0.8439 700.0000
750 796 0.8650 700.0000
750 804 0.6645 700.0000
750 805 0.7193 700.0000
750 806 0.7183 700.0000
750 807 0.8422 700.0000
751 753 0.7758 700.0000
751 754 0.6495 700.0000
751 755 0.5892 700.0000
751 756 0.5233 700.0000
751 757 0.6602 700.0000
751 804 0.6217 700.0000
751 805 0.4405 700.0000
751 806 0.6881 700.0000
751 807 0.7072 700.0000
752 754 0.7059 700.0000
752 755 0.5170 700.0000
752 756 0.7635 700.0000
752 757 0.6256 700.0000
752 782 0.8850 700.0000
752 783 0.8471 700.0000
752 804 0.6653 700.0000
752 805 0.8675 700.0000
753 755 0.5877 700.0000
754 756 0.8017 700.0000
755 757 0.5258 700.0000
756 758 0.6405 700.0000
756 807 0.7823 700.0000
757 759 0.7766 700.0000
758 760 0.7647 700.0000
758 764 0.8653 700.0000
759 763 0.5198 700.0000
759 764 0.6136 700.0000
759 767 0.7511 700.0000
759 780 0.7917 700.0000
759 782 0.7867 700.0000
759 806 0.8289 700.0000
760 762 0.6045 700.0000
760 763 0.4285 700.0000
760 764 0.6527 700.0000
760 765 0.8898 700.0000
761 763 0.7600 700.0000
761 764 0.6213 700.0000
761 765 0.7713 700.0000
762 764 0.7083 700.0000
762 765 0.5209 700.0000
762 766 0.6761 700.0000
763 765 0.6420 700.0000
763 766 0.5221 700.0000
763 767 0.5916 700.0000
763 778 0.8891 700.0000
763 780 0.6863 700.0000
763 781 0.8767 700.0000
764 766 0.7668 700.0000
764 767 0.5692 700.0000
764 768 0.6672 700.0000
764 769 0.8856 700.0000
764 808 0.8731 700.0000
765 767 0.6665 700.0000
765 768 0.6489 700.0000
765 769 0.5324 700.0000
765 770 0.8629 700.0000
765 772 0.8729 700.0000
766 768 0.8547 700.0000
766 769 0.6805 700.0000
766 770 0.6632 700.0000
766 775 0.8881 700.0000
766 778 0.6009 700.0000
766 779 0.7829 700.0000
766 780 0.7731 700.0000
767 769 0.7145 700.0000
767 770 0.5863 700.0000
767 771 0.7526 700.0000
767 778 0.6406 700.0000
767 780 0.8549 700.0000
767 789 0.7467 700.0000
767 791 0.7254 700.0000
767 808 0.8744 700.0000
768 770 0.6199 700.0000
768 771 0.4610 700.0000
768 772 0.4746 700.0000
768 773 0.8926 700.0000
768 808 0.6766 700.0000
769 771 0.7745 700.0000
769 772 0.4394 700.0000
769 773 0.5835 700.0000
769 775 0.8515 700.0000
770 772 0.6234 700.0000
770 773 0.4337 700.0000
770 774 0.7233 700.0000
770 775 0.4176 700.0000
770 777 0.8349 700.0000
770 778 0.7235 700.0000
770 791 0.7173 700.0000
771 773 0.8375 700.0000
771 774 0.7374 700.0000
771 775 0.8930 700.0000
771 791 0.7060 700.0000
771 808 0.6935 700.0000
772 774 0.8393 700.0000
773 775 0.4748 700.0000
774 776 0.8236 700.0000
775 777 0.6037 700.0000
775 778 0.7072 700.0000
775 791 0.7565 700.0000
776 790 0.6769 700.0000
776 791 0.6898 700.0000
776 792 0.6122 700.0000
777 779 0.6802 700.0000
777 788 0.6429 700.0000
777 789 0.5756 700.0000
777 790 0.5858 700.0000
777 791 0.6451 700.0000
777 792 0.8484 700.0000
778 780 0.6146 700.0000
778 788 0.6025 700.0000
778 789 0.4404 700.0000
778 790 0.7900 700.0000
778 791 0.7134 700.0000
779 781 0.8285 700.0000
779 786 0.7118 700.0000
779 787 0.8350 700.0000
779 788 0.5044 700.0000
779 789 0.6464 700.0000
780 782 0.6194 700.0000
780 786 0.6386 700.0000
780 787 0.5854 700.0000
780 788 0.6509 700.0000
780 789 0.6452 700.0000
780 796 0.8143 700.0000
781 783 0.7779 700.0000
781 784 0.6064 700.0000
781 785 0.7905 700.0000
781 786 0.5018 700.0000
781 787 0.7342 700.0000
782 784 0.7135 700.0000
782 785 0.6101 700.0000
782 786 0.7719 700.0000
782 787 0.4820 700.0000
782 796 0.8354 700.0000
782 804 0.8007 700.0000
783 785 0.5610 700.0000
783 787 0.8189 700.0000
784 786 0.8503 700.0000
785 787 0.6085 700.0000
785 798 0.6503 700.0000
785 799 0.8193 700.0000
785 800 0.8208 700.0000
785 802 0.8303 700.0000
786 788 0.8088 700.0000
786 798 0.7870 700.0000
786 799 0.7567 700.0000
787 789 0.7794 700.0000
787 796 0.5269 700.0000
787 797 0.5325 700.0000
787 798 0.4933 700.0000
787 799 0.7848 700.0000
787 801 0.8580 700.0000
787 802 0.7355 700.0000
787 803 0.7709 700.0000
787 804 0.6687 700.0000
788 790 0.7177 700.0000
788 795 0.7916 700.0000
788 796 0.5880 700.0000
788 797 0.4943 700.0000
788 798 0.7833 700.0000
788 799 0.8940 700.0000
789 791 0.5912 700.0000
789 793 0.8340 700.0000
789 794 0.8269 700.0000
789 795 0.6017 700.0000
789 796 0.5356 700.0000
789 797 0.7239 700.0000
789 806 0.7356 700.0000
790 792 0.4938 700.0000
790 793 0.4295 700.0000
790 794 0.6595 700.0000
790 795 0.4966 700.0000
790 796 0.7388 700.0000
790 797 0.8480 700.0000
790 806 0.8599 700.0000
791 793 0.6884 700.0000
791 794 0.5438 700.0000
791 795 0.7901 700.0000
791 806 0.8229 700.0000
792 794 0.6364 700.0000
792 795 0.8515 700.0000
793 795 0.4517 700.0000
793 796 0.8552 700.0000
793 805 0.8928 700.0000
793 806 0.8188 700.0000
794 805 0.7710 700.0000
794 806 0.5226 700.0000
794 807 0.7503 700.0000
794 808 0.8662 700.0000
795 797 0.6502 700.0000
795 803 0.6653 700.0000
795 804 0.6555 700.0000
795 805 0.5884 700.0000
795 806 0.5797 700.0000
796 798 0.7506 700.0000
796 801 0.8540 700.0000
796 802 0.7777 700.0000
796 803 0.5168 700.0000
796 804 0.4265 700.0000
796 805 0.6523 700.0000
796 806 0.6678 700.0000
797 799 0.7459 700.0000
797 801 0.5403 700.0000
797 802 0.6733 700.0000
797 803 0.5094 700.0000
797 804 0.6853 700.0000
798 800 0.5019 700.0000
798 801 0.4509 700.0000
798 802 0.5182 700.0000
798 803 0.6891 700.0000
798 804 0.8498 700.0000
799 801 0.6615 700.0000
799 802 0.8914 700.0000
800 802 0.6995 700.0000
801 803 0.5505 700.0000
802 804 0.6169 700.0000
803 805 0.7509 700.0000
804 806 0.7042 700.0000
805 807 0.6700 700.0000
807 809 0.6005 700.0000
808 810 0.5958 700.0000
809 811 0.6730 700.0000
810 812 0.7025 700.0000
816 818 0.6853 700.0000
816 819 0.8619 700.0000
816 820 0.5887 700.0000
816 865 0.7506 700.0000
816 868 0.6696 700.0000
816 869 0.8753 700.0000
817 819 0.4944 700.0000
817 820 0.4124 700.0000
817 821 0.8914 700.0000
817 863 0.8275 700.0000
817 868 0.6602 700.0000
818 820 0.6526 700.0000
818 821 0.8581 700.0000
819 821 0.7400 700.0000
819 839 0.6992 700.0000
819 861 0.6573 700.0000
819 863 0.8295 700.0000
819 1005 0.8466 700.0000
820 822 0.8956 700.0000
820 823 0.7268 700.0000
820 829 0.8025 700.0000
820 831 0.8981 700.0000
820 861 0.6474 700.0000
820 862 0.8097 700.0000
820 863 0.4355 700.0000
820 864 0.8503 700.0000
820 865 0.8076 700.0000
820 868 0.7874 700.0000
820 1005 0.8821 700.0000
821 823 0.6287 700.0000
821 824 0.8632 700.0000
821 829 0.7384 700.0000
821 831 0.6853 700.0000
821 861 0.6897 700.0000
821 863 0.5986 700.0000
822 824 0.4496 700.0000
822 825 0.8713 700.0000
822 826 0.8236 700.0000
822 829 0.8657 700.0000
822 863 0.8850 700.0000
823 825 0.7444 700.0000
823 826 0.4946 700.0000
823 827 0.7332 700.0000
823 828 0.7626 700.0000
823 829 0.5202 700.0000
823 863 0.5733 700.0000
823 864 0.8541 700.0000
823 865 0.7896 700.0000
824 826 0.5946 700.0000
824 829 0.8951 700.0000
825 827 0.8007 700.0000
826 828 0.5850 700.0000
826 829 0.5892 700.0000
826 863 0.8812 700.0000
827 829 0.8325 700.0000
827 864 0.7146 700.0000
827 865 0.6963 700.0000
827 866 0.7120 700.0000
827 905 0.8519 700.0000
828 830 0.6850 700.0000
828 862 0.7987 700.0000
828 863 0.7307 700.0000
828 864 0.6195 700.0000
828 865 0.8728 700.0000
828 904 0.6748 700.0000
828 905 0.5166 700.0000
829 831 0.6367 700.0000
829 861 0.7699 700.0000
829 862 0.6388 700.0000
829 863 0.3932 700.0000
829 864 0.7340 700.0000
829 904 0.8399 700.0000
830 832 0.7428 700.0000
830 860 0.5946 700.0000
830 861 0.6936 700.0000
830 862 0.5717 700.0000
830 863 0.6390 700.0000
830 904 0.7318 700.0000
830 1007 0.8866 700.0000
831 833 0.5941 700.0000
831 859 0.8614 700.0000
831 860 0.6058 700.0000
831 861 0.4170 700.0000
831 862 0.6933 700.0000
831 863 0.6439 700.0000
832 834 0.6810 700.0000
832 858 0.5554 700.0000
832 859 0.6616 700.0000
832 860 0.5246 700.0000
832 861 0.8501 700.0000
833 835 0.7006 700.0000
833 836 0.8033 700.0000
833 837 0.5496 700.0000
833 838 0.8722 700.0000
833 839 0.6394 700.0000
833 840 0.5628 700.0000
833 858 0.7631 700.0000
833 859 0.4813 700.0000
833 860 0.6624 700.0000
833 861 0.6283 700.0000
833 1006 0.8119 700.0000
834 836 0.4806 700.0000
834 837 0.4600 700.0000
834 840 0.6780 700.0000
834 859 0.8372 700.0000
835 837 0.5595 700.0000
835 838 0.8802 700.0000
835 840 0.4761 700.0000
835 841 0.6780 700.0000
835 859 0.8295 700.0000
836 838 0.6574 700.0000
836 840 0.7205 700.0000
836 841 0.7176 700.0000
837 839 0.5701 700.0000
837 840 0.6071 700.0000
837 841 0.6651 700.0000
837 859 0.8917 700.0000
838 840 0.7679 700.0000
838 841 0.5509 700.0000
838 842 0.6486 700.0000
839 841 0.7485 700.0000
839 842 0.6337 700.0000
839 843 0.7254 700.0000
839 859 0.8341 700.0000
839 861 0.6814 700.0000
839 1005 0.8673 700.0000
839 1006 0.6762 700.0000
840 842 0.7406 700.0000
840 843 0.6218 700.0000
840 844 0.5791 700.0000
840 845 0.8987 700.0000
840 856 0.7482 700.0000
840 858 0.8424 700.0000
840 859 0.4833 700.0000
840 1008 0.8997 700.0000
841 843 0.6804 700.0000
841 844 0.5798 700.0000
841 845 0.6861 700.0000
842 844 0.5915 700.0000
842 845 0.5677 700.0000
842 846 0.6200 700.0000
842 951 0.8591 700.0000
842 1006 0.8837 700.0000
843 845 0.6055 700.0000
843 846 0.5829 700.0000
843 847 0.7110 700.0000
843 848 0.8611 700.0000
843 859 0.6637 700.0000
843 951 0.5829 700.0000
843 1006 0.6339 700.0000
843 1008 0.7333 700.0000
844 846 0.6330 700.0000
844 847 0.5655 700.0000
844 848 0.5204 700.0000
844 849 0.8173 700.0000
844 856 0.7071 700.0000
844 859 0.7793 700.0000
844 1008 0.8195 700.0000
845 847 0.7141 700.0000
845 848 0.5240 700.0000
845 849 0.5461 700.0000
846 848 0.7584 700.0000
846 849 0.5206 700.0000
846 850 0.8894 700.0000
846 890 0.7880 700.0000
846 892 0.7932 700.0000
846 930 0.8917 700.0000
846 951 0.6899 700.0000
847 849 0.7279 700.0000
847 850 0.6308 700.0000
847 851 0.4255 700.0000
847 852 0.7707 700.0000
847 854 0.7310 700.0000
847 856 0.7291 700.0000
847 892 0.7210 700.0000
847 930 0.5406 700.0000
847 931 0.8242 700.0000
847 933 0.8938 700.0000
847 934 0.8146 700.0000
847 949 0.7331 700.0000
847 951 0.8652 700.0000
847 1008 0.6598 700.0000
847 1010 0.7494 700.0000
848 850 0.6427 700.0000
848 851 0.5115 700.0000
848 852 0.4888 700.0000
848 853 0.8377 700.0000
848 854 0.8074 700.0000
848 856 0.7854 700.0000
848 930 0.8688 700.0000
849 851 0.7761 700.0000
849 852 0.8409 700.0000
849 929 0.8073 700.0000
849 930 0.8344 700.0000
850 852 0.6620 700.0000
850 853 0.7964 700.0000
850 854 0.8772 700.0000
850 929 0.5799 700.0000
850 930 0.5110 700.0000
850 931 0.4725 700.0000
850 934 0.8874 700.0000
851 853 0.5319 700.0000
851 854 0.4797 700.0000
851 856 0.8973 700.0000
851 929 0.8835 700.0000
851 930 0.5544 700.0000
851 931 0.5932 700.0000
851 934 0.6905 700.0000
851 1010 0.7967 700.0000
852 854 0.6304 700.0000
853 931 0.8899 700.0000
853 1012 0.6471 700.0000
854 856 0.7733 700.0000
854 934 0.7185 700.0000
854 947 0.7379 700.0000
854 1010 0.5639 700.0000
854 1011 0.7696 700.0000
854 1012 0.5413 700.0000
855 857 0.5706 700.0000
855 1010 0.8255 700.0000
855 1011 0.4650 700.0000
855 1012 0.8792 700.0000
856 858 0.7243 700.0000
856 859 0.7294 700.0000
856 1008 0.6910 700.0000
856 1009 0.6419 700.0000
856 1010 0.6234 700.0000
856 1011 0.7529 700.0000
857 859 0.8732 700.0000
857 946 0.7090 700.0000
857 1008 0.8777 700.0000
857 1009 0.4962 700.0000
857 1010 0.6996 700.0000
857 1011 0.5422 700.0000
858 860 0.5141 700.0000
858 1007 0.6981 700.0000
858 1008 0.6947 700.0000
858 1009 0.4382 700.0000
858 1010 0.8954 700.0000
859 861 0.8383 700.0000
859 1006 0.6884 700.0000
859 1007 0.6217 700.0000
859 1008 0.5535 700.0000
859 1009 0.6878 700.0000
860 862 0.7020 700.0000
860 904 0.8962 700.0000
860 950 0.8754 700.0000
860 1006 0.7624 700.0000
860 1007 0.4290 700.0000
860 1008 0.7207 700.0000
860 1009 0.7143 700.0000
861 863 0.5422 700.0000
861 1005 0.6931 700.0000
861 1006 0.5858 700.0000
862 864 0.6975 700.0000
862 903 0.8752 700.0000
862 904 0.5647 700.0000
862 950 0.8352 700.0000
862 1003 0.6610 700.0000
862 1004 0.5402 700.0000
862 1005 0.6294 700.0000
862 1006 0.6564 700.0000
862 1007 0.7391 700.0000
863 865 0.7684 700.0000
863 1003 0.8838 700.0000
863 1005 0.8880 700.0000
864 866 0.5329 700.0000
864 867 0.4429 700.0000
864 868 0.7479 700.0000
864 869 0.8336 700.0000
864 904 0.7708 700.0000
864 905 0.8385 700.0000
864 906 0.8726 700.0000
864 907 0.8798 700.0000
864 1003 0.6937 700.0000
864 1004 0.8068 700.0000
865 867 0.6170 700.0000
865 868 0.6421 700.0000
865 869 0.5837 700.0000
865 870 0.8770 700.0000
866 868 0.8585 700.0000
866 869 0.5690 700.0000
866 870 0.6902 700.0000
867 869 0.6802 700.0000
867 870 0.5575 700.0000
867 871 0.7665 700.0000
867 906 0.7669 700.0000
867 907 0.6697 700.0000
867 908 0.8861 700.0000
867 1000 0.8598 700.0000
867 1002 0.7690 700.0000
867 1003 0.5913 700.0000
867 1004 0.7545 700.0000
868 870 0.7303 700.0000
868 871 0.5725 700.0000
868 872 0.5202 700.0000
868 953 0.8550 700.0000
868 1003 0.6103 700.0000
869 871 0.8070 700.0000
869 872 0.6427 700.0000
869 873 0.7212 700.0000
870 872 0.6858 700.0000
870 873 0.5688 700.0000
870 874 0.7357 700.0000
870 1000 0.5580 700.0000
870 1002 0.8683 700.0000
871 873 0.6849 700.0000
871 874 0.6808 700.0000
871 875 0.5921 700.0000
871 888 0.7980 700.0000
871 953 0.6882 700.0000
871 954 0.7767 700.0000
871 955 0.6175 700.0000
871 1000 0.7617 700.0000
871 1001 0.7105 700.0000
871 1002 0.5732 700.0000
871 1003 0.6343 700.0000
872 874 0.7902 700.0000
872 875 0.5017 700.0000
872 876 0.7045 700.0000
873 875 0.6284 700.0000
873 876 0.5181 700.0000
873 877 0.5830 700.0000
873 878 0.8780 700.0000
873 1000 0.7775 700.0000
874 876 0.7926 700.0000
874 877 0.5147 700.0000
874 878 0.5523 700.0000
874 879 0.8618 700.0000
874 955 0.6528 700.0000
874 982 0.8768 700.0000
874 998 0.7049 700.0000
874 1000 0.5340 700.0000
874 1001 0.5931 700.0000
875 877 0.7025 700.0000
875 878 0.5918 700.0000
875 879 0.4950 700.0000
875 880 0.8924 700.0000
875 885 0.7423 700.0000
875 887 0.6645 700.0000
875 888 0.7038 700.0000
875 955 0.6293 700.0000
876 878 0.8394 700.0000
876 879 0.6298 700.0000
876 880 0.6926 700.0000
877 879 0.6422 700.0000
877 880 0.5544 700.0000
877 881 0.6552 700.0000
877 882 0.8818 700.0000
878 880 0.6695 700.0000
878 881 0.5499 700.0000
878 882 0.5660 700.0000
878 883 0.8910 700.0000
878 884 0.7754 700.0000
878 885 0.8699 700.0000
878 887 0.5066 700.0000
878 955 0.5976 700.0000
878 956 0.7957 700.0000
878 957 0.6296 700.0000
878 958 0.7957 700.0000
878 982 0.5998 700.0000
878 1001 0.7950 700.0000
879 881 0.7588 700.0000
879 882 0.6329 700.0000
879 883 0.6356 700.0000
879 884 0.5786 700.0000
879 885 0.5032 700.0000
879 886 0.8791 700.0000
879 887 0.5681 700.0000
879 955 0.8831 700.0000
880 882 0.5880 700.0000
880 883 0.5635 700.0000
880 884 0.7955 700.0000
881 883 0.7653 700.0000
881 884 0.8823 700.0000
881 958 0.7932 700.0000
881 972 0.8875 700.0000
881 979 0.7242 700.0000
881 980 0.8596 700.0000
881 982 0.7182 700.0000
882 884 0.5016 700.0000
882 885 0.8607 700.0000
882 887 0.6630 700.0000
882 957 0.6957 700.0000
882 958 0.5909 700.0000
882 982 0.7569 700.0000
883 885 0.7108 700.0000
883 887 0.8707 700.0000
884 886 0.5027 700.0000
884 887 0.5283 700.0000
884 957 0.7539 700.0000
884 958 0.8123 700.0000
885 887 0.5795 700.0000
885 888 0.8059 700.0000
886 888 0.7803 700.0000
886 889 0.8742 700.0000
886 957 0.8055 700.0000
887 889 0.7772 700.0000
887 954 0.8715 700.0000
887 955 0.5738 700.0000
887 956 0.5784 700.0000
887 957 0.4252 700.0000
887 958 0.7337 700.0000
887 982 0.7875 700.0000
888 890 0.6929 700.0000
888 953 0.5792 700.0000
888 954 0.5961 700.0000
888 955 0.5738 700.0000
888 956 0.7358 700.0000
888 957 0.8593 700.0000
889 891 0.6029 700.0000
889 928 0.8492 700.0000
889 952 0.8822 700.0000
889 953 0.8325 700.0000
889 954 0.5406 700.0000
889 955 0.7486 700.0000
889 956 0.5462 700.0000
889 957 0.7806 700.0000
889 994 0.7205 700.0000
890 892 0.7966 700.0000
890 951 0.4950 700.0000
890 952 0.5981 700.0000
890 953 0.5315 700.0000
890 954 0.7227 700.0000
890 1005 0.7769 700.0000
890 1006 0.8865 700.0000
891 893 0.8381 700.0000
891 926 0.5356 700.0000
891 927 0.4946 700.0000
891 928 0.5736 700.0000
891 929 0.8691 700.0000
891 951 0.5953 700.0000
891 952 0.4910 700.0000
891 953 0.8350 700.0000
891 954 0.5840 700.0000
891 994 0.7181 700.0000
892 894 0.8299 700.0000
892 926 0.7536 700.0000
892 927 0.4771 700.0000
892 928 0.6210 700.0000
892 929 0.6714 700.0000
892 930 0.4854 700.0000
892 931 0.8643 700.0000
892 932 0.8965 700.0000
892 933 0.6123 700.0000
892 934 0.8980 700.0000
892 949 0.6459 700.0000
892 950 0.8367 700.0000
892 951 0.5186 700.0000
892 952 0.6687 700.0000
892 1008 0.8664 700.0000
893 895 0.6167 700.0000
893 908 0.7192 700.0000
893 924 0.7509 700.0000
893 925 0.8113 700.0000
893 926 0.5726 700.0000
893 927 0.7597 700.0000
893 933 0.6235 700.0000
893 938 0.8067 700.0000
893 939 0.8893 700.0000
893 949 0.6364 700.0000
893 950 0.5490 700.0000
893 952 0.7417 700.0000
894 896 0.7488 700.0000
894 916 0.8730 700.0000
894 926 0.8622 700.0000
894 927 0.8978 700.0000
894 932 0.8528 700.0000
894 933 0.4838 700.0000
894 934 0.7341 700.0000
894 935 0.8757 700.0000
894 937 0.8646 700.0000
894 938 0.5774 700.0000
894 939 0.5598 700.0000
894 940 0.8865 700.0000
894 948 0.7634 700.0000
894 949 0.5494 700.0000
894 950 0.6608 700.0000
895 897 0.6163 700.0000
895 898 0.7582 700.0000
895 899 0.5880 700.0000
895 900 0.6651 700.0000
895 903 0.8807 700.0000
895 933 0.8276 700.0000
895 938 0.8298 700.0000
895 939 0.5492 700.0000
895 940 0.7592 700.0000
895 947 0.8183 700.0000
895 948 0.5085 700.0000
895 949 0.6359 700.0000
895 950 0.6451 700.0000
895 1007 0.8758 700.0000
896 898 0.4760 700.0000
896 899 0.4442 700.0000
896 900 0.6967 700.0000
896 915 0.8467 700.0000
896 939 0.7105 700.0000
896 940 0.6003 700.0000
896 941 0.8605 700.0000
896 948 0.6864 700.0000
897 899 0.5319 700.0000
897 900 0.5328 700.0000
897 901 0.7462 700.0000
897 940 0.8913 700.0000
897 941 0.8993 700.0000
897 942 0.7378 700.0000
897 946 0.8306 700.0000
897 948 0.5836 700.0000
898 900 0.5369 700.0000
898 901 0.5842 700.0000
898 902 0.6456 700.0000
899 901 0.5747 700.0000
899 902 0.5156 700.0000
899 903 0.6455 700.0000
899 904 0.8835 700.0000
899 912 0.8448 700.0000
899 948 0.8885 700.0000
900 902 0.6250 700.0000
900 903 0.5565 700.0000
900 904 0.5646 700.0000
900 948 0.7305 700.0000
900 950 0.7183 700.0000
900 1007 0.7577 700.0000
901 903 0.6273 700.0000
901 904 0.5647 700.0000
901 905 0.6047 700.0000
901 906 0.8411 700.0000
902 904 0.7412 700.0000
902 905 0.6578 700.0000
902 906 0.6133 700.0000
902 907 0.7462 700.0000
903 905 0.7644 700.0000
903 906 0.5951 700.0000
903 907 0.3827 700.0000
903 908 0.5440 700.0000
903 909 0.8504 700.0000
903 950 0.6918 700.0000
903 1004 0.6496 700.0000
904 906 0.7399 700.0000
904 907 0.6793 700.0000
904 908 0.8991 700.0000
904 950 0.7775 700.0000
904 1004 0.6520 700.0000
904 1007 0.8163 700.0000
905 907 0.8431 700.0000
906 908 0.8318 700.0000
906 909 0.8009 700.0000
907 909 0.6528 700.0000
907 999 0.7136 700.0000
907 1002 0.7688 700.0000
907 1003 0.8547 700.0000
907 1004 0.6966 700.0000
908 924 0.6473 700.0000
908 926 0.8090 700.0000
908 950 0.7863 700.0000
908 952 0.8214 700.0000
908 996 0.8969 700.0000
908 999 0.6430 700.0000
908 1002 0.5467 700.0000
908 1003 0.8360 700.0000
908 1004 0.6427 700.0000
909 911 0.4411 700.0000
909 912 0.4807 700.0000
909 913 0.7914 700.0000
909 923 0.8803 700.0000
909 924 0.7870 700.0000
909 999 0.5747 700.0000
910 912 0.8370 700.0000
910 913 0.7504 700.0000
910 922 0.8181 700.0000
910 923 0.6207 700.0000
910 924 0.7009 700.0000
910 967 0.8411 700.0000
910 996 0.7511 700.0000
910 997 0.6628 700.0000
910 998 0.7096 700.0000
910 999 0.4850 700.0000
911 913 0.5568 700.0000
911 914 0.8833 700.0000
911 923 0.8605 700.0000
911 999 0.8888 700.0000
912 914 0.8240 700.0000
912 915 0.6627 700.0000
913 915 0.6615 700.0000
913 916 0.7980 700.0000
913 917 0.6432 700.0000
913 918 0.6808 700.0000
913 921 0.7895 700.0000
913 922 0.6015 700.0000
913 923 0.5532 700.0000
913 924 0.7642 700.0000
913 925 0.8178 700.0000
914 916 0.5492 700.0000
914 917 0.4492 700.0000
914 918 0.5796 700.0000
914 921 0.8867 700.0000
914 922 0.7832 700.0000
914 923 0.8295 700.0000
915 917 0.7340 700.0000
915 938 0.8733 700.0000
915 940 0.8550 700.0000
916 918 0.8605 700.0000
916 925 0.8687 700.0000
916 937 0.5929 700.0000
916 938 0.5277 700.0000
916 940 0.8009 700.0000
917 919 0.6491 700.0000
917 920 0.8766 700.0000
917 921 0.7140 700.0000
917 922 0.8622 700.0000
917 923 0.7653 700.0000
917 925 0.5946 700.0000
917 938 0.7719 700.0000
918 920 0.7189 700.0000
918 921 0.4278 700.0000
918 922 0.5723 700.0000
918 923 0.7083 700.0000
918 925 0.7191 700.0000
918 963 0.8267 700.0000
918 964 0.5961 700.0000
918 965 0.8219 700.0000
918 966 0.8548 700.0000
919 921 0.5236 700.0000
919 922 0.8746 700.0000
919 925 0.7867 700.0000
919 962 0.6997 700.0000
919 963 0.6345 700.0000
919 964 0.5506 700.0000
919 965 0.8613 700.0000
919 966 0.8640 700.0000
920 925 0.7487 700.0000
920 961 0.6733 700.0000
920 962 0.4601 700.0000
920 963 0.6344 700.0000
920 964 0.7979 700.0000
920 966 0.8764 700.0000
920 984 0.7200 700.0000
920 985 0.6334 700.0000
920 986 0.5682 700.0000
920 993 0.6737 700.0000
920 995 0.7499 700.0000
921 923 0.5032 700.0000
921 924 0.8428 700.0000
921 925 0.6385 700.0000
921 962 0.7151 700.0000
921 963 0.6182 700.0000
921 964 0.6491 700.0000
921 965 0.6796 700.0000
921 966 0.5201 700.0000
921 967 0.7531 700.0000
921 968 0.8784 700.0000
921 984 0.7534 700.0000
921 995 0.6117 700.0000
921 996 0.8342 700.0000
921 997 0.7246 700.0000
922 963 0.8756 700.0000
922 964 0.7533 700.0000
922 965 0.6420 700.0000
922 966 0.6071 700.0000
922 967 0.4895 700.0000
922 968 0.8157 700.0000
922 997 0.7616 700.0000
923 925 0.5118 700.0000
923 926 0.8646 700.0000
923 966 0.8663 700.0000
923 967 0.8212 700.0000
923 984 0.8990 700.0000
923 995 0.5418 700.0000
923 996 0.5205 700.0000
923 997 0.5455 700.0000
924 926 0.5483 700.0000
924 995 0.5761 700.0000
924 996 0.4311 700.0000
924 997 0.7070 700.0000
924 999 0.7598 700.0000
924 1001 0.8396 700.0000
924 1002 0.8359 700.0000
925 927 0.8331 700.0000
925 932 0.8789 700.0000
925 938 0.8750 700.0000
925 984 0.8803 700.0000
925 993 0.6635 700.0000
925 994 0.8187 700.0000
925 995 0.5041 700.0000
925 996 0.7104 700.0000
926 928 0.8727 700.0000
926 952 0.6561 700.0000
926 954 0.6366 700.0000
926 993 0.7430 700.0000
926 994 0.6203 700.0000
926 995 0.6653 700.0000
926 996 0.6709 700.0000
926 1002 0.8068 700.0000
927 929 0.5578 700.0000
927 930 0.6561 700.0000
927 931 0.8534 700.0000
927 932 0.6344 700.0000
927 933 0.6373 700.0000
927 952 0.8725 700.0000
927 992 0.6172 700.0000
927 993 0.5871 700.0000
927 994 0.6817 700.0000
928 930 0.7241 700.0000
928 931 0.8889 700.0000
928 932 0.8798 700.0000
928 991 0.7120 700.0000
928 992 0.5459 700.0000
928 993 0.7247 700.0000
928 994 0.7516 700.0000
929 931 0.5203 700.0000
929 932 0.7115 700.0000
929 933 0.7938 700.0000
929 992 0.6451 700.0000
929 993 0.8996 700.0000
930 932 0.7077 700.0000
930 933 0.4934 700.0000
930 934 0.5782 700.0000
930 949 0.7374 700.0000
931 933 0.6358 700.0000
931 934 0.5789 700.0000
931 935 0.7352 700.0000
932 934 0.7184 700.0000
932 935 0.6450 700.0000
932 937 0.8367 700.0000
932 938 0.5833 700.0000
932 992 0.7637 700.0000
932 993 0.7748 700.0000
933 935 0.6324 700.0000
933 937 0.8543 700.0000
933 938 0.5713 700.0000
933 939 0.6447 700.0000
933 949 0.6021 700.0000
934 936 0.6466 700.0000
934 937 0.8181 700.0000
934 938 0.7184 700.0000
934 939 0.5039 700.0000
934 947 0.6259 700.0000
934 949 0.6882 700.0000
934 1010 0.7004 700.0000
935 937 0.4678 700.0000
935 938 0.5249 700.0000
935 939 0.6003 700.0000
935 940 0.8457 700.0000
935 947 0.8629 700.0000
936 938 0.7470 700.0000
936 939 0.5375 700.0000
936 940 0.6162 700.0000
936 941 0.6098 700.0000
936 947 0.7009 700.0000
937 939 0.6625 700.0000
937 940 0.5713 700.0000
938 940 0.7485 700.0000
939 941 0.6233 700.0000
939 947 0.4550 700.0000
939 948 0.6061 700.0000
939 949 0.6912 700.0000
939 1010 0.7375 700.0000
940 947 0.8607 700.0000
941 943 0.7110 700.0000
941 944 0.8294 700.0000
941 945 0.5108 700.0000
941 946 0.7477 700.0000
941 947 0.5511 700.0000
941 948 0.8197 700.0000
942 944 0.4294 700.0000
942 945 0.4447 700.0000
942 946 0.4095 700.0000
942 947 0.7389 700.0000
942 948 0.7903 700.0000
943 945 0.6016 700.0000
943 946 0.6815 700.0000
944 946 0.4618 700.0000
944 1011 0.8631 700.0000
945 947 0.5997 700.0000
945 1010 0.7969 700.0000
945 1011 0.6222 700.0000
945 1012 0.7956 700.0000
946 948 0.6709 700.0000
946 1009 0.6642 700.0000
946 1010 0.7646 700.0000
946 1011 0.7024 700.0000
947 949 0.7488 700.0000
947 1008 0.8628 700.0000
947 1009 0.7055 700.0000
947 1010 0.3777 700.0000
947 1011 0.7817 700.0000
947 1012 0.8315 700.0000
948 950 0.7515 700.0000
948 1007 0.6682 700.0000
948 1008 0.6711 700.0000
948 1009 0.5256 700.0000
948 1010 0.6125 700.0000
949 951 0.8178 700.0000
949 1007 0.6145 700.0000
949 1008 0.4338 700.0000
949 1009 0.7340 700.0000
949 1010 0.6671 700.0000
950 952 0.6880 700.0000
950 1004 0.5938 700.0000
950 1005 0.8821 700.0000
950 1006 0.8085 700.0000
950 1007 0.4745 700.0000
950 1008 0.6823 700.0000
951 953 0.7496 700.0000
951 1004 0.8894 700.0000
951 1005 0.6479 700.0000
951 1006 0.5743 700.0000
951 1008 0.8146 700.0000
952 954 0.5792 700.0000
952 1002 0.6627 700.0000
952 1003 0.7013 700.0000
952 1004 0.5922 700.0000
952 1005 0.6231 700.0000
952 1006 0.7647 700.0000
953 955 0.8302 700.0000
953 1002 0.7636 700.0000
953 1003 0.6043 700.0000
953 1004 0.7934 700.0000
953 1005 0.5187 700.0000
953 1006 0.8260 700.0000
954 956 0.5667 700.0000
954 957 0.8718 700.0000
954 994 0.7642 700.0000
954 996 0.8122 700.0000
954 1001 0.6103 700.0000
954 1002 0.5654 700.0000
955 957 0.6531 700.0000
955 982 0.7655 700.0000
955 983 0.8281 700.0000
955 996 0.8688 700.0000
955 1000 0.8891 700.0000
955 1001 0.4371 700.0000
955 1002 0.6757 700.0000
956 958 0.7114 700.0000
956 959 0.6253 700.0000
956 982 0.6388 700.0000
956 983 0.5050 700.0000
956 984 0.8392 700.0000
956 994 0.6033 700.0000
956 995 0.8676 700.0000
956 996 0.8345 700.0000
956 1001 0.7351 700.0000
957 959 0.5676 700.0000
957 981 0.8482 700.0000
957 982 0.5030 700.0000
957 983 0.5908 700.0000
957 994 0.8825 700.0000
958 960 0.7882 700.0000
958 972 0.7214 700.0000
958 981 0.5420 700.0000
958 982 0.5087 700.0000
958 983 0.6883 700.0000
959 981 0.7484 700.0000
959 982 0.7942 700.0000
959 983 0.5900 700.0000
959 984 0.6923 700.0000
959 985 0.6394 700.0000
959 987 0.8879 700.0000
959 988 0.5671 700.0000
959 991 0.7755 700.0000
959 994 0.7109 700.0000
960 962 0.6378 700.0000
960 969 0.8053 700.0000
960 970 0.6667 700.0000
960 981 0.5375 700.0000
960 983 0.6796 700.0000
960 984 0.5247 700.0000
960 985 0.5877 700.0000
960 987 0.8880 700.0000
960 988 0.6075 700.0000
961 963 0.6865 700.0000
961 984 0.6898 700.0000
961 985 0.5610 700.0000
961 986 0.6707 700.0000
961 987 0.7071 700.0000
961 988 0.6931 700.0000
962 964 0.8311 700.0000
962 965 0.8704 700.0000
962 966 0.6743 700.0000
962 970 0.8686 700.0000
962 984 0.5549 700.0000
962 985 0.5811 700.0000
962 986 0.7160 700.0000
962 995 0.8245 700.0000
963 965 0.4757 700.0000
963 966 0.4485 700.0000
963 984 0.8425 700.0000
964 966 0.6702 700.0000
965 967 0.6627 700.0000
965 968 0.8485 700.0000
966 968 0.5415 700.0000
966 969 0.6475 700.0000
966 970 0.7252 700.0000
966 984 0.7846 700.0000
966 995 0.8792 700.0000
966 997 0.7384 700.0000
967 969 0.7536 700.0000
967 997 0.6506 700.0000
968 970 0.6332 700.0000
968 980 0.7090 700.0000
968 997 0.5250 700.0000
968 998 0.8211 700.0000
969 971 0.7276 700.0000
969 980 0.5032 700.0000
969 981 0.6153 700.0000
969 982 0.6842 700.0000
969 983 0.6682 700.0000
969 984 0.6765 700.0000
969 995 0.8699 700.0000
969 996 0.8690 700.0000
969 997 0.5672 700.0000
969 998 0.8503 700.0000
970 972 0.7128 700.0000
970 979 0.8565 700.0000
970 980 0.5537 700.0000
970 981 0.4937 700.0000
970 982 0.8881 700.0000
970 983 0.8762 700.0000
970 984 0.7957 700.0000
971 973 0.5568 700.0000
971 974 0.5934 700.0000
971 976 0.6920 700.0000
971 977 0.6029 700.0000
971 978 0.7506 700.0000
971 979 0.5634 700.0000
971 980 0.5065 700.0000
971 981 0.5753 700.0000
972 974 0.8499 700.0000
972 976 0.7958 700.0000
972 978 0.8820 700.0000
972 979 0.4175 700.0000
972 980 0.5876 700.0000
972 981 0.4233 700.0000
972 982 0.8499 700.0000
973 975 0.4500 700.0000
973 976 0.4860 700.0000
973 977 0.6868 700.0000
973 978 0.8497 700.0000
973 979 0.6361 700.0000
974 976 0.6666 700.0000
974 977 0.6701 700.0000
975 977 0.7917 700.0000
976 978 0.4517 700.0000
976 979 0.5351 700.0000
976 980 0.8128 700.0000
977 979 0.6965 700.0000
977 980 0.7277 700.0000
978 980 0.5859 700.0000
979 981 0.6979 700.0000
979 982 0.8887 700.0000
980 982 0.6669 700.0000
981 983 0.6977 700.0000
981 984 0.7947 700.0000
982 984 0.8230 700.0000
982 996 0.8714 700.0000
982 997 0.8449 700.0000
982 998 0.8153 700.0000
982 1001 0.7701 700.0000
983 985 0.7146 700.0000
983 994 0.6313 700.0000
983 995 0.5634 700.0000
983 996 0.6135 700.0000
983 997 0.6876 700.0000
983 1001 0.7864 700.0000
984 986 0.8045 700.0000
984 988 0.8969 700.0000
984 993 0.7717 700.0000
984 994 0.6368 700.0000
984 995 0.4364 700.0000
984 996 0.7152 700.0000
984 997 0.7203 700.0000
985 987 0.5707 700.0000
985 988 0.5975 700.0000
985 991 0.6187 700.0000
985 992 0.7334 700.0000
985 993 0.5306 700.0000
985 994 0.5484 700.0000
985 995 0.6845 700.0000
986 988 0.7425 700.0000
986 990 0.8498 700.0000
986 991 0.5937 700.0000
986 992 0.5236 700.0000
986 993 0.4730 700.0000
986 994 0.7631 700.0000
987 989 0.5325 700.0000
987 990 0.5205 700.0000
987 991 0.5162 700.0000
987 992 0.7296 700.0000
987 993 0.8213 700.0000
988 990 0.7117 700.0000
988 991 0.6546 700.0000
989 991 0.7617 700.0000
990 992 0.8265 700.0000
991 993 0.6371 700.0000
991 994 0.6387 700.0000
992 994 0.6863 700.0000
993 995 0.6748 700.0000
994 996 0.7900 700.0000
995 997 0.5740 700.0000
996 998 0.6764 700.0000
996 999 0.7651 700.0000
996 1001 0.5631 700.0000
996 1002 0.8189 700.0000
997 999 0.8481 700.0000
997 1001 0.7802 700.0000
998 1000 0.5404 700.0000
998 1001 0.5568 700.0000
999 1001 0.6917 700.0000
999 1002 0.7048 700.0000
1000 1002 0.7181 700.0000
1002 1004 0.6543 700.0000
1003 1005 0.5196 700.0000
1003 1006 0.8357 700.0000
1004 1006 0.7352 700.0000
1004 1007 0.8264 700.0000
1006 1008 0.8033 700.0000
1007 1009 0.6131 700.0000
1008 1010 0.6090 700.0000
1009 1011 0.8136 700.0000
1010 1012 0.8385 700.0000
