i j d[nm] fc
11 13 0.5928 700.0000
11 30 0.8419 700.0000
11 55 0.7152 700.0000
11 56 0.4351 700.0000
11 57 0.7773 700.0000
11 58 0.7052 700.0000
11 64 0.6169 700.0000
11 67 0.8289 700.0000
11 68 0.8125 700.0000
11 86 0.6798 700.0000
11 87 0.6836 700.0000
12 14 0.8571 700.0000
12 49 0.8202 700.0000
12 53 0.6928 700.0000
12 54 0.7735 700.0000
12 55 0.6505 700.0000
12 56 0.6699 700.0000
12 86 0.7101 700.0000
12 87 0.4369 700.0000
13 15 0.6852 700.0000
13 26 0.7717 700.0000
13 30 0.8485 700.0000
13 43 0.8885 700.0000
13 52 0.7345 700.0000
13 53 0.5876 700.0000
13 54 0.5106 700.0000
13 55 0.8598 700.0000
13 56 0.6578 700.0000
13 84 0.6548 700.0000
13 85 0.7295 700.0000
13 86 0.5907 700.0000
13 87 0.6133 700.0000
14 16 0.8435 700.0000
14 49 0.8869 700.0000
14 50 0.6745 700.0000
14 51 0.7436 700.0000
14 52 0.5044 700.0000
14 53 0.5292 700.0000
14 54 0.7865 700.0000
14 84 0.8368 700.0000
14 85 0.5721 700.0000
14 86 0.8780 700.0000
14 87 0.7496 700.0000
15 17 0.6033 700.0000
15 18 0.7245 700.0000
15 22 0.7348 700.0000
15 26 0.8207 700.0000
15 51 0.8576 700.0000
15 52 0.4644 700.0000
15 53 0.6978 700.0000
15 54 0.6612 700.0000
15 75 0.8269 700.0000
15 82 0.6838 700.0000
15 83 0.6449 700.0000
15 84 0.6174 700.0000
15 85 0.6660 700.0000
16 18 0.8049 700.0000
16 52 0.8262 700.0000
16 77 0.8432 700.0000
16 82 0.5789 700.0000
16 83 0.6261 700.0000
16 85 0.8946 700.0000
17 19 0.7471 700.0000
17 22 0.6597 700.0000
17 52 0.7996 700.0000
17 75 0.8993 700.0000
17 77 0.6270 700.0000
17 78 0.8157 700.0000
17 82 0.6828 700.0000
17 83 0.8910 700.0000
18 20 0.7503 700.0000
18 22 0.6388 700.0000
18 51 0.6837 700.0000
18 52 0.5854 700.0000
18 54 0.8408 700.0000
19 21 0.7193 700.0000
19 22 0.4544 700.0000
19 23 0.6904 700.0000
19 24 0.8229 700.0000
19 45 0.8557 700.0000
19 52 0.7994 700.0000
19 54 0.8059 700.0000
20 22 0.6017 700.0000
20 23 0.5900 700.0000
20 24 0.5950 700.0000
21 24 0.6106 700.0000
21 25 0.6118 700.0000
21 77 0.7110 700.0000
21 78 0.7205 700.0000
22 24 0.6850 700.0000
22 25 0.5285 700.0000
22 26 0.5789 700.0000
22 52 0.8472 700.0000
22 54 0.7461 700.0000
22 75 0.7766 700.0000
22 77 0.7144 700.0000
23 25 0.8606 700.0000
23 26 0.6865 700.0000
23 27 0.5755 700.0000
23 42 0.8385 700.0000
23 43 0.4639 700.0000
23 44 0.6330 700.0000
23 45 0.6913 700.0000
23 54 0.7112 700.0000
24 26 0.8425 700.0000
24 27 0.7050 700.0000
24 28 0.8347 700.0000
25 27 0.8107 700.0000
25 28 0.6372 700.0000
25 29 0.8120 700.0000
25 75 0.6098 700.0000
25 76 0.7011 700.0000
25 77 0.6728 700.0000
26 28 0.6617 700.0000
26 29 0.6176 700.0000
26 30 0.5704 700.0000
26 31 0.8976 700.0000
26 43 0.6486 700.0000
26 54 0.6811 700.0000
26 56 0.8344 700.0000
26 75 0.6747 700.0000
26 84 0.7707 700.0000
27 29 0.8882 700.0000
27 30 0.7089 700.0000
27 31 0.5593 700.0000
27 41 0.5553 700.0000
27 42 0.6016 700.0000
27 43 0.4675 700.0000
27 44 0.8780 700.0000
27 56 0.8350 700.0000
28 30 0.6997 700.0000
28 31 0.4850 700.0000
28 32 0.6314 700.0000
28 35 0.8609 700.0000
28 41 0.8287 700.0000
29 31 0.7935 700.0000
29 32 0.5763 700.0000
29 33 0.8808 700.0000
29 35 0.4937 700.0000
29 36 0.4733 700.0000
29 37 0.8073 700.0000
29 38 0.8205 700.0000
29 67 0.8874 700.0000
29 73 0.6646 700.0000
29 74 0.7510 700.0000
29 75 0.6492 700.0000
29 84 0.7846 700.0000
30 32 0.6936 700.0000
30 35 0.8080 700.0000
30 36 0.5333 700.0000
30 37 0.7480 700.0000
30 38 0.6524 700.0000
30 39 0.6774 700.0000
30 41 0.6440 700.0000
30 43 0.8266 700.0000
30 56 0.6705 700.0000
30 58 0.7353 700.0000
30 63 0.8833 700.0000
30 67 0.6933 700.0000
30 73 0.7675 700.0000
30 84 0.8449 700.0000
31 33 0.8259 700.0000
31 36 0.8719 700.0000
31 38 0.7127 700.0000
31 39 0.4762 700.0000
31 40 0.6336 700.0000
31 41 0.4702 700.0000
31 42 0.8229 700.0000
31 58 0.8642 700.0000
32 34 0.5681 700.0000
32 35 0.4454 700.0000
32 36 0.5128 700.0000
32 37 0.6127 700.0000
32 38 0.5474 700.0000
32 39 0.6405 700.0000
33 35 0.5931 700.0000
33 36 0.5832 700.0000
33 37 0.4488 700.0000
33 38 0.4523 700.0000
33 39 0.6673 700.0000
33 63 0.8522 700.0000
33 66 0.7447 700.0000
34 36 0.7899 700.0000
34 37 0.7764 700.0000
34 38 0.8696 700.0000
35 37 0.6522 700.0000
35 38 0.7725 700.0000
35 70 0.8214 700.0000
35 73 0.8377 700.0000
35 74 0.8680 700.0000
36 38 0.4800 700.0000
36 39 0.7615 700.0000
36 63 0.8219 700.0000
36 66 0.7479 700.0000
36 67 0.5444 700.0000
36 70 0.6206 700.0000
36 73 0.6464 700.0000
37 39 0.6650 700.0000
37 62 0.8296 700.0000
37 63 0.5799 700.0000
37 66 0.4228 700.0000
37 67 0.5222 700.0000
37 69 0.8998 700.0000
37 70 0.6902 700.0000
38 40 0.8679 700.0000
38 41 0.8032 700.0000
38 58 0.7251 700.0000
38 60 0.8328 700.0000
38 62 0.7539 700.0000
38 63 0.4506 700.0000
38 64 0.8614 700.0000
38 66 0.5107 700.0000
38 67 0.6302 700.0000
39 41 0.5043 700.0000
39 58 0.5710 700.0000
39 59 0.7267 700.0000
39 60 0.6894 700.0000
39 62 0.8534 700.0000
39 63 0.5611 700.0000
39 66 0.8041 700.0000
39 67 0.8946 700.0000
40 42 0.7760 700.0000
40 58 0.7138 700.0000
40 59 0.4827 700.0000
40 60 0.6746 700.0000
41 43 0.6618 700.0000
41 56 0.6385 700.0000
41 57 0.6732 700.0000
41 58 0.5078 700.0000
41 59 0.6975 700.0000
41 63 0.8942 700.0000
42 44 0.6634 700.0000
42 55 0.7694 700.0000
42 56 0.5962 700.0000
42 57 0.4507 700.0000
42 58 0.7122 700.0000
42 59 0.8312 700.0000
43 45 0.7316 700.0000
43 54 0.6448 700.0000
43 55 0.7230 700.0000
43 56 0.5654 700.0000
43 57 0.7144 700.0000
44 46 0.6742 700.0000
44 53 0.8550 700.0000
44 54 0.5979 700.0000
44 55 0.4862 700.0000
44 56 0.6917 700.0000
44 57 0.7276 700.0000
45 47 0.6862 700.0000
45 49 0.8013 700.0000
45 52 0.8493 700.0000
45 53 0.7352 700.0000
45 54 0.5931 700.0000
45 55 0.7724 700.0000
46 48 0.5684 700.0000
46 49 0.4443 700.0000
46 50 0.8294 700.0000
46 53 0.7143 700.0000
46 54 0.8348 700.0000
46 55 0.6448 700.0000
47 49 0.8136 700.0000
48 50 0.8696 700.0000
49 51 0.7465 700.0000
49 52 0.7761 700.0000
49 53 0.4909 700.0000
49 54 0.8283 700.0000
49 55 0.8973 700.0000
50 52 0.5457 700.0000
50 53 0.4741 700.0000
50 54 0.8675 700.0000
51 53 0.6091 700.0000
51 54 0.8883 700.0000
52 54 0.4986 700.0000
53 87 0.8651 700.0000
54 56 0.7750 700.0000
55 57 0.5197 700.0000
56 58 0.5592 700.0000
56 64 0.8131 700.0000
57 59 0.7607 700.0000
58 60 0.6771 700.0000
58 62 0.8031 700.0000
58 63 0.5524 700.0000
58 64 0.5382 700.0000
58 67 0.8319 700.0000
59 63 0.8088 700.0000
60 62 0.5264 700.0000
60 63 0.5575 700.0000
60 64 0.8666 700.0000
60 66 0.8662 700.0000
61 63 0.7628 700.0000
61 64 0.6290 700.0000
61 65 0.5369 700.0000
62 64 0.6461 700.0000
62 65 0.4609 700.0000
62 66 0.4775 700.0000
62 67 0.8605 700.0000
63 65 0.5909 700.0000
63 66 0.4010 700.0000
63 67 0.6170 700.0000
63 68 0.8479 700.0000
64 66 0.7667 700.0000
64 67 0.6060 700.0000
64 68 0.5842 700.0000
65 67 0.7338 700.0000
65 68 0.6221 700.0000
65 69 0.7459 700.0000
66 68 0.8119 700.0000
66 69 0.7240 700.0000
66 70 0.8584 700.0000
67 69 0.7203 700.0000
67 70 0.5862 700.0000
67 71 0.6745 700.0000
67 73 0.6825 700.0000
67 86 0.8094 700.0000
68 70 0.7735 700.0000
68 71 0.6472 700.0000
68 73 0.8900 700.0000
68 86 0.7089 700.0000
69 71 0.7598 700.0000
70 72 0.5791 700.0000
70 73 0.5546 700.0000
71 73 0.4933 700.0000
71 84 0.8492 700.0000
71 86 0.6803 700.0000
72 74 0.7458 700.0000
72 84 0.8518 700.0000
73 75 0.8424 700.0000
73 83 0.7983 700.0000
73 84 0.4760 700.0000
73 85 0.8012 700.0000
73 86 0.6974 700.0000
74 76 0.7123 700.0000
74 81 0.6471 700.0000
74 82 0.6092 700.0000
74 83 0.6154 700.0000
74 84 0.6666 700.0000
75 77 0.5982 700.0000
75 81 0.6831 700.0000
75 82 0.4334 700.0000
75 83 0.6626 700.0000
75 84 0.6519 700.0000
76 78 0.7306 700.0000
76 79 0.6733 700.0000
76 80 0.7061 700.0000
76 81 0.5762 700.0000
76 82 0.6525 700.0000
77 79 0.7229 700.0000
77 80 0.5762 700.0000
77 81 0.6863 700.0000
77 82 0.5811 700.0000
78 80 0.5570 700.0000
78 81 0.8956 700.0000
79 81 0.8461 700.0000
80 82 0.7296 700.0000
81 83 0.6911 700.0000
82 84 0.6683 700.0000
83 85 0.5680 700.0000
84 86 0.6547 700.0000
85 87 0.7849 700.0000
138 140 0.6666 700.0000
138 174 0.7658 700.0000
138 175 0.5847 700.0000
138 176 0.4295 700.0000
138 177 0.6489 700.0000
138 178 0.6527 700.0000
138 180 0.8640 700.0000
138 181 0.6243 700.0000
139 141 0.6839 700.0000
139 165 0.8826 700.0000
139 173 0.6396 700.0000
139 174 0.5846 700.0000
139 175 0.5151 700.0000
139 176 0.6593 700.0000
139 181 0.8131 700.0000
140 142 0.6505 700.0000
140 172 0.8587 700.0000
140 173 0.5620 700.0000
140 174 0.4160 700.0000
140 175 0.6958 700.0000
140 176 0.8318 700.0000
140 181 0.6868 700.0000
141 143 0.8110 700.0000
141 171 0.6054 700.0000
141 172 0.7699 700.0000
141 173 0.5125 700.0000
141 174 0.6923 700.0000
142 144 0.5214 700.0000
142 145 0.8795 700.0000
142 146 0.8325 700.0000
142 147 0.7462 700.0000
142 152 0.7650 700.0000
142 170 0.7452 700.0000
142 171 0.6044 700.0000
142 172 0.4793 700.0000
142 173 0.7480 700.0000
142 174 0.6571 700.0000
142 184 0.8954 700.0000
142 188 0.8648 700.0000
143 145 0.4859 700.0000
143 146 0.4984 700.0000
143 147 0.6602 700.0000
143 170 0.5839 700.0000
143 171 0.6110 700.0000
143 172 0.7826 700.0000
144 146 0.6532 700.0000
144 147 0.6051 700.0000
144 148 0.8070 700.0000
144 149 0.8550 700.0000
144 152 0.5665 700.0000
144 167 0.8843 700.0000
144 170 0.4512 700.0000
144 171 0.6098 700.0000
144 172 0.5266 700.0000
145 147 0.7081 700.0000
145 170 0.5625 700.0000
145 171 0.8298 700.0000
146 148 0.8326 700.0000
146 188 0.8380 700.0000
146 192 0.6504 700.0000
147 151 0.5418 700.0000
147 152 0.6341 700.0000
147 188 0.5870 700.0000
147 191 0.7928 700.0000
147 192 0.7193 700.0000
148 150 0.5016 700.0000
148 151 0.3812 700.0000
148 152 0.5270 700.0000
148 153 0.8178 700.0000
149 151 0.7848 700.0000
149 152 0.5173 700.0000
149 153 0.7582 700.0000
150 152 0.7568 700.0000
150 153 0.6613 700.0000
150 154 0.8539 700.0000
151 153 0.7037 700.0000
151 154 0.7310 700.0000
151 155 0.8111 700.0000
151 187 0.7167 700.0000
151 188 0.6870 700.0000
151 191 0.6354 700.0000
152 155 0.7304 700.0000
152 164 0.8717 700.0000
152 172 0.6662 700.0000
153 155 0.5345 700.0000
153 156 0.5499 700.0000
153 157 0.6906 700.0000
153 164 0.8796 700.0000
154 156 0.6958 700.0000
154 157 0.4670 700.0000
154 158 0.5481 700.0000
154 159 0.8486 700.0000
154 187 0.6764 700.0000
155 157 0.6436 700.0000
155 158 0.5694 700.0000
155 159 0.5854 700.0000
155 160 0.8594 700.0000
155 162 0.7283 700.0000
155 164 0.7560 700.0000
155 174 0.8514 700.0000
155 184 0.5733 700.0000
155 187 0.7451 700.0000
155 188 0.8173 700.0000
156 158 0.6760 700.0000
156 159 0.5862 700.0000
156 160 0.5639 700.0000
156 161 0.8206 700.0000
156 162 0.6568 700.0000
156 164 0.7135 700.0000
157 159 0.6427 700.0000
157 160 0.6461 700.0000
158 160 0.7150 700.0000
158 162 0.8952 700.0000
158 180 0.7624 700.0000
158 183 0.6364 700.0000
158 184 0.6847 700.0000
158 187 0.7330 700.0000
159 161 0.5572 700.0000
159 162 0.5286 700.0000
159 177 0.8478 700.0000
159 180 0.4847 700.0000
159 181 0.8375 700.0000
159 183 0.6484 700.0000
159 184 0.6801 700.0000
160 162 0.5959 700.0000
160 180 0.8099 700.0000
161 163 0.7051 700.0000
161 175 0.8223 700.0000
161 176 0.6942 700.0000
161 177 0.7064 700.0000
161 180 0.6352 700.0000
162 164 0.6106 700.0000
162 174 0.6318 700.0000
162 175 0.5733 700.0000
162 176 0.5936 700.0000
162 177 0.7818 700.0000
162 180 0.6302 700.0000
162 181 0.8136 700.0000
162 184 0.8652 700.0000
163 165 0.7237 700.0000
163 174 0.7791 700.0000
163 175 0.4318 700.0000
163 176 0.6677 700.0000
164 166 0.7587 700.0000
164 172 0.6370 700.0000
164 173 0.7895 700.0000
164 174 0.5887 700.0000
164 175 0.7664 700.0000
165 167 0.7333 700.0000
165 172 0.7445 700.0000
165 173 0.4486 700.0000
165 174 0.7165 700.0000
165 175 0.7250 700.0000
166 168 0.7625 700.0000
166 171 0.8894 700.0000
166 172 0.6334 700.0000
166 173 0.8127 700.0000
167 169 0.6846 700.0000
167 170 0.6194 700.0000
167 171 0.5165 700.0000
167 172 0.5915 700.0000
167 173 0.6791 700.0000
168 170 0.7461 700.0000
168 171 0.6985 700.0000
169 171 0.6006 700.0000
170 172 0.6307 700.0000
171 173 0.6758 700.0000
172 174 0.6940 700.0000
173 175 0.7460 700.0000
174 176 0.6914 700.0000
174 181 0.6772 700.0000
174 184 0.8053 700.0000
175 177 0.8057 700.0000
175 180 0.8921 700.0000
175 181 0.8185 700.0000
176 178 0.7905 700.0000
176 180 0.6076 700.0000
176 181 0.6301 700.0000
177 179 0.5167 700.0000
177 180 0.4197 700.0000
177 181 0.6478 700.0000
177 182 0.8887 700.0000
177 183 0.8348 700.0000
178 180 0.7336 700.0000
178 181 0.5819 700.0000
178 182 0.5565 700.0000
178 183 0.8899 700.0000
179 181 0.7528 700.0000
179 182 0.5930 700.0000
179 183 0.5626 700.0000
180 182 0.7327 700.0000
180 183 0.4951 700.0000
180 184 0.6683 700.0000
181 183 0.7292 700.0000
181 184 0.5240 700.0000
181 185 0.7243 700.0000
182 184 0.7327 700.0000
182 185 0.6502 700.0000
182 186 0.6604 700.0000
183 186 0.7175 700.0000
184 186 0.7217 700.0000
184 187 0.6169 700.0000
184 188 0.6012 700.0000
184 189 0.8952 700.0000
185 187 0.8075 700.0000
185 188 0.6011 700.0000
185 189 0.5507 700.0000
185 190 0.8685 700.0000
186 188 0.7484 700.0000
186 189 0.6152 700.0000
186 190 0.5555 700.0000
187 189 0.6718 700.0000
187 190 0.5646 700.0000
187 191 0.5562 700.0000
188 190 0.6900 700.0000
188 191 0.5997 700.0000
188 192 0.7379 700.0000
189 191 0.6646 700.0000
189 192 0.5957 700.0000
189 193 0.6142 700.0000
190 192 0.8629 700.0000
190 193 0.6551 700.0000
190 194 0.6942 700.0000
191 193 0.6996 700.0000
191 194 0.4807 700.0000
191 195 0.6904 700.0000
192 194 0.7790 700.0000
192 195 0.5422 700.0000
192 196 0.5825 700.0000
193 195 0.6297 700.0000
193 196 0.6281 700.0000
193 197 0.6336 700.0000
194 196 0.8331 700.0000
194 197 0.5992 700.0000
194 198 0.6486 700.0000
195 197 0.6246 700.0000
195 198 0.5321 700.0000
195 199 0.6222 700.0000
196 198 0.7628 700.0000
196 199 0.5525 700.0000
196 200 0.7416 700.0000
197 199 0.8059 700.0000
197 200 0.6924 700.0000
197 201 0.8698 700.0000
198 200 0.8227 700.0000
198 201 0.7916 700.0000
199 201 0.8384 700.0000
233 235 0.4422 700.0000
233 236 0.8090 700.0000
233 278 0.8571 700.0000
233 291 0.8714 700.0000
234 236 0.7949 700.0000
234 278 0.5914 700.0000
234 279 0.5733 700.0000
234 280 0.7498 700.0000
234 287 0.6881 700.0000
234 288 0.8561 700.0000
234 291 0.6722 700.0000
235 237 0.6050 700.0000
235 276 0.6153 700.0000
235 277 0.7195 700.0000
235 278 0.6378 700.0000
235 279 0.8284 700.0000
236 238 0.7075 700.0000
236 275 0.8921 700.0000
236 276 0.7398 700.0000
236 277 0.5170 700.0000
236 278 0.8064 700.0000
236 279 0.6767 700.0000
236 291 0.5772 700.0000
236 294 0.6885 700.0000
236 295 0.7620 700.0000
237 239 0.7782 700.0000
237 270 0.6950 700.0000
237 271 0.8564 700.0000
237 274 0.5680 700.0000
237 275 0.6207 700.0000
237 276 0.5136 700.0000
237 277 0.7448 700.0000
238 240 0.6980 700.0000
238 241 0.8311 700.0000
238 242 0.7623 700.0000
238 243 0.6283 700.0000
238 274 0.5359 700.0000
238 275 0.4454 700.0000
238 276 0.6792 700.0000
238 277 0.6882 700.0000
238 298 0.7408 700.0000
239 241 0.5363 700.0000
239 242 0.4925 700.0000
239 243 0.7088 700.0000
239 244 0.8715 700.0000
239 273 0.6838 700.0000
239 274 0.5029 700.0000
239 275 0.6376 700.0000
239 298 0.8494 700.0000
240 242 0.7409 700.0000
240 243 0.5934 700.0000
240 244 0.5075 700.0000
240 269 0.7812 700.0000
240 271 0.8460 700.0000
240 272 0.8189 700.0000
240 273 0.5474 700.0000
240 274 0.6240 700.0000
240 275 0.5879 700.0000
241 243 0.7168 700.0000
241 244 0.4993 700.0000
241 245 0.8028 700.0000
241 273 0.7029 700.0000
241 274 0.8579 700.0000
242 244 0.7965 700.0000
242 245 0.7107 700.0000
242 298 0.7555 700.0000
242 302 0.5550 700.0000
243 245 0.8670 700.0000
243 246 0.5837 700.0000
243 247 0.5245 700.0000
243 267 0.8063 700.0000
243 275 0.6187 700.0000
243 277 0.8009 700.0000
243 298 0.7333 700.0000
244 246 0.8469 700.0000
244 247 0.6325 700.0000
244 248 0.8221 700.0000
245 247 0.8374 700.0000
245 248 0.5844 700.0000
245 249 0.5350 700.0000
245 250 0.8077 700.0000
245 301 0.7046 700.0000
245 302 0.7197 700.0000
246 248 0.8709 700.0000
246 249 0.6270 700.0000
246 250 0.4587 700.0000
246 251 0.7449 700.0000
246 253 0.7251 700.0000
246 254 0.7860 700.0000
246 294 0.7661 700.0000
246 297 0.7204 700.0000
246 298 0.5460 700.0000
246 301 0.6117 700.0000
246 302 0.7742 700.0000
247 249 0.7989 700.0000
247 250 0.6732 700.0000
247 251 0.5746 700.0000
247 252 0.8785 700.0000
247 254 0.7472 700.0000
248 250 0.7825 700.0000
248 251 0.7848 700.0000
249 251 0.6836 700.0000
249 301 0.7083 700.0000
250 252 0.6635 700.0000
250 253 0.5503 700.0000
250 254 0.8191 700.0000
250 297 0.7629 700.0000
250 301 0.7220 700.0000
251 253 0.7057 700.0000
251 254 0.7626 700.0000
251 255 0.7986 700.0000
252 254 0.6994 700.0000
252 255 0.5518 700.0000
252 256 0.6720 700.0000
253 255 0.7077 700.0000
253 256 0.4874 700.0000
253 257 0.5936 700.0000
253 293 0.8022 700.0000
253 294 0.7934 700.0000
253 297 0.6371 700.0000
254 256 0.6024 700.0000
254 257 0.5568 700.0000
254 258 0.5918 700.0000
254 265 0.6252 700.0000
254 294 0.7352 700.0000
255 257 0.6771 700.0000
255 258 0.5087 700.0000
255 259 0.6080 700.0000
255 265 0.8302 700.0000
256 258 0.6160 700.0000
256 259 0.5377 700.0000
256 260 0.6398 700.0000
256 261 0.8018 700.0000
257 259 0.7095 700.0000
257 260 0.6027 700.0000
257 261 0.5541 700.0000
257 262 0.8288 700.0000
257 263 0.6885 700.0000
257 265 0.7820 700.0000
257 289 0.8342 700.0000
257 290 0.5756 700.0000
257 293 0.6309 700.0000
257 294 0.7390 700.0000
258 261 0.7804 700.0000
258 262 0.6483 700.0000
258 263 0.4665 700.0000
258 264 0.5368 700.0000
258 265 0.5492 700.0000
258 279 0.8725 700.0000
258 280 0.8989 700.0000
258 290 0.8738 700.0000
259 261 0.8350 700.0000
259 262 0.7489 700.0000
259 263 0.8098 700.0000
260 262 0.8618 700.0000
260 289 0.8197 700.0000
260 290 0.8096 700.0000
260 293 0.8196 700.0000
261 263 0.6205 700.0000
261 285 0.7099 700.0000
261 286 0.5288 700.0000
261 287 0.7718 700.0000
261 289 0.5452 700.0000
261 290 0.5085 700.0000
261 293 0.7703 700.0000
262 264 0.6600 700.0000
262 280 0.8159 700.0000
262 281 0.6263 700.0000
262 282 0.6024 700.0000
262 284 0.6233 700.0000
262 285 0.4905 700.0000
262 286 0.7282 700.0000
262 287 0.7796 700.0000
262 290 0.8605 700.0000
263 265 0.6474 700.0000
263 279 0.6753 700.0000
263 280 0.5856 700.0000
263 281 0.5980 700.0000
263 282 0.7245 700.0000
263 284 0.8846 700.0000
263 285 0.6515 700.0000
263 286 0.7920 700.0000
263 287 0.6597 700.0000
263 290 0.7047 700.0000
264 266 0.6705 700.0000
264 278 0.8226 700.0000
264 279 0.7303 700.0000
264 280 0.4440 700.0000
264 281 0.6764 700.0000
264 282 0.7643 700.0000
265 267 0.6483 700.0000
265 277 0.6170 700.0000
265 278 0.6463 700.0000
265 279 0.5199 700.0000
265 280 0.6877 700.0000
265 290 0.8989 700.0000
265 294 0.8747 700.0000
266 268 0.6135 700.0000
266 276 0.8587 700.0000
266 277 0.7445 700.0000
266 278 0.4862 700.0000
266 279 0.7747 700.0000
266 280 0.6776 700.0000
267 269 0.7834 700.0000
267 275 0.6817 700.0000
267 276 0.6731 700.0000
267 277 0.5781 700.0000
267 278 0.7869 700.0000
268 270 0.6865 700.0000
268 275 0.7118 700.0000
268 276 0.5003 700.0000
268 277 0.7449 700.0000
268 278 0.7347 700.0000
269 271 0.6106 700.0000
269 272 0.7115 700.0000
269 273 0.8730 700.0000
269 274 0.7852 700.0000
269 275 0.6097 700.0000
269 276 0.7471 700.0000
270 272 0.7123 700.0000
270 273 0.8638 700.0000
270 274 0.5598 700.0000
270 275 0.6161 700.0000
270 276 0.5495 700.0000
271 273 0.5633 700.0000
271 274 0.4637 700.0000
271 275 0.7233 700.0000
271 276 0.8372 700.0000
272 274 0.6790 700.0000
273 275 0.8321 700.0000
274 276 0.7130 700.0000
275 277 0.6080 700.0000
276 278 0.6961 700.0000
277 279 0.6002 700.0000
277 291 0.8959 700.0000
277 294 0.7495 700.0000
278 280 0.5873 700.0000
279 281 0.8640 700.0000
279 287 0.6051 700.0000
279 288 0.8941 700.0000
279 290 0.6652 700.0000
279 291 0.5705 700.0000
279 294 0.8204 700.0000
280 282 0.7365 700.0000
280 285 0.8846 700.0000
280 287 0.7110 700.0000
281 283 0.7465 700.0000
281 284 0.6693 700.0000
281 285 0.5112 700.0000
281 286 0.8589 700.0000
281 287 0.6199 700.0000
282 284 0.5269 700.0000
282 285 0.5995 700.0000
283 285 0.8754 700.0000
284 286 0.7841 700.0000
285 287 0.5761 700.0000
285 289 0.8877 700.0000
286 288 0.6286 700.0000
286 289 0.4624 700.0000
286 290 0.6194 700.0000
286 292 0.8977 700.0000
287 289 0.6441 700.0000
287 290 0.5845 700.0000
287 291 0.6174 700.0000
288 290 0.6442 700.0000
288 291 0.4750 700.0000
288 292 0.5644 700.0000
289 291 0.6658 700.0000
289 292 0.4670 700.0000
289 293 0.5924 700.0000
290 292 0.5997 700.0000
290 293 0.4988 700.0000
290 294 0.6932 700.0000
290 295 0.8385 700.0000
291 293 0.8112 700.0000
291 294 0.7471 700.0000
291 295 0.7629 700.0000
292 294 0.8512 700.0000
292 295 0.6576 700.0000
292 296 0.7269 700.0000
293 295 0.5701 700.0000
293 296 0.5496 700.0000
293 297 0.6297 700.0000
294 296 0.6876 700.0000
294 297 0.6731 700.0000
294 298 0.5623 700.0000
295 297 0.6583 700.0000
295 298 0.5685 700.0000
295 299 0.5819 700.0000
295 300 0.8938 700.0000
296 298 0.7251 700.0000
296 299 0.5448 700.0000
296 300 0.6131 700.0000
296 301 0.8474 700.0000
297 299 0.7716 700.0000
297 300 0.5083 700.0000
297 301 0.5729 700.0000
298 300 0.8116 700.0000
298 301 0.6252 700.0000
298 302 0.5165 700.0000
299 301 0.7453 700.0000
299 302 0.5920 700.0000
300 302 0.7431 700.0000
305 307 0.7933 700.0000
305 344 0.6053 700.0000
305 345 0.4476 700.0000
305 346 0.6397 700.0000
305 347 0.8947 700.0000
306 308 0.6427 700.0000
306 344 0.7467 700.0000
306 345 0.5371 700.0000
306 346 0.6413 700.0000
306 347 0.5273 700.0000
306 350 0.7145 700.0000
307 309 0.6507 700.0000
307 342 0.6356 700.0000
307 343 0.6506 700.0000
307 344 0.5511 700.0000
307 345 0.7556 700.0000
308 310 0.7515 700.0000
308 342 0.7556 700.0000
308 343 0.5301 700.0000
308 344 0.8028 700.0000
308 345 0.8017 700.0000
308 347 0.7547 700.0000
308 350 0.5591 700.0000
308 351 0.8454 700.0000
308 354 0.7163 700.0000
309 311 0.6862 700.0000
309 340 0.5809 700.0000
309 341 0.6475 700.0000
309 342 0.5180 700.0000
309 343 0.6153 700.0000
310 312 0.5915 700.0000
310 318 0.8830 700.0000
310 339 0.7697 700.0000
310 340 0.5763 700.0000
310 341 0.4439 700.0000
310 342 0.7050 700.0000
310 343 0.6858 700.0000
310 354 0.6849 700.0000
310 357 0.7669 700.0000
311 313 0.7412 700.0000
311 338 0.8748 700.0000
311 339 0.6054 700.0000
311 340 0.5123 700.0000
311 341 0.6732 700.0000
312 314 0.6640 700.0000
312 315 0.7600 700.0000
312 317 0.5643 700.0000
312 318 0.5856 700.0000
312 321 0.7883 700.0000
312 338 0.7983 700.0000
312 339 0.4600 700.0000
312 340 0.6781 700.0000
312 341 0.6500 700.0000
312 357 0.8510 700.0000
312 361 0.8216 700.0000
313 315 0.7523 700.0000
313 317 0.6159 700.0000
313 318 0.8371 700.0000
313 338 0.8552 700.0000
313 339 0.6366 700.0000
314 316 0.4786 700.0000
314 317 0.5155 700.0000
314 318 0.6674 700.0000
314 319 0.8456 700.0000
314 338 0.7566 700.0000
314 339 0.6248 700.0000
315 317 0.6700 700.0000
315 318 0.5048 700.0000
315 319 0.5485 700.0000
315 336 0.6111 700.0000
315 338 0.5492 700.0000
315 339 0.5076 700.0000
316 318 0.7154 700.0000
316 319 0.6637 700.0000
316 320 0.8094 700.0000
317 319 0.7501 700.0000
317 320 0.6054 700.0000
317 321 0.5682 700.0000
317 339 0.7801 700.0000
317 361 0.7956 700.0000
318 320 0.6397 700.0000
318 321 0.5330 700.0000
318 322 0.6213 700.0000
318 323 0.8305 700.0000
318 336 0.5921 700.0000
318 338 0.8115 700.0000
318 339 0.5692 700.0000
318 340 0.8628 700.0000
318 341 0.6036 700.0000
319 321 0.7553 700.0000
319 322 0.5157 700.0000
319 323 0.6158 700.0000
319 336 0.5699 700.0000
319 339 0.8227 700.0000
319 341 0.8548 700.0000
320 322 0.8115 700.0000
320 323 0.5844 700.0000
320 324 0.6070 700.0000
321 323 0.7729 700.0000
321 324 0.5685 700.0000
321 325 0.6425 700.0000
321 341 0.8029 700.0000
321 353 0.8934 700.0000
321 356 0.8354 700.0000
321 357 0.5799 700.0000
321 360 0.7494 700.0000
321 361 0.8338 700.0000
322 324 0.8312 700.0000
322 325 0.6601 700.0000
322 326 0.5542 700.0000
322 333 0.8990 700.0000
322 334 0.4845 700.0000
322 335 0.7862 700.0000
322 336 0.6740 700.0000
322 341 0.7127 700.0000
323 325 0.7636 700.0000
323 326 0.6534 700.0000
323 327 0.8325 700.0000
324 326 0.7666 700.0000
324 327 0.7014 700.0000
324 328 0.6035 700.0000
324 329 0.8879 700.0000
324 356 0.7539 700.0000
325 327 0.7586 700.0000
325 328 0.5209 700.0000
325 329 0.5095 700.0000
325 332 0.7158 700.0000
325 334 0.6905 700.0000
325 352 0.8722 700.0000
325 353 0.6184 700.0000
325 356 0.7071 700.0000
325 357 0.8061 700.0000
326 328 0.7212 700.0000
326 329 0.6709 700.0000
326 330 0.6892 700.0000
326 332 0.6696 700.0000
326 333 0.8014 700.0000
326 334 0.5765 700.0000
327 329 0.7973 700.0000
327 330 0.7915 700.0000
328 330 0.8076 700.0000
328 353 0.8441 700.0000
328 356 0.7256 700.0000
329 331 0.7446 700.0000
329 332 0.5371 700.0000
329 334 0.8878 700.0000
329 349 0.5720 700.0000
329 350 0.8609 700.0000
329 352 0.6945 700.0000
329 353 0.6417 700.0000
329 356 0.8205 700.0000
330 332 0.6630 700.0000
330 349 0.8944 700.0000
331 345 0.7956 700.0000
331 346 0.7477 700.0000
331 349 0.6824 700.0000
332 334 0.5519 700.0000
332 343 0.6247 700.0000
332 344 0.6109 700.0000
332 345 0.6055 700.0000
332 346 0.7574 700.0000
332 349 0.5918 700.0000
332 350 0.7107 700.0000
332 353 0.8149 700.0000
333 335 0.5918 700.0000
333 342 0.7330 700.0000
333 343 0.6848 700.0000
333 344 0.4562 700.0000
333 345 0.7496 700.0000
334 336 0.8268 700.0000
334 341 0.6453 700.0000
334 342 0.6142 700.0000
334 343 0.5766 700.0000
334 344 0.7464 700.0000
335 337 0.7619 700.0000
335 340 0.8791 700.0000
335 341 0.7214 700.0000
335 342 0.4591 700.0000
335 343 0.7684 700.0000
335 344 0.7939 700.0000
336 338 0.5684 700.0000
336 339 0.5714 700.0000
336 340 0.6826 700.0000
336 341 0.6141 700.0000
336 342 0.7870 700.0000
337 339 0.6845 700.0000
337 340 0.5801 700.0000
337 341 0.8557 700.0000
337 342 0.8209 700.0000
338 340 0.5762 700.0000
338 341 0.8576 700.0000
339 341 0.6174 700.0000
340 342 0.6252 700.0000
341 343 0.6040 700.0000
342 344 0.6910 700.0000
343 345 0.6966 700.0000
343 349 0.8896 700.0000
343 350 0.5562 700.0000
343 353 0.7765 700.0000
343 354 0.7652 700.0000
344 346 0.7916 700.0000
344 350 0.7969 700.0000
345 347 0.6969 700.0000
345 348 0.8463 700.0000
345 349 0.6200 700.0000
345 350 0.5915 700.0000
346 348 0.5113 700.0000
346 349 0.4301 700.0000
346 350 0.5986 700.0000
346 351 0.8265 700.0000
347 349 0.7037 700.0000
347 350 0.5113 700.0000
347 351 0.5664 700.0000
347 352 0.8963 700.0000
348 350 0.6695 700.0000
348 351 0.5712 700.0000
348 352 0.7139 700.0000
349 351 0.6491 700.0000
349 352 0.6008 700.0000
349 353 0.7051 700.0000
350 352 0.6216 700.0000
350 353 0.5809 700.0000
350 354 0.5722 700.0000
351 353 0.5624 700.0000
351 354 0.5071 700.0000
351 355 0.6509 700.0000
352 354 0.6160 700.0000
352 355 0.4884 700.0000
352 356 0.5908 700.0000
352 357 0.8361 700.0000
353 355 0.6113 700.0000
353 356 0.5203 700.0000
353 357 0.5741 700.0000
353 358 0.8272 700.0000
354 356 0.8375 700.0000
354 357 0.5923 700.0000
354 358 0.7262 700.0000
355 357 0.7192 700.0000
355 358 0.5654 700.0000
355 359 0.5247 700.0000
356 358 0.6896 700.0000
356 359 0.5184 700.0000
356 360 0.7235 700.0000
357 359 0.6851 700.0000
357 360 0.5789 700.0000
357 361 0.5950 700.0000
358 360 0.5455 700.0000
358 361 0.5480 700.0000
358 362 0.6475 700.0000
359 361 0.8151 700.0000
359 362 0.6456 700.0000
360 362 0.5410 700.0000
378 380 0.6407 700.0000
378 416 0.7805 700.0000
378 417 0.6310 700.0000
378 418 0.4129 700.0000
378 419 0.7485 700.0000
378 420 0.7784 700.0000
378 434 0.6033 700.0000
378 437 0.6931 700.0000
378 438 0.7758 700.0000
379 381 0.8793 700.0000
379 412 0.7894 700.0000
379 415 0.5049 700.0000
379 416 0.6621 700.0000
379 417 0.5446 700.0000
379 418 0.7524 700.0000
380 382 0.6147 700.0000
380 383 0.8430 700.0000
380 384 0.7351 700.0000
380 385 0.6588 700.0000
380 415 0.5725 700.0000
380 416 0.4337 700.0000
380 417 0.6659 700.0000
380 418 0.7233 700.0000
380 441 0.7556 700.0000
381 383 0.4673 700.0000
381 384 0.5399 700.0000
381 385 0.7706 700.0000
381 386 0.8313 700.0000
381 413 0.8989 700.0000
381 414 0.6447 700.0000
381 415 0.6210 700.0000
381 416 0.6627 700.0000
382 384 0.7097 700.0000
382 385 0.6044 700.0000
382 386 0.5484 700.0000
382 411 0.6487 700.0000
382 413 0.6980 700.0000
382 414 0.6358 700.0000
382 415 0.6470 700.0000
382 416 0.4892 700.0000
382 417 0.8933 700.0000
383 385 0.7146 700.0000
383 386 0.4864 700.0000
383 387 0.6155 700.0000
383 388 0.8798 700.0000
383 414 0.8191 700.0000
383 416 0.8555 700.0000
384 386 0.7627 700.0000
384 387 0.5450 700.0000
384 388 0.6063 700.0000
384 441 0.6957 700.0000
384 444 0.8705 700.0000
384 445 0.6608 700.0000
385 387 0.7407 700.0000
385 388 0.5697 700.0000
385 389 0.4835 700.0000
385 390 0.8704 700.0000
385 392 0.6139 700.0000
385 393 0.8205 700.0000
385 409 0.8211 700.0000
385 411 0.8879 700.0000
385 416 0.5799 700.0000
385 418 0.8409 700.0000
385 441 0.7508 700.0000
386 388 0.7570 700.0000
386 389 0.5497 700.0000
386 411 0.8704 700.0000
386 416 0.8451 700.0000
387 389 0.7513 700.0000
387 390 0.8815 700.0000
387 445 0.8633 700.0000
388 390 0.6551 700.0000
388 391 0.5801 700.0000
388 392 0.5502 700.0000
388 440 0.8682 700.0000
388 441 0.6545 700.0000
388 444 0.5687 700.0000
388 445 0.6646 700.0000
388 447 0.8603 700.0000
389 391 0.8057 700.0000
389 392 0.6219 700.0000
389 393 0.5810 700.0000
390 392 0.6329 700.0000
390 393 0.5802 700.0000
390 394 0.7193 700.0000
391 393 0.7669 700.0000
391 394 0.6285 700.0000
391 395 0.6995 700.0000
391 440 0.8017 700.0000
391 443 0.8703 700.0000
391 444 0.6520 700.0000
391 447 0.8153 700.0000
392 394 0.7213 700.0000
392 395 0.5894 700.0000
392 396 0.6174 700.0000
392 437 0.6474 700.0000
392 440 0.6480 700.0000
392 441 0.6725 700.0000
392 444 0.7804 700.0000
393 395 0.7424 700.0000
393 396 0.5287 700.0000
393 397 0.7075 700.0000
393 409 0.8889 700.0000
394 396 0.7222 700.0000
394 397 0.6236 700.0000
394 398 0.5859 700.0000
395 397 0.6743 700.0000
395 398 0.4814 700.0000
395 399 0.6365 700.0000
395 436 0.7738 700.0000
395 437 0.7503 700.0000
395 440 0.6126 700.0000
396 398 0.6952 700.0000
396 399 0.5224 700.0000
396 400 0.5775 700.0000
396 405 0.8950 700.0000
396 407 0.6482 700.0000
396 418 0.8740 700.0000
396 420 0.7729 700.0000
396 433 0.8610 700.0000
396 437 0.6707 700.0000
397 399 0.5986 700.0000
397 400 0.4657 700.0000
397 401 0.5188 700.0000
397 402 0.8848 700.0000
397 407 0.8540 700.0000
398 400 0.7651 700.0000
398 401 0.5812 700.0000
398 402 0.6128 700.0000
399 401 0.6839 700.0000
399 402 0.5203 700.0000
399 403 0.5420 700.0000
399 405 0.6725 700.0000
399 407 0.8766 700.0000
399 420 0.7575 700.0000
399 433 0.5485 700.0000
399 435 0.8960 700.0000
399 436 0.6194 700.0000
399 437 0.7726 700.0000
400 402 0.8450 700.0000
400 403 0.7968 700.0000
400 404 0.7186 700.0000
400 405 0.4544 700.0000
400 406 0.5601 700.0000
400 407 0.5830 700.0000
400 420 0.7713 700.0000
400 423 0.8333 700.0000
400 433 0.8871 700.0000
401 403 0.8406 700.0000
401 404 0.7679 700.0000
401 405 0.8155 700.0000
402 433 0.8276 700.0000
402 436 0.7979 700.0000
403 405 0.6402 700.0000
403 429 0.5161 700.0000
403 430 0.7590 700.0000
403 431 0.8683 700.0000
403 432 0.5864 700.0000
403 433 0.5619 700.0000
403 436 0.7744 700.0000
404 406 0.7414 700.0000
404 422 0.6696 700.0000
404 423 0.4414 700.0000
404 424 0.7140 700.0000
404 427 0.8587 700.0000
404 429 0.7774 700.0000
405 407 0.6769 700.0000
405 420 0.6203 700.0000
405 421 0.6856 700.0000
405 422 0.5650 700.0000
405 423 0.5466 700.0000
405 428 0.8737 700.0000
405 429 0.7248 700.0000
405 430 0.7249 700.0000
405 433 0.7482 700.0000
406 408 0.6726 700.0000
406 419 0.7947 700.0000
406 420 0.6864 700.0000
406 421 0.5003 700.0000
406 422 0.6439 700.0000
406 423 0.5334 700.0000
407 409 0.6493 700.0000
407 418 0.7623 700.0000
407 419 0.6082 700.0000
407 420 0.5523 700.0000
407 421 0.6906 700.0000
408 410 0.7234 700.0000
408 417 0.8682 700.0000
408 418 0.7554 700.0000
408 419 0.4410 700.0000
408 420 0.7314 700.0000
408 421 0.6139 700.0000
409 411 0.7489 700.0000
409 416 0.6892 700.0000
409 417 0.6295 700.0000
409 418 0.5682 700.0000
409 419 0.7313 700.0000
410 412 0.5735 700.0000
410 413 0.8928 700.0000
410 415 0.8730 700.0000
410 416 0.5597 700.0000
410 417 0.3956 700.0000
410 418 0.6779 700.0000
410 419 0.8088 700.0000
411 413 0.5585 700.0000
411 415 0.7890 700.0000
411 416 0.5523 700.0000
411 417 0.7075 700.0000
412 414 0.8963 700.0000
412 415 0.5758 700.0000
412 416 0.7016 700.0000
412 417 0.5497 700.0000
413 415 0.5661 700.0000
413 416 0.7680 700.0000
414 416 0.8875 700.0000
415 417 0.6379 700.0000
416 418 0.6369 700.0000
417 419 0.7325 700.0000
418 420 0.6214 700.0000
418 434 0.7225 700.0000
418 437 0.6837 700.0000
419 421 0.5482 700.0000
419 430 0.8851 700.0000
419 434 0.7371 700.0000
420 422 0.8664 700.0000
420 430 0.5839 700.0000
420 431 0.8584 700.0000
420 433 0.5500 700.0000
420 434 0.4648 700.0000
420 437 0.7717 700.0000
421 423 0.7564 700.0000
421 428 0.8875 700.0000
421 430 0.7955 700.0000
422 424 0.5502 700.0000
422 425 0.7450 700.0000
422 427 0.7039 700.0000
422 428 0.5481 700.0000
422 429 0.7208 700.0000
422 430 0.7079 700.0000
424 426 0.5082 700.0000
424 427 0.4907 700.0000
424 428 0.7626 700.0000
424 429 0.8939 700.0000
425 427 0.8938 700.0000
427 429 0.5932 700.0000
428 430 0.4893 700.0000
428 431 0.7072 700.0000
428 432 0.8450 700.0000
429 431 0.6345 700.0000
429 432 0.5178 700.0000
429 433 0.7103 700.0000
430 432 0.6162 700.0000
430 433 0.5266 700.0000
430 434 0.5180 700.0000
430 435 0.8777 700.0000
431 433 0.5773 700.0000
431 434 0.5536 700.0000
431 435 0.6712 700.0000
431 436 0.8970 700.0000
432 434 0.8035 700.0000
432 435 0.6371 700.0000
432 436 0.7331 700.0000
433 435 0.5055 700.0000
433 436 0.4830 700.0000
433 437 0.6807 700.0000
433 438 0.8229 700.0000
434 436 0.7760 700.0000
434 437 0.6844 700.0000
434 438 0.7598 700.0000
435 437 0.6663 700.0000
435 438 0.4769 700.0000
435 439 0.5548 700.0000
435 440 0.8530 700.0000
436 438 0.6043 700.0000
436 439 0.5027 700.0000
436 440 0.6591 700.0000
437 439 0.7022 700.0000
437 440 0.5561 700.0000
437 441 0.5963 700.0000
437 442 0.8612 700.0000
438 440 0.6209 700.0000
438 441 0.6151 700.0000
438 442 0.5636 700.0000
439 441 0.7827 700.0000
439 442 0.5381 700.0000
439 443 0.7326 700.0000
440 442 0.5974 700.0000
440 443 0.5453 700.0000
440 444 0.5954 700.0000
440 445 0.7994 700.0000
441 443 0.8248 700.0000
441 444 0.6010 700.0000
441 445 0.5610 700.0000
441 446 0.8950 700.0000
442 444 0.7048 700.0000
442 445 0.6181 700.0000
442 446 0.6903 700.0000
443 445 0.6691 700.0000
443 446 0.5706 700.0000
443 447 0.5644 700.0000
444 446 0.5405 700.0000
444 447 0.4438 700.0000
445 447 0.6193 700.0000
449 451 0.6488 700.0000
449 492 0.8870 700.0000
449 493 0.7340 700.0000
449 494 0.5287 700.0000
449 495 0.6722 700.0000
449 496 0.5543 700.0000
449 499 0.6791 700.0000
450 452 0.6462 700.0000
450 484 0.8762 700.0000
450 491 0.5558 700.0000
450 492 0.6692 700.0000
450 493 0.5760 700.0000
450 494 0.8306 700.0000
451 453 0.6368 700.0000
451 490 0.8664 700.0000
451 491 0.7190 700.0000
451 492 0.5137 700.0000
451 493 0.7692 700.0000
451 494 0.8067 700.0000
451 496 0.8796 700.0000
451 499 0.5821 700.0000
451 500 0.8343 700.0000
451 503 0.6628 700.0000
452 454 0.6328 700.0000
452 489 0.6630 700.0000
452 490 0.6940 700.0000
452 491 0.5403 700.0000
452 492 0.6820 700.0000
453 455 0.6335 700.0000
453 457 0.8966 700.0000
453 489 0.6280 700.0000
453 490 0.4743 700.0000
453 491 0.6659 700.0000
453 492 0.6648 700.0000
453 503 0.6600 700.0000
453 506 0.7579 700.0000
453 507 0.8170 700.0000
454 456 0.5493 700.0000
454 457 0.6857 700.0000
454 458 0.8804 700.0000
454 488 0.6848 700.0000
454 489 0.6004 700.0000
454 490 0.8280 700.0000
455 457 0.6050 700.0000
455 458 0.5414 700.0000
455 459 0.7416 700.0000
455 462 0.4685 700.0000
455 465 0.7838 700.0000
455 485 0.8609 700.0000
455 486 0.8622 700.0000
455 487 0.8841 700.0000
455 488 0.6182 700.0000
455 489 0.5603 700.0000
455 490 0.6841 700.0000
455 506 0.8766 700.0000
456 458 0.7842 700.0000
456 459 0.7758 700.0000
456 462 0.6990 700.0000
456 488 0.5706 700.0000
456 489 0.8662 700.0000
457 459 0.6196 700.0000
457 461 0.8772 700.0000
457 462 0.7384 700.0000
457 507 0.7902 700.0000
458 460 0.8306 700.0000
458 461 0.4956 700.0000
458 462 0.5152 700.0000
458 465 0.8498 700.0000
458 506 0.7896 700.0000
458 507 0.6964 700.0000
459 461 0.5478 700.0000
459 462 0.4269 700.0000
459 463 0.8138 700.0000
460 462 0.7534 700.0000
460 463 0.7134 700.0000
461 463 0.7760 700.0000
461 464 0.6119 700.0000
461 465 0.7723 700.0000
462 464 0.8740 700.0000
462 465 0.7237 700.0000
462 466 0.8143 700.0000
462 487 0.8677 700.0000
462 488 0.7882 700.0000
463 465 0.7721 700.0000
463 466 0.6906 700.0000
463 467 0.7809 700.0000
464 466 0.7674 700.0000
464 467 0.5190 700.0000
464 469 0.8969 700.0000
464 470 0.7758 700.0000
465 467 0.6432 700.0000
465 470 0.5038 700.0000
465 471 0.8300 700.0000
465 485 0.6924 700.0000
465 490 0.7652 700.0000
465 506 0.7551 700.0000
466 468 0.8557 700.0000
466 470 0.8141 700.0000
466 485 0.5968 700.0000
466 486 0.8464 700.0000
466 487 0.7788 700.0000
467 469 0.5478 700.0000
467 470 0.6503 700.0000
467 471 0.8116 700.0000
468 470 0.7308 700.0000
468 471 0.5756 700.0000
468 472 0.5949 700.0000
469 471 0.7298 700.0000
469 472 0.6456 700.0000
469 473 0.7628 700.0000
470 472 0.7070 700.0000
470 473 0.5960 700.0000
470 474 0.5851 700.0000
470 475 0.8341 700.0000
470 483 0.8240 700.0000
470 505 0.7343 700.0000
470 506 0.7993 700.0000
471 473 0.6186 700.0000
471 474 0.5708 700.0000
471 475 0.4677 700.0000
471 483 0.6784 700.0000
472 474 0.7849 700.0000
472 475 0.5017 700.0000
472 476 0.7296 700.0000
473 475 0.7606 700.0000
473 476 0.5486 700.0000
473 477 0.4507 700.0000
473 478 0.8007 700.0000
473 505 0.7360 700.0000
474 476 0.8200 700.0000
474 477 0.6417 700.0000
474 478 0.4519 700.0000
474 479 0.7735 700.0000
474 481 0.6587 700.0000
474 483 0.6096 700.0000
474 492 0.8954 700.0000
474 502 0.6669 700.0000
474 505 0.6246 700.0000
474 506 0.8034 700.0000
475 478 0.8269 700.0000
475 479 0.7372 700.0000
475 481 0.8325 700.0000
475 482 0.8426 700.0000
475 483 0.6556 700.0000
476 478 0.7947 700.0000
476 479 0.7616 700.0000
477 479 0.8841 700.0000
477 505 0.6177 700.0000
478 480 0.6925 700.0000
478 481 0.5509 700.0000
478 498 0.7152 700.0000
478 499 0.8654 700.0000
478 501 0.6819 700.0000
478 502 0.5455 700.0000
478 505 0.6943 700.0000
479 481 0.5783 700.0000
479 498 0.8038 700.0000
480 494 0.7621 700.0000
480 495 0.7234 700.0000
480 498 0.5482 700.0000
481 483 0.6890 700.0000
481 492 0.6389 700.0000
481 493 0.5772 700.0000
481 494 0.6123 700.0000
481 495 0.8145 700.0000
481 498 0.6634 700.0000
481 499 0.6581 700.0000
481 502 0.7070 700.0000
482 484 0.6310 700.0000
482 491 0.7342 700.0000
482 492 0.6830 700.0000
482 493 0.4776 700.0000
482 494 0.8120 700.0000
483 485 0.6421 700.0000
483 490 0.6403 700.0000
483 491 0.6887 700.0000
483 492 0.6735 700.0000
483 493 0.8125 700.0000
484 486 0.6017 700.0000
484 489 0.7443 700.0000
484 490 0.5976 700.0000
484 491 0.4245 700.0000
484 492 0.7214 700.0000
484 493 0.8353 700.0000
485 487 0.7822 700.0000
485 489 0.6106 700.0000
485 490 0.5369 700.0000
485 491 0.7318 700.0000
486 488 0.6955 700.0000
486 489 0.4170 700.0000
486 490 0.7178 700.0000
486 491 0.7483 700.0000
487 489 0.7270 700.0000
489 491 0.6467 700.0000
490 492 0.5576 700.0000
490 503 0.8833 700.0000
490 506 0.7167 700.0000
491 493 0.6647 700.0000
492 494 0.7063 700.0000
492 499 0.5744 700.0000
492 502 0.7064 700.0000
492 503 0.7516 700.0000
493 495 0.8096 700.0000
493 499 0.6996 700.0000
494 496 0.5949 700.0000
494 497 0.8614 700.0000
494 498 0.6683 700.0000
494 499 0.5151 700.0000
495 497 0.5865 700.0000
495 498 0.5028 700.0000
495 499 0.6450 700.0000
496 498 0.6237 700.0000
496 499 0.5249 700.0000
496 500 0.6917 700.0000
497 499 0.6944 700.0000
497 500 0.6477 700.0000
497 501 0.6654 700.0000
498 500 0.6955 700.0000
498 501 0.5651 700.0000
498 502 0.7738 700.0000
499 501 0.7032 700.0000
499 502 0.5678 700.0000
499 503 0.6464 700.0000
500 502 0.5196 700.0000
500 503 0.5033 700.0000
500 504 0.6175 700.0000
501 503 0.8206 700.0000
501 504 0.6397 700.0000
501 505 0.8762 700.0000
502 504 0.6205 700.0000
502 505 0.5786 700.0000
502 506 0.6086 700.0000
502 507 0.8319 700.0000
503 505 0.8829 700.0000
503 506 0.6251 700.0000
503 507 0.5858 700.0000
504 506 0.7270 700.0000
504 507 0.6187 700.0000
505 507 0.7783 700.0000
556 558 0.7885 700.0000
557 559 0.6716 700.0000
558 560 0.7755 700.0000
558 567 0.6114 700.0000
558 568 0.7142 700.0000
559 561 0.6989 700.0000
559 566 0.8260 700.0000
559 567 0.5763 700.0000
559 568 0.4564 700.0000
559 569 0.8924 700.0000
559 571 0.8317 700.0000
559 580 0.7088 700.0000
560 562 0.6456 700.0000
560 564 0.7804 700.0000
560 565 0.5991 700.0000
560 566 0.6414 700.0000
560 567 0.6054 700.0000
560 568 0.6387 700.0000
560 580 0.8780 700.0000
561 563 0.4816 700.0000
561 564 0.4365 700.0000
561 565 0.5609 700.0000
561 566 0.6050 700.0000
561 567 0.6962 700.0000
561 568 0.5710 700.0000
561 569 0.7875 700.0000
561 580 0.8189 700.0000
561 581 0.5601 700.0000
561 582 0.5185 700.0000
561 585 0.6829 700.0000
561 586 0.8941 700.0000
562 564 0.6525 700.0000
562 565 0.5456 700.0000
562 581 0.6612 700.0000
562 582 0.8724 700.0000
562 585 0.8852 700.0000
562 597 0.6945 700.0000
562 598 0.6944 700.0000
563 565 0.6735 700.0000
563 566 0.8985 700.0000
563 581 0.6744 700.0000
563 582 0.7073 700.0000
563 584 0.8948 700.0000
563 585 0.5134 700.0000
563 586 0.7304 700.0000
563 588 0.8938 700.0000
563 589 0.7993 700.0000
563 597 0.7046 700.0000
564 566 0.4662 700.0000
564 567 0.7670 700.0000
564 568 0.8460 700.0000
564 569 0.8734 700.0000
564 582 0.6719 700.0000
564 585 0.6391 700.0000
565 567 0.8614 700.0000
566 568 0.7207 700.0000
566 569 0.7942 700.0000
566 582 0.8214 700.0000
567 569 0.6256 700.0000
567 582 0.7967 700.0000
568 570 0.7280 700.0000
568 571 0.5725 700.0000
568 580 0.7024 700.0000
568 581 0.7373 700.0000
568 582 0.5127 700.0000
568 583 0.8808 700.0000
569 571 0.7095 700.0000
569 582 0.4360 700.0000
569 583 0.6716 700.0000
569 584 0.7241 700.0000
569 585 0.8194 700.0000
570 572 0.7919 700.0000
570 582 0.6197 700.0000
570 583 0.5605 700.0000
570 584 0.7125 700.0000
571 573 0.6096 700.0000
571 580 0.5591 700.0000
571 581 0.7534 700.0000
571 582 0.7202 700.0000
571 583 0.7992 700.0000
572 574 0.6110 700.0000
572 575 0.8840 700.0000
572 580 0.7722 700.0000
572 581 0.6071 700.0000
572 582 0.7109 700.0000
572 583 0.4962 700.0000
572 584 0.8180 700.0000
572 585 0.8867 700.0000
572 586 0.5987 700.0000
572 587 0.7120 700.0000
573 575 0.6256 700.0000
573 577 0.7901 700.0000
573 578 0.5725 700.0000
573 579 0.7326 700.0000
573 580 0.5565 700.0000
573 581 0.7078 700.0000
574 576 0.6703 700.0000
574 577 0.5036 700.0000
574 578 0.5685 700.0000
574 579 0.5730 700.0000
574 580 0.7545 700.0000
574 581 0.6816 700.0000
574 586 0.7781 700.0000
574 590 0.8989 700.0000
574 596 0.6979 700.0000
574 601 0.8184 700.0000
574 603 0.6162 700.0000
575 577 0.6240 700.0000
575 578 0.5579 700.0000
575 579 0.8872 700.0000
575 603 0.6444 700.0000
576 578 0.7318 700.0000
576 601 0.6095 700.0000
576 602 0.7002 700.0000
576 603 0.5179 700.0000
577 579 0.4095 700.0000
577 580 0.8863 700.0000
577 596 0.6521 700.0000
577 598 0.7988 700.0000
577 599 0.6055 700.0000
577 601 0.5997 700.0000
577 603 0.7515 700.0000
578 580 0.7533 700.0000
579 581 0.6531 700.0000
579 596 0.6289 700.0000
579 597 0.7912 700.0000
579 598 0.5756 700.0000
579 599 0.6444 700.0000
579 601 0.8420 700.0000
580 582 0.8515 700.0000
581 583 0.7169 700.0000
581 584 0.8879 700.0000
581 585 0.6904 700.0000
581 586 0.5326 700.0000
581 596 0.7908 700.0000
581 597 0.7371 700.0000
581 598 0.8223 700.0000
582 584 0.5180 700.0000
582 585 0.4560 700.0000
582 586 0.6700 700.0000
582 587 0.8660 700.0000
583 585 0.5402 700.0000
583 586 0.5440 700.0000
583 587 0.5178 700.0000
584 586 0.6341 700.0000
584 587 0.5438 700.0000
584 588 0.6975 700.0000
585 587 0.6531 700.0000
585 588 0.6082 700.0000
585 589 0.7021 700.0000
586 588 0.7285 700.0000
586 589 0.5232 700.0000
586 590 0.5426 700.0000
586 591 0.8776 700.0000
586 596 0.8273 700.0000
586 597 0.7741 700.0000
587 589 0.6408 700.0000
587 590 0.6144 700.0000
587 591 0.7151 700.0000
588 590 0.8144 700.0000
588 591 0.5911 700.0000
588 592 0.5726 700.0000
589 591 0.5128 700.0000
589 592 0.5360 700.0000
589 593 0.6675 700.0000
589 594 0.7528 700.0000
589 595 0.7383 700.0000
589 596 0.8938 700.0000
589 597 0.7564 700.0000
590 592 0.7933 700.0000
590 593 0.6567 700.0000
590 594 0.4629 700.0000
590 595 0.5877 700.0000
590 596 0.7801 700.0000
590 597 0.8311 700.0000
590 602 0.8903 700.0000
590 603 0.6918 700.0000
590 604 0.8245 700.0000
591 593 0.7701 700.0000
591 594 0.7457 700.0000
593 595 0.4342 700.0000
593 596 0.8753 700.0000
593 597 0.8483 700.0000
593 600 0.7972 700.0000
593 602 0.8723 700.0000
593 604 0.8610 700.0000
593 606 0.6517 700.0000
594 596 0.8434 700.0000
594 601 0.8550 700.0000
594 602 0.5914 700.0000
594 603 0.6388 700.0000
594 604 0.4587 700.0000
594 605 0.7113 700.0000
594 606 0.5778 700.0000
595 597 0.5946 700.0000
595 598 0.8829 700.0000
595 599 0.7713 700.0000
595 600 0.4992 700.0000
595 601 0.5949 700.0000
595 602 0.5734 700.0000
595 603 0.6632 700.0000
595 604 0.7689 700.0000
595 606 0.7503 700.0000
596 598 0.4784 700.0000
596 599 0.4361 700.0000
596 600 0.4991 700.0000
596 601 0.4862 700.0000
596 602 0.7652 700.0000
596 603 0.6881 700.0000
597 599 0.6552 700.0000
597 600 0.5974 700.0000
597 601 0.8274 700.0000
598 600 0.6515 700.0000
598 601 0.8228 700.0000
599 601 0.4593 700.0000
599 602 0.8760 700.0000
600 602 0.7655 700.0000
601 603 0.5460 700.0000
601 604 0.8960 700.0000
602 604 0.4794 700.0000
602 605 0.8360 700.0000
602 606 0.6887 700.0000
604 606 0.5608 700.0000
605 607 0.7338 700.0000
608 610 0.6082 700.0000
608 611 0.8733 700.0000
608 647 0.6998 700.0000
608 680 0.8926 700.0000
608 683 0.6808 700.0000
608 684 0.4024 700.0000
608 685 0.5467 700.0000
608 688 0.8381 700.0000
608 704 0.8642 700.0000
609 611 0.6606 700.0000
609 645 0.7699 700.0000
609 647 0.5121 700.0000
609 648 0.5411 700.0000
609 684 0.6117 700.0000
609 685 0.7870 700.0000
609 687 0.8578 700.0000
609 688 0.5219 700.0000
609 689 0.6433 700.0000
609 704 0.8138 700.0000
610 612 0.7583 700.0000
610 613 0.7381 700.0000
610 639 0.7334 700.0000
610 680 0.8302 700.0000
610 681 0.6038 700.0000
610 682 0.8835 700.0000
610 683 0.8893 700.0000
610 684 0.3655 700.0000
610 685 0.6620 700.0000
610 686 0.6324 700.0000
610 687 0.5204 700.0000
610 688 0.6661 700.0000
610 689 0.8797 700.0000
610 701 0.8753 700.0000
610 704 0.8493 700.0000
611 613 0.6700 700.0000
611 639 0.5729 700.0000
611 640 0.7002 700.0000
611 641 0.8038 700.0000
611 642 0.8270 700.0000
611 648 0.8604 700.0000
611 655 0.7103 700.0000
611 658 0.8978 700.0000
611 681 0.8783 700.0000
611 684 0.6640 700.0000
611 687 0.6515 700.0000
611 688 0.6951 700.0000
611 689 0.7290 700.0000
611 701 0.6867 700.0000
612 614 0.8534 700.0000
612 639 0.7106 700.0000
612 640 0.4471 700.0000
612 641 0.7471 700.0000
612 642 0.8541 700.0000
612 684 0.8764 700.0000
613 615 0.8008 700.0000
613 637 0.8566 700.0000
613 638 0.5763 700.0000
613 639 0.4961 700.0000
613 640 0.5426 700.0000
613 681 0.6885 700.0000
614 616 0.6130 700.0000
614 636 0.7089 700.0000
614 637 0.6477 700.0000
614 638 0.3970 700.0000
614 639 0.5985 700.0000
614 640 0.7897 700.0000
614 681 0.7177 700.0000
615 617 0.7541 700.0000
615 635 0.6513 700.0000
615 636 0.6557 700.0000
615 637 0.5108 700.0000
615 638 0.8044 700.0000
615 674 0.8212 700.0000
615 677 0.7396 700.0000
615 678 0.4643 700.0000
615 680 0.8906 700.0000
615 681 0.5264 700.0000
615 682 0.8396 700.0000
615 686 0.8876 700.0000
616 618 0.7095 700.0000
616 634 0.7907 700.0000
616 635 0.6186 700.0000
616 636 0.4400 700.0000
616 637 0.6852 700.0000
616 638 0.7766 700.0000
616 678 0.7926 700.0000
617 619 0.6880 700.0000
617 633 0.6620 700.0000
617 634 0.6506 700.0000
617 635 0.6495 700.0000
617 636 0.8002 700.0000
617 671 0.8824 700.0000
617 674 0.7186 700.0000
617 678 0.7850 700.0000
618 620 0.6881 700.0000
618 632 0.7821 700.0000
618 633 0.6356 700.0000
618 634 0.4176 700.0000
618 635 0.7164 700.0000
618 636 0.7794 700.0000
619 621 0.7639 700.0000
619 622 0.8703 700.0000
619 631 0.7024 700.0000
619 632 0.5882 700.0000
619 633 0.5811 700.0000
619 634 0.6476 700.0000
619 666 0.6841 700.0000
620 622 0.4473 700.0000
620 623 0.7676 700.0000
620 631 0.5732 700.0000
620 632 0.4257 700.0000
620 633 0.7244 700.0000
620 634 0.7117 700.0000
620 666 0.8145 700.0000
620 712 0.8929 700.0000
621 631 0.7987 700.0000
621 632 0.8988 700.0000
622 624 0.7570 700.0000
622 631 0.6518 700.0000
622 632 0.5833 700.0000
622 712 0.7076 700.0000
623 625 0.6365 700.0000
623 626 0.8034 700.0000
623 627 0.7704 700.0000
623 628 0.5644 700.0000
623 629 0.7624 700.0000
623 630 0.7487 700.0000
623 631 0.5530 700.0000
623 632 0.6302 700.0000
623 665 0.8843 700.0000
623 712 0.7002 700.0000
623 713 0.8936 700.0000
624 626 0.6160 700.0000
624 627 0.5313 700.0000
624 628 0.6737 700.0000
624 630 0.8028 700.0000
624 631 0.6468 700.0000
624 632 0.5972 700.0000
624 663 0.7981 700.0000
624 664 0.8034 700.0000
624 665 0.6315 700.0000
624 712 0.5663 700.0000
624 713 0.7272 700.0000
624 720 0.8865 700.0000
624 721 0.5281 700.0000
624 722 0.8052 700.0000
625 627 0.6093 700.0000
625 628 0.6232 700.0000
625 712 0.7409 700.0000
625 713 0.6341 700.0000
625 714 0.8580 700.0000
625 715 0.8517 700.0000
625 720 0.8042 700.0000
625 721 0.5197 700.0000
625 722 0.4940 700.0000
625 723 0.8785 700.0000
626 628 0.4777 700.0000
626 629 0.8270 700.0000
626 630 0.8258 700.0000
626 665 0.8733 700.0000
626 721 0.7418 700.0000
626 722 0.6471 700.0000
626 723 0.8660 700.0000
626 724 0.7415 700.0000
627 629 0.7550 700.0000
627 630 0.6049 700.0000
627 631 0.7829 700.0000
627 664 0.8785 700.0000
627 665 0.5432 700.0000
627 667 0.7066 700.0000
627 721 0.7015 700.0000
627 722 0.8270 700.0000
627 723 0.8768 700.0000
627 724 0.7832 700.0000
627 727 0.8844 700.0000
628 630 0.6822 700.0000
628 631 0.8608 700.0000
629 631 0.7209 700.0000
630 632 0.8403 700.0000
630 665 0.6664 700.0000
630 666 0.5850 700.0000
630 667 0.5679 700.0000
631 633 0.6738 700.0000
631 664 0.8380 700.0000
631 665 0.5978 700.0000
631 666 0.4352 700.0000
631 667 0.7488 700.0000
632 634 0.6098 700.0000
632 663 0.6855 700.0000
632 664 0.6536 700.0000
632 665 0.6157 700.0000
632 666 0.6171 700.0000
632 712 0.7000 700.0000
633 635 0.6372 700.0000
633 662 0.7433 700.0000
633 663 0.7040 700.0000
633 664 0.4198 700.0000
633 665 0.5767 700.0000
633 666 0.5627 700.0000
633 667 0.8571 700.0000
633 670 0.7056 700.0000
633 671 0.7117 700.0000
633 674 0.7209 700.0000
634 636 0.6539 700.0000
634 661 0.6827 700.0000
634 662 0.5598 700.0000
634 663 0.5584 700.0000
634 664 0.7368 700.0000
635 637 0.5535 700.0000
635 661 0.5891 700.0000
635 662 0.3846 700.0000
635 663 0.6610 700.0000
635 664 0.7105 700.0000
635 674 0.7544 700.0000
635 677 0.8363 700.0000
635 678 0.8728 700.0000
635 708 0.8144 700.0000
636 638 0.6331 700.0000
636 659 0.6714 700.0000
636 660 0.8236 700.0000
636 661 0.5520 700.0000
636 662 0.6799 700.0000
637 639 0.6898 700.0000
637 658 0.8528 700.0000
637 659 0.7694 700.0000
637 660 0.6662 700.0000
637 661 0.6712 700.0000
637 662 0.6907 700.0000
637 677 0.8633 700.0000
637 681 0.7207 700.0000
637 686 0.7326 700.0000
637 687 0.7048 700.0000
637 703 0.8314 700.0000
637 708 0.8003 700.0000
638 640 0.7010 700.0000
638 657 0.8436 700.0000
638 658 0.6553 700.0000
638 659 0.5480 700.0000
638 660 0.8099 700.0000
639 641 0.7699 700.0000
639 657 0.6544 700.0000
639 658 0.4885 700.0000
639 659 0.7588 700.0000
639 660 0.7962 700.0000
639 681 0.8613 700.0000
639 687 0.6589 700.0000
639 701 0.6817 700.0000
640 642 0.7487 700.0000
640 655 0.8271 700.0000
640 657 0.7185 700.0000
640 658 0.8434 700.0000
641 643 0.7690 700.0000
641 654 0.7888 700.0000
641 655 0.4934 700.0000
641 656 0.5781 700.0000
641 657 0.5302 700.0000
641 658 0.8352 700.0000
641 701 0.8835 700.0000
642 644 0.6983 700.0000
642 652 0.8410 700.0000
642 653 0.8931 700.0000
642 654 0.5280 700.0000
642 655 0.3188 700.0000
642 656 0.6582 700.0000
642 657 0.7953 700.0000
643 645 0.6730 700.0000
643 648 0.8643 700.0000
643 651 0.8196 700.0000
643 652 0.5144 700.0000
643 653 0.7373 700.0000
643 654 0.5419 700.0000
643 655 0.5795 700.0000
644 646 0.8793 700.0000
644 647 0.8808 700.0000
644 648 0.4506 700.0000
644 649 0.6244 700.0000
644 650 0.5169 700.0000
644 651 0.4905 700.0000
644 652 0.4997 700.0000
644 653 0.4995 700.0000
644 654 0.8072 700.0000
644 655 0.5970 700.0000
644 689 0.6337 700.0000
644 690 0.8589 700.0000
644 699 0.6744 700.0000
645 647 0.5060 700.0000
645 648 0.4154 700.0000
645 649 0.8204 700.0000
645 650 0.8686 700.0000
645 651 0.5980 700.0000
645 652 0.7368 700.0000
645 689 0.8681 700.0000
646 648 0.7359 700.0000
646 651 0.6394 700.0000
647 649 0.8658 700.0000
648 650 0.6947 700.0000
648 651 0.6606 700.0000
648 652 0.8879 700.0000
648 655 0.8380 700.0000
648 688 0.7322 700.0000
648 689 0.5143 700.0000
648 690 0.8242 700.0000
649 651 0.6295 700.0000
649 653 0.8098 700.0000
649 689 0.6550 700.0000
649 690 0.6847 700.0000
649 699 0.7554 700.0000
650 652 0.6799 700.0000
650 653 0.4574 700.0000
650 689 0.8223 700.0000
650 690 0.8182 700.0000
650 698 0.8213 700.0000
650 699 0.6008 700.0000
651 653 0.5920 700.0000
652 654 0.6781 700.0000
652 655 0.8977 700.0000
653 655 0.8196 700.0000
653 698 0.8576 700.0000
653 699 0.5602 700.0000
654 656 0.8097 700.0000
655 657 0.6759 700.0000
655 689 0.6633 700.0000
655 690 0.8957 700.0000
655 699 0.7343 700.0000
655 700 0.6919 700.0000
655 701 0.6523 700.0000
656 658 0.6692 700.0000
656 699 0.8012 700.0000
656 700 0.5956 700.0000
656 701 0.6214 700.0000
657 659 0.8068 700.0000
657 660 0.8967 700.0000
657 700 0.8193 700.0000
657 701 0.6377 700.0000
658 660 0.5143 700.0000
658 687 0.8096 700.0000
658 700 0.8517 700.0000
658 701 0.5332 700.0000
658 702 0.8794 700.0000
659 661 0.6864 700.0000
660 662 0.8470 700.0000
660 687 0.8369 700.0000
660 701 0.8274 700.0000
660 703 0.7035 700.0000
660 710 0.7796 700.0000
661 663 0.5746 700.0000
661 708 0.8615 700.0000
661 710 0.5871 700.0000
661 711 0.8478 700.0000
662 664 0.6624 700.0000
662 708 0.6235 700.0000
662 709 0.6949 700.0000
662 710 0.5815 700.0000
662 711 0.7912 700.0000
663 665 0.8858 700.0000
663 708 0.8685 700.0000
663 709 0.6459 700.0000
663 710 0.5904 700.0000
663 711 0.5611 700.0000
663 712 0.5605 700.0000
663 713 0.8834 700.0000
663 720 0.8338 700.0000
663 721 0.7481 700.0000
664 666 0.7455 700.0000
664 667 0.7793 700.0000
664 670 0.5358 700.0000
664 671 0.8375 700.0000
664 673 0.7052 700.0000
664 674 0.7151 700.0000
664 708 0.8854 700.0000
664 709 0.7703 700.0000
664 721 0.7998 700.0000
664 726 0.7868 700.0000
664 727 0.7860 700.0000
665 667 0.4656 700.0000
665 669 0.8131 700.0000
665 670 0.5106 700.0000
665 671 0.7895 700.0000
665 673 0.8724 700.0000
665 721 0.7878 700.0000
665 727 0.7604 700.0000
666 668 0.8380 700.0000
666 670 0.6765 700.0000
666 671 0.5179 700.0000
667 669 0.5561 700.0000
667 670 0.4796 700.0000
667 671 0.6203 700.0000
667 727 0.8582 700.0000
668 670 0.7381 700.0000
668 671 0.6909 700.0000
668 672 0.7920 700.0000
669 671 0.8273 700.0000
669 672 0.5084 700.0000
669 673 0.6820 700.0000
669 727 0.6153 700.0000
669 731 0.7694 700.0000
670 672 0.5984 700.0000
670 673 0.4513 700.0000
670 674 0.5984 700.0000
670 675 0.8084 700.0000
670 727 0.6664 700.0000
671 673 0.8169 700.0000
671 674 0.6377 700.0000
671 675 0.7233 700.0000
672 674 0.7637 700.0000
672 675 0.5844 700.0000
672 676 0.6055 700.0000
672 727 0.8749 700.0000
672 731 0.7028 700.0000
673 675 0.6621 700.0000
673 676 0.5044 700.0000
673 677 0.5709 700.0000
673 726 0.8561 700.0000
673 727 0.6682 700.0000
673 730 0.6579 700.0000
673 731 0.6487 700.0000
673 734 0.7951 700.0000
674 676 0.6626 700.0000
674 677 0.5327 700.0000
674 678 0.5633 700.0000
675 677 0.7669 700.0000
675 678 0.6788 700.0000
675 679 0.7486 700.0000
676 678 0.7893 700.0000
676 679 0.5180 700.0000
676 680 0.7067 700.0000
676 730 0.8434 700.0000
676 731 0.7619 700.0000
676 734 0.5828 700.0000
677 679 0.7630 700.0000
677 680 0.5506 700.0000
677 681 0.7435 700.0000
677 686 0.6931 700.0000
677 706 0.7661 700.0000
677 708 0.7941 700.0000
677 730 0.8295 700.0000
677 734 0.7156 700.0000
678 680 0.7422 700.0000
678 681 0.6393 700.0000
678 682 0.6838 700.0000
679 682 0.6808 700.0000
679 683 0.6331 700.0000
679 734 0.8377 700.0000
680 682 0.5588 700.0000
680 683 0.4659 700.0000
680 684 0.7507 700.0000
680 685 0.4694 700.0000
680 686 0.5644 700.0000
680 706 0.8273 700.0000
680 734 0.7410 700.0000
680 737 0.7808 700.0000
681 683 0.7726 700.0000
681 684 0.6516 700.0000
681 685 0.7600 700.0000
681 686 0.5999 700.0000
681 687 0.7455 700.0000
682 684 0.7008 700.0000
682 685 0.8659 700.0000
683 685 0.5418 700.0000
683 737 0.8285 700.0000
684 686 0.8082 700.0000
684 687 0.8427 700.0000
685 687 0.7664 700.0000
685 688 0.8656 700.0000
685 704 0.5778 700.0000
685 705 0.8453 700.0000
685 706 0.7455 700.0000
685 734 0.8452 700.0000
685 737 0.5678 700.0000
686 688 0.8083 700.0000
686 702 0.8856 700.0000
686 703 0.6336 700.0000
686 704 0.5786 700.0000
686 705 0.8447 700.0000
686 706 0.5469 700.0000
686 708 0.7535 700.0000
687 689 0.8544 700.0000
687 701 0.6251 700.0000
687 702 0.5876 700.0000
687 703 0.5233 700.0000
687 704 0.6440 700.0000
687 706 0.8277 700.0000
688 690 0.6162 700.0000
688 700 0.7912 700.0000
688 701 0.6059 700.0000
688 702 0.4439 700.0000
688 703 0.8116 700.0000
688 704 0.5624 700.0000
689 698 0.8657 700.0000
689 699 0.6727 700.0000
689 700 0.5710 700.0000
689 701 0.5633 700.0000
689 702 0.5969 700.0000
690 692 0.6494 700.0000
690 697 0.7452 700.0000
690 698 0.5478 700.0000
690 699 0.5281 700.0000
690 700 0.4307 700.0000
690 701 0.6738 700.0000
690 702 0.5569 700.0000
691 693 0.5435 700.0000
691 694 0.8332 700.0000
691 695 0.7824 700.0000
691 696 0.5264 700.0000
691 697 0.5230 700.0000
691 698 0.5559 700.0000
691 699 0.8318 700.0000
691 700 0.7608 700.0000
691 702 0.8620 700.0000
692 694 0.5186 700.0000
692 695 0.4678 700.0000
692 696 0.5047 700.0000
692 697 0.4574 700.0000
692 698 0.6874 700.0000
692 700 0.6159 700.0000
692 701 0.8709 700.0000
692 702 0.6767 700.0000
693 695 0.8782 700.0000
693 696 0.7922 700.0000
693 702 0.8975 700.0000
694 696 0.6677 700.0000
694 697 0.8043 700.0000
695 697 0.4928 700.0000
695 698 0.8898 700.0000
695 700 0.8418 700.0000
696 698 0.6761 700.0000
697 699 0.7047 700.0000
697 700 0.6127 700.0000
698 700 0.5518 700.0000
699 701 0.8740 700.0000
700 702 0.5956 700.0000
701 703 0.8017 700.0000
702 704 0.6939 700.0000
703 705 0.8139 700.0000
703 706 0.6690 700.0000
703 707 0.7352 700.0000
703 708 0.5857 700.0000
704 706 0.5803 700.0000
704 737 0.7536 700.0000
705 707 0.6718 700.0000
705 733 0.6762 700.0000
705 737 0.7318 700.0000
706 708 0.5791 700.0000
706 730 0.6656 700.0000
706 733 0.5278 700.0000
706 734 0.6502 700.0000
706 737 0.7395 700.0000
707 709 0.7789 700.0000
707 719 0.8211 700.0000
707 726 0.7381 700.0000
707 729 0.7386 700.0000
707 730 0.6860 700.0000
707 733 0.6033 700.0000
708 710 0.6873 700.0000
708 719 0.8793 700.0000
708 726 0.7722 700.0000
708 730 0.7935 700.0000
709 711 0.5721 700.0000
709 715 0.7625 700.0000
709 716 0.7744 700.0000
709 719 0.6235 700.0000
709 720 0.4457 700.0000
709 721 0.5431 700.0000
709 723 0.7407 700.0000
709 726 0.5624 700.0000
710 718 0.8280 700.0000
710 719 0.5908 700.0000
710 720 0.7093 700.0000
711 713 0.5630 700.0000
711 714 0.6799 700.0000
711 715 0.6996 700.0000
711 718 0.6575 700.0000
711 719 0.7058 700.0000
711 720 0.4670 700.0000
711 721 0.6419 700.0000
712 720 0.8445 700.0000
712 721 0.7158 700.0000
713 715 0.7481 700.0000
713 718 0.8673 700.0000
713 720 0.6958 700.0000
713 721 0.6951 700.0000
713 722 0.8035 700.0000
714 716 0.6118 700.0000
714 717 0.6168 700.0000
714 718 0.4768 700.0000
714 719 0.8537 700.0000
714 720 0.5068 700.0000
714 721 0.7575 700.0000
714 722 0.6365 700.0000
715 717 0.5497 700.0000
715 718 0.5472 700.0000
715 719 0.7232 700.0000
715 720 0.3359 700.0000
715 721 0.6233 700.0000
715 722 0.5128 700.0000
715 723 0.6780 700.0000
716 718 0.6782 700.0000
716 719 0.6453 700.0000
716 720 0.4967 700.0000
716 721 0.7913 700.0000
716 722 0.6887 700.0000
716 723 0.5963 700.0000
717 719 0.7381 700.0000
717 720 0.7999 700.0000
718 720 0.6334 700.0000
720 722 0.6017 700.0000
720 723 0.6310 700.0000
720 726 0.8144 700.0000
721 723 0.5690 700.0000
721 724 0.8290 700.0000
721 726 0.7357 700.0000
722 724 0.6765 700.0000
723 725 0.4765 700.0000
723 726 0.5654 700.0000
723 727 0.7796 700.0000
723 729 0.7332 700.0000
724 726 0.7926 700.0000
724 727 0.7778 700.0000
724 729 0.8663 700.0000
725 727 0.6449 700.0000
725 728 0.5656 700.0000
725 729 0.4635 700.0000
725 730 0.8921 700.0000
726 728 0.8116 700.0000
726 729 0.5192 700.0000
726 730 0.5325 700.0000
726 731 0.8375 700.0000
726 733 0.8799 700.0000
727 729 0.6986 700.0000
727 730 0.5933 700.0000
727 731 0.6055 700.0000
728 730 0.7289 700.0000
728 731 0.5685 700.0000
728 732 0.5336 700.0000
729 731 0.7968 700.0000
729 732 0.6548 700.0000
729 733 0.6848 700.0000
730 732 0.6364 700.0000
730 733 0.4567 700.0000
730 734 0.5714 700.0000
731 733 0.7400 700.0000
731 734 0.6329 700.0000
731 735 0.7433 700.0000
732 734 0.7504 700.0000
732 735 0.6183 700.0000
732 736 0.7774 700.0000
733 735 0.8164 700.0000
733 736 0.6765 700.0000
733 737 0.7207 700.0000
734 736 0.6272 700.0000
734 737 0.5605 700.0000
735 737 0.7893 700.0000
751 753 0.5928 700.0000
751 770 0.8419 700.0000
751 795 0.7152 700.0000
751 796 0.4351 700.0000
751 797 0.7773 700.0000
751 798 0.7052 700.0000
751 804 0.6169 700.0000
751 807 0.8289 700.0000
751 808 0.8125 700.0000
751 826 0.6798 700.0000
751 827 0.6836 700.0000
752 754 0.8571 700.0000
752 789 0.8202 700.0000
752 793 0.6928 700.0000
752 794 0.7735 700.0000
752 795 0.6505 700.0000
752 796 0.6699 700.0000
752 826 0.7101 700.0000
752 827 0.4369 700.0000
753 755 0.6852 700.0000
753 766 0.7717 700.0000
753 770 0.8485 700.0000
753 783 0.8885 700.0000
753 792 0.7345 700.0000
753 793 0.5876 700.0000
753 794 0.5106 700.0000
753 795 0.8598 700.0000
753 796 0.6578 700.0000
753 824 0.6548 700.0000
753 825 0.7295 700.0000
753 826 0.5907 700.0000
753 827 0.6133 700.0000
754 756 0.8435 700.0000
754 789 0.8869 700.0000
754 790 0.6745 700.0000
754 791 0.7436 700.0000
754 792 0.5044 700.0000
754 793 0.5292 700.0000
754 794 0.7865 700.0000
754 824 0.8368 700.0000
754 825 0.5721 700.0000
754 826 0.8780 700.0000
754 827 0.7496 700.0000
755 757 0.6033 700.0000
755 758 0.7245 700.0000
755 762 0.7348 700.0000
755 766 0.8207 700.0000
755 791 0.8576 700.0000
755 792 0.4644 700.0000
755 793 0.6978 700.0000
755 794 0.6612 700.0000
755 815 0.8269 700.0000
755 822 0.6838 700.0000
755 823 0.6449 700.0000
755 824 0.6174 700.0000
755 825 0.6660 700.0000
756 758 0.8049 700.0000
756 792 0.8262 700.0000
756 817 0.8432 700.0000
756 822 0.5789 700.0000
756 823 0.6261 700.0000
756 825 0.8946 700.0000
757 759 0.7471 700.0000
757 762 0.6597 700.0000
757 792 0.7996 700.0000
757 815 0.8993 700.0000
757 817 0.6270 700.0000
757 818 0.8157 700.0000
757 822 0.6828 700.0000
757 823 0.8910 700.0000
758 760 0.7503 700.0000
758 762 0.6388 700.0000
758 791 0.6837 700.0000
758 792 0.5854 700.0000
758 794 0.8408 700.0000
759 761 0.7193 700.0000
759 762 0.4544 700.0000
759 763 0.6904 700.0000
759 764 0.8229 700.0000
759 785 0.8557 700.0000
759 792 0.7994 700.0000
759 794 0.8059 700.0000
760 762 0.6017 700.0000
760 763 0.5900 700.0000
760 764 0.5950 700.0000
761 764 0.6106 700.0000
761 765 0.6118 700.0000
761 817 0.7110 700.0000
761 818 0.7205 700.0000
762 764 0.6850 700.0000
762 765 0.5285 700.0000
762 766 0.5789 700.0000
762 792 0.8472 700.0000
762 794 0.7461 700.0000
762 815 0.7766 700.0000
762 817 0.7144 700.0000
763 765 0.8606 700.0000
763 766 0.6865 700.0000
763 767 0.5755 700.0000
763 782 0.8385 700.0000
763 783 0.4639 700.0000
763 784 0.6330 700.0000
763 785 0.6913 700.0000
763 794 0.7112 700.0000
764 766 0.8425 700.0000
764 767 0.7050 700.0000
764 768 0.8347 700.0000
765 767 0.8107 700.0000
765 768 0.6372 700.0000
765 769 0.8120 700.0000
765 815 0.6098 700.0000
765 816 0.7011 700.0000
765 817 0.6728 700.0000
766 768 0.6617 700.0000
766 769 0.6176 700.0000
766 770 0.5704 700.0000
766 771 0.8976 700.0000
766 783 0.6486 700.0000
766 794 0.6811 700.0000
766 796 0.8344 700.0000
766 815 0.6747 700.0000
766 824 0.7707 700.0000
767 769 0.8882 700.0000
767 770 0.7089 700.0000
767 771 0.5593 700.0000
767 781 0.5553 700.0000
767 782 0.6016 700.0000
767 783 0.4675 700.0000
767 784 0.8780 700.0000
767 796 0.8350 700.0000
768 770 0.6997 700.0000
768 771 0.4850 700.0000
768 772 0.6314 700.0000
768 775 0.8609 700.0000
768 781 0.8287 700.0000
769 771 0.7935 700.0000
769 772 0.5763 700.0000
769 773 0.8808 700.0000
769 775 0.4937 700.0000
769 776 0.4733 700.0000
769 777 0.8073 700.0000
769 778 0.8205 700.0000
769 807 0.8874 700.0000
769 813 0.6646 700.0000
769 814 0.7510 700.0000
769 815 0.6492 700.0000
769 824 0.7846 700.0000
770 772 0.6936 700.0000
770 775 0.8080 700.0000
770 776 0.5333 700.0000
770 777 0.7480 700.0000
770 778 0.6524 700.0000
770 779 0.6774 700.0000
770 781 0.6440 700.0000
770 783 0.8266 700.0000
770 796 0.6705 700.0000
770 798 0.7353 700.0000
770 803 0.8833 700.0000
770 807 0.6933 700.0000
770 813 0.7675 700.0000
770 824 0.8449 700.0000
771 773 0.8259 700.0000
771 776 0.8719 700.0000
771 778 0.7127 700.0000
771 779 0.4762 700.0000
771 780 0.6336 700.0000
771 781 0.4702 700.0000
771 782 0.8229 700.0000
771 798 0.8642 700.0000
772 774 0.5681 700.0000
772 775 0.4454 700.0000
772 776 0.5128 700.0000
772 777 0.6127 700.0000
772 778 0.5474 700.0000
772 779 0.6405 700.0000
773 775 0.5931 700.0000
773 776 0.5832 700.0000
773 777 0.4488 700.0000
773 778 0.4523 700.0000
773 779 0.6673 700.0000
773 803 0.8522 700.0000
773 806 0.7447 700.0000
774 776 0.7899 700.0000
774 777 0.7764 700.0000
774 778 0.8696 700.0000
775 777 0.6522 700.0000
775 778 0.7725 700.0000
775 810 0.8214 700.0000
775 813 0.8377 700.0000
775 814 0.8680 700.0000
776 778 0.4800 700.0000
776 779 0.7615 700.0000
776 803 0.8219 700.0000
776 806 0.7479 700.0000
776 807 0.5444 700.0000
776 810 0.6206 700.0000
776 813 0.6464 700.0000
777 779 0.6650 700.0000
777 802 0.8296 700.0000
777 803 0.5799 700.0000
777 806 0.4228 700.0000
777 807 0.5222 700.0000
777 809 0.8998 700.0000
777 810 0.6902 700.0000
778 780 0.8679 700.0000
778 781 0.8032 700.0000
778 798 0.7251 700.0000
778 800 0.8328 700.0000
778 802 0.7539 700.0000
778 803 0.4506 700.0000
778 804 0.8614 700.0000
778 806 0.5107 700.0000
778 807 0.6302 700.0000
779 781 0.5043 700.0000
779 798 0.5710 700.0000
779 799 0.7267 700.0000
779 800 0.6894 700.0000
779 802 0.8534 700.0000
779 803 0.5611 700.0000
779 806 0.8041 700.0000
779 807 0.8946 700.0000
780 782 0.7760 700.0000
780 798 0.7138 700.0000
780 799 0.4827 700.0000
780 800 0.6746 700.0000
781 783 0.6618 700.0000
781 796 0.6385 700.0000
781 797 0.6732 700.0000
781 798 0.5078 700.0000
781 799 0.6975 700.0000
781 803 0.8942 700.0000
782 784 0.6634 700.0000
782 795 0.7694 700.0000
782 796 0.5962 700.0000
782 797 0.4507 700.0000
782 798 0.7122 700.0000
782 799 0.8312 700.0000
783 785 0.7316 700.0000
783 794 0.6448 700.0000
783 795 0.7230 700.0000
783 796 0.5654 700.0000
783 797 0.7144 700.0000
784 786 0.6742 700.0000
784 793 0.8550 700.0000
784 794 0.5979 700.0000
784 795 0.4862 700.0000
784 796 0.6917 700.0000
784 797 0.7276 700.0000
785 787 0.6862 700.0000
785 789 0.8013 700.0000
785 792 0.8493 700.0000
785 793 0.7352 700.0000
785 794 0.5931 700.0000
785 795 0.7724 700.0000
786 788 0.5684 700.0000
786 789 0.4443 700.0000
786 790 0.8294 700.0000
786 793 0.7143 700.0000
786 794 0.8348 700.0000
786 795 0.6448 700.0000
787 789 0.8136 700.0000
788 790 0.8696 700.0000
789 791 0.7465 700.0000
789 792 0.7761 700.0000
789 793 0.4909 700.0000
789 794 0.8283 700.0000
789 795 0.8973 700.0000
790 792 0.5457 700.0000
790 793 0.4741 700.0000
790 794 0.8675 700.0000
791 793 0.6091 700.0000
791 794 0.8883 700.0000
792 794 0.4986 700.0000
793 827 0.8651 700.0000
794 796 0.7750 700.0000
795 797 0.5197 700.0000
796 798 0.5592 700.0000
796 804 0.8131 700.0000
797 799 0.7607 700.0000
798 800 0.6771 700.0000
798 802 0.8031 700.0000
798 803 0.5524 700.0000
798 804 0.5382 700.0000
798 807 0.8319 700.0000
799 803 0.8088 700.0000
800 802 0.5264 700.0000
800 803 0.5575 700.0000
800 804 0.8666 700.0000
800 806 0.8662 700.0000
801 803 0.7628 700.0000
801 804 0.6290 700.0000
801 805 0.5369 700.0000
802 804 0.6461 700.0000
802 805 0.4609 700.0000
802 806 0.4775 700.0000
802 807 0.8605 700.0000
803 805 0.5909 700.0000
803 806 0.4010 700.0000
803 807 0.6170 700.0000
803 808 0.8479 700.0000
804 806 0.7667 700.0000
804 807 0.6060 700.0000
804 808 0.5842 700.0000
805 807 0.7338 700.0000
805 808 0.6221 700.0000
805 809 0.7459 700.0000
806 808 0.8119 700.0000
806 809 0.7240 700.0000
806 810 0.8584 700.0000
807 809 0.7203 700.0000
807 810 0.5862 700.0000
807 811 0.6745 700.0000
807 813 0.6825 700.0000
807 826 0.8094 700.0000
808 810 0.7735 700.0000
808 811 0.6472 700.0000
808 813 0.8900 700.0000
808 826 0.7089 700.0000
809 811 0.7598 700.0000
810 812 0.5791 700.0000
810 813 0.5546 700.0000
811 813 0.4933 700.0000
811 824 0.8492 700.0000
811 826 0.6803 700.0000
812 814 0.7458 700.0000
812 824 0.8518 700.0000
813 815 0.8424 700.0000
813 823 0.7983 700.0000
813 824 0.4760 700.0000
813 825 0.8012 700.0000
813 826 0.6974 700.0000
814 816 0.7123 700.0000
814 821 0.6471 700.0000
814 822 0.6092 700.0000
814 823 0.6154 700.0000
814 824 0.6666 700.0000
815 817 0.5982 700.0000
815 821 0.6831 700.0000
815 822 0.4334 700.0000
815 823 0.6626 700.0000
815 824 0.6519 700.0000
816 818 0.7306 700.0000
816 819 0.6733 700.0000
816 820 0.7061 700.0000
816 821 0.5762 700.0000
816 822 0.6525 700.0000
817 819 0.7229 700.0000
817 820 0.5762 700.0000
817 821 0.6863 700.0000
817 822 0.5811 700.0000
818 820 0.5570 700.0000
818 821 0.8956 700.0000
819 821 0.8461 700.0000
820 822 0.7296 700.0000
821 823 0.6911 700.0000
822 824 0.6683 700.0000
823 825 0.5680 700.0000
824 826 0.6547 700.0000
825 827 0.7849 700.0000
878 880 0.6666 700.0000
878 914 0.7658 700.0000
878 915 0.5847 700.0000
878 916 0.4295 700.0000
878 917 0.6489 700.0000
878 918 0.6527 700.0000
878 920 0.8640 700.0000
878 921 0.6243 700.0000
879 881 0.6839 700.0000
879 905 0.8826 700.0000
879 913 0.6396 700.0000
879 914 0.5846 700.0000
879 915 0.5151 700.0000
879 916 0.6593 700.0000
879 921 0.8131 700.0000
880 882 0.6505 700.0000
880 912 0.8587 700.0000
880 913 0.5620 700.0000
880 914 0.4160 700.0000
880 915 0.6958 700.0000
880 916 0.8318 700.0000
880 921 0.6868 700.0000
881 883 0.8110 700.0000
881 911 0.6054 700.0000
881 912 0.7699 700.0000
881 913 0.5125 700.0000
881 914 0.6923 700.0000
882 884 0.5214 700.0000
882 885 0.8795 700.0000
882 886 0.8325 700.0000
882 887 0.7462 700.0000
882 892 0.7650 700.0000
882 910 0.7452 700.0000
882 911 0.6044 700.0000
882 912 0.4793 700.0000
882 913 0.7480 700.0000
882 914 0.6571 700.0000
882 924 0.8954 700.0000
882 928 0.8648 700.0000
883 885 0.4859 700.0000
883 886 0.4984 700.0000
883 887 0.6602 700.0000
883 910 0.5839 700.0000
883 911 0.6110 700.0000
883 912 0.7826 700.0000
884 886 0.6532 700.0000
884 887 0.6051 700.0000
884 888 0.8070 700.0000
884 889 0.8550 700.0000
884 892 0.5665 700.0000
884 907 0.8843 700.0000
884 910 0.4512 700.0000
884 911 0.6098 700.0000
884 912 0.5266 700.0000
885 887 0.7081 700.0000
885 910 0.5625 700.0000
885 911 0.8298 700.0000
886 888 0.8326 700.0000
886 928 0.8380 700.0000
886 932 0.6504 700.0000
887 891 0.5418 700.0000
887 892 0.6341 700.0000
887 928 0.5870 700.0000
887 931 0.7928 700.0000
887 932 0.7193 700.0000
888 890 0.5016 700.0000
888 891 0.3812 700.0000
888 892 0.5270 700.0000
888 893 0.8178 700.0000
889 891 0.7848 700.0000
889 892 0.5173 700.0000
889 893 0.7582 700.0000
890 892 0.7568 700.0000
890 893 0.6613 700.0000
890 894 0.8539 700.0000
891 893 0.7037 700.0000
891 894 0.7310 700.0000
891 895 0.8111 700.0000
891 927 0.7167 700.0000
891 928 0.6870 700.0000
891 931 0.6354 700.0000
892 895 0.7304 700.0000
892 904 0.8717 700.0000
892 912 0.6662 700.0000
893 895 0.5345 700.0000
893 896 0.5499 700.0000
893 897 0.6906 700.0000
893 904 0.8796 700.0000
894 896 0.6958 700.0000
894 897 0.4670 700.0000
894 898 0.5481 700.0000
894 899 0.8486 700.0000
894 927 0.6764 700.0000
895 897 0.6436 700.0000
895 898 0.5694 700.0000
895 899 0.5854 700.0000
895 900 0.8594 700.0000
895 902 0.7283 700.0000
895 904 0.7560 700.0000
895 914 0.8514 700.0000
895 924 0.5733 700.0000
895 927 0.7451 700.0000
895 928 0.8173 700.0000
896 898 0.6760 700.0000
896 899 0.5862 700.0000
896 900 0.5639 700.0000
896 901 0.8206 700.0000
896 902 0.6568 700.0000
896 904 0.7135 700.0000
897 899 0.6427 700.0000
897 900 0.6461 700.0000
898 900 0.7150 700.0000
898 902 0.8952 700.0000
898 920 0.7624 700.0000
898 923 0.6364 700.0000
898 924 0.6847 700.0000
898 927 0.7330 700.0000
899 901 0.5572 700.0000
899 902 0.5286 700.0000
899 917 0.8478 700.0000
899 920 0.4847 700.0000
899 921 0.8375 700.0000
899 923 0.6484 700.0000
899 924 0.6801 700.0000
900 902 0.5959 700.0000
900 920 0.8099 700.0000
901 903 0.7051 700.0000
901 915 0.8223 700.0000
901 916 0.6942 700.0000
901 917 0.7064 700.0000
901 920 0.6352 700.0000
902 904 0.6106 700.0000
902 914 0.6318 700.0000
902 915 0.5733 700.0000
902 916 0.5936 700.0000
902 917 0.7818 700.0000
902 920 0.6302 700.0000
902 921 0.8136 700.0000
902 924 0.8652 700.0000
903 905 0.7237 700.0000
903 914 0.7791 700.0000
903 915 0.4318 700.0000
903 916 0.6677 700.0000
904 906 0.7587 700.0000
904 912 0.6370 700.0000
904 913 0.7895 700.0000
904 914 0.5887 700.0000
904 915 0.7664 700.0000
905 907 0.7333 700.0000
905 912 0.7445 700.0000
905 913 0.4486 700.0000
905 914 0.7165 700.0000
905 915 0.7250 700.0000
906 908 0.7625 700.0000
906 911 0.8894 700.0000
906 912 0.6334 700.0000
906 913 0.8127 700.0000
907 909 0.6846 700.0000
907 910 0.6194 700.0000
907 911 0.5165 700.0000
907 912 0.5915 700.0000
907 913 0.6791 700.0000
908 910 0.7461 700.0000
908 911 0.6985 700.0000
909 911 0.6006 700.0000
910 912 0.6307 700.0000
911 913 0.6758 700.0000
912 914 0.6940 700.0000
913 915 0.7460 700.0000
914 916 0.6914 700.0000
914 921 0.6772 700.0000
914 924 0.8053 700.0000
915 917 0.8057 700.0000
915 920 0.8921 700.0000
915 921 0.8185 700.0000
916 918 0.7905 700.0000
916 920 0.6076 700.0000
916 921 0.6301 700.0000
917 919 0.5167 700.0000
917 920 0.4197 700.0000
917 921 0.6478 700.0000
917 922 0.8887 700.0000
917 923 0.8348 700.0000
918 920 0.7336 700.0000
918 921 0.5819 700.0000
918 922 0.5565 700.0000
918 923 0.8899 700.0000
919 921 0.7528 700.0000
919 922 0.5930 700.0000
919 923 0.5626 700.0000
920 922 0.7327 700.0000
920 923 0.4951 700.0000
920 924 0.6683 700.0000
921 923 0.7292 700.0000
921 924 0.5240 700.0000
921 925 0.7243 700.0000
922 924 0.7327 700.0000
922 925 0.6502 700.0000
922 926 0.6604 700.0000
923 926 0.7175 700.0000
924 926 0.7217 700.0000
924 927 0.6169 700.0000
924 928 0.6012 700.0000
924 929 0.8952 700.0000
925 927 0.8075 700.0000
925 928 0.6011 700.0000
925 929 0.5507 700.0000
925 930 0.8685 700.0000
926 928 0.7484 700.0000
926 929 0.6152 700.0000
926 930 0.5555 700.0000
927 929 0.6718 700.0000
927 930 0.5646 700.0000
927 931 0.5562 700.0000
928 930 0.6900 700.0000
928 931 0.5997 700.0000
928 932 0.7379 700.0000
929 931 0.6646 700.0000
929 932 0.5957 700.0000
929 933 0.6142 700.0000
930 932 0.8629 700.0000
930 933 0.6551 700.0000
930 934 0.6942 700.0000
931 933 0.6996 700.0000
931 934 0.4807 700.0000
931 935 0.6904 700.0000
932 934 0.7790 700.0000
932 935 0.5422 700.0000
932 936 0.5825 700.0000
933 935 0.6297 700.0000
933 936 0.6281 700.0000
933 937 0.6336 700.0000
934 936 0.8331 700.0000
934 937 0.5992 700.0000
934 938 0.6486 700.0000
935 937 0.6246 700.0000
935 938 0.5321 700.0000
935 939 0.6222 700.0000
936 938 0.7628 700.0000
936 939 0.5525 700.0000
936 940 0.7416 700.0000
937 939 0.8059 700.0000
937 940 0.6924 700.0000
937 941 0.8698 700.0000
938 940 0.8227 700.0000
938 941 0.7916 700.0000
939 941 0.8384 700.0000
973 975 0.4422 700.0000
973 976 0.8090 700.0000
973 1018 0.8571 700.0000
973 1031 0.8714 700.0000
974 976 0.7949 700.0000
974 1018 0.5914 700.0000
974 1019 0.5733 700.0000
974 1020 0.7498 700.0000
974 1027 0.6881 700.0000
974 1028 0.8561 700.0000
974 1031 0.6722 700.0000
975 977 0.6050 700.0000
975 1016 0.6153 700.0000
975 1017 0.7195 700.0000
975 1018 0.6378 700.0000
975 1019 0.8284 700.0000
976 978 0.7075 700.0000
976 1015 0.8921 700.0000
976 1016 0.7398 700.0000
976 1017 0.5170 700.0000
976 1018 0.8064 700.0000
976 1019 0.6767 700.0000
976 1031 0.5772 700.0000
976 1034 0.6885 700.0000
976 1035 0.7620 700.0000
977 979 0.7782 700.0000
977 1010 0.6950 700.0000
977 1011 0.8564 700.0000
977 1014 0.5680 700.0000
977 1015 0.6207 700.0000
977 1016 0.5136 700.0000
977 1017 0.7448 700.0000
978 980 0.6980 700.0000
978 981 0.8311 700.0000
978 982 0.7623 700.0000
978 983 0.6283 700.0000
978 1014 0.5359 700.0000
978 1015 0.4454 700.0000
978 1016 0.6792 700.0000
978 1017 0.6882 700.0000
978 1038 0.7408 700.0000
979 981 0.5363 700.0000
979 982 0.4925 700.0000
979 983 0.7088 700.0000
979 984 0.8715 700.0000
979 1013 0.6838 700.0000
979 1014 0.5029 700.0000
979 1015 0.6376 700.0000
979 1038 0.8494 700.0000
980 982 0.7409 700.0000
980 983 0.5934 700.0000
980 984 0.5075 700.0000
980 1009 0.7812 700.0000
980 1011 0.8460 700.0000
980 1012 0.8189 700.0000
980 1013 0.5474 700.0000
980 1014 0.6240 700.0000
980 1015 0.5879 700.0000
981 983 0.7168 700.0000
981 984 0.4993 700.0000
981 985 0.8028 700.0000
981 1013 0.7029 700.0000
981 1014 0.8579 700.0000
982 984 0.7965 700.0000
982 985 0.7107 700.0000
982 1038 0.7555 700.0000
982 1042 0.5550 700.0000
983 985 0.8670 700.0000
983 986 0.5837 700.0000
983 987 0.5245 700.0000
983 1007 0.8063 700.0000
983 1015 0.6187 700.0000
983 1017 0.8009 700.0000
983 1038 0.7333 700.0000
984 986 0.8469 700.0000
984 987 0.6325 700.0000
984 988 0.8221 700.0000
985 987 0.8374 700.0000
985 988 0.5844 700.0000
985 989 0.5350 700.0000
985 990 0.8077 700.0000
985 1041 0.7046 700.0000
985 1042 0.7197 700.0000
986 988 0.8709 700.0000
986 989 0.6270 700.0000
986 990 0.4587 700.0000
986 991 0.7449 700.0000
986 993 0.7251 700.0000
986 994 0.7860 700.0000
986 1034 0.7661 700.0000
986 1037 0.7204 700.0000
986 1038 0.5460 700.0000
986 1041 0.6117 700.0000
986 1042 0.7742 700.0000
987 989 0.7989 700.0000
987 990 0.6732 700.0000
987 991 0.5746 700.0000
987 992 0.8785 700.0000
987 994 0.7472 700.0000
988 990 0.7825 700.0000
988 991 0.7848 700.0000
989 991 0.6836 700.0000
989 1041 0.7083 700.0000
990 992 0.6635 700.0000
990 993 0.5503 700.0000
990 994 0.8191 700.0000
990 1037 0.7629 700.0000
990 1041 0.7220 700.0000
991 993 0.7057 700.0000
991 994 0.7626 700.0000
991 995 0.7986 700.0000
992 994 0.6994 700.0000
992 995 0.5518 700.0000
992 996 0.6720 700.0000
993 995 0.7077 700.0000
993 996 0.4874 700.0000
993 997 0.5936 700.0000
993 1033 0.8022 700.0000
993 1034 0.7934 700.0000
993 1037 0.6371 700.0000
994 996 0.6024 700.0000
994 997 0.5568 700.0000
994 998 0.5918 700.0000
994 1005 0.6252 700.0000
994 1034 0.7352 700.0000
995 997 0.6771 700.0000
995 998 0.5087 700.0000
995 999 0.6080 700.0000
995 1005 0.8302 700.0000
996 998 0.6160 700.0000
996 999 0.5377 700.0000
996 1000 0.6398 700.0000
996 1001 0.8018 700.0000
997 999 0.7095 700.0000
997 1000 0.6027 700.0000
997 1001 0.5541 700.0000
997 1002 0.8288 700.0000
997 1003 0.6885 700.0000
997 1005 0.7820 700.0000
997 1029 0.8342 700.0000
997 1030 0.5756 700.0000
997 1033 0.6309 700.0000
997 1034 0.7390 700.0000
998 1001 0.7804 700.0000
998 1002 0.6483 700.0000
998 1003 0.4665 700.0000
998 1004 0.5368 700.0000
998 1005 0.5492 700.0000
998 1019 0.8725 700.0000
998 1020 0.8989 700.0000
998 1030 0.8738 700.0000
999 1001 0.8350 700.0000
999 1002 0.7489 700.0000
999 1003 0.8098 700.0000
1000 1002 0.8618 700.0000
1000 1029 0.8197 700.0000
1000 1030 0.8096 700.0000
1000 1033 0.8196 700.0000
1001 1003 0.6205 700.0000
1001 1025 0.7099 700.0000
1001 1026 0.5288 700.0000
1001 1027 0.7718 700.0000
1001 1029 0.5452 700.0000
1001 1030 0.5085 700.0000
1001 1033 0.7703 700.0000
1002 1004 0.6600 700.0000
1002 1020 0.8159 700.0000
1002 1021 0.6263 700.0000
1002 1022 0.6024 700.0000
1002 1024 0.6233 700.0000
1002 1025 0.4905 700.0000
1002 1026 0.7282 700.0000
1002 1027 0.7796 700.0000
1002 1030 0.8605 700.0000
1003 1005 0.6474 700.0000
1003 1019 0.6753 700.0000
1003 1020 0.5856 700.0000
1003 1021 0.5980 700.0000
1003 1022 0.7245 700.0000
1003 1024 0.8846 700.0000
1003 1025 0.6515 700.0000
1003 1026 0.7920 700.0000
1003 1027 0.6597 700.0000
1003 1030 0.7047 700.0000
1004 1006 0.6705 700.0000
1004 1018 0.8226 700.0000
1004 1019 0.7303 700.0000
1004 1020 0.4440 700.0000
1004 1021 0.6764 700.0000
1004 1022 0.7643 700.0000
1005 1007 0.6483 700.0000
1005 1017 0.6170 700.0000
1005 1018 0.6463 700.0000
1005 1019 0.5199 700.0000
1005 1020 0.6877 700.0000
1005 1030 0.8989 700.0000
1005 1034 0.8747 700.0000
1006 1008 0.6135 700.0000
1006 1016 0.8587 700.0000
1006 1017 0.7445 700.0000
1006 1018 0.4862 700.0000
1006 1019 0.7747 700.0000
1006 1020 0.6776 700.0000
1007 1009 0.7834 700.0000
1007 1015 0.6817 700.0000
1007 1016 0.6731 700.0000
1007 1017 0.5781 700.0000
1007 1018 0.7869 700.0000
1008 1010 0.6865 700.0000
1008 1015 0.7118 700.0000
1008 1016 0.5003 700.0000
1008 1017 0.7449 700.0000
1008 1018 0.7347 700.0000
1009 1011 0.6106 700.0000
1009 1012 0.7115 700.0000
1009 1013 0.8730 700.0000
1009 1014 0.7852 700.0000
1009 1015 0.6097 700.0000
1009 1016 0.7471 700.0000
1010 1012 0.7123 700.0000
1010 1013 0.8638 700.0000
1010 1014 0.5598 700.0000
1010 1015 0.6161 700.0000
1010 1016 0.5495 700.0000
1011 1013 0.5633 700.0000
1011 1014 0.4637 700.0000
1011 1015 0.7233 700.0000
1011 1016 0.8372 700.0000
1012 1014 0.6790 700.0000
1013 1015 0.8321 700.0000
1014 1016 0.7130 700.0000
1015 1017 0.6080 700.0000
1016 1018 0.6961 700.0000
1017 1019 0.6002 700.0000
1017 1031 0.8959 700.0000
1017 1034 0.7495 700.0000
1018 1020 0.5873 700.0000
1019 1021 0.8640 700.0000
1019 1027 0.6051 700.0000
1019 1028 0.8941 700.0000
1019 1030 0.6652 700.0000
1019 1031 0.5705 700.0000
1019 1034 0.8204 700.0000
1020 1022 0.7365 700.0000
1020 1025 0.8846 700.0000
1020 1027 0.7110 700.0000
1021 1023 0.7465 700.0000
1021 1024 0.6693 700.0000
1021 1025 0.5112 700.0000
1021 1026 0.8589 700.0000
1021 1027 0.6199 700.0000
1022 1024 0.5269 700.0000
1022 1025 0.5995 700.0000
1023 1025 0.8754 700.0000
1024 1026 0.7841 700.0000
1025 1027 0.5761 700.0000
1025 1029 0.8877 700.0000
1026 1028 0.6286 700.0000
1026 1029 0.4624 700.0000
1026 1030 0.6194 700.0000
1026 1032 0.8977 700.0000
1027 1029 0.6441 700.0000
1027 1030 0.5845 700.0000
1027 1031 0.6174 700.0000
1028 1030 0.6442 700.0000
1028 1031 0.4750 700.0000
1028 1032 0.5644 700.0000
1029 1031 0.6658 700.0000
1029 1032 0.4670 700.0000
1029 1033 0.5924 700.0000
1030 1032 0.5997 700.0000
1030 1033 0.4988 700.0000
1030 1034 0.6932 700.0000
1030 1035 0.8385 700.0000
1031 1033 0.8112 700.0000
1031 1034 0.7471 700.0000
1031 1035 0.7629 700.0000
1032 1034 0.8512 700.0000
1032 1035 0.6576 700.0000
1032 1036 0.7269 700.0000
1033 1035 0.5701 700.0000
1033 1036 0.5496 700.0000
1033 1037 0.6297 700.0000
1034 1036 0.6876 700.0000
1034 1037 0.6731 700.0000
1034 1038 0.5623 700.0000
1035 1037 0.6583 700.0000
1035 1038 0.5685 700.0000
1035 1039 0.5819 700.0000
1035 1040 0.8938 700.0000
1036 1038 0.7251 700.0000
1036 1039 0.5448 700.0000
1036 1040 0.6131 700.0000
1036 1041 0.8474 700.0000
1037 1039 0.7716 700.0000
1037 1040 0.5083 700.0000
1037 1041 0.5729 700.0000
1038 1040 0.8116 700.0000
1038 1041 0.6252 700.0000
1038 1042 0.5165 700.0000
1039 1041 0.7453 700.0000
1039 1042 0.5920 700.0000
1040 1042 0.7431 700.0000
1045 1047 0.7933 700.0000
1045 1084 0.6053 700.0000
1045 1085 0.4476 700.0000
1045 1086 0.6397 700.0000
1045 1087 0.8947 700.0000
1046 1048 0.6427 700.0000
1046 1084 0.7467 700.0000
1046 1085 0.5371 700.0000
1046 1086 0.6413 700.0000
1046 1087 0.5273 700.0000
1046 1090 0.7145 700.0000
1047 1049 0.6507 700.0000
1047 1082 0.6356 700.0000
1047 1083 0.6506 700.0000
1047 1084 0.5511 700.0000
1047 1085 0.7556 700.0000
1048 1050 0.7515 700.0000
1048 1082 0.7556 700.0000
1048 1083 0.5301 700.0000
1048 1084 0.8028 700.0000
1048 1085 0.8017 700.0000
1048 1087 0.7547 700.0000
1048 1090 0.5591 700.0000
1048 1091 0.8454 700.0000
1048 1094 0.7163 700.0000
1049 1051 0.6862 700.0000
1049 1080 0.5809 700.0000
1049 1081 0.6475 700.0000
1049 1082 0.5180 700.0000
1049 1083 0.6153 700.0000
1050 1052 0.5915 700.0000
1050 1058 0.8830 700.0000
1050 1079 0.7697 700.0000
1050 1080 0.5763 700.0000
1050 1081 0.4439 700.0000
1050 1082 0.7050 700.0000
1050 1083 0.6858 700.0000
1050 1094 0.6849 700.0000
1050 1097 0.7669 700.0000
1051 1053 0.7412 700.0000
1051 1078 0.8748 700.0000
1051 1079 0.6054 700.0000
1051 1080 0.5123 700.0000
1051 1081 0.6732 700.0000
1052 1054 0.6640 700.0000
1052 1055 0.7600 700.0000
1052 1057 0.5643 700.0000
1052 1058 0.5856 700.0000
1052 1061 0.7883 700.0000
1052 1078 0.7983 700.0000
1052 1079 0.4600 700.0000
1052 1080 0.6781 700.0000
1052 1081 0.6500 700.0000
1052 1097 0.8510 700.0000
1052 1101 0.8216 700.0000
1053 1055 0.7523 700.0000
1053 1057 0.6159 700.0000
1053 1058 0.8371 700.0000
1053 1078 0.8552 700.0000
1053 1079 0.6366 700.0000
1054 1056 0.4786 700.0000
1054 1057 0.5155 700.0000
1054 1058 0.6674 700.0000
1054 1059 0.8456 700.0000
1054 1078 0.7566 700.0000
1054 1079 0.6248 700.0000
1055 1057 0.6700 700.0000
1055 1058 0.5048 700.0000
1055 1059 0.5485 700.0000
1055 1076 0.6111 700.0000
1055 1078 0.5492 700.0000
1055 1079 0.5076 700.0000
1056 1058 0.7154 700.0000
1056 1059 0.6637 700.0000
1056 1060 0.8094 700.0000
1057 1059 0.7501 700.0000
1057 1060 0.6054 700.0000
1057 1061 0.5682 700.0000
1057 1079 0.7801 700.0000
1057 1101 0.7956 700.0000
1058 1060 0.6397 700.0000
1058 1061 0.5330 700.0000
1058 1062 0.6213 700.0000
1058 1063 0.8305 700.0000
1058 1076 0.5921 700.0000
1058 1078 0.8115 700.0000
1058 1079 0.5692 700.0000
1058 1080 0.8628 700.0000
1058 1081 0.6036 700.0000
1059 1061 0.7553 700.0000
1059 1062 0.5157 700.0000
1059 1063 0.6158 700.0000
1059 1076 0.5699 700.0000
1059 1079 0.8227 700.0000
1059 1081 0.8548 700.0000
1060 1062 0.8115 700.0000
1060 1063 0.5844 700.0000
1060 1064 0.6070 700.0000
1061 1063 0.7729 700.0000
1061 1064 0.5685 700.0000
1061 1065 0.6425 700.0000
1061 1081 0.8029 700.0000
1061 1093 0.8934 700.0000
1061 1096 0.8354 700.0000
1061 1097 0.5799 700.0000
1061 1100 0.7494 700.0000
1061 1101 0.8338 700.0000
1062 1064 0.8312 700.0000
1062 1065 0.6601 700.0000
1062 1066 0.5542 700.0000
1062 1073 0.8990 700.0000
1062 1074 0.4845 700.0000
1062 1075 0.7862 700.0000
1062 1076 0.6740 700.0000
1062 1081 0.7127 700.0000
1063 1065 0.7636 700.0000
1063 1066 0.6534 700.0000
1063 1067 0.8325 700.0000
1064 1066 0.7666 700.0000
1064 1067 0.7014 700.0000
1064 1068 0.6035 700.0000
1064 1069 0.8879 700.0000
1064 1096 0.7539 700.0000
1065 1067 0.7586 700.0000
1065 1068 0.5209 700.0000
1065 1069 0.5095 700.0000
1065 1072 0.7158 700.0000
1065 1074 0.6905 700.0000
1065 1092 0.8722 700.0000
1065 1093 0.6184 700.0000
1065 1096 0.7071 700.0000
1065 1097 0.8061 700.0000
1066 1068 0.7212 700.0000
1066 1069 0.6709 700.0000
1066 1070 0.6892 700.0000
1066 1072 0.6696 700.0000
1066 1073 0.8014 700.0000
1066 1074 0.5765 700.0000
1067 1069 0.7973 700.0000
1067 1070 0.7915 700.0000
1068 1070 0.8076 700.0000
1068 1093 0.8441 700.0000
1068 1096 0.7256 700.0000
1069 1071 0.7446 700.0000
1069 1072 0.5371 700.0000
1069 1074 0.8878 700.0000
1069 1089 0.5720 700.0000
1069 1090 0.8609 700.0000
1069 1092 0.6945 700.0000
1069 1093 0.6417 700.0000
1069 1096 0.8205 700.0000
1070 1072 0.6630 700.0000
1070 1089 0.8944 700.0000
1071 1085 0.7956 700.0000
1071 1086 0.7477 700.0000
1071 1089 0.6824 700.0000
1072 1074 0.5519 700.0000
1072 1083 0.6247 700.0000
1072 1084 0.6109 700.0000
1072 1085 0.6055 700.0000
1072 1086 0.7574 700.0000
1072 1089 0.5918 700.0000
1072 1090 0.7107 700.0000
1072 1093 0.8149 700.0000
1073 1075 0.5918 700.0000
1073 1082 0.7330 700.0000
1073 1083 0.6848 700.0000
1073 1084 0.4562 700.0000
1073 1085 0.7496 700.0000
1074 1076 0.8268 700.0000
1074 1081 0.6453 700.0000
1074 1082 0.6142 700.0000
1074 1083 0.5766 700.0000
1074 1084 0.7464 700.0000
1075 1077 0.7619 700.0000
1075 1080 0.8791 700.0000
1075 1081 0.7214 700.0000
1075 1082 0.4591 700.0000
1075 1083 0.7684 700.0000
1075 1084 0.7939 700.0000
1076 1078 0.5684 700.0000
1076 1079 0.5714 700.0000
1076 1080 0.6826 700.0000
1076 1081 0.6141 700.0000
1076 1082 0.7870 700.0000
1077 1079 0.6845 700.0000
1077 1080 0.5801 700.0000
1077 1081 0.8557 700.0000
1077 1082 0.8209 700.0000
1078 1080 0.5762 700.0000
1078 1081 0.8576 700.0000
1079 1081 0.6174 700.0000
1080 1082 0.6252 700.0000
1081 1083 0.6040 700.0000
1082 1084 0.6910 700.0000
1083 1085 0.6966 700.0000
1083 1089 0.8896 700.0000
1083 1090 0.5562 700.0000
1083 1093 0.7765 700.0000
1083 1094 0.7652 700.0000
1084 1086 0.7916 700.0000
1084 1090 0.7969 700.0000
1085 1087 0.6969 700.0000
1085 1088 0.8463 700.0000
1085 1089 0.6200 700.0000
1085 1090 0.5915 700.0000
1086 1088 0.5113 700.0000
1086 1089 0.4301 700.0000
1086 1090 0.5986 700.0000
1086 1091 0.8265 700.0000
1087 1089 0.7037 700.0000
1087 1090 0.5113 700.0000
1087 1091 0.5664 700.0000
1087 1092 0.8963 700.0000
1088 1090 0.6695 700.0000
1088 1091 0.5712 700.0000
1088 1092 0.7139 700.0000
1089 1091 0.6491 700.0000
1089 1092 0.6008 700.0000
1089 1093 0.7051 700.0000
1090 1092 0.6216 700.0000
1090 1093 0.5809 700.0000
1090 1094 0.5722 700.0000
1091 1093 0.5624 700.0000
1091 1094 0.5071 700.0000
1091 1095 0.6509 700.0000
1092 1094 0.6160 700.0000
1092 1095 0.4884 700.0000
1092 1096 0.5908 700.0000
1092 1097 0.8361 700.0000
1093 1095 0.6113 700.0000
1093 1096 0.5203 700.0000
1093 1097 0.5741 700.0000
1093 1098 0.8272 700.0000
1094 1096 0.8375 700.0000
1094 1097 0.5923 700.0000
1094 1098 0.7262 700.0000
1095 1097 0.7192 700.0000
1095 1098 0.5654 700.0000
1095 1099 0.5247 700.0000
1096 1098 0.6896 700.0000
1096 1099 0.5184 700.0000
1096 1100 0.7235 700.0000
1097 1099 0.6851 700.0000
1097 1100 0.5789 700.0000
1097 1101 0.5950 700.0000
1098 1100 0.5455 700.0000
1098 1101 0.5480 700.0000
1098 1102 0.6475 700.0000
1099 1101 0.8151 700.0000
1099 1102 0.6456 700.0000
1100 1102 0.5410 700.0000
1118 1120 0.6407 700.0000
1118 1156 0.7805 700.0000
1118 1157 0.6310 700.0000
1118 1158 0.4129 700.0000
1118 1159 0.7485 700.0000
1118 1160 0.7784 700.0000
1118 1174 0.6033 700.0000
1118 1177 0.6931 700.0000
1118 1178 0.7758 700.0000
1119 1121 0.8793 700.0000
1119 1152 0.7894 700.0000
1119 1155 0.5049 700.0000
1119 1156 0.6621 700.0000
1119 1157 0.5446 700.0000
1119 1158 0.7524 700.0000
1120 1122 0.6147 700.0000
1120 1123 0.8430 700.0000
1120 1124 0.7351 700.0000
1120 1125 0.6588 700.0000
1120 1155 0.5725 700.0000
1120 1156 0.4337 700.0000
1120 1157 0.6659 700.0000
1120 1158 0.7233 700.0000
1120 1181 0.7556 700.0000
1121 1123 0.4673 700.0000
1121 1124 0.5399 700.0000
1121 1125 0.7706 700.0000
1121 1126 0.8313 700.0000
1121 1153 0.8989 700.0000
1121 1154 0.6447 700.0000
1121 1155 0.6210 700.0000
1121 1156 0.6627 700.0000
1122 1124 0.7097 700.0000
1122 1125 0.6044 700.0000
1122 1126 0.5484 700.0000
1122 1151 0.6487 700.0000
1122 1153 0.6980 700.0000
1122 1154 0.6358 700.0000
1122 1155 0.6470 700.0000
1122 1156 0.4892 700.0000
1122 1157 0.8933 700.0000
1123 1125 0.7146 700.0000
1123 1126 0.4864 700.0000
1123 1127 0.6155 700.0000
1123 1128 0.8798 700.0000
1123 1154 0.8191 700.0000
1123 1156 0.8555 700.0000
1124 1126 0.7627 700.0000
1124 1127 0.5450 700.0000
1124 1128 0.6063 700.0000
1124 1181 0.6957 700.0000
1124 1184 0.8705 700.0000
1124 1185 0.6608 700.0000
1125 1127 0.7407 700.0000
1125 1128 0.5697 700.0000
1125 1129 0.4835 700.0000
1125 1130 0.8704 700.0000
1125 1132 0.6139 700.0000
1125 1133 0.8205 700.0000
1125 1149 0.8211 700.0000
1125 1151 0.8879 700.0000
1125 1156 0.5799 700.0000
1125 1158 0.8409 700.0000
1125 1181 0.7508 700.0000
1126 1128 0.7570 700.0000
1126 1129 0.5497 700.0000
1126 1151 0.8704 700.0000
1126 1156 0.8451 700.0000
1127 1129 0.7513 700.0000
1127 1130 0.8815 700.0000
1127 1185 0.8633 700.0000
1128 1130 0.6551 700.0000
1128 1131 0.5801 700.0000
1128 1132 0.5502 700.0000
1128 1180 0.8682 700.0000
1128 1181 0.6545 700.0000
1128 1184 0.5687 700.0000
1128 1185 0.6646 700.0000
1128 1187 0.8603 700.0000
1129 1131 0.8057 700.0000
1129 1132 0.6219 700.0000
1129 1133 0.5810 700.0000
1130 1132 0.6329 700.0000
1130 1133 0.5802 700.0000
1130 1134 0.7193 700.0000
1131 1133 0.7669 700.0000
1131 1134 0.6285 700.0000
1131 1135 0.6995 700.0000
1131 1180 0.8017 700.0000
1131 1183 0.8703 700.0000
1131 1184 0.6520 700.0000
1131 1187 0.8153 700.0000
1132 1134 0.7213 700.0000
1132 1135 0.5894 700.0000
1132 1136 0.6174 700.0000
1132 1177 0.6474 700.0000
1132 1180 0.6480 700.0000
1132 1181 0.6725 700.0000
1132 1184 0.7804 700.0000
1133 1135 0.7424 700.0000
1133 1136 0.5287 700.0000
1133 1137 0.7075 700.0000
1133 1149 0.8889 700.0000
1134 1136 0.7222 700.0000
1134 1137 0.6236 700.0000
1134 1138 0.5859 700.0000
1135 1137 0.6743 700.0000
1135 1138 0.4814 700.0000
1135 1139 0.6365 700.0000
1135 1176 0.7738 700.0000
1135 1177 0.7503 700.0000
1135 1180 0.6126 700.0000
1136 1138 0.6952 700.0000
1136 1139 0.5224 700.0000
1136 1140 0.5775 700.0000
1136 1145 0.8950 700.0000
1136 1147 0.6482 700.0000
1136 1158 0.8740 700.0000
1136 1160 0.7729 700.0000
1136 1173 0.8610 700.0000
1136 1177 0.6707 700.0000
1137 1139 0.5986 700.0000
1137 1140 0.4657 700.0000
1137 1141 0.5188 700.0000
1137 1142 0.8848 700.0000
1137 1147 0.8540 700.0000
1138 1140 0.7651 700.0000
1138 1141 0.5812 700.0000
1138 1142 0.6128 700.0000
1139 1141 0.6839 700.0000
1139 1142 0.5203 700.0000
1139 1143 0.5420 700.0000
1139 1145 0.6725 700.0000
1139 1147 0.8766 700.0000
1139 1160 0.7575 700.0000
1139 1173 0.5485 700.0000
1139 1175 0.8960 700.0000
1139 1176 0.6194 700.0000
1139 1177 0.7726 700.0000
1140 1142 0.8450 700.0000
1140 1143 0.7968 700.0000
1140 1144 0.7186 700.0000
1140 1145 0.4544 700.0000
1140 1146 0.5601 700.0000
1140 1147 0.5830 700.0000
1140 1160 0.7713 700.0000
1140 1163 0.8333 700.0000
1140 1173 0.8871 700.0000
1141 1143 0.8406 700.0000
1141 1144 0.7679 700.0000
1141 1145 0.8155 700.0000
1142 1173 0.8276 700.0000
1142 1176 0.7979 700.0000
1143 1145 0.6402 700.0000
1143 1169 0.5161 700.0000
1143 1170 0.7590 700.0000
1143 1171 0.8683 700.0000
1143 1172 0.5864 700.0000
1143 1173 0.5619 700.0000
1143 1176 0.7744 700.0000
1144 1146 0.7414 700.0000
1144 1162 0.6696 700.0000
1144 1163 0.4414 700.0000
1144 1164 0.7140 700.0000
1144 1167 0.8587 700.0000
1144 1169 0.7774 700.0000
1145 1147 0.6769 700.0000
1145 1160 0.6203 700.0000
1145 1161 0.6856 700.0000
1145 1162 0.5650 700.0000
1145 1163 0.5466 700.0000
1145 1168 0.8737 700.0000
1145 1169 0.7248 700.0000
1145 1170 0.7249 700.0000
1145 1173 0.7482 700.0000
1146 1148 0.6726 700.0000
1146 1159 0.7947 700.0000
1146 1160 0.6864 700.0000
1146 1161 0.5003 700.0000
1146 1162 0.6439 700.0000
1146 1163 0.5334 700.0000
1147 1149 0.6493 700.0000
1147 1158 0.7623 700.0000
1147 1159 0.6082 700.0000
1147 1160 0.5523 700.0000
1147 1161 0.6906 700.0000
1148 1150 0.7234 700.0000
1148 1157 0.8682 700.0000
1148 1158 0.7554 700.0000
1148 1159 0.4410 700.0000
1148 1160 0.7314 700.0000
1148 1161 0.6139 700.0000
1149 1151 0.7489 700.0000
1149 1156 0.6892 700.0000
1149 1157 0.6295 700.0000
1149 1158 0.5682 700.0000
1149 1159 0.7313 700.0000
1150 1152 0.5735 700.0000
1150 1153 0.8928 700.0000
1150 1155 0.8730 700.0000
1150 1156 0.5597 700.0000
1150 1157 0.3956 700.0000
1150 1158 0.6779 700.0000
1150 1159 0.8088 700.0000
1151 1153 0.5585 700.0000
1151 1155 0.7890 700.0000
1151 1156 0.5523 700.0000
1151 1157 0.7075 700.0000
1152 1154 0.8963 700.0000
1152 1155 0.5758 700.0000
1152 1156 0.7016 700.0000
1152 1157 0.5497 700.0000
1153 1155 0.5661 700.0000
1153 1156 0.7680 700.0000
1154 1156 0.8875 700.0000
1155 1157 0.6379 700.0000
1156 1158 0.6369 700.0000
1157 1159 0.7325 700.0000
1158 1160 0.6214 700.0000
1158 1174 0.7225 700.0000
1158 1177 0.6837 700.0000
1159 1161 0.5482 700.0000
1159 1170 0.8851 700.0000
1159 1174 0.7371 700.0000
1160 1162 0.8664 700.0000
1160 1170 0.5839 700.0000
1160 1171 0.8584 700.0000
1160 1173 0.5500 700.0000
1160 1174 0.4648 700.0000
1160 1177 0.7717 700.0000
1161 1163 0.7564 700.0000
1161 1168 0.8875 700.0000
1161 1170 0.7955 700.0000
1162 1164 0.5502 700.0000
1162 1165 0.7450 700.0000
1162 1167 0.7039 700.0000
1162 1168 0.5481 700.0000
1162 1169 0.7208 700.0000
1162 1170 0.7079 700.0000
1164 1166 0.5082 700.0000
1164 1167 0.4907 700.0000
1164 1168 0.7626 700.0000
1164 1169 0.8939 700.0000
1165 1167 0.8938 700.0000
1167 1169 0.5932 700.0000
1168 1170 0.4893 700.0000
1168 1171 0.7072 700.0000
1168 1172 0.8450 700.0000
1169 1171 0.6345 700.0000
1169 1172 0.5178 700.0000
1169 1173 0.7103 700.0000
1170 1172 0.6162 700.0000
1170 1173 0.5266 700.0000
1170 1174 0.5180 700.0000
1170 1175 0.8777 700.0000
1171 1173 0.5773 700.0000
1171 1174 0.5536 700.0000
1171 1175 0.6712 700.0000
1171 1176 0.8970 700.0000
1172 1174 0.8035 700.0000
1172 1175 0.6371 700.0000
1172 1176 0.7331 700.0000
1173 1175 0.5055 700.0000
1173 1176 0.4830 700.0000
1173 1177 0.6807 700.0000
1173 1178 0.8229 700.0000
1174 1176 0.7760 700.0000
1174 1177 0.6844 700.0000
1174 1178 0.7598 700.0000
1175 1177 0.6663 700.0000
1175 1178 0.4769 700.0000
1175 1179 0.5548 700.0000
1175 1180 0.8530 700.0000
1176 1178 0.6043 700.0000
1176 1179 0.5027 700.0000
1176 1180 0.6591 700.0000
1177 1179 0.7022 700.0000
1177 1180 0.5561 700.0000
1177 1181 0.5963 700.0000
1177 1182 0.8612 700.0000
1178 1180 0.6209 700.0000
1178 1181 0.6151 700.0000
1178 1182 0.5636 700.0000
1179 1181 0.7827 700.0000
1179 1182 0.5381 700.0000
1179 1183 0.7326 700.0000
1180 1182 0.5974 700.0000
1180 1183 0.5453 700.0000
1180 1184 0.5954 700.0000
1180 1185 0.7994 700.0000
1181 1183 0.8248 700.0000
1181 1184 0.6010 700.0000
1181 1185 0.5610 700.0000
1181 1186 0.8950 700.0000
1182 1184 0.7048 700.0000
1182 1185 0.6181 700.0000
1182 1186 0.6903 700.0000
1183 1185 0.6691 700.0000
1183 1186 0.5706 700.0000
1183 1187 0.5644 700.0000
1184 1186 0.5405 700.0000
1184 1187 0.4438 700.0000
1185 1187 0.6193 700.0000
1189 1191 0.6488 700.0000
1189 1232 0.8870 700.0000
1189 1233 0.7340 700.0000
1189 1234 0.5287 700.0000
1189 1235 0.6722 700.0000
1189 1236 0.5543 700.0000
1189 1239 0.6791 700.0000
1190 1192 0.6462 700.0000
1190 1224 0.8762 700.0000
1190 1231 0.5558 700.0000
1190 1232 0.6692 700.0000
1190 1233 0.5760 700.0000
1190 1234 0.8306 700.0000
1191 1193 0.6368 700.0000
1191 1230 0.8664 700.0000
1191 1231 0.7190 700.0000
1191 1232 0.5137 700.0000
1191 1233 0.7692 700.0000
1191 1234 0.8067 700.0000
1191 1236 0.8796 700.0000
1191 1239 0.5821 700.0000
1191 1240 0.8343 700.0000
1191 1243 0.6628 700.0000
1192 1194 0.6328 700.0000
1192 1229 0.6630 700.0000
1192 1230 0.6940 700.0000
1192 1231 0.5403 700.0000
1192 1232 0.6820 700.0000
1193 1195 0.6335 700.0000
1193 1197 0.8966 700.0000
1193 1229 0.6280 700.0000
1193 1230 0.4743 700.0000
1193 1231 0.6659 700.0000
1193 1232 0.6648 700.0000
1193 1243 0.6600 700.0000
1193 1246 0.7579 700.0000
1193 1247 0.8170 700.0000
1194 1196 0.5493 700.0000
1194 1197 0.6857 700.0000
1194 1198 0.8804 700.0000
1194 1228 0.6848 700.0000
1194 1229 0.6004 700.0000
1194 1230 0.8280 700.0000
1195 1197 0.6050 700.0000
1195 1198 0.5414 700.0000
1195 1199 0.7416 700.0000
1195 1202 0.4685 700.0000
1195 1205 0.7838 700.0000
1195 1225 0.8609 700.0000
1195 1226 0.8622 700.0000
1195 1227 0.8841 700.0000
1195 1228 0.6182 700.0000
1195 1229 0.5603 700.0000
1195 1230 0.6841 700.0000
1195 1246 0.8766 700.0000
1196 1198 0.7842 700.0000
1196 1199 0.7758 700.0000
1196 1202 0.6990 700.0000
1196 1228 0.5706 700.0000
1196 1229 0.8662 700.0000
1197 1199 0.6196 700.0000
1197 1201 0.8772 700.0000
1197 1202 0.7384 700.0000
1197 1247 0.7902 700.0000
1198 1200 0.8306 700.0000
1198 1201 0.4956 700.0000
1198 1202 0.5152 700.0000
1198 1205 0.8498 700.0000
1198 1246 0.7896 700.0000
1198 1247 0.6964 700.0000
1199 1201 0.5478 700.0000
1199 1202 0.4269 700.0000
1199 1203 0.8138 700.0000
1200 1202 0.7534 700.0000
1200 1203 0.7134 700.0000
1201 1203 0.7760 700.0000
1201 1204 0.6119 700.0000
1201 1205 0.7723 700.0000
1202 1204 0.8740 700.0000
1202 1205 0.7237 700.0000
1202 1206 0.8143 700.0000
1202 1227 0.8677 700.0000
1202 1228 0.7882 700.0000
1203 1205 0.7721 700.0000
1203 1206 0.6906 700.0000
1203 1207 0.7809 700.0000
1204 1206 0.7674 700.0000
1204 1207 0.5190 700.0000
1204 1209 0.8969 700.0000
1204 1210 0.7758 700.0000
1205 1207 0.6432 700.0000
1205 1210 0.5038 700.0000
1205 1211 0.8300 700.0000
1205 1225 0.6924 700.0000
1205 1230 0.7652 700.0000
1205 1246 0.7551 700.0000
1206 1208 0.8557 700.0000
1206 1210 0.8141 700.0000
1206 1225 0.5968 700.0000
1206 1226 0.8464 700.0000
1206 1227 0.7788 700.0000
1207 1209 0.5478 700.0000
1207 1210 0.6503 700.0000
1207 1211 0.8116 700.0000
1208 1210 0.7308 700.0000
1208 1211 0.5756 700.0000
1208 1212 0.5949 700.0000
1209 1211 0.7298 700.0000
1209 1212 0.6456 700.0000
1209 1213 0.7628 700.0000
1210 1212 0.7070 700.0000
1210 1213 0.5960 700.0000
1210 1214 0.5851 700.0000
1210 1215 0.8341 700.0000
1210 1223 0.8240 700.0000
1210 1245 0.7343 700.0000
1210 1246 0.7993 700.0000
1211 1213 0.6186 700.0000
1211 1214 0.5708 700.0000
1211 1215 0.4677 700.0000
1211 1223 0.6784 700.0000
1212 1214 0.7849 700.0000
1212 1215 0.5017 700.0000
1212 1216 0.7296 700.0000
1213 1215 0.7606 700.0000
1213 1216 0.5486 700.0000
1213 1217 0.4507 700.0000
1213 1218 0.8007 700.0000
1213 1245 0.7360 700.0000
1214 1216 0.8200 700.0000
1214 1217 0.6417 700.0000
1214 1218 0.4519 700.0000
1214 1219 0.7735 700.0000
1214 1221 0.6587 700.0000
1214 1223 0.6096 700.0000
1214 1232 0.8954 700.0000
1214 1242 0.6669 700.0000
1214 1245 0.6246 700.0000
1214 1246 0.8034 700.0000
1215 1218 0.8269 700.0000
1215 1219 0.7372 700.0000
1215 1221 0.8325 700.0000
1215 1222 0.8426 700.0000
1215 1223 0.6556 700.0000
1216 1218 0.7947 700.0000
1216 1219 0.7616 700.0000
1217 1219 0.8841 700.0000
1217 1245 0.6177 700.0000
1218 1220 0.6925 700.0000
1218 1221 0.5509 700.0000
1218 1238 0.7152 700.0000
1218 1239 0.8654 700.0000
1218 1241 0.6819 700.0000
1218 1242 0.5455 700.0000
1218 1245 0.6943 700.0000
1219 1221 0.5783 700.0000
1219 1238 0.8038 700.0000
1220 1234 0.7621 700.0000
1220 1235 0.7234 700.0000
1220 1238 0.5482 700.0000
1221 1223 0.6890 700.0000
1221 1232 0.6389 700.0000
1221 1233 0.5772 700.0000
1221 1234 0.6123 700.0000
1221 1235 0.8145 700.0000
1221 1238 0.6634 700.0000
1221 1239 0.6581 700.0000
1221 1242 0.7070 700.0000
1222 1224 0.6310 700.0000
1222 1231 0.7342 700.0000
1222 1232 0.6830 700.0000
1222 1233 0.4776 700.0000
1222 1234 0.8120 700.0000
1223 1225 0.6421 700.0000
1223 1230 0.6403 700.0000
1223 1231 0.6887 700.0000
1223 1232 0.6735 700.0000
1223 1233 0.8125 700.0000
1224 1226 0.6017 700.0000
1224 1229 0.7443 700.0000
1224 1230 0.5976 700.0000
1224 1231 0.4245 700.0000
1224 1232 0.7214 700.0000
1224 1233 0.8353 700.0000
1225 1227 0.7822 700.0000
1225 1229 0.6106 700.0000
1225 1230 0.5369 700.0000
1225 1231 0.7318 700.0000
1226 1228 0.6955 700.0000
1226 1229 0.4170 700.0000
1226 1230 0.7178 700.0000
1226 1231 0.7483 700.0000
1227 1229 0.7270 700.0000
1229 1231 0.6467 700.0000
1230 1232 0.5576 700.0000
1230 1243 0.8833 700.0000
1230 1246 0.7167 700.0000
1231 1233 0.6647 700.0000
1232 1234 0.7063 700.0000
1232 1239 0.5744 700.0000
1232 1242 0.7064 700.0000
1232 1243 0.7516 700.0000
1233 1235 0.8096 700.0000
1233 1239 0.6996 700.0000
1234 1236 0.5949 700.0000
1234 1237 0.8614 700.0000
1234 1238 0.6683 700.0000
1234 1239 0.5151 700.0000
1235 1237 0.5865 700.0000
1235 1238 0.5028 700.0000
1235 1239 0.6450 700.0000
1236 1238 0.6237 700.0000
1236 1239 0.5249 700.0000
1236 1240 0.6917 700.0000
1237 1239 0.6944 700.0000
1237 1240 0.6477 700.0000
1237 1241 0.6654 700.0000
1238 1240 0.6955 700.0000
1238 1241 0.5651 700.0000
1238 1242 0.7738 700.0000
1239 1241 0.7032 700.0000
1239 1242 0.5678 700.0000
1239 1243 0.6464 700.0000
1240 1242 0.5196 700.0000
1240 1243 0.5033 700.0000
1240 1244 0.6175 700.0000
1241 1243 0.8206 700.0000
1241 1244 0.6397 700.0000
1241 1245 0.8762 700.0000
1242 1244 0.6205 700.0000
1242 1245 0.5786 700.0000
1242 1246 0.6086 700.0000
1242 1247 0.8319 700.0000
1243 1245 0.8829 700.0000
1243 1246 0.6251 700.0000
1243 1247 0.5858 700.0000
1244 1246 0.7270 700.0000
1244 1247 0.6187 700.0000
1245 1247 0.7783 700.0000
1296 1298 0.7885 700.0000
1297 1299 0.6716 700.0000
1298 1300 0.7755 700.0000
1298 1307 0.6114 700.0000
1298 1308 0.7142 700.0000
1299 1301 0.6989 700.0000
1299 1306 0.8260 700.0000
1299 1307 0.5763 700.0000
1299 1308 0.4564 700.0000
1299 1309 0.8924 700.0000
1299 1311 0.8317 700.0000
1299 1320 0.7088 700.0000
1300 1302 0.6456 700.0000
1300 1304 0.7804 700.0000
1300 1305 0.5991 700.0000
1300 1306 0.6414 700.0000
1300 1307 0.6054 700.0000
1300 1308 0.6387 700.0000
1300 1320 0.8780 700.0000
1301 1303 0.4816 700.0000
1301 1304 0.4365 700.0000
1301 1305 0.5609 700.0000
1301 1306 0.6050 700.0000
1301 1307 0.6962 700.0000
1301 1308 0.5710 700.0000
1301 1309 0.7875 700.0000
1301 1320 0.8189 700.0000
1301 1321 0.5601 700.0000
1301 1322 0.5185 700.0000
1301 1325 0.6829 700.0000
1301 1326 0.8941 700.0000
1302 1304 0.6525 700.0000
1302 1305 0.5456 700.0000
1302 1321 0.6612 700.0000
1302 1322 0.8724 700.0000
1302 1325 0.8852 700.0000
1302 1337 0.6945 700.0000
1302 1338 0.6944 700.0000
1303 1305 0.6735 700.0000
1303 1306 0.8985 700.0000
1303 1321 0.6744 700.0000
1303 1322 0.7073 700.0000
1303 1324 0.8948 700.0000
1303 1325 0.5134 700.0000
1303 1326 0.7304 700.0000
1303 1328 0.8938 700.0000
1303 1329 0.7993 700.0000
1303 1337 0.7046 700.0000
1304 1306 0.4662 700.0000
1304 1307 0.7670 700.0000
1304 1308 0.8460 700.0000
1304 1309 0.8734 700.0000
1304 1322 0.6719 700.0000
1304 1325 0.6391 700.0000
1305 1307 0.8614 700.0000
1306 1308 0.7207 700.0000
1306 1309 0.7942 700.0000
1306 1322 0.8214 700.0000
1307 1309 0.6256 700.0000
1307 1322 0.7967 700.0000
1308 1310 0.7280 700.0000
1308 1311 0.5725 700.0000
1308 1320 0.7024 700.0000
1308 1321 0.7373 700.0000
1308 1322 0.5127 700.0000
1308 1323 0.8808 700.0000
1309 1311 0.7095 700.0000
1309 1322 0.4360 700.0000
1309 1323 0.6716 700.0000
1309 1324 0.7241 700.0000
1309 1325 0.8194 700.0000
1310 1312 0.7919 700.0000
1310 1322 0.6197 700.0000
1310 1323 0.5605 700.0000
1310 1324 0.7125 700.0000
1311 1313 0.6096 700.0000
1311 1320 0.5591 700.0000
1311 1321 0.7534 700.0000
1311 1322 0.7202 700.0000
1311 1323 0.7992 700.0000
1312 1314 0.6110 700.0000
1312 1315 0.8840 700.0000
1312 1320 0.7722 700.0000
1312 1321 0.6071 700.0000
1312 1322 0.7109 700.0000
1312 1323 0.4962 700.0000
1312 1324 0.8180 700.0000
1312 1325 0.8867 700.0000
1312 1326 0.5987 700.0000
1312 1327 0.7120 700.0000
1313 1315 0.6256 700.0000
1313 1317 0.7901 700.0000
1313 1318 0.5725 700.0000
1313 1319 0.7326 700.0000
1313 1320 0.5565 700.0000
1313 1321 0.7078 700.0000
1314 1316 0.6703 700.0000
1314 1317 0.5036 700.0000
1314 1318 0.5685 700.0000
1314 1319 0.5730 700.0000
1314 1320 0.7545 700.0000
1314 1321 0.6816 700.0000
1314 1326 0.7781 700.0000
1314 1330 0.8989 700.0000
1314 1336 0.6979 700.0000
1314 1341 0.8184 700.0000
1314 1343 0.6162 700.0000
1315 1317 0.6240 700.0000
1315 1318 0.5579 700.0000
1315 1319 0.8872 700.0000
1315 1343 0.6444 700.0000
1316 1318 0.7318 700.0000
1316 1341 0.6095 700.0000
1316 1342 0.7002 700.0000
1316 1343 0.5179 700.0000
1317 1319 0.4095 700.0000
1317 1320 0.8863 700.0000
1317 1336 0.6521 700.0000
1317 1338 0.7988 700.0000
1317 1339 0.6055 700.0000
1317 1341 0.5997 700.0000
1317 1343 0.7515 700.0000
1318 1320 0.7533 700.0000
1319 1321 0.6531 700.0000
1319 1336 0.6289 700.0000
1319 1337 0.7912 700.0000
1319 1338 0.5756 700.0000
1319 1339 0.6444 700.0000
1319 1341 0.8420 700.0000
1320 1322 0.8515 700.0000
1321 1323 0.7169 700.0000
1321 1324 0.8879 700.0000
1321 1325 0.6904 700.0000
1321 1326 0.5326 700.0000
1321 1336 0.7908 700.0000
1321 1337 0.7371 700.0000
1321 1338 0.8223 700.0000
1322 1324 0.5180 700.0000
1322 1325 0.4560 700.0000
1322 1326 0.6700 700.0000
1322 1327 0.8660 700.0000
1323 1325 0.5402 700.0000
1323 1326 0.5440 700.0000
1323 1327 0.5178 700.0000
1324 1326 0.6341 700.0000
1324 1327 0.5438 700.0000
1324 1328 0.6975 700.0000
1325 1327 0.6531 700.0000
1325 1328 0.6082 700.0000
1325 1329 0.7021 700.0000
1326 1328 0.7285 700.0000
1326 1329 0.5232 700.0000
1326 1330 0.5426 700.0000
1326 1331 0.8776 700.0000
1326 1336 0.8273 700.0000
1326 1337 0.7741 700.0000
1327 1329 0.6408 700.0000
1327 1330 0.6144 700.0000
1327 1331 0.7151 700.0000
1328 1330 0.8144 700.0000
1328 1331 0.5911 700.0000
1328 1332 0.5726 700.0000
1329 1331 0.5128 700.0000
1329 1332 0.5360 700.0000
1329 1333 0.6675 700.0000
1329 1334 0.7528 700.0000
1329 1335 0.7383 700.0000
1329 1336 0.8938 700.0000
1329 1337 0.7564 700.0000
1330 1332 0.7933 700.0000
1330 1333 0.6567 700.0000
1330 1334 0.4629 700.0000
1330 1335 0.5877 700.0000
1330 1336 0.7801 700.0000
1330 1337 0.8311 700.0000
1330 1342 0.8903 700.0000
1330 1343 0.6918 700.0000
1330 1344 0.8245 700.0000
1331 1333 0.7701 700.0000
1331 1334 0.7457 700.0000
1333 1335 0.4342 700.0000
1333 1336 0.8753 700.0000
1333 1337 0.8483 700.0000
1333 1340 0.7972 700.0000
1333 1342 0.8723 700.0000
1333 1344 0.8610 700.0000
1333 1346 0.6517 700.0000
1334 1336 0.8434 700.0000
1334 1341 0.8550 700.0000
1334 1342 0.5914 700.0000
1334 1343 0.6388 700.0000
1334 1344 0.4587 700.0000
1334 1345 0.7113 700.0000
1334 1346 0.5778 700.0000
1335 1337 0.5946 700.0000
1335 1338 0.8829 700.0000
1335 1339 0.7713 700.0000
1335 1340 0.4992 700.0000
1335 1341 0.5949 700.0000
1335 1342 0.5734 700.0000
1335 1343 0.6632 700.0000
1335 1344 0.7689 700.0000
1335 1346 0.7503 700.0000
1336 1338 0.4784 700.0000
1336 1339 0.4361 700.0000
1336 1340 0.4991 700.0000
1336 1341 0.4862 700.0000
1336 1342 0.7652 700.0000
1336 1343 0.6881 700.0000
1337 1339 0.6552 700.0000
1337 1340 0.5974 700.0000
1337 1341 0.8274 700.0000
1338 1340 0.6515 700.0000
1338 1341 0.8228 700.0000
1339 1341 0.4593 700.0000
1339 1342 0.8760 700.0000
1340 1342 0.7655 700.0000
1341 1343 0.5460 700.0000
1341 1344 0.8960 700.0000
1342 1344 0.4794 700.0000
1342 1345 0.8360 700.0000
1342 1346 0.6887 700.0000
1344 1346 0.5608 700.0000
1345 1347 0.7338 700.0000
1348 1350 0.6082 700.0000
1348 1351 0.8733 700.0000
1348 1387 0.6998 700.0000
1348 1420 0.8926 700.0000
1348 1423 0.6808 700.0000
1348 1424 0.4024 700.0000
1348 1425 0.5467 700.0000
1348 1428 0.8381 700.0000
1348 1444 0.8642 700.0000
1349 1351 0.6606 700.0000
1349 1385 0.7699 700.0000
1349 1387 0.5121 700.0000
1349 1388 0.5411 700.0000
1349 1424 0.6117 700.0000
1349 1425 0.7870 700.0000
1349 1427 0.8578 700.0000
1349 1428 0.5219 700.0000
1349 1429 0.6433 700.0000
1349 1444 0.8138 700.0000
1350 1352 0.7583 700.0000
1350 1353 0.7381 700.0000
1350 1379 0.7334 700.0000
1350 1420 0.8302 700.0000
1350 1421 0.6038 700.0000
1350 1422 0.8835 700.0000
1350 1423 0.8893 700.0000
1350 1424 0.3655 700.0000
1350 1425 0.6620 700.0000
1350 1426 0.6324 700.0000
1350 1427 0.5204 700.0000
1350 1428 0.6661 700.0000
1350 1429 0.8797 700.0000
1350 1441 0.8753 700.0000
1350 1444 0.8493 700.0000
1351 1353 0.6700 700.0000
1351 1379 0.5729 700.0000
1351 1380 0.7002 700.0000
1351 1381 0.8038 700.0000
1351 1382 0.8270 700.0000
1351 1388 0.8604 700.0000
1351 1395 0.7103 700.0000
1351 1398 0.8978 700.0000
1351 1421 0.8783 700.0000
1351 1424 0.6640 700.0000
1351 1427 0.6515 700.0000
1351 1428 0.6951 700.0000
1351 1429 0.7290 700.0000
1351 1441 0.6867 700.0000
1352 1354 0.8534 700.0000
1352 1379 0.7106 700.0000
1352 1380 0.4471 700.0000
1352 1381 0.7471 700.0000
1352 1382 0.8541 700.0000
1352 1424 0.8764 700.0000
1353 1355 0.8008 700.0000
1353 1377 0.8566 700.0000
1353 1378 0.5763 700.0000
1353 1379 0.4961 700.0000
1353 1380 0.5426 700.0000
1353 1421 0.6885 700.0000
1354 1356 0.6130 700.0000
1354 1376 0.7089 700.0000
1354 1377 0.6477 700.0000
1354 1378 0.3970 700.0000
1354 1379 0.5985 700.0000
1354 1380 0.7897 700.0000
1354 1421 0.7177 700.0000
1355 1357 0.7541 700.0000
1355 1375 0.6513 700.0000
1355 1376 0.6557 700.0000
1355 1377 0.5108 700.0000
1355 1378 0.8044 700.0000
1355 1414 0.8212 700.0000
1355 1417 0.7396 700.0000
1355 1418 0.4643 700.0000
1355 1420 0.8906 700.0000
1355 1421 0.5264 700.0000
1355 1422 0.8396 700.0000
1355 1426 0.8876 700.0000
1356 1358 0.7095 700.0000
1356 1374 0.7907 700.0000
1356 1375 0.6186 700.0000
1356 1376 0.4400 700.0000
1356 1377 0.6852 700.0000
1356 1378 0.7766 700.0000
1356 1418 0.7926 700.0000
1357 1359 0.6880 700.0000
1357 1373 0.6620 700.0000
1357 1374 0.6506 700.0000
1357 1375 0.6495 700.0000
1357 1376 0.8002 700.0000
1357 1411 0.8824 700.0000
1357 1414 0.7186 700.0000
1357 1418 0.7850 700.0000
1358 1360 0.6881 700.0000
1358 1372 0.7821 700.0000
1358 1373 0.6356 700.0000
1358 1374 0.4176 700.0000
1358 1375 0.7164 700.0000
1358 1376 0.7794 700.0000
1359 1361 0.7639 700.0000
1359 1362 0.8703 700.0000
1359 1371 0.7024 700.0000
1359 1372 0.5882 700.0000
1359 1373 0.5811 700.0000
1359 1374 0.6476 700.0000
1359 1406 0.6841 700.0000
1360 1362 0.4473 700.0000
1360 1363 0.7676 700.0000
1360 1371 0.5732 700.0000
1360 1372 0.4257 700.0000
1360 1373 0.7244 700.0000
1360 1374 0.7117 700.0000
1360 1406 0.8145 700.0000
1360 1452 0.8929 700.0000
1361 1371 0.7987 700.0000
1361 1372 0.8988 700.0000
1362 1364 0.7570 700.0000
1362 1371 0.6518 700.0000
1362 1372 0.5833 700.0000
1362 1452 0.7076 700.0000
1363 1365 0.6365 700.0000
1363 1366 0.8034 700.0000
1363 1367 0.7704 700.0000
1363 1368 0.5644 700.0000
1363 1369 0.7624 700.0000
1363 1370 0.7487 700.0000
1363 1371 0.5530 700.0000
1363 1372 0.6302 700.0000
1363 1405 0.8843 700.0000
1363 1452 0.7002 700.0000
1363 1453 0.8936 700.0000
1364 1366 0.6160 700.0000
1364 1367 0.5313 700.0000
1364 1368 0.6737 700.0000
1364 1370 0.8028 700.0000
1364 1371 0.6468 700.0000
1364 1372 0.5972 700.0000
1364 1403 0.7981 700.0000
1364 1404 0.8034 700.0000
1364 1405 0.6315 700.0000
1364 1452 0.5663 700.0000
1364 1453 0.7272 700.0000
1364 1460 0.8865 700.0000
1364 1461 0.5281 700.0000
1364 1462 0.8052 700.0000
1365 1367 0.6093 700.0000
1365 1368 0.6232 700.0000
1365 1452 0.7409 700.0000
1365 1453 0.6341 700.0000
1365 1454 0.8580 700.0000
1365 1455 0.8517 700.0000
1365 1460 0.8042 700.0000
1365 1461 0.5197 700.0000
1365 1462 0.4940 700.0000
1365 1463 0.8785 700.0000
1366 1368 0.4777 700.0000
1366 1369 0.8270 700.0000
1366 1370 0.8258 700.0000
1366 1405 0.8733 700.0000
1366 1461 0.7418 700.0000
1366 1462 0.6471 700.0000
1366 1463 0.8660 700.0000
1366 1464 0.7415 700.0000
1367 1369 0.7550 700.0000
1367 1370 0.6049 700.0000
1367 1371 0.7829 700.0000
1367 1404 0.8785 700.0000
1367 1405 0.5432 700.0000
1367 1407 0.7066 700.0000
1367 1461 0.7015 700.0000
1367 1462 0.8270 700.0000
1367 1463 0.8768 700.0000
1367 1464 0.7832 700.0000
1367 1467 0.8844 700.0000
1368 1370 0.6822 700.0000
1368 1371 0.8608 700.0000
1369 1371 0.7209 700.0000
1370 1372 0.8403 700.0000
1370 1405 0.6664 700.0000
1370 1406 0.5850 700.0000
1370 1407 0.5679 700.0000
1371 1373 0.6738 700.0000
1371 1404 0.8380 700.0000
1371 1405 0.5978 700.0000
1371 1406 0.4352 700.0000
1371 1407 0.7488 700.0000
1372 1374 0.6098 700.0000
1372 1403 0.6855 700.0000
1372 1404 0.6536 700.0000
1372 1405 0.6157 700.0000
1372 1406 0.6171 700.0000
1372 1452 0.7000 700.0000
1373 1375 0.6372 700.0000
1373 1402 0.7433 700.0000
1373 1403 0.7040 700.0000
1373 1404 0.4198 700.0000
1373 1405 0.5767 700.0000
1373 1406 0.5627 700.0000
1373 1407 0.8571 700.0000
1373 1410 0.7056 700.0000
1373 1411 0.7117 700.0000
1373 1414 0.7209 700.0000
1374 1376 0.6539 700.0000
1374 1401 0.6827 700.0000
1374 1402 0.5598 700.0000
1374 1403 0.5584 700.0000
1374 1404 0.7368 700.0000
1375 1377 0.5535 700.0000
1375 1401 0.5891 700.0000
1375 1402 0.3846 700.0000
1375 1403 0.6610 700.0000
1375 1404 0.7105 700.0000
1375 1414 0.7544 700.0000
1375 1417 0.8363 700.0000
1375 1418 0.8728 700.0000
1375 1448 0.8144 700.0000
1376 1378 0.6331 700.0000
1376 1399 0.6714 700.0000
1376 1400 0.8236 700.0000
1376 1401 0.5520 700.0000
1376 1402 0.6799 700.0000
1377 1379 0.6898 700.0000
1377 1398 0.8528 700.0000
1377 1399 0.7694 700.0000
1377 1400 0.6662 700.0000
1377 1401 0.6712 700.0000
1377 1402 0.6907 700.0000
1377 1417 0.8633 700.0000
1377 1421 0.7207 700.0000
1377 1426 0.7326 700.0000
1377 1427 0.7048 700.0000
1377 1443 0.8314 700.0000
1377 1448 0.8003 700.0000
1378 1380 0.7010 700.0000
1378 1397 0.8436 700.0000
1378 1398 0.6553 700.0000
1378 1399 0.5480 700.0000
1378 1400 0.8099 700.0000
1379 1381 0.7699 700.0000
1379 1397 0.6544 700.0000
1379 1398 0.4885 700.0000
1379 1399 0.7588 700.0000
1379 1400 0.7962 700.0000
1379 1421 0.8613 700.0000
1379 1427 0.6589 700.0000
1379 1441 0.6817 700.0000
1380 1382 0.7487 700.0000
1380 1395 0.8271 700.0000
1380 1397 0.7185 700.0000
1380 1398 0.8434 700.0000
1381 1383 0.7690 700.0000
1381 1394 0.7888 700.0000
1381 1395 0.4934 700.0000
1381 1396 0.5781 700.0000
1381 1397 0.5302 700.0000
1381 1398 0.8352 700.0000
1381 1441 0.8835 700.0000
1382 1384 0.6983 700.0000
1382 1392 0.8410 700.0000
1382 1393 0.8931 700.0000
1382 1394 0.5280 700.0000
1382 1395 0.3188 700.0000
1382 1396 0.6582 700.0000
1382 1397 0.7953 700.0000
1383 1385 0.6730 700.0000
1383 1388 0.8643 700.0000
1383 1391 0.8196 700.0000
1383 1392 0.5144 700.0000
1383 1393 0.7373 700.0000
1383 1394 0.5419 700.0000
1383 1395 0.5795 700.0000
1384 1386 0.8793 700.0000
1384 1387 0.8808 700.0000
1384 1388 0.4506 700.0000
1384 1389 0.6244 700.0000
1384 1390 0.5169 700.0000
1384 1391 0.4905 700.0000
1384 1392 0.4997 700.0000
1384 1393 0.4995 700.0000
1384 1394 0.8072 700.0000
1384 1395 0.5970 700.0000
1384 1429 0.6337 700.0000
1384 1430 0.8589 700.0000
1384 1439 0.6744 700.0000
1385 1387 0.5060 700.0000
1385 1388 0.4154 700.0000
1385 1389 0.8204 700.0000
1385 1390 0.8686 700.0000
1385 1391 0.5980 700.0000
1385 1392 0.7368 700.0000
1385 1429 0.8681 700.0000
1386 1388 0.7359 700.0000
1386 1391 0.6394 700.0000
1387 1389 0.8658 700.0000
1388 1390 0.6947 700.0000
1388 1391 0.6606 700.0000
1388 1392 0.8879 700.0000
1388 1395 0.8380 700.0000
1388 1428 0.7322 700.0000
1388 1429 0.5143 700.0000
1388 1430 0.8242 700.0000
1389 1391 0.6295 700.0000
1389 1393 0.8098 700.0000
1389 1429 0.6550 700.0000
1389 1430 0.6847 700.0000
1389 1439 0.7554 700.0000
1390 1392 0.6799 700.0000
1390 1393 0.4574 700.0000
1390 1429 0.8223 700.0000
1390 1430 0.8182 700.0000
1390 1438 0.8213 700.0000
1390 1439 0.6008 700.0000
1391 1393 0.5920 700.0000
1392 1394 0.6781 700.0000
1392 1395 0.8977 700.0000
1393 1395 0.8196 700.0000
1393 1438 0.8576 700.0000
1393 1439 0.5602 700.0000
1394 1396 0.8097 700.0000
1395 1397 0.6759 700.0000
1395 1429 0.6633 700.0000
1395 1430 0.8957 700.0000
1395 1439 0.7343 700.0000
1395 1440 0.6919 700.0000
1395 1441 0.6523 700.0000
1396 1398 0.6692 700.0000
1396 1439 0.8012 700.0000
1396 1440 0.5956 700.0000
1396 1441 0.6214 700.0000
1397 1399 0.8068 700.0000
1397 1400 0.8967 700.0000
1397 1440 0.8193 700.0000
1397 1441 0.6377 700.0000
1398 1400 0.5143 700.0000
1398 1427 0.8096 700.0000
1398 1440 0.8517 700.0000
1398 1441 0.5332 700.0000
1398 1442 0.8794 700.0000
1399 1401 0.6864 700.0000
1400 1402 0.8470 700.0000
1400 1427 0.8369 700.0000
1400 1441 0.8274 700.0000
1400 1443 0.7035 700.0000
1400 1450 0.7796 700.0000
1401 1403 0.5746 700.0000
1401 1448 0.8615 700.0000
1401 1450 0.5871 700.0000
1401 1451 0.8478 700.0000
1402 1404 0.6624 700.0000
1402 1448 0.6235 700.0000
1402 1449 0.6949 700.0000
1402 1450 0.5815 700.0000
1402 1451 0.7912 700.0000
1403 1405 0.8858 700.0000
1403 1448 0.8685 700.0000
1403 1449 0.6459 700.0000
1403 1450 0.5904 700.0000
1403 1451 0.5611 700.0000
1403 1452 0.5605 700.0000
1403 1453 0.8834 700.0000
1403 1460 0.8338 700.0000
1403 1461 0.7481 700.0000
1404 1406 0.7455 700.0000
1404 1407 0.7793 700.0000
1404 1410 0.5358 700.0000
1404 1411 0.8375 700.0000
1404 1413 0.7052 700.0000
1404 1414 0.7151 700.0000
1404 1448 0.8854 700.0000
1404 1449 0.7703 700.0000
1404 1461 0.7998 700.0000
1404 1466 0.7868 700.0000
1404 1467 0.7860 700.0000
1405 1407 0.4656 700.0000
1405 1409 0.8131 700.0000
1405 1410 0.5106 700.0000
1405 1411 0.7895 700.0000
1405 1413 0.8724 700.0000
1405 1461 0.7878 700.0000
1405 1467 0.7604 700.0000
1406 1408 0.8380 700.0000
1406 1410 0.6765 700.0000
1406 1411 0.5179 700.0000
1407 1409 0.5561 700.0000
1407 1410 0.4796 700.0000
1407 1411 0.6203 700.0000
1407 1467 0.8582 700.0000
1408 1410 0.7381 700.0000
1408 1411 0.6909 700.0000
1408 1412 0.7920 700.0000
1409 1411 0.8273 700.0000
1409 1412 0.5084 700.0000
1409 1413 0.6820 700.0000
1409 1467 0.6153 700.0000
1409 1471 0.7694 700.0000
1410 1412 0.5984 700.0000
1410 1413 0.4513 700.0000
1410 1414 0.5984 700.0000
1410 1415 0.8084 700.0000
1410 1467 0.6664 700.0000
1411 1413 0.8169 700.0000
1411 1414 0.6377 700.0000
1411 1415 0.7233 700.0000
1412 1414 0.7637 700.0000
1412 1415 0.5844 700.0000
1412 1416 0.6055 700.0000
1412 1467 0.8749 700.0000
1412 1471 0.7028 700.0000
1413 1415 0.6621 700.0000
1413 1416 0.5044 700.0000
1413 1417 0.5709 700.0000
1413 1466 0.8561 700.0000
1413 1467 0.6682 700.0000
1413 1470 0.6579 700.0000
1413 1471 0.6487 700.0000
1413 1474 0.7951 700.0000
1414 1416 0.6626 700.0000
1414 1417 0.5327 700.0000
1414 1418 0.5633 700.0000
1415 1417 0.7669 700.0000
1415 1418 0.6788 700.0000
1415 1419 0.7486 700.0000
1416 1418 0.7893 700.0000
1416 1419 0.5180 700.0000
1416 1420 0.7067 700.0000
1416 1470 0.8434 700.0000
1416 1471 0.7619 700.0000
1416 1474 0.5828 700.0000
1417 1419 0.7630 700.0000
1417 1420 0.5506 700.0000
1417 1421 0.7435 700.0000
1417 1426 0.6931 700.0000
1417 1446 0.7661 700.0000
1417 1448 0.7941 700.0000
1417 1470 0.8295 700.0000
1417 1474 0.7156 700.0000
1418 1420 0.7422 700.0000
1418 1421 0.6393 700.0000
1418 1422 0.6838 700.0000
1419 1422 0.6808 700.0000
1419 1423 0.6331 700.0000
1419 1474 0.8377 700.0000
1420 1422 0.5588 700.0000
1420 1423 0.4659 700.0000
1420 1424 0.7507 700.0000
1420 1425 0.4694 700.0000
1420 1426 0.5644 700.0000
1420 1446 0.8273 700.0000
1420 1474 0.7410 700.0000
1420 1477 0.7808 700.0000
1421 1423 0.7726 700.0000
1421 1424 0.6516 700.0000
1421 1425 0.7600 700.0000
1421 1426 0.5999 700.0000
1421 1427 0.7455 700.0000
1422 1424 0.7008 700.0000
1422 1425 0.8659 700.0000
1423 1425 0.5418 700.0000
1423 1477 0.8285 700.0000
1424 1426 0.8082 700.0000
1424 1427 0.8427 700.0000
1425 1427 0.7664 700.0000
1425 1428 0.8656 700.0000
1425 1444 0.5778 700.0000
1425 1445 0.8453 700.0000
1425 1446 0.7455 700.0000
1425 1474 0.8452 700.0000
1425 1477 0.5678 700.0000
1426 1428 0.8083 700.0000
1426 1442 0.8856 700.0000
1426 1443 0.6336 700.0000
1426 1444 0.5786 700.0000
1426 1445 0.8447 700.0000
1426 1446 0.5469 700.0000
1426 1448 0.7535 700.0000
1427 1429 0.8544 700.0000
1427 1441 0.6251 700.0000
1427 1442 0.5876 700.0000
1427 1443 0.5233 700.0000
1427 1444 0.6440 700.0000
1427 1446 0.8277 700.0000
1428 1430 0.6162 700.0000
1428 1440 0.7912 700.0000
1428 1441 0.6059 700.0000
1428 1442 0.4439 700.0000
1428 1443 0.8116 700.0000
1428 1444 0.5624 700.0000
1429 1438 0.8657 700.0000
1429 1439 0.6727 700.0000
1429 1440 0.5710 700.0000
1429 1441 0.5633 700.0000
1429 1442 0.5969 700.0000
1430 1432 0.6494 700.0000
1430 1437 0.7452 700.0000
1430 1438 0.5478 700.0000
1430 1439 0.5281 700.0000
1430 1440 0.4307 700.0000
1430 1441 0.6738 700.0000
1430 1442 0.5569 700.0000
1431 1433 0.5435 700.0000
1431 1434 0.8332 700.0000
1431 1435 0.7824 700.0000
1431 1436 0.5264 700.0000
1431 1437 0.5230 700.0000
1431 1438 0.5559 700.0000
1431 1439 0.8318 700.0000
1431 1440 0.7608 700.0000
1431 1442 0.8620 700.0000
1432 1434 0.5186 700.0000
1432 1435 0.4678 700.0000
1432 1436 0.5047 700.0000
1432 1437 0.4574 700.0000
1432 1438 0.6874 700.0000
1432 1440 0.6159 700.0000
1432 1441 0.8709 700.0000
1432 1442 0.6767 700.0000
1433 1435 0.8782 700.0000
1433 1436 0.7922 700.0000
1433 1442 0.8975 700.0000
1434 1436 0.6677 700.0000
1434 1437 0.8043 700.0000
1435 1437 0.4928 700.0000
1435 1438 0.8898 700.0000
1435 1440 0.8418 700.0000
1436 1438 0.6761 700.0000
1437 1439 0.7047 700.0000
1437 1440 0.6127 700.0000
1438 1440 0.5518 700.0000
1439 1441 0.8740 700.0000
1440 1442 0.5956 700.0000
1441 1443 0.8017 700.0000
1442 1444 0.6939 700.0000
1443 1445 0.8139 700.0000
1443 1446 0.6690 700.0000
1443 1447 0.7352 700.0000
1443 1448 0.5857 700.0000
1444 1446 0.5803 700.0000
1444 1477 0.7536 700.0000
1445 1447 0.6718 700.0000
1445 1473 0.6762 700.0000
1445 1477 0.7318 700.0000
1446 1448 0.5791 700.0000
1446 1470 0.6656 700.0000
1446 1473 0.5278 700.0000
1446 1474 0.6502 700.0000
1446 1477 0.7395 700.0000
1447 1449 0.7789 700.0000
1447 1459 0.8211 700.0000
1447 1466 0.7381 700.0000
1447 1469 0.7386 700.0000
1447 1470 0.6860 700.0000
1447 1473 0.6033 700.0000
1448 1450 0.6873 700.0000
1448 1459 0.8793 700.0000
1448 1466 0.7722 700.0000
1448 1470 0.7935 700.0000
1449 1451 0.5721 700.0000
1449 1455 0.7625 700.0000
1449 1456 0.7744 700.0000
1449 1459 0.6235 700.0000
1449 1460 0.4457 700.0000
1449 1461 0.5431 700.0000
1449 1463 0.7407 700.0000
1449 1466 0.5624 700.0000
1450 1458 0.8280 700.0000
1450 1459 0.5908 700.0000
1450 1460 0.7093 700.0000
1451 1453 0.5630 700.0000
1451 1454 0.6799 700.0000
1451 1455 0.6996 700.0000
1451 1458 0.6575 700.0000
1451 1459 0.7058 700.0000
1451 1460 0.4670 700.0000
1451 1461 0.6419 700.0000
1452 1460 0.8445 700.0000
1452 1461 0.7158 700.0000
1453 1455 0.7481 700.0000
1453 1458 0.8673 700.0000
1453 1460 0.6958 700.0000
1453 1461 0.6951 700.0000
1453 1462 0.8035 700.0000
1454 1456 0.6118 700.0000
1454 1457 0.6168 700.0000
1454 1458 0.4768 700.0000
1454 1459 0.8537 700.0000
1454 1460 0.5068 700.0000
1454 1461 0.7575 700.0000
1454 1462 0.6365 700.0000
1455 1457 0.5497 700.0000
1455 1458 0.5472 700.0000
1455 1459 0.7232 700.0000
1455 1460 0.3359 700.0000
1455 1461 0.6233 700.0000
1455 1462 0.5128 700.0000
1455 1463 0.6780 700.0000
1456 1458 0.6782 700.0000
1456 1459 0.6453 700.0000
1456 1460 0.4967 700.0000
1456 1461 0.7913 700.0000
1456 1462 0.6887 700.0000
1456 1463 0.5963 700.0000
1457 1459 0.7381 700.0000
1457 1460 0.7999 700.0000
1458 1460 0.6334 700.0000
1460 1462 0.6017 700.0000
1460 1463 0.6310 700.0000
1460 1466 0.8144 700.0000
1461 1463 0.5690 700.0000
1461 1464 0.8290 700.0000
1461 1466 0.7357 700.0000
1462 1464 0.6765 700.0000
1463 1465 0.4765 700.0000
1463 1466 0.5654 700.0000
1463 1467 0.7796 700.0000
1463 1469 0.7332 700.0000
1464 1466 0.7926 700.0000
1464 1467 0.7778 700.0000
1464 1469 0.8663 700.0000
1465 1467 0.6449 700.0000
1465 1468 0.5656 700.0000
1465 1469 0.4635 700.0000
1465 1470 0.8921 700.0000
1466 1468 0.8116 700.0000
1466 1469 0.5192 700.0000
1466 1470 0.5325 700.0000
1466 1471 0.8375 700.0000
1466 1473 0.8799 700.0000
1467 1469 0.6986 700.0000
1467 1470 0.5933 700.0000
1467 1471 0.6055 700.0000
1468 1470 0.7289 700.0000
1468 1471 0.5685 700.0000
1468 1472 0.5336 700.0000
1469 1471 0.7968 700.0000
1469 1472 0.6548 700.0000
1469 1473 0.6848 700.0000
1470 1472 0.6364 700.0000
1470 1473 0.4567 700.0000
1470 1474 0.5714 700.0000
1471 1473 0.7400 700.0000
1471 1474 0.6329 700.0000
1471 1475 0.7433 700.0000
1472 1474 0.7504 700.0000
1472 1475 0.6183 700.0000
1472 1476 0.7774 700.0000
1473 1475 0.8164 700.0000
1473 1476 0.6765 700.0000
1473 1477 0.7207 700.0000
1474 1476 0.6272 700.0000
1474 1477 0.5605 700.0000
1475 1477 0.7893 700.0000
