i	j	b_idx	d[nm]	k[kJ/mol/nm^2]
1	2	0	0.3800	8033.0000
2	3	1	0.3800	8033.0000
3	4	2	0.3800	8033.0000
4	5	3	0.3800	8033.0000
5	6	4	0.3800	8033.0000
6	7	5	0.4270	8033.0000
7	8	6	0.5425	8033.0000
8	9	7	0.4579	8033.0000
9	10	8	0.5222	8033.0000
10	11	9	0.4350	8033.0000
11	12	10	0.4833	8033.0000
12	13	11	0.4768	8033.0000
13	14	12	0.4026	8033.0000
14	15	13	0.4763	8033.0000
15	16	14	0.4533	8033.0000
16	17	15	0.3568	8033.0000
17	18	16	0.3915	8033.0000
18	19	17	0.4479	8033.0000
19	20	18	0.3987	8033.0000
20	21	19	0.5390	8033.0000
21	22	20	0.5246	8033.0000
22	23	21	0.5851	8033.0000
23	24	22	0.5145	8033.0000
24	25	23	0.4472	8033.0000
25	26	24	0.4620	8033.0000
26	27	25	0.5739	8033.0000
27	28	26	0.5924	8033.0000
28	29	27	0.5439	8033.0000
29	30	28	0.7272	8033.0000
30	31	29	0.4350	8033.0000
31	32	30	0.6570	8033.0000
32	33	31	0.5688	8033.0000
33	34	32	0.3634	8033.0000
34	35	33	0.5504	8033.0000
35	36	34	0.5351	8033.0000
36	37	35	0.6435	8033.0000
37	38	36	0.3538	8033.0000
38	39	37	0.2965	8033.0000
39	40	38	0.3741	8033.0000
40	41	39	0.5045	8033.0000
41	42	40	0.5221	8033.0000
42	43	41	0.5549	8033.0000
43	44	42	0.4711	8033.0000
44	45	43	0.5277	8033.0000
45	46	44	0.7320	8033.0000
46	47	45	0.5342	8033.0000
47	48	46	0.3799	8033.0000
48	49	47	0.4996	8033.0000
49	50	48	0.6563	8033.0000
50	51	49	0.3706	8033.0000
51	52	50	0.4301	8033.0000
52	53	51	0.4519	8033.0000
53	54	52	0.6545	8033.0000
54	55	53	0.5828	8033.0000
55	56	54	0.4885	8033.0000
56	57	55	0.4562	8033.0000
57	58	56	0.6061	8033.0000
58	59	57	0.7579	8033.0000
59	60	58	0.3914	8033.0000
60	61	59	0.5802	8033.0000
61	62	60	0.5460	8033.0000
62	63	61	0.4000	8033.0000
63	64	62	0.6210	8033.0000
64	65	63	0.4543	8033.0000
65	66	64	0.5832	8033.0000
66	67	65	0.5656	8033.0000
67	68	66	0.4474	8033.0000
68	69	67	0.5353	8033.0000
69	70	68	0.7223	8033.0000
70	71	69	0.6577	8033.0000
71	72	70	0.5165	8033.0000
72	73	71	0.5103	8033.0000
73	74	72	0.6112	8033.0000
74	75	73	0.6067	8033.0000
75	76	74	0.4389	8033.0000
76	77	75	0.6489	8033.0000
77	78	76	0.6259	8033.0000
78	79	77	0.5538	8033.0000
79	80	78	0.4060	8033.0000
80	81	79	0.5171	8033.0000
81	82	80	0.3964	8033.0000
82	83	81	0.4561	8033.0000
83	84	82	0.6524	8033.0000
84	85	83	0.5548	8033.0000
85	86	84	0.4877	8033.0000
86	87	85	0.4444	8033.0000
87	88	86	0.4880	8033.0000
88	89	87	0.5043	8033.0000
89	90	88	0.3800	8033.0000
90	91	89	0.3800	8033.0000
91	92	90	0.3800	8033.0000
92	93	91	0.3800	8033.0000
93	94	92	0.3800	8033.0000
94	95	93	0.3800	8033.0000
95	96	94	0.3800	8033.0000
96	97	95	0.3800	8033.0000
97	98	96	0.3800	8033.0000
98	99	97	0.3800	8033.0000
99	100	98	0.3800	8033.0000
100	101	99	0.3800	8033.0000
101	102	100	0.3800	8033.0000
102	103	101	0.3800	8033.0000
103	104	102	0.3800	8033.0000
104	105	103	0.3800	8033.0000
105	106	104	0.3800	8033.0000
106	107	105	0.3800	8033.0000
107	108	106	0.3800	8033.0000
108	109	107	0.3800	8033.0000
109	110	108	0.3800	8033.0000
110	111	109	0.3800	8033.0000
111	112	110	0.3800	8033.0000
112	113	111	0.3800	8033.0000
113	114	112	0.3800	8033.0000
114	115	113	0.3800	8033.0000
115	116	114	0.3800	8033.0000
116	117	115	0.3800	8033.0000
117	118	116	0.3800	8033.0000
118	119	117	0.3800	8033.0000
119	120	118	0.3800	8033.0000
120	121	119	0.3800	8033.0000
121	122	120	0.3800	8033.0000
122	123	121	0.3800	8033.0000
123	124	122	0.3800	8033.0000
124	125	123	0.3800	8033.0000
125	126	124	0.3800	8033.0000
126	127	125	0.3800	8033.0000
127	128	126	0.3800	8033.0000
128	129	127	0.3800	8033.0000
129	130	128	0.3800	8033.0000
130	131	129	0.3800	8033.0000
131	132	130	0.3800	8033.0000
132	133	131	0.3800	8033.0000
133	134	132	0.3800	8033.0000
134	135	133	0.3800	8033.0000
135	136	134	0.3800	8033.0000
136	137	135	0.3800	8033.0000
137	138	136	0.3800	8033.0000
138	139	137	0.3800	8033.0000
139	140	138	0.3800	8033.0000
140	141	139	0.3800	8033.0000
141	142	140	0.3800	8033.0000
142	143	141	0.3800	8033.0000
143	144	142	0.3800	8033.0000
144	145	143	0.3800	8033.0000
145	146	144	0.3800	8033.0000
146	147	145	0.3800	8033.0000
147	148	146	0.3800	8033.0000
148	149	147	0.3800	8033.0000
149	150	148	0.3769	8033.0000
150	151	149	0.4949	8033.0000
151	152	150	0.3911	8033.0000
152	153	151	0.4143	8033.0000
153	154	152	0.6300	8033.0000
154	155	153	0.4869	8033.0000
155	156	154	0.5770	8033.0000
156	157	155	0.5143	8033.0000
157	158	156	0.5340	8033.0000
158	159	157	0.4122	8033.0000
159	160	158	0.4202	8033.0000
160	161	159	0.4207	8033.0000
161	162	160	0.4221	8033.0000
162	163	161	0.4010	8033.0000
163	164	162	0.5075	8033.0000
164	165	163	0.5429	8033.0000
165	166	164	0.5016	8033.0000
166	167	165	0.4634	8033.0000
167	168	166	0.5022	8033.0000
168	169	167	0.4890	8033.0000
169	170	168	0.5022	8033.0000
170	171	169	0.5090	8033.0000
171	172	170	0.5072	8033.0000
172	173	171	0.4683	8033.0000
173	174	172	0.3550	8033.0000
174	175	173	0.3487	8033.0000
175	176	174	0.4371	8033.0000
176	177	175	0.4954	8033.0000
177	178	176	0.4484	8033.0000
178	179	177	0.4917	8033.0000
179	180	178	0.5312	8033.0000
180	181	179	0.6011	8033.0000
181	182	180	0.4668	8033.0000
182	183	181	0.5475	8033.0000
183	184	182	0.5156	8033.0000
184	185	183	0.4902	8033.0000
185	186	184	0.5863	8033.0000
186	187	185	0.6536	8033.0000
187	188	186	0.4514	8033.0000
188	189	187	0.6066	8033.0000
189	190	188	0.5182	8033.0000
190	191	189	0.3843	8033.0000
191	192	190	0.4007	8033.0000
192	193	191	0.4304	8033.0000
193	194	192	0.4398	8033.0000
194	195	193	0.4777	8033.0000
195	196	194	0.6454	8033.0000
196	197	195	0.6283	8033.0000
197	198	196	0.5835	8033.0000
198	199	197	0.4709	8033.0000
199	200	198	0.4822	8033.0000
200	201	199	0.4456	8033.0000
201	202	200	0.4447	8033.0000
202	203	201	0.6708	8033.0000
203	204	202	0.7042	8033.0000
204	205	203	0.4754	8033.0000
205	206	204	0.5024	8033.0000
206	207	205	0.4314	8033.0000
207	208	206	0.4967	8033.0000
208	209	207	0.4743	8033.0000
209	210	208	0.4338	8033.0000
210	211	209	0.6753	8033.0000
211	212	210	0.5556	8033.0000
212	213	211	0.4428	8033.0000
213	214	212	0.4410	8033.0000
214	215	213	0.5122	8033.0000
215	216	214	0.6624	8033.0000
216	217	215	0.4782	8033.0000
217	218	216	0.5353	8033.0000
218	219	217	0.5744	8033.0000
219	220	218	0.4635	8033.0000
220	221	219	0.3991	8033.0000
221	222	220	0.6142	8033.0000
222	223	221	0.5153	8033.0000
223	224	222	0.4774	8033.0000
224	225	223	0.3800	8033.0000
225	226	224	0.3800	8033.0000
226	227	225	0.3800	8033.0000
227	228	226	0.3800	8033.0000
228	229	227	0.4168	8033.0000
229	230	228	0.4493	8033.0000
230	231	229	0.6609	8033.0000
231	232	230	0.4992	8033.0000
232	233	231	0.4810	8033.0000
233	234	232	0.4911	8033.0000
234	235	233	0.5215	8033.0000
235	236	234	0.4103	8033.0000
236	237	235	0.3924	8033.0000
237	238	236	0.4553	8033.0000
238	239	237	0.3003	8033.0000
239	240	238	0.4224	8033.0000
240	241	239	0.4625	8033.0000
241	242	240	0.6873	8033.0000
242	243	241	0.5202	8033.0000
243	244	242	0.3964	8033.0000
244	245	243	0.6196	8033.0000
245	246	244	0.4913	8033.0000
246	247	245	0.6388	8033.0000
247	248	246	0.4342	8033.0000
248	249	247	0.6666	8033.0000
249	250	248	0.6248	8033.0000
250	251	249	0.3783	8033.0000
251	252	250	0.4764	8033.0000
252	253	251	0.6268	8033.0000
253	254	252	0.4812	8033.0000
254	255	253	0.3011	8033.0000
255	256	254	0.3739	8033.0000
256	257	255	0.6216	8033.0000
257	258	256	0.5442	8033.0000
258	259	257	0.4037	8033.0000
259	260	258	0.4229	8033.0000
260	261	259	0.4013	8033.0000
261	262	260	0.5506	8033.0000
262	263	261	0.7081	8033.0000
263	264	262	0.4962	8033.0000
264	265	263	0.5609	8033.0000
265	266	264	0.4644	8033.0000
266	267	265	0.5563	8033.0000
267	268	266	0.5283	8033.0000
268	269	267	0.4285	8033.0000
269	270	268	0.3879	8033.0000
270	271	269	0.4010	8033.0000
271	272	270	0.4874	8033.0000
272	273	271	0.5839	8033.0000
273	274	272	0.5167	8033.0000
274	275	273	0.6385	8033.0000
275	276	274	0.6505	8033.0000
276	277	275	0.6387	8033.0000
277	278	276	0.5435	8033.0000
278	279	277	0.5858	8033.0000
279	280	278	0.4923	8033.0000
280	281	279	0.4243	8033.0000
281	282	280	0.5024	8033.0000
282	283	281	0.4527	8033.0000
283	284	282	0.4982	8033.0000
284	285	283	0.5322	8033.0000
285	286	284	0.3789	8033.0000
286	287	285	0.5192	8033.0000
287	288	286	0.5673	8033.0000
288	289	287	0.4860	8033.0000
289	290	288	0.6581	8033.0000
290	291	289	0.4077	8033.0000
291	292	290	0.5309	8033.0000
292	293	291	0.5983	8033.0000
293	294	292	0.4210	8033.0000
294	295	293	0.4604	8033.0000
295	296	294	0.4469	8033.0000
296	297	295	0.4434	8033.0000
297	298	296	0.4059	8033.0000
298	299	297	0.5190	8033.0000
299	300	298	0.6507	8033.0000
300	301	299	0.5265	8033.0000
301	302	300	0.6115	8033.0000
302	303	301	0.3822	8033.0000
303	304	302	0.3953	8033.0000
304	305	303	0.4550	8033.0000
305	306	304	0.3800	8033.0000
306	307	305	0.3800	8033.0000
307	308	306	0.3800	8033.0000
308	309	307	0.3800	8033.0000
309	310	308	0.3800	8033.0000
310	311	309	0.3800	8033.0000
311	312	310	0.3800	8033.0000
312	313	311	0.3800	8033.0000
313	314	312	0.3800	8033.0000
314	315	313	0.3800	8033.0000
315	316	314	0.3800	8033.0000
316	317	315	0.3800	8033.0000
317	318	316	0.3800	8033.0000
318	319	317	0.3800	8033.0000
319	320	318	0.3800	8033.0000
320	321	319	0.3800	8033.0000
321	322	320	0.5364	8033.0000
322	323	321	0.5832	8033.0000
323	324	322	0.5720	8033.0000
324	325	323	0.4581	8033.0000
325	326	324	0.4293	8033.0000
326	327	325	0.4567	8033.0000
327	328	326	0.5744	8033.0000
328	329	327	0.4162	8033.0000
329	330	328	0.4822	8033.0000
330	331	329	0.6636	8033.0000
331	332	330	0.4992	8033.0000
332	333	331	0.7061	8033.0000
333	334	332	0.4379	8033.0000
334	335	333	0.5678	8033.0000
335	336	334	0.5800	8033.0000
336	337	335	0.5338	8033.0000
337	338	336	0.5811	8033.0000
338	339	337	0.5517	8033.0000
339	340	338	0.3887	8033.0000
340	341	339	0.5100	8033.0000
341	342	340	0.5097	8033.0000
342	343	341	0.5827	8033.0000
343	344	342	0.5432	8033.0000
344	345	343	0.4556	8033.0000
345	346	344	0.4980	8033.0000
346	347	345	0.6162	8033.0000
347	348	346	0.5121	8033.0000
348	349	347	0.6753	8033.0000
349	350	348	0.6990	8033.0000
350	351	349	0.6256	8033.0000
351	352	350	0.4854	8033.0000
352	353	351	0.5784	8033.0000
353	354	352	0.5045	8033.0000
354	355	353	0.5561	8033.0000
355	356	354	0.4875	8033.0000
356	357	355	0.5384	8033.0000
357	358	356	0.6097	8033.0000
358	359	357	0.4852	8033.0000
359	360	358	0.5192	8033.0000
360	361	359	0.4752	8033.0000
361	362	360	0.3867	8033.0000
362	363	361	0.4173	8033.0000
363	364	362	0.5359	8033.0000
364	365	363	0.4380	8033.0000
365	366	364	0.4561	8033.0000
366	367	365	0.5793	8033.0000
367	368	366	0.5485	8033.0000
368	369	367	0.4110	8033.0000
369	370	368	0.3740	8033.0000
370	371	369	0.3805	8033.0000
371	372	370	0.4955	8033.0000
372	373	371	0.4699	8033.0000
373	374	372	0.4190	8033.0000
374	375	373	0.5172	8033.0000
375	376	374	0.4805	8033.0000
376	377	375	0.5564	8033.0000
377	378	376	0.6120	8033.0000
378	379	377	0.5606	8033.0000
379	380	378	0.6702	8033.0000
380	381	379	0.5954	8033.0000
381	382	380	0.5125	8033.0000
382	383	381	0.6555	8033.0000
383	384	382	0.5295	8033.0000
384	385	383	0.4773	8033.0000
385	386	384	0.3802	8033.0000
386	387	385	0.4875	8033.0000
387	388	386	0.4407	8033.0000
388	389	387	0.4085	8033.0000
389	390	388	0.4376	8033.0000
390	391	389	0.4935	8033.0000
391	392	390	0.4380	8033.0000
392	393	391	0.4384	8033.0000
393	394	392	0.4197	8033.0000
394	395	393	0.6879	8033.0000
395	396	394	0.5724	8033.0000
396	397	395	0.4388	8033.0000
397	398	396	0.4687	8033.0000
398	399	397	0.7512	8033.0000
399	400	398	0.4466	8033.0000
400	401	399	0.4980	8033.0000
401	402	400	0.3708	8033.0000
402	403	401	0.4746	8033.0000
403	404	402	0.6082	8033.0000
404	405	403	0.4822	8033.0000
405	406	404	0.4918	8033.0000
406	407	405	0.3537	8033.0000
407	408	406	0.4196	8033.0000
408	409	407	0.4792	8033.0000
409	410	408	0.7012	8033.0000
410	411	409	0.5556	8033.0000
411	412	410	0.5099	8033.0000
412	413	411	0.4523	8033.0000
413	414	412	0.5395	8033.0000
414	415	413	0.4201	8033.0000
415	416	414	0.4827	8033.0000
416	417	415	0.5124	8033.0000
417	418	416	0.4822	8033.0000
418	419	417	0.6354	8033.0000
419	420	418	0.4599	8033.0000
420	421	419	0.6096	8033.0000
421	422	420	0.5394	8033.0000
422	423	421	0.4876	8033.0000
423	424	422	0.4519	8033.0000
424	425	423	0.5887	8033.0000
425	426	424	0.6372	8033.0000
426	427	425	0.4955	8033.0000
427	428	426	0.4386	8033.0000
428	429	427	0.4318	8033.0000
429	430	428	0.4965	8033.0000
430	431	429	0.6266	8033.0000
431	432	430	0.5747	8033.0000
432	433	431	0.5267	8033.0000
433	434	432	0.4522	8033.0000
434	435	433	0.4731	8033.0000
435	436	434	0.4767	8033.0000
436	437	435	0.3875	8033.0000
437	438	436	0.4685	8033.0000
438	439	437	0.5402	8033.0000
439	440	438	0.4678	8033.0000
440	441	439	0.5082	8033.0000
441	442	440	0.5099	8033.0000
442	443	441	0.5254	8033.0000
443	444	442	0.5381	8033.0000
444	445	443	0.4137	8033.0000
445	446	444	0.5941	8033.0000
446	447	445	0.4960	8033.0000
447	448	446	0.4820	8033.0000
448	449	447	0.5415	8033.0000
449	450	448	0.5277	8033.0000
450	451	449	0.6757	8033.0000
451	452	450	0.5447	8033.0000
452	453	451	0.5107	8033.0000
453	454	452	0.5555	8033.0000
454	455	453	0.5408	8033.0000
455	456	454	0.4058	8033.0000
456	457	455	0.4608	8033.0000
457	458	456	0.4874	8033.0000
458	459	457	0.6298	8033.0000
459	460	458	0.5774	8033.0000
460	461	459	0.5505	8033.0000
461	462	460	0.6247	8033.0000
462	463	461	0.3800	8033.0000
463	464	462	0.3800	8033.0000
464	465	463	0.3800	8033.0000
465	466	464	0.3800	8033.0000
466	467	465	0.4744	8033.0000
467	468	466	0.4994	8033.0000
468	469	467	0.6485	8033.0000
469	470	468	0.5237	8033.0000
470	471	469	0.6295	8033.0000
471	472	470	0.5518	8033.0000
472	473	471	0.4891	8033.0000
473	474	472	0.4307	8033.0000
474	475	473	0.3688	8033.0000
475	476	474	0.3997	8033.0000
476	477	475	0.5154	8033.0000
477	478	476	0.8520	8033.0000
478	479	477	0.6394	8033.0000
479	480	478	0.4662	8033.0000
480	481	479	0.4989	8033.0000
481	482	480	0.4790	8033.0000
482	483	481	0.4551	8033.0000
483	484	482	0.5554	8033.0000
484	485	483	0.4059	8033.0000
485	486	484	0.4658	8033.0000
486	487	485	0.4414	8033.0000
487	488	486	0.4793	8033.0000
488	489	487	0.6287	8033.0000
489	490	488	0.4775	8033.0000
490	491	489	0.4995	8033.0000
491	492	490	0.5007	8033.0000
492	493	491	0.5002	8033.0000
493	494	492	0.4860	8033.0000
494	495	493	0.4627	8033.0000
495	496	494	0.4613	8033.0000
496	497	495	0.6062	8033.0000
497	498	496	0.5213	8033.0000
498	499	497	0.5793	8033.0000
499	500	498	0.4920	8033.0000
500	501	499	0.6336	8033.0000
501	502	500	0.4853	8033.0000
502	503	501	0.5936	8033.0000
503	504	502	0.6537	8033.0000
504	505	503	0.4234	8033.0000
505	506	504	0.4843	8033.0000
506	507	505	0.5485	8033.0000
507	508	506	0.5986	8033.0000
508	509	507	0.4280	8033.0000
509	510	508	0.4776	8033.0000
510	511	509	0.6280	8033.0000
511	512	510	0.4593	8033.0000
512	513	511	0.3366	8033.0000
513	514	512	0.4504	8033.0000
514	515	513	0.4051	8033.0000
515	516	514	0.3753	8033.0000
516	517	515	0.5065	8033.0000
517	518	516	0.4729	8033.0000
518	519	517	0.7833	8033.0000
519	520	518	0.4520	8033.0000
520	521	519	0.5178	8033.0000
521	522	520	0.4717	8033.0000
522	523	521	0.5238	8033.0000
523	524	522	0.5504	8033.0000
524	525	523	0.5175	8033.0000
525	526	524	0.6381	8033.0000
526	527	525	0.5538	8033.0000
527	528	526	0.5315	8033.0000
528	529	527	0.4928	8033.0000
529	530	528	0.6488	8033.0000
530	531	529	0.3800	8033.0000
531	532	530	0.4996	8033.0000
532	533	531	0.4252	8033.0000
533	534	532	0.6672	8033.0000
534	535	533	0.4726	8033.0000
535	536	534	0.5009	8033.0000
536	537	535	0.5106	8033.0000
537	538	536	0.4677	8033.0000
538	539	537	0.3940	8033.0000
539	540	538	0.3684	8033.0000
540	541	539	0.3682	8033.0000
541	542	540	0.5200	8033.0000
542	543	541	0.6098	8033.0000
543	544	542	0.5531	8033.0000
544	545	543	0.6885	8033.0000
545	546	544	0.4401	8033.0000
546	547	545	0.5561	8033.0000
547	548	546	0.5412	8033.0000
548	549	547	0.5262	8033.0000
549	550	548	0.5027	8033.0000
550	551	549	0.5305	8033.0000
551	552	550	0.3617	8033.0000
552	553	551	0.5667	8033.0000
553	554	552	0.6628	8033.0000
554	555	553	0.5019	8033.0000
555	556	554	0.4957	8033.0000
556	557	555	0.5228	8033.0000
557	558	556	0.5306	8033.0000
558	559	557	0.3727	8033.0000
559	560	558	0.5746	8033.0000
560	561	559	0.4522	8033.0000
561	562	560	0.3832	8033.0000
562	563	561	0.5586	8033.0000
563	564	562	0.6041	8033.0000
564	565	563	0.5452	8033.0000
565	566	564	0.4447	8033.0000
566	567	565	0.4246	8033.0000
567	568	566	0.5601	8033.0000
568	569	567	0.5557	8033.0000
569	570	568	0.5355	8033.0000
570	571	569	0.6059	8033.0000
571	572	570	0.4828	8033.0000
572	573	571	0.3926	8033.0000
573	574	572	0.4171	8033.0000
574	575	573	0.4341	8033.0000
575	576	574	0.4979	8033.0000
576	577	575	0.4546	8033.0000
577	578	576	0.4766	8033.0000
578	579	577	0.4449	8033.0000
579	580	578	0.3986	8033.0000
580	581	579	0.4656	8033.0000
581	582	580	0.3944	8033.0000
582	583	581	0.4958	8033.0000
583	584	582	0.4815	8033.0000
584	585	583	0.4437	8033.0000
585	586	584	0.4604	8033.0000
586	587	585	0.5406	8033.0000
587	588	586	0.5246	8033.0000
588	589	587	0.4990	8033.0000
589	590	588	0.5988	8033.0000
590	591	589	0.5496	8033.0000
591	592	590	0.5988	8033.0000
592	593	591	0.4873	8033.0000
593	594	592	0.4947	8033.0000
594	595	593	0.3876	8033.0000
595	596	594	0.3657	8033.0000
596	597	595	0.5352	8033.0000
597	598	596	0.4907	8033.0000
598	599	597	0.5598	8033.0000
599	600	598	0.6526	8033.0000
600	601	599	0.6650	8033.0000
601	602	600	0.5467	8033.0000
602	603	601	0.5533	8033.0000
603	604	602	0.5268	8033.0000
604	605	603	0.5858	8033.0000
605	606	604	0.4953	8033.0000
606	607	605	0.5210	8033.0000
607	608	606	0.5499	8033.0000
608	609	607	0.4269	8033.0000
609	610	608	0.4729	8033.0000
610	611	609	0.5279	8033.0000
611	612	610	0.4790	8033.0000
612	613	611	0.5973	8033.0000
613	614	612	0.7519	8033.0000
614	615	613	0.5719	8033.0000
615	616	614	0.5470	8033.0000
616	617	615	0.4217	8033.0000
617	618	616	0.4332	8033.0000
618	619	617	0.5501	8033.0000
619	620	618	0.4530	8033.0000
620	621	619	0.5064	8033.0000
621	622	620	0.4929	8033.0000
622	623	621	0.6224	8033.0000
623	624	622	0.6289	8033.0000
624	625	623	0.4347	8033.0000
625	626	624	0.5220	8033.0000
626	627	625	0.5201	8033.0000
627	628	626	0.4010	8033.0000
628	629	627	0.3501	8033.0000
629	630	628	0.4511	8033.0000
630	631	629	0.5141	8033.0000
631	632	630	0.4235	8033.0000
632	633	631	0.4266	8033.0000
633	634	632	0.4776	8033.0000
634	635	633	0.4737	8033.0000
635	636	634	0.5518	8033.0000
636	637	635	0.5778	8033.0000
637	638	636	0.4860	8033.0000
638	639	637	0.4314	8033.0000
639	640	638	0.4877	8033.0000
640	641	639	0.5188	8033.0000
641	642	640	0.3869	8033.0000
642	643	641	0.3983	8033.0000
643	644	642	0.4425	8033.0000
644	645	643	0.5346	8033.0000
645	646	644	0.4548	8033.0000
646	647	645	0.4875	8033.0000
647	648	646	0.4773	8033.0000
648	649	647	0.4204	8033.0000
649	650	648	0.3728	8033.0000
650	651	649	0.4961	8033.0000
651	652	650	0.5580	8033.0000
652	653	651	0.3841	8033.0000
653	654	652	0.5318	8033.0000
654	655	653	0.4241	8033.0000
655	656	654	0.5467	8033.0000
656	657	655	0.5304	8033.0000
657	658	656	0.6360	8033.0000
658	659	657	0.5992	8033.0000
659	660	658	0.4799	8033.0000
660	661	659	0.4859	8033.0000
661	662	660	0.6409	8033.0000
662	663	661	0.4627	8033.0000
663	664	662	0.6513	8033.0000
664	665	663	0.4773	8033.0000
665	666	664	0.4671	8033.0000
666	667	665	0.5816	8033.0000
667	668	666	0.4873	8033.0000
668	669	667	0.6205	8033.0000
669	670	668	0.5746	8033.0000
670	671	669	0.5664	8033.0000
671	672	670	0.5157	8033.0000
672	673	671	0.5463	8033.0000
673	674	672	0.6399	8033.0000
674	675	673	0.4324	8033.0000
675	676	674	0.5207	8033.0000
676	677	675	0.5466	8033.0000
677	678	676	0.4657	8033.0000
678	679	677	0.4853	8033.0000
679	680	678	0.4330	8033.0000
680	681	679	0.4541	8033.0000
681	682	680	0.4583	8033.0000
682	683	681	0.4498	8033.0000
683	684	682	0.4437	8033.0000
684	685	683	0.6991	8033.0000
685	686	684	0.4833	8033.0000
686	687	685	0.6213	8033.0000
687	688	686	0.4665	8033.0000
688	689	687	0.3978	8033.0000
689	690	688	0.5315	8033.0000
690	691	689	0.6484	8033.0000
691	692	690	0.5582	8033.0000
692	693	691	0.6478	8033.0000
693	694	692	0.4208	8033.0000
694	695	693	0.6128	8033.0000
695	696	694	0.4733	8033.0000
696	697	695	0.5656	8033.0000
697	698	696	0.5184	8033.0000
698	699	697	0.6266	8033.0000
699	700	698	0.5780	8033.0000
700	701	699	0.5077	8033.0000
701	702	700	0.4941	8033.0000
702	703	701	0.5436	8033.0000
703	704	702	0.4778	8033.0000
704	705	703	0.4097	8033.0000
705	706	704	0.4533	8033.0000
706	707	705	0.5577	8033.0000
707	708	706	0.4575	8033.0000
708	709	707	0.5278	8033.0000
709	710	708	0.5017	8033.0000
710	711	709	0.5249	8033.0000
711	712	710	0.5722	8033.0000
712	713	711	0.5893	8033.0000
713	714	712	0.5376	8033.0000
714	715	713	0.4045	8033.0000
715	716	714	0.5341	8033.0000
716	717	715	0.4373	8033.0000
717	718	716	0.4973	8033.0000
718	719	717	0.4226	8033.0000
719	720	718	0.3697	8033.0000
720	721	719	0.5667	8033.0000
721	722	720	0.4709	8033.0000
722	723	721	0.4063	8033.0000
723	724	722	0.5509	8033.0000
724	725	723	0.4339	8033.0000
725	726	724	0.5351	8033.0000
726	727	725	0.5307	8033.0000
727	728	726	0.3901	8033.0000
728	729	727	0.4163	8033.0000
729	730	728	0.5086	8033.0000
730	731	729	0.4746	8033.0000
731	732	730	0.5020	8033.0000
732	733	731	0.5948	8033.0000
733	734	732	0.5343	8033.0000
734	735	733	0.6587	8033.0000
735	736	734	0.4760	8033.0000
736	737	735	0.5137	8033.0000
737	738	736	0.3800	8033.0000
738	739	737	0.4701	8033.0000
739	740	738	0.4084	8033.0000
740	741	739	0.5446	8033.0000
741	742	740	0.4382	8033.0000
742	743	741	0.4497	8033.0000
743	744	742	0.5433	8033.0000
744	745	743	0.4307	8033.0000
745	746	744	0.4329	8033.0000
746	747	745	0.5324	8033.0000
747	748	746	0.4677	8033.0000
748	749	747	0.4457	8033.0000
749	750	748	0.3340	8033.0000
750	751	749	0.5167	8033.0000
751	752	750	0.5135	8033.0000
752	753	751	0.6539	8033.0000
753	754	752	0.5877	8033.0000
754	755	753	0.5385	8033.0000
755	756	754	0.5271	8033.0000
756	757	755	0.4958	8033.0000
757	758	756	0.5639	8033.0000
758	759	757	0.5236	8033.0000
759	760	758	0.7952	8033.0000
760	761	759	0.4335	8033.0000
761	762	760	0.6681	8033.0000
762	763	761	0.5437	8033.0000
763	764	762	0.4663	8033.0000
764	765	763	0.5332	8033.0000
765	766	764	0.5983	8033.0000
766	767	765	0.6750	8033.0000
767	768	766	0.4157	8033.0000
768	769	767	0.3949	8033.0000
769	770	768	0.5550	8033.0000
770	771	769	0.3244	8033.0000
771	772	770	0.5257	8033.0000
772	773	771	0.6320	8033.0000
773	774	772	0.5398	8033.0000
774	775	773	0.5077	8033.0000
775	776	774	0.5414	8033.0000
776	777	775	0.5728	8033.0000
777	778	776	0.3800	8033.0000
778	779	777	0.3800	8033.0000
779	780	778	0.3800	8033.0000
780	781	779	0.3800	8033.0000
781	782	780	0.3800	8033.0000
782	783	781	0.3800	8033.0000
783	784	782	0.3800	8033.0000
784	785	783	0.3800	8033.0000
785	786	784	0.3800	8033.0000
786	787	785	0.3800	8033.0000
787	788	786	0.3800	8033.0000
788	789	787	0.3800	8033.0000
789	790	788	0.3800	8033.0000
790	791	789	0.3800	8033.0000
791	792	790	0.5965	8033.0000
792	793	791	0.4700	8033.0000
793	794	792	0.5858	8033.0000
794	795	793	0.6048	8033.0000
795	796	794	0.5621	8033.0000
796	797	795	0.4362	8033.0000
797	798	796	0.4574	8033.0000
798	799	797	0.4341	8033.0000
799	800	798	0.3433	8033.0000
800	801	799	0.4483	8033.0000
801	802	800	0.3593	8033.0000
802	803	801	0.4349	8033.0000
803	804	802	0.4847	8033.0000
804	805	803	0.4507	8033.0000
805	806	804	0.4732	8033.0000
806	807	805	0.5067	8033.0000
807	808	806	0.5882	8033.0000
808	809	807	0.4565	8033.0000
809	810	808	0.4646	8033.0000
810	811	809	0.4605	8033.0000
811	812	810	0.4908	8033.0000
812	813	811	0.4366	8033.0000
813	814	812	0.6842	8033.0000
814	815	813	0.4286	8033.0000
815	816	814	0.4201	8033.0000
816	817	815	0.4526	8033.0000
817	818	816	0.4902	8033.0000
818	819	817	0.4038	8033.0000
819	820	818	0.4350	8033.0000
820	821	819	0.4971	8033.0000
821	822	820	0.3586	8033.0000
822	823	821	0.3680	8033.0000
823	824	822	0.4346	8033.0000
824	825	823	0.4273	8033.0000
825	826	824	0.5014	8033.0000
826	827	825	0.5214	8033.0000
827	828	826	0.5096	8033.0000
828	829	827	0.5029	8033.0000
829	830	828	0.5926	8033.0000
830	831	829	0.6098	8033.0000
831	832	830	0.3170	8033.0000
832	833	831	0.4508	8033.0000
833	834	832	0.4196	8033.0000
834	835	833	0.3545	8033.0000
835	836	834	0.3498	8033.0000
836	837	835	0.3974	8033.0000
837	838	836	0.5021	8033.0000
838	839	837	0.5449	8033.0000
839	840	838	0.4837	8033.0000
840	841	839	0.3671	8033.0000
841	842	840	0.3068	8033.0000
842	843	841	0.3573	8033.0000
843	844	842	0.4625	8033.0000
844	845	843	0.5924	8033.0000
845	846	844	0.5047	8033.0000
846	847	845	0.4664	8033.0000
847	848	846	0.4501	8033.0000
848	849	847	0.4533	8033.0000
849	850	848	0.4709	8033.0000
850	851	849	0.5573	8033.0000
851	852	850	0.5441	8033.0000
852	853	851	0.4658	8033.0000
853	854	852	0.5691	8033.0000
854	855	853	0.6571	8033.0000
855	856	854	0.4194	8033.0000
856	857	855	0.4611	8033.0000
857	858	856	0.5516	8033.0000
858	859	857	0.6263	8033.0000
859	860	858	0.4836	8033.0000
860	861	859	0.3977	8033.0000
861	862	860	0.4580	8033.0000
862	863	861	0.3392	8033.0000
863	864	862	0.4400	8033.0000
864	865	863	0.4105	8033.0000
865	866	864	0.4370	8033.0000
866	867	865	0.4247	8033.0000
867	868	866	0.4582	8033.0000
868	869	867	0.5391	8033.0000
869	870	868	0.3095	8033.0000
870	871	869	0.4650	8033.0000
871	872	870	0.5853	8033.0000
872	873	871	0.4372	8033.0000
873	874	872	0.3336	8033.0000
874	875	873	0.6632	8033.0000
875	876	874	0.4916	8033.0000
876	877	875	0.5364	8033.0000
877	878	876	0.4473	8033.0000
878	879	877	0.4815	8033.0000
879	880	878	0.5345	8033.0000
880	881	879	0.4097	8033.0000
881	882	880	0.3674	8033.0000
882	883	881	0.3481	8033.0000
883	884	882	0.5983	8033.0000
884	885	883	0.8563	8033.0000
885	886	884	0.4148	8033.0000
886	887	885	0.3580	8033.0000
887	888	886	0.4178	8033.0000
888	889	887	0.6690	8033.0000
889	890	888	0.5436	8033.0000
890	891	889	0.3349	8033.0000
891	892	890	0.6377	8033.0000
892	893	891	0.5267	8033.0000
893	894	892	0.4809	8033.0000
894	895	893	0.6286	8033.0000
895	896	894	0.4593	8033.0000
896	897	895	0.5486	8033.0000
897	898	896	0.5824	8033.0000
898	899	897	0.7629	8033.0000
899	900	898	0.5447	8033.0000
900	901	899	0.3872	8033.0000
901	902	900	0.4778	8033.0000
902	903	901	0.5330	8033.0000
903	904	902	0.4703	8033.0000
904	905	903	0.4323	8033.0000
905	906	904	0.4768	8033.0000
906	907	905	0.4859	8033.0000
907	908	906	0.4627	8033.0000
908	909	907	0.4576	8033.0000
909	910	908	0.6739	8033.0000
910	911	909	0.4414	8033.0000
911	912	910	0.6747	8033.0000
912	913	911	0.6168	8033.0000
913	914	912	0.7637	8033.0000
914	915	913	0.5570	8033.0000
915	916	914	0.4689	8033.0000
916	917	915	0.3912	8033.0000
917	918	916	0.4087	8033.0000
918	919	917	0.4098	8033.0000
919	920	918	0.4106	8033.0000
920	921	919	0.4159	8033.0000
921	922	920	0.4536	8033.0000
922	923	921	0.4473	8033.0000
923	924	922	0.3543	8033.0000
924	925	923	0.3961	8033.0000
925	926	924	0.4548	8033.0000
926	927	925	0.5904	8033.0000
927	928	926	0.4932	8033.0000
928	929	927	0.3856	8033.0000
929	930	928	0.5308	8033.0000
930	931	929	0.4077	8033.0000
931	932	930	0.5312	8033.0000
932	933	931	0.7031	8033.0000
933	934	932	0.4011	8033.0000
934	935	933	0.5360	8033.0000
935	936	934	0.4909	8033.0000
936	937	935	0.4481	8033.0000
937	938	936	0.4641	8033.0000
938	939	937	0.4096	8033.0000
939	940	938	0.4037	8033.0000
940	941	939	0.3950	8033.0000
941	942	940	0.5927	8033.0000
942	943	941	0.5167	8033.0000
943	944	942	0.6009	8033.0000
944	945	943	0.4157	8033.0000
945	946	944	0.6570	8033.0000
946	947	945	0.4804	8033.0000
947	948	946	0.6337	8033.0000
948	949	947	0.6610	8033.0000
949	950	948	0.5372	8033.0000
950	951	949	0.4496	8033.0000
951	952	950	0.3956	8033.0000
952	953	951	0.5536	8033.0000
953	954	952	0.4728	8033.0000
954	955	953	0.4877	8033.0000
955	956	954	0.5590	8033.0000
956	957	955	0.5713	8033.0000
957	958	956	0.5126	8033.0000
958	959	957	0.6316	8033.0000
959	960	958	0.4934	8033.0000
960	961	959	0.4712	8033.0000
961	962	960	0.3936	8033.0000
962	963	961	0.4347	8033.0000
963	964	962	0.5250	8033.0000
964	965	963	0.6490	8033.0000
965	966	964	0.4919	8033.0000
966	967	965	0.4405	8033.0000
967	968	966	0.4875	8033.0000
968	969	967	0.5171	8033.0000
969	970	968	0.4576	8033.0000
970	971	969	0.5663	8033.0000
971	972	970	0.4055	8033.0000
972	973	971	0.5047	8033.0000
973	974	972	0.3865	8033.0000
974	975	973	0.4821	8033.0000
975	976	974	0.5394	8033.0000
976	977	975	0.4427	8033.0000
977	978	976	0.4134	8033.0000
978	979	977	0.7288	8033.0000
979	980	978	0.3800	8033.0000
980	981	979	0.3800	8033.0000
981	982	980	0.3800	8033.0000
982	983	981	0.3800	8033.0000
983	984	982	0.3800	8033.0000
984	985	983	0.3800	8033.0000
985	986	984	0.3800	8033.0000
986	987	985	0.3800	8033.0000
987	988	986	0.3800	8033.0000
988	989	987	0.3800	8033.0000
989	990	988	0.3800	8033.0000
990	991	989	0.3800	8033.0000
991	992	990	0.3800	8033.0000
992	993	991	0.3800	8033.0000
993	994	992	0.3800	8033.0000
994	995	993	0.3800	8033.0000
995	996	994	0.3800	8033.0000
996	997	995	0.3800	8033.0000
997	998	996	0.3800	8033.0000
998	999	997	0.3800	8033.0000
999	1000	998	0.3800	8033.0000
1000	1001	999	0.3800	8033.0000
1001	1002	1000	0.3800	8033.0000
1002	1003	1001	0.3800	8033.0000
1003	1004	1002	0.3800	8033.0000
1004	1005	1003	0.3800	8033.0000
1005	1006	1004	0.3800	8033.0000
1006	1007	1005	0.3664	8033.0000
1007	1008	1006	0.4064	8033.0000
1008	1009	1007	0.4703	8033.0000
1009	1010	1008	0.3995	8033.0000
1010	1011	1009	0.3652	8033.0000
1011	1012	1010	0.4237	8033.0000
1012	1013	1011	0.3502	8033.0000
1013	1014	1012	0.4111	8033.0000
1014	1015	1013	0.5496	8033.0000
1015	1016	1014	0.5366	8033.0000
1016	1017	1015	0.5598	8033.0000
1017	1018	1016	0.5422	8033.0000
1018	1019	1017	0.4527	8033.0000
1019	1020	1018	0.4974	8033.0000
1020	1021	1019	0.6677	8033.0000
1021	1022	1020	0.3554	8033.0000
1022	1023	1021	0.4034	8033.0000
1023	1024	1022	0.4090	8033.0000
1024	1025	1023	0.4031	8033.0000
1025	1026	1024	0.4742	8033.0000
1026	1027	1025	0.4530	8033.0000
1027	1028	1026	0.5680	8033.0000
1028	1029	1027	0.4630	8033.0000
1029	1030	1028	0.4847	8033.0000
1030	1031	1029	0.4300	8033.0000
1031	1032	1030	0.4272	8033.0000
1032	1033	1031	0.4967	8033.0000
1033	1034	1032	0.3999	8033.0000
1034	1035	1033	0.3929	8033.0000
1035	1036	1034	0.3679	8033.0000
1036	1037	1035	0.4902	8033.0000
1037	1038	1036	0.5188	8033.0000
1038	1039	1037	0.4643	8033.0000
1039	1040	1038	0.5173	8033.0000
1040	1041	1039	0.4683	8033.0000
1041	1042	1040	0.5018	8033.0000
1042	1043	1041	0.4961	8033.0000
1043	1044	1042	0.6350	8033.0000
1044	1045	1043	0.3477	8033.0000
1045	1046	1044	0.4646	8033.0000
1046	1047	1045	0.4254	8033.0000
1047	1048	1046	0.5279	8033.0000
1048	1049	1047	0.4706	8033.0000
1049	1050	1048	0.4350	8033.0000
1050	1051	1049	0.5473	8033.0000
1051	1052	1050	0.5022	8033.0000
1052	1053	1051	0.6680	8033.0000
1053	1054	1052	0.4797	8033.0000
1054	1055	1053	0.3167	8033.0000
1055	1056	1054	0.3557	8033.0000
1056	1057	1055	0.3593	8033.0000
1057	1058	1056	0.5799	8033.0000
1058	1059	1057	0.5230	8033.0000
1059	1060	1058	0.5546	8033.0000
1060	1061	1059	0.6411	8033.0000
1061	1062	1060	0.5464	8033.0000
1062	1063	1061	0.4401	8033.0000
1063	1064	1062	0.5044	8033.0000
1064	1065	1063	0.4453	8033.0000
1065	1066	1064	0.4177	8033.0000
1066	1067	1065	0.4266	8033.0000
1067	1068	1066	0.5590	8033.0000
1068	1069	1067	0.3552	8033.0000
1069	1070	1068	0.3949	8033.0000
1070	1071	1069	0.4029	8033.0000
1071	1072	1070	0.4215	8033.0000
1072	1073	1071	0.4868	8033.0000
1073	1074	1072	0.5620	8033.0000
1074	1075	1073	0.3553	8033.0000
1075	1076	1074	0.4423	8033.0000
1076	1077	1075	0.4329	8033.0000
1077	1078	1076	0.6013	8033.0000
1078	1079	1077	0.4591	8033.0000
1079	1080	1078	0.3747	8033.0000
1080	1081	1079	0.4345	8033.0000
1081	1082	1080	0.4919	8033.0000
1082	1083	1081	0.6034	8033.0000
1083	1084	1082	0.5067	8033.0000
1084	1085	1083	0.4869	8033.0000
1085	1086	1084	0.5078	8033.0000
1086	1087	1085	0.5853	8033.0000
1087	1088	1086	0.5186	8033.0000
1088	1089	1087	0.6107	8033.0000
1089	1090	1088	0.4421	8033.0000
1090	1091	1089	0.5006	8033.0000
1091	1092	1090	0.5584	8033.0000
1092	1093	1091	0.4533	8033.0000
1093	1094	1092	0.4009	8033.0000
1094	1095	1093	0.3530	8033.0000
1095	1096	1094	0.5250	8033.0000
1096	1097	1095	0.7342	8033.0000
1097	1098	1096	0.6715	8033.0000
1098	1099	1097	0.6660	8033.0000
1099	1100	1098	0.4920	8033.0000
1100	1101	1099	0.3372	8033.0000
1101	1102	1100	0.4184	8033.0000
1102	1103	1101	0.4441	8033.0000
1103	1104	1102	0.3849	8033.0000
1104	1105	1103	0.4379	8033.0000
1105	1106	1104	0.6149	8033.0000
1106	1107	1105	0.5059	8033.0000
1107	1108	1106	0.5339	8033.0000
1108	1109	1107	0.5852	8033.0000
1109	1110	1108	0.5042	8033.0000
1110	1111	1109	0.5293	8033.0000
1111	1112	1110	0.4648	8033.0000
1112	1113	1111	0.5671	8033.0000
1113	1114	1112	0.6304	8033.0000
1114	1115	1113	0.4798	8033.0000
1115	1116	1114	0.5156	8033.0000
1116	1117	1115	0.5642	8033.0000
1117	1118	1116	0.5475	8033.0000
1118	1119	1117	0.4640	8033.0000
1119	1120	1118	0.5253	8033.0000
1120	1121	1119	0.5026	8033.0000
1121	1122	1120	0.3976	8033.0000
1122	1123	1121	0.4750	8033.0000
1123	1124	1122	0.4267	8033.0000
1124	1125	1123	0.5443	8033.0000
1125	1126	1124	0.5273	8033.0000
1126	1127	1125	0.4666	8033.0000
1127	1128	1126	0.3934	8033.0000
1128	1129	1127	0.4183	8033.0000
1129	1130	1128	0.4939	8033.0000
1130	1131	1129	0.4327	8033.0000
1131	1132	1130	0.4103	8033.0000
1132	1133	1131	0.4675	8033.0000
1133	1134	1132	0.3685	8033.0000
1134	1135	1133	0.3938	8033.0000
1135	1136	1134	0.4005	8033.0000
1136	1137	1135	0.5030	8033.0000
1137	1138	1136	0.4863	8033.0000
1138	1139	1137	0.4252	8033.0000
1139	1140	1138	0.4758	8033.0000
1140	1141	1139	0.5264	8033.0000
1141	1142	1140	0.5691	8033.0000
1142	1143	1141	0.4056	8033.0000
1143	1144	1142	0.6116	8033.0000
1144	1145	1143	0.4492	8033.0000
1145	1146	1144	0.4996	8033.0000
1146	1147	1145	0.5483	8033.0000
1147	1148	1146	0.4626	8033.0000
1148	1149	1147	0.4444	8033.0000
1149	1150	1148	0.4503	8033.0000
1150	1151	1149	0.4929	8033.0000
1151	1152	1150	0.5159	8033.0000
1152	1153	1151	0.4944	8033.0000
1153	1154	1152	0.6260	8033.0000
1154	1155	1153	0.6846	8033.0000
1155	1156	1154	0.4939	8033.0000
1156	1157	1155	0.3898	8033.0000
1157	1158	1156	0.4719	8033.0000
1158	1159	1157	0.4950	8033.0000
1159	1160	1158	0.5760	8033.0000
1160	1161	1159	0.5636	8033.0000
1161	1162	1160	0.5510	8033.0000
1162	1163	1161	0.5216	8033.0000
1163	1164	1162	0.4738	8033.0000
1164	1165	1163	0.5023	8033.0000
1165	1166	1164	0.4904	8033.0000
1166	1167	1165	0.5442	8033.0000
1167	1168	1166	0.4566	8033.0000
1168	1169	1167	0.5883	8033.0000
1169	1170	1168	0.6104	8033.0000
1170	1171	1169	0.4814	8033.0000
1171	1172	1170	0.6114	8033.0000
1172	1173	1171	0.3700	8033.0000
1173	1174	1172	0.4336	8033.0000
1174	1175	1173	0.4720	8033.0000
1175	1176	1174	0.5076	8033.0000
1176	1177	1175	0.6028	8033.0000
1177	1178	1176	0.5318	8033.0000
1178	1179	1177	0.5199	8033.0000
1179	1180	1178	0.5270	8033.0000
1180	1181	1179	0.4635	8033.0000
1181	1182	1180	0.4405	8033.0000
1182	1183	1181	0.5766	8033.0000
1183	1184	1182	0.4207	8033.0000
1184	1185	1183	0.5854	8033.0000
1185	1186	1184	0.5525	8033.0000
1186	1187	1185	0.5687	8033.0000
1187	1188	1186	0.5812	8033.0000
1188	1189	1187	0.4843	8033.0000
1189	1190	1188	0.6501	8033.0000
1190	1191	1189	0.3866	8033.0000
1191	1192	1190	0.3800	8033.0000
1192	1193	1191	0.3800	8033.0000
1193	1194	1192	0.3800	8033.0000
1194	1195	1193	0.3800	8033.0000
1195	1196	1194	0.3800	8033.0000
1196	1197	1195	0.3800	8033.0000
1197	1198	1196	0.3800	8033.0000
1198	1199	1197	0.3800	8033.0000
1199	1200	1198	0.3800	8033.0000
1200	1201	1199	0.3800	8033.0000
1201	1202	1200	0.3800	8033.0000
1202	1203	1201	0.3800	8033.0000
1203	1204	1202	0.3800	8033.0000
1204	1205	1203	0.3800	8033.0000
1205	1206	1204	0.3800	8033.0000
1206	1207	1205	0.3800	8033.0000
1207	1208	1206	0.3800	8033.0000
1208	1209	1207	0.3800	8033.0000
1209	1210	1208	0.3800	8033.0000
1210	1211	1209	0.3800	8033.0000
1211	1212	1210	0.3800	8033.0000
1212	1213	1211	0.3800	8033.0000
1213	1214	1212	0.3800	8033.0000
1214	1215	1213	0.3800	8033.0000
1215	1216	1214	0.3800	8033.0000
1216	1217	1215	0.3800	8033.0000
1217	1218	1216	0.3800	8033.0000
1218	1219	1217	0.3558	8033.0000
1219	1220	1218	0.4512	8033.0000
1220	1221	1219	0.7407	8033.0000
1221	1222	1220	0.5844	8033.0000
1222	1223	1221	0.5836	8033.0000
1223	1224	1222	0.5099	8033.0000
1224	1225	1223	0.4373	8033.0000
1225	1226	1224	0.3856	8033.0000
1226	1227	1225	0.3985	8033.0000
1227	1228	1226	0.4778	8033.0000
1228	1229	1227	0.6284	8033.0000
1229	1230	1228	0.5223	8033.0000
1230	1231	1229	0.5191	8033.0000
1231	1232	1230	0.4137	8033.0000
1232	1233	1231	0.3992	8033.0000
1233	1234	1232	0.3931	8033.0000
1234	1235	1233	0.4639	8033.0000
1235	1236	1234	0.4781	8033.0000
1236	1237	1235	0.4518	8033.0000
1237	1238	1236	0.4408	8033.0000
1238	1239	1237	0.5693	8033.0000
1239	1240	1238	0.5901	8033.0000
1240	1241	1239	0.4750	8033.0000
1241	1242	1240	0.4188	8033.0000
1242	1243	1241	0.4838	8033.0000
1243	1244	1242	0.4428	8033.0000
1244	1245	1243	0.4636	8033.0000
1245	1246	1244	0.4981	8033.0000
1246	1247	1245	0.4123	8033.0000
1247	1248	1246	0.4231	8033.0000
1248	1249	1247	0.3578	8033.0000
1249	1250	1248	0.4887	8033.0000
1250	1251	1249	0.4717	8033.0000
1251	1252	1250	0.4521	8033.0000
1252	1253	1251	0.6358	8033.0000
1253	1254	1252	0.5003	8033.0000
1254	1255	1253	0.5197	8033.0000
1255	1256	1254	0.5661	8033.0000
1256	1257	1255	0.3364	8033.0000
1257	1258	1256	0.3962	8033.0000
1258	1259	1257	0.4438	8033.0000
1259	1260	1258	0.5486	8033.0000
1260	1261	1259	0.4518	8033.0000
1261	1262	1260	0.4007	8033.0000
1262	1263	1261	0.4622	8033.0000
1263	1264	1262	0.5405	8033.0000
1264	1265	1263	0.5184	8033.0000
1265	1266	1264	0.4650	8033.0000
1266	1267	1265	0.3283	8033.0000
1267	1268	1266	0.4788	8033.0000
1268	1269	1267	0.5226	8033.0000
1269	1270	1268	0.5079	8033.0000
1270	1271	1269	0.5067	8033.0000
1271	1272	1270	0.5770	8033.0000
1272	1273	1271	0.7263	8033.0000
1273	1274	1272	0.5258	8033.0000
1274	1275	1273	0.4127	8033.0000
1275	1276	1274	0.4775	8033.0000
1276	1277	1275	0.5613	8033.0000
1277	1278	1276	0.5308	8033.0000
1278	1279	1277	0.4419	8033.0000
1279	1280	1278	0.5519	8033.0000
1280	1281	1279	0.8027	8033.0000
1281	1282	1280	0.6651	8033.0000
1282	1283	1281	0.5014	8033.0000
1283	1284	1282	0.5091	8033.0000
1284	1285	1283	0.5626	8033.0000
1285	1286	1284	0.5460	8033.0000
1286	1287	1285	0.4781	8033.0000
1287	1288	1286	0.4597	8033.0000
1288	1289	1287	0.3250	8033.0000
1289	1290	1288	0.3629	8033.0000
1290	1291	1289	0.2972	8033.0000
1291	1292	1290	0.4297	8033.0000
1292	1293	1291	0.5941	8033.0000
1293	1294	1292	0.6050	8033.0000
1294	1295	1293	0.6957	8033.0000
1295	1296	1294	0.5116	8033.0000
1296	1297	1295	0.4860	8033.0000
1297	1298	1296	0.4925	8033.0000
1298	1299	1297	0.4922	8033.0000
1299	1300	1298	0.4865	8033.0000
1300	1301	1299	0.5611	8033.0000
1301	1302	1300	0.4557	8033.0000
1302	1303	1301	0.4511	8033.0000
1303	1304	1302	0.3421	8033.0000
1304	1305	1303	0.3469	8033.0000
1305	1306	1304	0.5301	8033.0000
1306	1307	1305	0.4210	8033.0000
1307	1308	1306	0.5646	8033.0000
1308	1309	1307	0.5118	8033.0000
1309	1310	1308	0.3792	8033.0000
1310	1311	1309	0.4311	8033.0000
1311	1312	1310	0.4129	8033.0000
1312	1313	1311	0.4039	8033.0000
1313	1314	1312	0.4327	8033.0000
1314	1315	1313	0.4340	8033.0000
1315	1316	1314	0.5285	8033.0000
1316	1317	1315	0.5895	8033.0000
1317	1318	1316	0.4932	8033.0000
1318	1319	1317	0.5476	8033.0000
1319	1320	1318	0.5740	8033.0000
1320	1321	1319	0.5494	8033.0000
1321	1322	1320	0.5807	8033.0000
1322	1323	1321	0.5465	8033.0000
1323	1324	1322	0.6196	8033.0000
1324	1325	1323	0.3689	8033.0000
1325	1326	1324	0.4392	8033.0000
1326	1327	1325	0.4619	8033.0000
1327	1328	1326	0.4913	8033.0000
1328	1329	1327	0.3895	8033.0000
1329	1330	1328	0.4054	8033.0000
1330	1331	1329	0.4190	8033.0000
1331	1332	1330	0.4761	8033.0000
1332	1333	1331	0.3644	8033.0000
1333	1334	1332	0.3893	8033.0000
1334	1335	1333	0.4047	8033.0000
1335	1336	1334	0.4995	8033.0000
1336	1337	1335	0.4293	8033.0000
1337	1338	1336	0.6526	8033.0000
1338	1339	1337	0.6482	8033.0000
1339	1340	1338	0.3789	8033.0000
1340	1341	1339	0.4600	8033.0000
1341	1342	1340	0.5408	8033.0000
1342	1343	1341	0.5678	8033.0000
1343	1344	1342	0.4017	8033.0000
1344	1345	1343	0.4440	8033.0000
1345	1346	1344	0.5232	8033.0000
1346	1347	1345	0.4031	8033.0000
1347	1348	1346	0.4708	8033.0000
1348	1349	1347	0.4695	8033.0000
1349	1350	1348	0.4794	8033.0000
1350	1351	1349	0.3984	8033.0000
1351	1352	1350	0.5748	8033.0000
1352	1353	1351	0.4604	8033.0000
1353	1354	1352	0.6515	8033.0000
1354	1355	1353	0.4818	8033.0000
1355	1356	1354	0.4961	8033.0000
1356	1357	1355	0.5374	8033.0000
1357	1358	1356	0.5443	8033.0000
1358	1359	1357	0.3426	8033.0000
1359	1360	1358	0.4225	8033.0000
1360	1361	1359	0.4497	8033.0000
1361	1362	1360	0.5052	8033.0000
1362	1363	1361	0.4244	8033.0000
1363	1364	1362	0.4893	8033.0000
1364	1365	1363	0.6334	8033.0000
1365	1366	1364	0.4694	8033.0000
1366	1367	1365	0.5737	8033.0000
1367	1368	1366	0.4666	8033.0000
1368	1369	1367	0.4385	8033.0000
1369	1370	1368	0.4447	8033.0000
1370	1371	1369	0.6303	8033.0000
1371	1372	1370	0.4868	8033.0000
1372	1373	1371	0.4436	8033.0000
1373	1374	1372	0.4631	8033.0000
1374	1375	1373	0.5347	8033.0000
1375	1376	1374	0.4945	8033.0000
1376	1377	1375	0.4419	8033.0000
1377	1378	1376	0.5069	8033.0000
1378	1379	1377	0.4743	8033.0000
1379	1380	1378	0.7916	8033.0000
1380	1381	1379	0.4672	8033.0000
1381	1382	1380	0.3907	8033.0000
1382	1383	1381	0.5622	8033.0000
1383	1384	1382	0.5590	8033.0000
1384	1385	1383	0.6259	8033.0000
1385	1386	1384	0.5600	8033.0000
1386	1387	1385	0.7866	8033.0000
1387	1388	1386	0.3800	8033.0000
1388	1389	1387	0.3800	8033.0000
1389	1390	1388	0.3800	8033.0000
1390	1391	1389	0.3800	8033.0000
1391	1392	1390	0.3800	8033.0000
1392	1393	1391	0.3800	8033.0000
1393	1394	1392	0.3800	8033.0000
1394	1395	1393	0.3800	8033.0000
1395	1396	1394	0.3800	8033.0000
1396	1397	1395	0.3800	8033.0000
1397	1398	1396	0.3800	8033.0000
1398	1399	1397	0.3800	8033.0000
1399	1400	1398	0.3800	8033.0000
1400	1401	1399	0.3800	8033.0000
1401	1402	1400	0.3800	8033.0000
1402	1403	1401	0.3800	8033.0000
1403	1404	1402	0.3800	8033.0000
1404	1405	1403	0.3800	8033.0000
1405	1406	1404	0.3800	8033.0000
1406	1407	1405	0.3800	8033.0000
1407	1408	1406	0.3800	8033.0000
1408	1409	1407	0.3800	8033.0000
1409	1410	1408	0.3800	8033.0000
1410	1411	1409	0.3800	8033.0000
1411	1412	1410	0.3800	8033.0000
1412	1413	1411	0.3800	8033.0000
1413	1414	1412	0.3800	8033.0000
1414	1415	1413	0.3800	8033.0000
1415	1416	1414	0.3800	8033.0000
1416	1417	1415	0.3800	8033.0000
1417	1418	1416	0.3800	8033.0000
1418	1419	1417	0.3800	8033.0000
1419	1420	1418	0.3800	8033.0000
1420	1421	1419	0.3800	8033.0000
1421	1422	1420	0.3800	8033.0000
1422	1423	1421	0.3800	8033.0000
1423	1424	1422	0.3800	8033.0000
1424	1425	1423	0.3800	8033.0000
1425	1426	1424	0.3800	8033.0000
1426	1427	1425	0.3928	8033.0000
1427	1428	1426	0.4022	8033.0000
1428	1429	1427	0.4471	8033.0000
1429	1430	1428	0.7198	8033.0000
1430	1431	1429	0.5917	8033.0000
1431	1432	1430	0.4477	8033.0000
1432	1433	1431	0.4148	8033.0000
1433	1434	1432	0.5120	8033.0000
1434	1435	1433	0.4610	8033.0000
1435	1436	1434	0.4496	8033.0000
1436	1437	1435	0.4174	8033.0000
1437	1438	1436	0.4096	8033.0000
1438	1439	1437	0.4797	8033.0000
1439	1440	1438	0.4781	8033.0000
1440	1441	1439	0.5620	8033.0000
1441	1442	1440	0.6223	8033.0000
1442	1443	1441	0.3995	8033.0000
1443	1444	1442	0.4713	8033.0000
1444	1445	1443	0.6212	8033.0000
1445	1446	1444	0.5063	8033.0000
1446	1447	1445	0.4861	8033.0000
1447	1448	1446	0.5249	8033.0000
1448	1449	1447	0.5535	8033.0000
1449	1450	1448	0.4618	8033.0000
1450	1451	1449	0.5585	8033.0000
1451	1452	1450	0.5497	8033.0000
1452	1453	1451	0.6202	8033.0000
1453	1454	1452	0.5361	8033.0000
1454	1455	1453	0.5398	8033.0000
1455	1456	1454	0.3577	8033.0000
1456	1457	1455	0.6527	8033.0000
1457	1458	1456	0.4030	8033.0000
1458	1459	1457	0.4587	8033.0000
1459	1460	1458	0.5236	8033.0000
1460	1461	1459	0.5703	8033.0000
1461	1462	1460	0.4880	8033.0000
1462	1463	1461	0.5328	8033.0000
1463	1464	1462	0.4995	8033.0000
1464	1465	1463	0.5167	8033.0000
1465	1466	1464	0.5141	8033.0000
1466	1467	1465	0.5452	8033.0000
1467	1468	1466	0.5713	8033.0000
1468	1469	1467	0.5257	8033.0000
1469	1470	1468	0.6417	8033.0000
1470	1471	1469	0.4070	8033.0000
1471	1472	1470	0.6017	8033.0000
1472	1473	1471	0.6849	8033.0000
1473	1474	1472	0.5669	8033.0000
1474	1475	1473	0.5457	8033.0000
1475	1476	1474	0.4917	8033.0000
1476	1477	1475	0.5517	8033.0000
1477	1478	1476	0.5468	8033.0000
1478	1479	1477	0.5861	8033.0000
1479	1480	1478	0.5080	8033.0000
1480	1481	1479	0.6794	8033.0000
1481	1482	1480	0.4330	8033.0000
1482	1483	1481	0.5018	8033.0000
1483	1484	1482	0.5150	8033.0000
1484	1485	1483	0.5152	8033.0000
1485	1486	1484	0.4483	8033.0000
1486	1487	1485	0.4572	8033.0000
1487	1488	1486	0.4375	8033.0000
1488	1489	1487	0.5422	8033.0000
1489	1490	1488	0.4763	8033.0000
1490	1491	1489	0.5967	8033.0000
1491	1492	1490	0.5567	8033.0000
1492	1493	1491	0.5802	8033.0000
1493	1494	1492	0.4837	8033.0000
1494	1495	1493	0.4487	8033.0000
1495	1496	1494	0.5174	8033.0000
1496	1497	1495	0.5639	8033.0000
1497	1498	1496	0.4853	8033.0000
1498	1499	1497	0.3982	8033.0000
1499	1500	1498	0.3898	8033.0000
1500	1501	1499	0.4371	8033.0000
1501	1502	1500	0.5843	8033.0000
1502	1503	1501	0.3842	8033.0000
1503	1504	1502	0.5097	8033.0000
1504	1505	1503	0.4406	8033.0000
1505	1506	1504	0.6637	8033.0000
1506	1507	1505	0.4679	8033.0000
1507	1508	1506	0.5467	8033.0000
1508	1509	1507	0.3781	8033.0000
1509	1510	1508	0.5509	8033.0000
1510	1511	1509	0.5601	8033.0000
1511	1512	1510	0.5177	8033.0000
1512	1513	1511	0.5248	8033.0000
1513	1514	1512	0.4875	8033.0000
1514	1515	1513	0.4989	8033.0000
1515	1516	1514	0.5926	8033.0000
1516	1517	1515	0.6593	8033.0000
1517	1518	1516	0.4995	8033.0000
1518	1519	1517	0.5777	8033.0000
1519	1520	1518	0.5547	8033.0000
1520	1521	1519	0.4639	8033.0000
1521	1522	1520	0.4802	8033.0000
1522	1523	1521	0.5897	8033.0000
1523	1524	1522	0.5701	8033.0000
1524	1525	1523	0.6355	8033.0000
1525	1526	1524	0.5047	8033.0000
1526	1527	1525	0.6223	8033.0000
1527	1528	1526	0.5491	8033.0000
1528	1529	1527	0.3838	8033.0000
1529	1530	1528	0.4780	8033.0000
1530	1531	1529	0.4819	8033.0000
1531	1532	1530	0.4533	8033.0000
1532	1533	1531	0.5077	8033.0000
1533	1534	1532	0.4366	8033.0000
1534	1535	1533	0.5509	8033.0000
1535	1536	1534	0.5748	8033.0000
1536	1537	1535	0.6437	8033.0000
1537	1538	1536	0.6481	8033.0000
1538	1539	1537	0.6062	8033.0000
1539	1540	1538	0.5451	8033.0000
1540	1541	1539	0.5680	8033.0000
1541	1542	1540	0.3858	8033.0000
1542	1543	1541	0.5409	8033.0000
1543	1544	1542	0.5061	8033.0000
1544	1545	1543	0.4269	8033.0000
1545	1546	1544	0.4316	8033.0000
1546	1547	1545	0.5325	8033.0000
1547	1548	1546	0.5310	8033.0000
1548	1549	1547	0.5335	8033.0000
1549	1550	1548	0.5104	8033.0000
1550	1551	1549	0.4373	8033.0000
1551	1552	1550	0.5395	8033.0000
1552	1553	1551	0.5058	8033.0000
1553	1554	1552	0.5091	8033.0000
1554	1555	1553	0.5631	8033.0000
1555	1556	1554	0.4958	8033.0000
1556	1557	1555	0.5569	8033.0000
1557	1558	1556	0.5157	8033.0000
1558	1559	1557	0.4768	8033.0000
1559	1560	1558	0.6068	8033.0000
1560	1561	1559	0.6850	8033.0000
1561	1562	1560	0.5099	8033.0000
1562	1563	1561	0.6164	8033.0000
1563	1564	1562	0.6462	8033.0000
1564	1565	1563	0.6296	8033.0000
1565	1566	1564	0.5082	8033.0000
1566	1567	1565	0.4457	8033.0000
1567	1568	1566	0.4218	8033.0000
1568	1569	1567	0.4828	8033.0000
1569	1570	1568	0.4968	8033.0000
1570	1571	1569	0.5766	8033.0000
1571	1572	1570	0.4418	8033.0000
1572	1573	1571	0.5070	8033.0000
1573	1574	1572	0.6428	8033.0000
1574	1575	1573	0.6798	8033.0000
1575	1576	1574	0.5972	8033.0000
1576	1577	1575	0.6047	8033.0000
1577	1578	1576	0.4491	8033.0000
1578	1579	1577	0.4965	8033.0000
1579	1580	1578	0.4654	8033.0000
1580	1581	1579	0.4862	8033.0000
1581	1582	1580	0.4917	8033.0000
1582	1583	1581	0.5125	8033.0000
1583	1584	1582	0.6355	8033.0000
1584	1585	1583	0.4164	8033.0000
1585	1586	1584	0.3992	8033.0000
1586	1587	1585	0.4649	8033.0000
1587	1588	1586	0.4137	8033.0000
1588	1589	1587	0.4591	8033.0000
1589	1590	1588	0.5594	8033.0000
1590	1591	1589	0.3763	8033.0000
1591	1592	1590	0.5380	8033.0000
1592	1593	1591	0.4339	8033.0000
1593	1594	1592	0.4701	8033.0000
1594	1595	1593	0.4042	8033.0000
1595	1596	1594	0.4958	8033.0000
1596	1597	1595	0.7200	8033.0000
1597	1598	1596	0.5073	8033.0000
1598	1599	1597	0.4815	8033.0000
1599	1600	1598	0.5239	8033.0000
1600	1601	1599	0.3800	8033.0000
1601	1602	1600	0.3800	8033.0000
1602	1603	1601	0.3800	8033.0000
1603	1604	1602	0.3800	8033.0000
1604	1605	1603	0.3800	8033.0000
1605	1606	1604	0.3800	8033.0000
1606	1607	1605	0.3800	8033.0000
1607	1608	1606	0.3800	8033.0000
1608	1609	1607	0.3800	8033.0000
1609	1610	1608	0.3800	8033.0000
1610	1611	1609	0.3800	8033.0000
1611	1612	1610	0.3800	8033.0000
1612	1613	1611	0.3800	8033.0000
1613	1614	1612	0.3800	8033.0000
1614	1615	1613	0.3800	8033.0000
1615	1616	1614	0.3800	8033.0000
1616	1617	1615	0.3800	8033.0000
1617	1618	1616	0.4247	8033.0000
1618	1619	1617	0.4356	8033.0000
1619	1620	1618	0.4420	8033.0000
1620	1621	1619	0.5528	8033.0000
1621	1622	1620	0.4945	8033.0000
1622	1623	1621	0.4846	8033.0000
1623	1624	1622	0.4370	8033.0000
1624	1625	1623	0.4252	8033.0000
1625	1626	1624	0.3758	8033.0000
1626	1627	1625	0.4522	8033.0000
1627	1628	1626	0.5248	8033.0000
1628	1629	1627	0.6927	8033.0000
1629	1630	1628	0.4703	8033.0000
1630	1631	1629	0.5044	8033.0000
1631	1632	1630	0.4379	8033.0000
1632	1633	1631	0.4050	8033.0000
1633	1634	1632	0.3892	8033.0000
1634	1635	1633	0.4282	8033.0000
1635	1636	1634	0.7098	8033.0000
1636	1637	1635	0.4551	8033.0000
1637	1638	1636	0.5789	8033.0000
1638	1639	1637	0.5224	8033.0000
1639	1640	1638	0.4083	8033.0000
1640	1641	1639	0.4904	8033.0000
1641	1642	1640	0.4408	8033.0000
1642	1643	1641	0.3744	8033.0000
1643	1644	1642	0.7923	8033.0000
1644	1645	1643	0.5454	8033.0000
1645	1646	1644	0.5528	8033.0000
1646	1647	1645	0.5073	8033.0000
1647	1648	1646	0.5092	8033.0000
1648	1649	1647	0.5131	8033.0000
1649	1650	1648	0.7147	8033.0000
1650	1651	1649	0.5571	8033.0000
1651	1652	1650	0.5209	8033.0000
1652	1653	1651	0.6356	8033.0000
1653	1654	1652	0.3991	8033.0000
1654	1655	1653	0.4240	8033.0000
1655	1656	1654	0.5071	8033.0000
1656	1657	1655	0.6767	8033.0000
1657	1658	1656	0.5468	8033.0000
1658	1659	1657	0.4734	8033.0000
1659	1660	1658	0.6213	8033.0000
1660	1661	1659	0.4562	8033.0000
1661	1662	1660	0.5043	8033.0000
1662	1663	1661	0.4876	8033.0000
1663	1664	1662	0.6428	8033.0000
1664	1665	1663	0.5254	8033.0000
1665	1666	1664	0.5595	8033.0000
1666	1667	1665	0.5324	8033.0000
1667	1668	1666	0.4925	8033.0000
1668	1669	1667	0.4850	8033.0000
1669	1670	1668	0.5256	8033.0000
1670	1671	1669	0.4218	8033.0000
1671	1672	1670	0.4405	8033.0000
1672	1673	1671	0.4771	8033.0000
1673	1674	1672	0.5699	8033.0000
1674	1675	1673	0.5009	8033.0000
1675	1676	1674	0.5270	8033.0000
1676	1677	1675	0.5886	8033.0000
1677	1678	1676	0.5304	8033.0000
1678	1679	1677	0.6011	8033.0000
1679	1680	1678	0.5385	8033.0000
1680	1681	1679	0.4824	8033.0000
1681	1682	1680	0.7073	8033.0000
1682	1683	1681	0.3273	8033.0000
1683	1684	1682	0.3925	8033.0000
1684	1685	1683	0.4058	8033.0000
1685	1686	1684	0.4146	8033.0000
1686	1687	1685	0.3548	8033.0000
1687	1688	1686	0.3460	8033.0000
1688	1689	1687	0.4408	8033.0000
1689	1690	1688	0.3817	8033.0000
1690	1691	1689	0.4220	8033.0000
1691	1692	1690	0.5708	8033.0000
1692	1693	1691	0.4274	8033.0000
1693	1694	1692	0.6177	8033.0000
1694	1695	1693	0.5280	8033.0000
1695	1696	1694	0.4224	8033.0000
1696	1697	1695	0.4113	8033.0000
1697	1698	1696	0.6523	8033.0000
1698	1699	1697	0.5624	8033.0000
1699	1700	1698	0.5073	8033.0000
1700	1701	1699	0.4375	8033.0000
1701	1702	1700	0.6045	8033.0000
1702	1703	1701	0.3967	8033.0000
1703	1704	1702	0.4975	8033.0000
1704	1705	1703	0.4601	8033.0000
1705	1706	1704	0.4716	8033.0000
1706	1707	1705	0.4091	8033.0000
1707	1708	1706	0.4270	8033.0000
1708	1709	1707	0.3681	8033.0000
1709	1710	1708	0.5981	8033.0000
1710	1711	1709	0.4504	8033.0000
1711	1712	1710	0.5619	8033.0000
1712	1713	1711	0.3935	8033.0000
1713	1714	1712	0.4970	8033.0000
1714	1715	1713	0.6107	8033.0000
1715	1716	1714	0.5482	8033.0000
1716	1717	1715	0.4099	8033.0000
1717	1718	1716	0.3845	8033.0000
1718	1719	1717	0.4783	8033.0000
1719	1720	1718	0.4039	8033.0000
1720	1721	1719	0.5925	8033.0000
1721	1722	1720	0.4997	8033.0000
1722	1723	1721	0.4242	8033.0000
1723	1724	1722	0.4453	8033.0000
1724	1725	1723	0.4295	8033.0000
1725	1726	1724	0.5206	8033.0000
1726	1727	1725	0.3835	8033.0000
1727	1728	1726	0.6018	8033.0000
1728	1729	1727	0.5703	8033.0000
1729	1730	1728	0.5623	8033.0000
1730	1731	1729	0.4870	8033.0000
1731	1732	1730	0.3886	8033.0000
1732	1733	1731	0.3730	8033.0000
1733	1734	1732	0.4871	8033.0000
1734	1735	1733	0.4746	8033.0000
1735	1736	1734	0.7115	8033.0000
1736	1737	1735	0.5119	8033.0000
1737	1738	1736	0.5737	8033.0000
1738	1739	1737	0.5006	8033.0000
1739	1740	1738	0.8000	8033.0000
1740	1741	1739	0.4953	8033.0000
1741	1742	1740	0.5628	8033.0000
1742	1743	1741	0.6362	8033.0000
1743	1744	1742	0.4466	8033.0000
1744	1745	1743	0.5048	8033.0000
1745	1746	1744	0.3445	8033.0000
1746	1747	1745	0.4080	8033.0000
1747	1748	1746	0.5425	8033.0000
1748	1749	1747	0.5563	8033.0000
1749	1750	1748	0.5176	8033.0000
1750	1751	1749	0.3191	8033.0000
1751	1752	1750	0.4152	8033.0000
1752	1753	1751	0.4680	8033.0000
1753	1754	1752	0.4172	8033.0000
1754	1755	1753	0.3926	8033.0000
1755	1756	1754	0.5111	8033.0000
1756	1757	1755	0.3992	8033.0000
1757	1758	1756	0.3621	8033.0000
1758	1759	1757	0.4013	8033.0000
1759	1760	1758	0.4248	8033.0000
1760	1761	1759	0.5071	8033.0000
1761	1762	1760	0.5975	8033.0000
1762	1763	1761	0.3733	8033.0000
1763	1764	1762	0.4762	8033.0000
1764	1765	1763	0.6100	8033.0000
1765	1766	1764	0.4126	8033.0000
1766	1767	1765	0.4247	8033.0000
1767	1768	1766	0.5041	8033.0000
1768	1769	1767	0.4487	8033.0000
1769	1770	1768	0.5597	8033.0000
1770	1771	1769	0.5982	8033.0000
1771	1772	1770	0.4611	8033.0000
1772	1773	1771	0.4072	8033.0000
1773	1774	1772	0.4431	8033.0000
1774	1775	1773	0.4049	8033.0000
1775	1776	1774	0.4292	8033.0000
1776	1777	1775	0.4362	8033.0000
1777	1778	1776	0.4084	8033.0000
1778	1779	1777	0.5062	8033.0000
1779	1780	1778	0.5249	8033.0000
1780	1781	1779	0.4715	8033.0000
1781	1782	1780	0.3845	8033.0000
1782	1783	1781	0.4601	8033.0000
1783	1784	1782	0.5676	8033.0000
1784	1785	1783	0.3972	8033.0000
1785	1786	1784	0.4130	8033.0000
1786	1787	1785	0.5239	8033.0000
1787	1788	1786	0.6423	8033.0000
1788	1789	1787	0.5431	8033.0000
1789	1790	1788	0.4935	8033.0000
1790	1791	1789	0.5331	8033.0000
1791	1792	1790	0.5919	8033.0000
1792	1793	1791	0.3650	8033.0000
1793	1794	1792	0.5680	8033.0000
1794	1795	1793	0.3548	8033.0000
1795	1796	1794	0.6849	8033.0000
1796	1797	1795	0.4504	8033.0000
1797	1798	1796	0.4789	8033.0000
1798	1799	1797	0.5019	8033.0000
1799	1800	1798	0.6335	8033.0000
1800	1801	1799	0.6201	8033.0000
1802	1803	1800	0.3800	8033.0000
1803	1804	1801	0.3800	8033.0000
1804	1805	1802	0.3800	8033.0000
1805	1806	1803	0.3800	8033.0000
1806	1807	1804	0.3800	8033.0000
1807	1808	1805	0.4270	8033.0000
1808	1809	1806	0.5425	8033.0000
1809	1810	1807	0.4579	8033.0000
1810	1811	1808	0.5222	8033.0000
1811	1812	1809	0.4350	8033.0000
1812	1813	1810	0.4833	8033.0000
1813	1814	1811	0.4768	8033.0000
1814	1815	1812	0.4026	8033.0000
1815	1816	1813	0.4763	8033.0000
1816	1817	1814	0.4533	8033.0000
1817	1818	1815	0.3568	8033.0000
1818	1819	1816	0.3915	8033.0000
1819	1820	1817	0.4479	8033.0000
1820	1821	1818	0.3987	8033.0000
1821	1822	1819	0.5390	8033.0000
1822	1823	1820	0.5246	8033.0000
1823	1824	1821	0.5851	8033.0000
1824	1825	1822	0.5145	8033.0000
1825	1826	1823	0.4472	8033.0000
1826	1827	1824	0.4620	8033.0000
1827	1828	1825	0.5739	8033.0000
1828	1829	1826	0.5924	8033.0000
1829	1830	1827	0.5439	8033.0000
1830	1831	1828	0.7272	8033.0000
1831	1832	1829	0.4350	8033.0000
1832	1833	1830	0.6570	8033.0000
1833	1834	1831	0.5688	8033.0000
1834	1835	1832	0.3634	8033.0000
1835	1836	1833	0.5504	8033.0000
1836	1837	1834	0.5351	8033.0000
1837	1838	1835	0.6435	8033.0000
1838	1839	1836	0.3538	8033.0000
1839	1840	1837	0.2965	8033.0000
1840	1841	1838	0.3741	8033.0000
1841	1842	1839	0.5045	8033.0000
1842	1843	1840	0.5221	8033.0000
1843	1844	1841	0.5549	8033.0000
1844	1845	1842	0.4711	8033.0000
1845	1846	1843	0.5277	8033.0000
1846	1847	1844	0.7320	8033.0000
1847	1848	1845	0.5342	8033.0000
1848	1849	1846	0.3799	8033.0000
1849	1850	1847	0.4996	8033.0000
1850	1851	1848	0.6563	8033.0000
1851	1852	1849	0.3706	8033.0000
1852	1853	1850	0.4301	8033.0000
1853	1854	1851	0.4519	8033.0000
1854	1855	1852	0.6545	8033.0000
1855	1856	1853	0.5828	8033.0000
1856	1857	1854	0.4885	8033.0000
1857	1858	1855	0.4562	8033.0000
1858	1859	1856	0.6061	8033.0000
1859	1860	1857	0.7579	8033.0000
1860	1861	1858	0.3914	8033.0000
1861	1862	1859	0.5802	8033.0000
1862	1863	1860	0.5460	8033.0000
1863	1864	1861	0.4000	8033.0000
1864	1865	1862	0.6210	8033.0000
1865	1866	1863	0.4543	8033.0000
1866	1867	1864	0.5832	8033.0000
1867	1868	1865	0.5656	8033.0000
1868	1869	1866	0.4474	8033.0000
1869	1870	1867	0.5353	8033.0000
1870	1871	1868	0.7223	8033.0000
1871	1872	1869	0.6577	8033.0000
1872	1873	1870	0.5165	8033.0000
1873	1874	1871	0.5103	8033.0000
1874	1875	1872	0.6112	8033.0000
1875	1876	1873	0.6067	8033.0000
1876	1877	1874	0.4389	8033.0000
1877	1878	1875	0.6489	8033.0000
1878	1879	1876	0.6259	8033.0000
1879	1880	1877	0.5538	8033.0000
1880	1881	1878	0.4060	8033.0000
1881	1882	1879	0.5171	8033.0000
1882	1883	1880	0.3964	8033.0000
1883	1884	1881	0.4561	8033.0000
1884	1885	1882	0.6524	8033.0000
1885	1886	1883	0.5548	8033.0000
1886	1887	1884	0.4877	8033.0000
1887	1888	1885	0.4444	8033.0000
1888	1889	1886	0.4880	8033.0000
1889	1890	1887	0.5043	8033.0000
1890	1891	1888	0.3800	8033.0000
1891	1892	1889	0.3800	8033.0000
1892	1893	1890	0.3800	8033.0000
1893	1894	1891	0.3800	8033.0000
1894	1895	1892	0.3800	8033.0000
1895	1896	1893	0.3800	8033.0000
1896	1897	1894	0.3800	8033.0000
1897	1898	1895	0.3800	8033.0000
1898	1899	1896	0.3800	8033.0000
1899	1900	1897	0.3800	8033.0000
1900	1901	1898	0.3800	8033.0000
1901	1902	1899	0.3800	8033.0000
1902	1903	1900	0.3800	8033.0000
1903	1904	1901	0.3800	8033.0000
1904	1905	1902	0.3800	8033.0000
1905	1906	1903	0.3800	8033.0000
1906	1907	1904	0.3800	8033.0000
1907	1908	1905	0.3800	8033.0000
1908	1909	1906	0.3800	8033.0000
1909	1910	1907	0.3800	8033.0000
1910	1911	1908	0.3800	8033.0000
1911	1912	1909	0.3800	8033.0000
1912	1913	1910	0.3800	8033.0000
1913	1914	1911	0.3800	8033.0000
1914	1915	1912	0.3800	8033.0000
1915	1916	1913	0.3800	8033.0000
1916	1917	1914	0.3800	8033.0000
1917	1918	1915	0.3800	8033.0000
1918	1919	1916	0.3800	8033.0000
1919	1920	1917	0.3800	8033.0000
1920	1921	1918	0.3800	8033.0000
1921	1922	1919	0.3800	8033.0000
1922	1923	1920	0.3800	8033.0000
1923	1924	1921	0.3800	8033.0000
1924	1925	1922	0.3800	8033.0000
1925	1926	1923	0.3800	8033.0000
1926	1927	1924	0.3800	8033.0000
1927	1928	1925	0.3800	8033.0000
1928	1929	1926	0.3800	8033.0000
1929	1930	1927	0.3800	8033.0000
1930	1931	1928	0.3800	8033.0000
1931	1932	1929	0.3800	8033.0000
1932	1933	1930	0.3800	8033.0000
1933	1934	1931	0.3800	8033.0000
1934	1935	1932	0.3800	8033.0000
1935	1936	1933	0.3800	8033.0000
1936	1937	1934	0.3800	8033.0000
1937	1938	1935	0.3800	8033.0000
1938	1939	1936	0.3800	8033.0000
1939	1940	1937	0.3800	8033.0000
1940	1941	1938	0.3800	8033.0000
1941	1942	1939	0.3800	8033.0000
1942	1943	1940	0.3800	8033.0000
1943	1944	1941	0.3800	8033.0000
1944	1945	1942	0.3800	8033.0000
1945	1946	1943	0.3800	8033.0000
1946	1947	1944	0.3800	8033.0000
1947	1948	1945	0.3800	8033.0000
1948	1949	1946	0.3800	8033.0000
1949	1950	1947	0.3800	8033.0000
1950	1951	1948	0.3769	8033.0000
1951	1952	1949	0.4949	8033.0000
1952	1953	1950	0.3911	8033.0000
1953	1954	1951	0.4143	8033.0000
1954	1955	1952	0.6300	8033.0000
1955	1956	1953	0.4869	8033.0000
1956	1957	1954	0.5770	8033.0000
1957	1958	1955	0.5143	8033.0000
1958	1959	1956	0.5340	8033.0000
1959	1960	1957	0.4122	8033.0000
1960	1961	1958	0.4202	8033.0000
1961	1962	1959	0.4207	8033.0000
1962	1963	1960	0.4221	8033.0000
1963	1964	1961	0.4010	8033.0000
1964	1965	1962	0.5075	8033.0000
1965	1966	1963	0.5429	8033.0000
1966	1967	1964	0.5016	8033.0000
1967	1968	1965	0.4634	8033.0000
1968	1969	1966	0.5022	8033.0000
1969	1970	1967	0.4890	8033.0000
1970	1971	1968	0.5022	8033.0000
1971	1972	1969	0.5090	8033.0000
1972	1973	1970	0.5072	8033.0000
1973	1974	1971	0.4683	8033.0000
1974	1975	1972	0.3550	8033.0000
1975	1976	1973	0.3487	8033.0000
1976	1977	1974	0.4371	8033.0000
1977	1978	1975	0.4954	8033.0000
1978	1979	1976	0.4484	8033.0000
1979	1980	1977	0.4917	8033.0000
1980	1981	1978	0.5312	8033.0000
1981	1982	1979	0.6011	8033.0000
1982	1983	1980	0.4668	8033.0000
1983	1984	1981	0.5475	8033.0000
1984	1985	1982	0.5156	8033.0000
1985	1986	1983	0.4902	8033.0000
1986	1987	1984	0.5863	8033.0000
1987	1988	1985	0.6536	8033.0000
1988	1989	1986	0.4514	8033.0000
1989	1990	1987	0.6066	8033.0000
1990	1991	1988	0.5182	8033.0000
1991	1992	1989	0.3843	8033.0000
1992	1993	1990	0.4007	8033.0000
1993	1994	1991	0.4304	8033.0000
1994	1995	1992	0.4398	8033.0000
1995	1996	1993	0.4777	8033.0000
1996	1997	1994	0.6454	8033.0000
1997	1998	1995	0.6283	8033.0000
1998	1999	1996	0.5835	8033.0000
1999	2000	1997	0.4709	8033.0000
2000	2001	1998	0.4822	8033.0000
2001	2002	1999	0.4456	8033.0000
2002	2003	2000	0.4447	8033.0000
2003	2004	2001	0.6708	8033.0000
2004	2005	2002	0.7042	8033.0000
2005	2006	2003	0.4754	8033.0000
2006	2007	2004	0.5024	8033.0000
2007	2008	2005	0.4314	8033.0000
2008	2009	2006	0.4967	8033.0000
2009	2010	2007	0.4743	8033.0000
2010	2011	2008	0.4338	8033.0000
2011	2012	2009	0.6753	8033.0000
2012	2013	2010	0.5556	8033.0000
2013	2014	2011	0.4428	8033.0000
2014	2015	2012	0.4410	8033.0000
2015	2016	2013	0.5122	8033.0000
2016	2017	2014	0.6624	8033.0000
2017	2018	2015	0.4782	8033.0000
2018	2019	2016	0.5353	8033.0000
2019	2020	2017	0.5744	8033.0000
2020	2021	2018	0.4635	8033.0000
2021	2022	2019	0.3991	8033.0000
2022	2023	2020	0.6142	8033.0000
2023	2024	2021	0.5153	8033.0000
2024	2025	2022	0.4774	8033.0000
2025	2026	2023	0.3800	8033.0000
2026	2027	2024	0.3800	8033.0000
2027	2028	2025	0.3800	8033.0000
2028	2029	2026	0.3800	8033.0000
2029	2030	2027	0.4168	8033.0000
2030	2031	2028	0.4493	8033.0000
2031	2032	2029	0.6609	8033.0000
2032	2033	2030	0.4992	8033.0000
2033	2034	2031	0.4810	8033.0000
2034	2035	2032	0.4911	8033.0000
2035	2036	2033	0.5215	8033.0000
2036	2037	2034	0.4103	8033.0000
2037	2038	2035	0.3924	8033.0000
2038	2039	2036	0.4553	8033.0000
2039	2040	2037	0.3003	8033.0000
2040	2041	2038	0.4224	8033.0000
2041	2042	2039	0.4625	8033.0000
2042	2043	2040	0.6873	8033.0000
2043	2044	2041	0.5202	8033.0000
2044	2045	2042	0.3964	8033.0000
2045	2046	2043	0.6196	8033.0000
2046	2047	2044	0.4913	8033.0000
2047	2048	2045	0.6388	8033.0000
2048	2049	2046	0.4342	8033.0000
2049	2050	2047	0.6666	8033.0000
2050	2051	2048	0.6248	8033.0000
2051	2052	2049	0.3783	8033.0000
2052	2053	2050	0.4764	8033.0000
2053	2054	2051	0.6268	8033.0000
2054	2055	2052	0.4812	8033.0000
2055	2056	2053	0.3011	8033.0000
2056	2057	2054	0.3739	8033.0000
2057	2058	2055	0.6216	8033.0000
2058	2059	2056	0.5442	8033.0000
2059	2060	2057	0.4037	8033.0000
2060	2061	2058	0.4229	8033.0000
2061	2062	2059	0.4013	8033.0000
2062	2063	2060	0.5506	8033.0000
2063	2064	2061	0.7081	8033.0000
2064	2065	2062	0.4962	8033.0000
2065	2066	2063	0.5609	8033.0000
2066	2067	2064	0.4644	8033.0000
2067	2068	2065	0.5563	8033.0000
2068	2069	2066	0.5283	8033.0000
2069	2070	2067	0.4285	8033.0000
2070	2071	2068	0.3879	8033.0000
2071	2072	2069	0.4010	8033.0000
2072	2073	2070	0.4874	8033.0000
2073	2074	2071	0.5839	8033.0000
2074	2075	2072	0.5167	8033.0000
2075	2076	2073	0.6385	8033.0000
2076	2077	2074	0.6505	8033.0000
2077	2078	2075	0.6387	8033.0000
2078	2079	2076	0.5435	8033.0000
2079	2080	2077	0.5858	8033.0000
2080	2081	2078	0.4923	8033.0000
2081	2082	2079	0.4243	8033.0000
2082	2083	2080	0.5024	8033.0000
2083	2084	2081	0.4527	8033.0000
2084	2085	2082	0.4982	8033.0000
2085	2086	2083	0.5322	8033.0000
2086	2087	2084	0.3789	8033.0000
2087	2088	2085	0.5192	8033.0000
2088	2089	2086	0.5673	8033.0000
2089	2090	2087	0.4860	8033.0000
2090	2091	2088	0.6581	8033.0000
2091	2092	2089	0.4077	8033.0000
2092	2093	2090	0.5309	8033.0000
2093	2094	2091	0.5983	8033.0000
2094	2095	2092	0.4210	8033.0000
2095	2096	2093	0.4604	8033.0000
2096	2097	2094	0.4469	8033.0000
2097	2098	2095	0.4434	8033.0000
2098	2099	2096	0.4059	8033.0000
2099	2100	2097	0.5190	8033.0000
2100	2101	2098	0.6507	8033.0000
2101	2102	2099	0.5265	8033.0000
2102	2103	2100	0.6115	8033.0000
2103	2104	2101	0.3822	8033.0000
2104	2105	2102	0.3953	8033.0000
2105	2106	2103	0.4550	8033.0000
2106	2107	2104	0.3800	8033.0000
2107	2108	2105	0.3800	8033.0000
2108	2109	2106	0.3800	8033.0000
2109	2110	2107	0.3800	8033.0000
2110	2111	2108	0.3800	8033.0000
2111	2112	2109	0.3800	8033.0000
2112	2113	2110	0.3800	8033.0000
2113	2114	2111	0.3800	8033.0000
2114	2115	2112	0.3800	8033.0000
2115	2116	2113	0.3800	8033.0000
2116	2117	2114	0.3800	8033.0000
2117	2118	2115	0.3800	8033.0000
2118	2119	2116	0.3800	8033.0000
2119	2120	2117	0.3800	8033.0000
2120	2121	2118	0.3800	8033.0000
2121	2122	2119	0.3800	8033.0000
2122	2123	2120	0.5364	8033.0000
2123	2124	2121	0.5832	8033.0000
2124	2125	2122	0.5720	8033.0000
2125	2126	2123	0.4581	8033.0000
2126	2127	2124	0.4293	8033.0000
2127	2128	2125	0.4567	8033.0000
2128	2129	2126	0.5744	8033.0000
2129	2130	2127	0.4162	8033.0000
2130	2131	2128	0.4822	8033.0000
2131	2132	2129	0.6636	8033.0000
2132	2133	2130	0.4992	8033.0000
2133	2134	2131	0.7061	8033.0000
2134	2135	2132	0.4379	8033.0000
2135	2136	2133	0.5678	8033.0000
2136	2137	2134	0.5800	8033.0000
2137	2138	2135	0.5338	8033.0000
2138	2139	2136	0.5811	8033.0000
2139	2140	2137	0.5517	8033.0000
2140	2141	2138	0.3887	8033.0000
2141	2142	2139	0.5100	8033.0000
2142	2143	2140	0.5097	8033.0000
2143	2144	2141	0.5827	8033.0000
2144	2145	2142	0.5432	8033.0000
2145	2146	2143	0.4556	8033.0000
2146	2147	2144	0.4980	8033.0000
2147	2148	2145	0.6162	8033.0000
2148	2149	2146	0.5121	8033.0000
2149	2150	2147	0.6753	8033.0000
2150	2151	2148	0.6990	8033.0000
2151	2152	2149	0.6256	8033.0000
2152	2153	2150	0.4854	8033.0000
2153	2154	2151	0.5784	8033.0000
2154	2155	2152	0.5045	8033.0000
2155	2156	2153	0.5561	8033.0000
2156	2157	2154	0.4875	8033.0000
2157	2158	2155	0.5384	8033.0000
2158	2159	2156	0.6097	8033.0000
2159	2160	2157	0.4852	8033.0000
2160	2161	2158	0.5192	8033.0000
2161	2162	2159	0.4752	8033.0000
2162	2163	2160	0.3867	8033.0000
2163	2164	2161	0.4173	8033.0000
2164	2165	2162	0.5359	8033.0000
2165	2166	2163	0.4380	8033.0000
2166	2167	2164	0.4561	8033.0000
2167	2168	2165	0.5793	8033.0000
2168	2169	2166	0.5485	8033.0000
2169	2170	2167	0.4110	8033.0000
2170	2171	2168	0.3740	8033.0000
2171	2172	2169	0.3805	8033.0000
2172	2173	2170	0.4955	8033.0000
2173	2174	2171	0.4699	8033.0000
2174	2175	2172	0.4190	8033.0000
2175	2176	2173	0.5172	8033.0000
2176	2177	2174	0.4805	8033.0000
2177	2178	2175	0.5564	8033.0000
2178	2179	2176	0.6120	8033.0000
2179	2180	2177	0.5606	8033.0000
2180	2181	2178	0.6702	8033.0000
2181	2182	2179	0.5954	8033.0000
2182	2183	2180	0.5125	8033.0000
2183	2184	2181	0.6555	8033.0000
2184	2185	2182	0.5295	8033.0000
2185	2186	2183	0.4773	8033.0000
2186	2187	2184	0.3802	8033.0000
2187	2188	2185	0.4875	8033.0000
2188	2189	2186	0.4407	8033.0000
2189	2190	2187	0.4085	8033.0000
2190	2191	2188	0.4376	8033.0000
2191	2192	2189	0.4935	8033.0000
2192	2193	2190	0.4380	8033.0000
2193	2194	2191	0.4384	8033.0000
2194	2195	2192	0.4197	8033.0000
2195	2196	2193	0.6879	8033.0000
2196	2197	2194	0.5724	8033.0000
2197	2198	2195	0.4388	8033.0000
2198	2199	2196	0.4687	8033.0000
2199	2200	2197	0.7512	8033.0000
2200	2201	2198	0.4466	8033.0000
2201	2202	2199	0.4980	8033.0000
2202	2203	2200	0.3708	8033.0000
2203	2204	2201	0.4746	8033.0000
2204	2205	2202	0.6082	8033.0000
2205	2206	2203	0.4822	8033.0000
2206	2207	2204	0.4918	8033.0000
2207	2208	2205	0.3537	8033.0000
2208	2209	2206	0.4196	8033.0000
2209	2210	2207	0.4792	8033.0000
2210	2211	2208	0.7012	8033.0000
2211	2212	2209	0.5556	8033.0000
2212	2213	2210	0.5099	8033.0000
2213	2214	2211	0.4523	8033.0000
2214	2215	2212	0.5395	8033.0000
2215	2216	2213	0.4201	8033.0000
2216	2217	2214	0.4827	8033.0000
2217	2218	2215	0.5124	8033.0000
2218	2219	2216	0.4822	8033.0000
2219	2220	2217	0.6354	8033.0000
2220	2221	2218	0.4599	8033.0000
2221	2222	2219	0.6096	8033.0000
2222	2223	2220	0.5394	8033.0000
2223	2224	2221	0.4876	8033.0000
2224	2225	2222	0.4519	8033.0000
2225	2226	2223	0.5887	8033.0000
2226	2227	2224	0.6372	8033.0000
2227	2228	2225	0.4955	8033.0000
2228	2229	2226	0.4386	8033.0000
2229	2230	2227	0.4318	8033.0000
2230	2231	2228	0.4965	8033.0000
2231	2232	2229	0.6266	8033.0000
2232	2233	2230	0.5747	8033.0000
2233	2234	2231	0.5267	8033.0000
2234	2235	2232	0.4522	8033.0000
2235	2236	2233	0.4731	8033.0000
2236	2237	2234	0.4767	8033.0000
2237	2238	2235	0.3875	8033.0000
2238	2239	2236	0.4685	8033.0000
2239	2240	2237	0.5402	8033.0000
2240	2241	2238	0.4678	8033.0000
2241	2242	2239	0.5082	8033.0000
2242	2243	2240	0.5099	8033.0000
2243	2244	2241	0.5254	8033.0000
2244	2245	2242	0.5381	8033.0000
2245	2246	2243	0.4137	8033.0000
2246	2247	2244	0.5941	8033.0000
2247	2248	2245	0.4960	8033.0000
2248	2249	2246	0.4820	8033.0000
2249	2250	2247	0.5415	8033.0000
2250	2251	2248	0.5277	8033.0000
2251	2252	2249	0.6757	8033.0000
2252	2253	2250	0.5447	8033.0000
2253	2254	2251	0.5107	8033.0000
2254	2255	2252	0.5555	8033.0000
2255	2256	2253	0.5408	8033.0000
2256	2257	2254	0.4058	8033.0000
2257	2258	2255	0.4608	8033.0000
2258	2259	2256	0.4874	8033.0000
2259	2260	2257	0.6298	8033.0000
2260	2261	2258	0.5774	8033.0000
2261	2262	2259	0.5505	8033.0000
2262	2263	2260	0.6247	8033.0000
2263	2264	2261	0.3800	8033.0000
2264	2265	2262	0.3800	8033.0000
2265	2266	2263	0.3800	8033.0000
2266	2267	2264	0.3800	8033.0000
2267	2268	2265	0.4744	8033.0000
2268	2269	2266	0.4994	8033.0000
2269	2270	2267	0.6485	8033.0000
2270	2271	2268	0.5237	8033.0000
2271	2272	2269	0.6295	8033.0000
2272	2273	2270	0.5518	8033.0000
2273	2274	2271	0.4891	8033.0000
2274	2275	2272	0.4307	8033.0000
2275	2276	2273	0.3688	8033.0000
2276	2277	2274	0.3997	8033.0000
2277	2278	2275	0.5154	8033.0000
2278	2279	2276	0.8520	8033.0000
2279	2280	2277	0.6394	8033.0000
2280	2281	2278	0.4662	8033.0000
2281	2282	2279	0.4989	8033.0000
2282	2283	2280	0.4790	8033.0000
2283	2284	2281	0.4551	8033.0000
2284	2285	2282	0.5554	8033.0000
2285	2286	2283	0.4059	8033.0000
2286	2287	2284	0.4658	8033.0000
2287	2288	2285	0.4414	8033.0000
2288	2289	2286	0.4793	8033.0000
2289	2290	2287	0.6287	8033.0000
2290	2291	2288	0.4775	8033.0000
2291	2292	2289	0.4995	8033.0000
2292	2293	2290	0.5007	8033.0000
2293	2294	2291	0.5002	8033.0000
2294	2295	2292	0.4860	8033.0000
2295	2296	2293	0.4627	8033.0000
2296	2297	2294	0.4613	8033.0000
2297	2298	2295	0.6062	8033.0000
2298	2299	2296	0.5213	8033.0000
2299	2300	2297	0.5793	8033.0000
2300	2301	2298	0.4920	8033.0000
2301	2302	2299	0.6336	8033.0000
2302	2303	2300	0.4853	8033.0000
2303	2304	2301	0.5936	8033.0000
2304	2305	2302	0.6537	8033.0000
2305	2306	2303	0.4234	8033.0000
2306	2307	2304	0.4843	8033.0000
2307	2308	2305	0.5485	8033.0000
2308	2309	2306	0.5986	8033.0000
2309	2310	2307	0.4280	8033.0000
2310	2311	2308	0.4776	8033.0000
2311	2312	2309	0.6280	8033.0000
2312	2313	2310	0.4593	8033.0000
2313	2314	2311	0.3366	8033.0000
2314	2315	2312	0.4504	8033.0000
2315	2316	2313	0.4051	8033.0000
2316	2317	2314	0.3753	8033.0000
2317	2318	2315	0.5065	8033.0000
2318	2319	2316	0.4729	8033.0000
2319	2320	2317	0.7833	8033.0000
2320	2321	2318	0.4520	8033.0000
2321	2322	2319	0.5178	8033.0000
2322	2323	2320	0.4717	8033.0000
2323	2324	2321	0.5238	8033.0000
2324	2325	2322	0.5504	8033.0000
2325	2326	2323	0.5175	8033.0000
2326	2327	2324	0.6381	8033.0000
2327	2328	2325	0.5538	8033.0000
2328	2329	2326	0.5315	8033.0000
2329	2330	2327	0.4928	8033.0000
2330	2331	2328	0.6488	8033.0000
2331	2332	2329	0.3800	8033.0000
2332	2333	2330	0.4996	8033.0000
2333	2334	2331	0.4252	8033.0000
2334	2335	2332	0.6672	8033.0000
2335	2336	2333	0.4726	8033.0000
2336	2337	2334	0.5009	8033.0000
2337	2338	2335	0.5106	8033.0000
2338	2339	2336	0.4677	8033.0000
2339	2340	2337	0.3940	8033.0000
2340	2341	2338	0.3684	8033.0000
2341	2342	2339	0.3682	8033.0000
2342	2343	2340	0.5200	8033.0000
2343	2344	2341	0.6098	8033.0000
2344	2345	2342	0.5531	8033.0000
2345	2346	2343	0.6885	8033.0000
2346	2347	2344	0.4401	8033.0000
2347	2348	2345	0.5561	8033.0000
2348	2349	2346	0.5412	8033.0000
2349	2350	2347	0.5262	8033.0000
2350	2351	2348	0.5027	8033.0000
2351	2352	2349	0.5305	8033.0000
2352	2353	2350	0.3617	8033.0000
2353	2354	2351	0.5667	8033.0000
2354	2355	2352	0.6628	8033.0000
2355	2356	2353	0.5019	8033.0000
2356	2357	2354	0.4957	8033.0000
2357	2358	2355	0.5228	8033.0000
2358	2359	2356	0.5306	8033.0000
2359	2360	2357	0.3727	8033.0000
2360	2361	2358	0.5746	8033.0000
2361	2362	2359	0.4522	8033.0000
2362	2363	2360	0.3832	8033.0000
2363	2364	2361	0.5586	8033.0000
2364	2365	2362	0.6041	8033.0000
2365	2366	2363	0.5452	8033.0000
2366	2367	2364	0.4447	8033.0000
2367	2368	2365	0.4246	8033.0000
2368	2369	2366	0.5601	8033.0000
2369	2370	2367	0.5557	8033.0000
2370	2371	2368	0.5355	8033.0000
2371	2372	2369	0.6059	8033.0000
2372	2373	2370	0.4828	8033.0000
2373	2374	2371	0.3926	8033.0000
2374	2375	2372	0.4171	8033.0000
2375	2376	2373	0.4341	8033.0000
2376	2377	2374	0.4979	8033.0000
2377	2378	2375	0.4546	8033.0000
2378	2379	2376	0.4766	8033.0000
2379	2380	2377	0.4449	8033.0000
2380	2381	2378	0.3986	8033.0000
2381	2382	2379	0.4656	8033.0000
2382	2383	2380	0.3944	8033.0000
2383	2384	2381	0.4958	8033.0000
2384	2385	2382	0.4815	8033.0000
2385	2386	2383	0.4437	8033.0000
2386	2387	2384	0.4604	8033.0000
2387	2388	2385	0.5406	8033.0000
2388	2389	2386	0.5246	8033.0000
2389	2390	2387	0.4990	8033.0000
2390	2391	2388	0.5988	8033.0000
2391	2392	2389	0.5496	8033.0000
2392	2393	2390	0.5988	8033.0000
2393	2394	2391	0.4873	8033.0000
2394	2395	2392	0.4947	8033.0000
2395	2396	2393	0.3876	8033.0000
2396	2397	2394	0.3657	8033.0000
2397	2398	2395	0.5352	8033.0000
2398	2399	2396	0.4907	8033.0000
2399	2400	2397	0.5598	8033.0000
2400	2401	2398	0.6526	8033.0000
2401	2402	2399	0.6650	8033.0000
2402	2403	2400	0.5467	8033.0000
2403	2404	2401	0.5533	8033.0000
2404	2405	2402	0.5268	8033.0000
2405	2406	2403	0.5858	8033.0000
2406	2407	2404	0.4953	8033.0000
2407	2408	2405	0.5210	8033.0000
2408	2409	2406	0.5499	8033.0000
2409	2410	2407	0.4269	8033.0000
2410	2411	2408	0.4729	8033.0000
2411	2412	2409	0.5279	8033.0000
2412	2413	2410	0.4790	8033.0000
2413	2414	2411	0.5973	8033.0000
2414	2415	2412	0.7519	8033.0000
2415	2416	2413	0.5719	8033.0000
2416	2417	2414	0.5470	8033.0000
2417	2418	2415	0.4217	8033.0000
2418	2419	2416	0.4332	8033.0000
2419	2420	2417	0.5501	8033.0000
2420	2421	2418	0.4530	8033.0000
2421	2422	2419	0.5064	8033.0000
2422	2423	2420	0.4929	8033.0000
2423	2424	2421	0.6224	8033.0000
2424	2425	2422	0.6289	8033.0000
2425	2426	2423	0.4347	8033.0000
2426	2427	2424	0.5220	8033.0000
2427	2428	2425	0.5201	8033.0000
2428	2429	2426	0.4010	8033.0000
2429	2430	2427	0.3501	8033.0000
2430	2431	2428	0.4511	8033.0000
2431	2432	2429	0.5141	8033.0000
2432	2433	2430	0.4235	8033.0000
2433	2434	2431	0.4266	8033.0000
2434	2435	2432	0.4776	8033.0000
2435	2436	2433	0.4737	8033.0000
2436	2437	2434	0.5518	8033.0000
2437	2438	2435	0.5778	8033.0000
2438	2439	2436	0.4860	8033.0000
2439	2440	2437	0.4314	8033.0000
2440	2441	2438	0.4877	8033.0000
2441	2442	2439	0.5188	8033.0000
2442	2443	2440	0.3869	8033.0000
2443	2444	2441	0.3983	8033.0000
2444	2445	2442	0.4425	8033.0000
2445	2446	2443	0.5346	8033.0000
2446	2447	2444	0.4548	8033.0000
2447	2448	2445	0.4875	8033.0000
2448	2449	2446	0.4773	8033.0000
2449	2450	2447	0.4204	8033.0000
2450	2451	2448	0.3728	8033.0000
2451	2452	2449	0.4961	8033.0000
2452	2453	2450	0.5580	8033.0000
2453	2454	2451	0.3841	8033.0000
2454	2455	2452	0.5318	8033.0000
2455	2456	2453	0.4241	8033.0000
2456	2457	2454	0.5467	8033.0000
2457	2458	2455	0.5304	8033.0000
2458	2459	2456	0.6360	8033.0000
2459	2460	2457	0.5992	8033.0000
2460	2461	2458	0.4799	8033.0000
2461	2462	2459	0.4859	8033.0000
2462	2463	2460	0.6409	8033.0000
2463	2464	2461	0.4627	8033.0000
2464	2465	2462	0.6513	8033.0000
2465	2466	2463	0.4773	8033.0000
2466	2467	2464	0.4671	8033.0000
2467	2468	2465	0.5816	8033.0000
2468	2469	2466	0.4873	8033.0000
2469	2470	2467	0.6205	8033.0000
2470	2471	2468	0.5746	8033.0000
2471	2472	2469	0.5664	8033.0000
2472	2473	2470	0.5157	8033.0000
2473	2474	2471	0.5463	8033.0000
2474	2475	2472	0.6399	8033.0000
2475	2476	2473	0.4324	8033.0000
2476	2477	2474	0.5207	8033.0000
2477	2478	2475	0.5466	8033.0000
2478	2479	2476	0.4657	8033.0000
2479	2480	2477	0.4853	8033.0000
2480	2481	2478	0.4330	8033.0000
2481	2482	2479	0.4541	8033.0000
2482	2483	2480	0.4583	8033.0000
2483	2484	2481	0.4498	8033.0000
2484	2485	2482	0.4437	8033.0000
2485	2486	2483	0.6991	8033.0000
2486	2487	2484	0.4833	8033.0000
2487	2488	2485	0.6213	8033.0000
2488	2489	2486	0.4665	8033.0000
2489	2490	2487	0.3978	8033.0000
2490	2491	2488	0.5315	8033.0000
2491	2492	2489	0.6484	8033.0000
2492	2493	2490	0.5582	8033.0000
2493	2494	2491	0.6478	8033.0000
2494	2495	2492	0.4208	8033.0000
2495	2496	2493	0.6128	8033.0000
2496	2497	2494	0.4733	8033.0000
2497	2498	2495	0.5656	8033.0000
2498	2499	2496	0.5184	8033.0000
2499	2500	2497	0.6266	8033.0000
2500	2501	2498	0.5780	8033.0000
2501	2502	2499	0.5077	8033.0000
2502	2503	2500	0.4941	8033.0000
2503	2504	2501	0.5436	8033.0000
2504	2505	2502	0.4778	8033.0000
2505	2506	2503	0.4097	8033.0000
2506	2507	2504	0.4533	8033.0000
2507	2508	2505	0.5577	8033.0000
2508	2509	2506	0.4575	8033.0000
2509	2510	2507	0.5278	8033.0000
2510	2511	2508	0.5017	8033.0000
2511	2512	2509	0.5249	8033.0000
2512	2513	2510	0.5722	8033.0000
2513	2514	2511	0.5893	8033.0000
2514	2515	2512	0.5376	8033.0000
2515	2516	2513	0.4045	8033.0000
2516	2517	2514	0.5341	8033.0000
2517	2518	2515	0.4373	8033.0000
2518	2519	2516	0.4973	8033.0000
2519	2520	2517	0.4226	8033.0000
2520	2521	2518	0.3697	8033.0000
2521	2522	2519	0.5667	8033.0000
2522	2523	2520	0.4709	8033.0000
2523	2524	2521	0.4063	8033.0000
2524	2525	2522	0.5509	8033.0000
2525	2526	2523	0.4339	8033.0000
2526	2527	2524	0.5351	8033.0000
2527	2528	2525	0.5307	8033.0000
2528	2529	2526	0.3901	8033.0000
2529	2530	2527	0.4163	8033.0000
2530	2531	2528	0.5086	8033.0000
2531	2532	2529	0.4746	8033.0000
2532	2533	2530	0.5020	8033.0000
2533	2534	2531	0.5948	8033.0000
2534	2535	2532	0.5343	8033.0000
2535	2536	2533	0.6587	8033.0000
2536	2537	2534	0.4760	8033.0000
2537	2538	2535	0.5137	8033.0000
2538	2539	2536	0.3800	8033.0000
2539	2540	2537	0.4701	8033.0000
2540	2541	2538	0.4084	8033.0000
2541	2542	2539	0.5446	8033.0000
2542	2543	2540	0.4382	8033.0000
2543	2544	2541	0.4497	8033.0000
2544	2545	2542	0.5433	8033.0000
2545	2546	2543	0.4307	8033.0000
2546	2547	2544	0.4329	8033.0000
2547	2548	2545	0.5324	8033.0000
2548	2549	2546	0.4677	8033.0000
2549	2550	2547	0.4457	8033.0000
2550	2551	2548	0.3340	8033.0000
2551	2552	2549	0.5167	8033.0000
2552	2553	2550	0.5135	8033.0000
2553	2554	2551	0.6539	8033.0000
2554	2555	2552	0.5877	8033.0000
2555	2556	2553	0.5385	8033.0000
2556	2557	2554	0.5271	8033.0000
2557	2558	2555	0.4958	8033.0000
2558	2559	2556	0.5639	8033.0000
2559	2560	2557	0.5236	8033.0000
2560	2561	2558	0.7952	8033.0000
2561	2562	2559	0.4335	8033.0000
2562	2563	2560	0.6681	8033.0000
2563	2564	2561	0.5437	8033.0000
2564	2565	2562	0.4663	8033.0000
2565	2566	2563	0.5332	8033.0000
2566	2567	2564	0.5983	8033.0000
2567	2568	2565	0.6750	8033.0000
2568	2569	2566	0.4157	8033.0000
2569	2570	2567	0.3949	8033.0000
2570	2571	2568	0.5550	8033.0000
2571	2572	2569	0.3244	8033.0000
2572	2573	2570	0.5257	8033.0000
2573	2574	2571	0.6320	8033.0000
2574	2575	2572	0.5398	8033.0000
2575	2576	2573	0.5077	8033.0000
2576	2577	2574	0.5414	8033.0000
2577	2578	2575	0.5728	8033.0000
2578	2579	2576	0.3800	8033.0000
2579	2580	2577	0.3800	8033.0000
2580	2581	2578	0.3800	8033.0000
2581	2582	2579	0.3800	8033.0000
2582	2583	2580	0.3800	8033.0000
2583	2584	2581	0.3800	8033.0000
2584	2585	2582	0.3800	8033.0000
2585	2586	2583	0.3800	8033.0000
2586	2587	2584	0.3800	8033.0000
2587	2588	2585	0.3800	8033.0000
2588	2589	2586	0.3800	8033.0000
2589	2590	2587	0.3800	8033.0000
2590	2591	2588	0.3800	8033.0000
2591	2592	2589	0.3800	8033.0000
2592	2593	2590	0.5965	8033.0000
2593	2594	2591	0.4700	8033.0000
2594	2595	2592	0.5858	8033.0000
2595	2596	2593	0.6048	8033.0000
2596	2597	2594	0.5621	8033.0000
2597	2598	2595	0.4362	8033.0000
2598	2599	2596	0.4574	8033.0000
2599	2600	2597	0.4341	8033.0000
2600	2601	2598	0.3433	8033.0000
2601	2602	2599	0.4483	8033.0000
2602	2603	2600	0.3593	8033.0000
2603	2604	2601	0.4349	8033.0000
2604	2605	2602	0.4847	8033.0000
2605	2606	2603	0.4507	8033.0000
2606	2607	2604	0.4732	8033.0000
2607	2608	2605	0.5067	8033.0000
2608	2609	2606	0.5882	8033.0000
2609	2610	2607	0.4565	8033.0000
2610	2611	2608	0.4646	8033.0000
2611	2612	2609	0.4605	8033.0000
2612	2613	2610	0.4908	8033.0000
2613	2614	2611	0.4366	8033.0000
2614	2615	2612	0.6842	8033.0000
2615	2616	2613	0.4286	8033.0000
2616	2617	2614	0.4201	8033.0000
2617	2618	2615	0.4526	8033.0000
2618	2619	2616	0.4902	8033.0000
2619	2620	2617	0.4038	8033.0000
2620	2621	2618	0.4350	8033.0000
2621	2622	2619	0.4971	8033.0000
2622	2623	2620	0.3586	8033.0000
2623	2624	2621	0.3680	8033.0000
2624	2625	2622	0.4346	8033.0000
2625	2626	2623	0.4273	8033.0000
2626	2627	2624	0.5014	8033.0000
2627	2628	2625	0.5214	8033.0000
2628	2629	2626	0.5096	8033.0000
2629	2630	2627	0.5029	8033.0000
2630	2631	2628	0.5926	8033.0000
2631	2632	2629	0.6098	8033.0000
2632	2633	2630	0.3170	8033.0000
2633	2634	2631	0.4508	8033.0000
2634	2635	2632	0.4196	8033.0000
2635	2636	2633	0.3545	8033.0000
2636	2637	2634	0.3498	8033.0000
2637	2638	2635	0.3974	8033.0000
2638	2639	2636	0.5021	8033.0000
2639	2640	2637	0.5449	8033.0000
2640	2641	2638	0.4837	8033.0000
2641	2642	2639	0.3671	8033.0000
2642	2643	2640	0.3068	8033.0000
2643	2644	2641	0.3573	8033.0000
2644	2645	2642	0.4625	8033.0000
2645	2646	2643	0.5924	8033.0000
2646	2647	2644	0.5047	8033.0000
2647	2648	2645	0.4664	8033.0000
2648	2649	2646	0.4501	8033.0000
2649	2650	2647	0.4533	8033.0000
2650	2651	2648	0.4709	8033.0000
2651	2652	2649	0.5573	8033.0000
2652	2653	2650	0.5441	8033.0000
2653	2654	2651	0.4658	8033.0000
2654	2655	2652	0.5691	8033.0000
2655	2656	2653	0.6571	8033.0000
2656	2657	2654	0.4194	8033.0000
2657	2658	2655	0.4611	8033.0000
2658	2659	2656	0.5516	8033.0000
2659	2660	2657	0.6263	8033.0000
2660	2661	2658	0.4836	8033.0000
2661	2662	2659	0.3977	8033.0000
2662	2663	2660	0.4580	8033.0000
2663	2664	2661	0.3392	8033.0000
2664	2665	2662	0.4400	8033.0000
2665	2666	2663	0.4105	8033.0000
2666	2667	2664	0.4370	8033.0000
2667	2668	2665	0.4247	8033.0000
2668	2669	2666	0.4582	8033.0000
2669	2670	2667	0.5391	8033.0000
2670	2671	2668	0.3095	8033.0000
2671	2672	2669	0.4650	8033.0000
2672	2673	2670	0.5853	8033.0000
2673	2674	2671	0.4372	8033.0000
2674	2675	2672	0.3336	8033.0000
2675	2676	2673	0.6632	8033.0000
2676	2677	2674	0.4916	8033.0000
2677	2678	2675	0.5364	8033.0000
2678	2679	2676	0.4473	8033.0000
2679	2680	2677	0.4815	8033.0000
2680	2681	2678	0.5345	8033.0000
2681	2682	2679	0.4097	8033.0000
2682	2683	2680	0.3674	8033.0000
2683	2684	2681	0.3481	8033.0000
2684	2685	2682	0.5983	8033.0000
2685	2686	2683	0.8563	8033.0000
2686	2687	2684	0.4148	8033.0000
2687	2688	2685	0.3580	8033.0000
2688	2689	2686	0.4178	8033.0000
2689	2690	2687	0.6690	8033.0000
2690	2691	2688	0.5436	8033.0000
2691	2692	2689	0.3349	8033.0000
2692	2693	2690	0.6377	8033.0000
2693	2694	2691	0.5267	8033.0000
2694	2695	2692	0.4809	8033.0000
2695	2696	2693	0.6286	8033.0000
2696	2697	2694	0.4593	8033.0000
2697	2698	2695	0.5486	8033.0000
2698	2699	2696	0.5824	8033.0000
2699	2700	2697	0.7629	8033.0000
2700	2701	2698	0.5447	8033.0000
2701	2702	2699	0.3872	8033.0000
2702	2703	2700	0.4778	8033.0000
2703	2704	2701	0.5330	8033.0000
2704	2705	2702	0.4703	8033.0000
2705	2706	2703	0.4323	8033.0000
2706	2707	2704	0.4768	8033.0000
2707	2708	2705	0.4859	8033.0000
2708	2709	2706	0.4627	8033.0000
2709	2710	2707	0.4576	8033.0000
2710	2711	2708	0.6739	8033.0000
2711	2712	2709	0.4414	8033.0000
2712	2713	2710	0.6747	8033.0000
2713	2714	2711	0.6168	8033.0000
2714	2715	2712	0.7637	8033.0000
2715	2716	2713	0.5570	8033.0000
2716	2717	2714	0.4689	8033.0000
2717	2718	2715	0.3912	8033.0000
2718	2719	2716	0.4087	8033.0000
2719	2720	2717	0.4098	8033.0000
2720	2721	2718	0.4106	8033.0000
2721	2722	2719	0.4159	8033.0000
2722	2723	2720	0.4536	8033.0000
2723	2724	2721	0.4473	8033.0000
2724	2725	2722	0.3543	8033.0000
2725	2726	2723	0.3961	8033.0000
2726	2727	2724	0.4548	8033.0000
2727	2728	2725	0.5904	8033.0000
2728	2729	2726	0.4932	8033.0000
2729	2730	2727	0.3856	8033.0000
2730	2731	2728	0.5308	8033.0000
2731	2732	2729	0.4077	8033.0000
2732	2733	2730	0.5312	8033.0000
2733	2734	2731	0.7031	8033.0000
2734	2735	2732	0.4011	8033.0000
2735	2736	2733	0.5360	8033.0000
2736	2737	2734	0.4909	8033.0000
2737	2738	2735	0.4481	8033.0000
2738	2739	2736	0.4641	8033.0000
2739	2740	2737	0.4096	8033.0000
2740	2741	2738	0.4037	8033.0000
2741	2742	2739	0.3950	8033.0000
2742	2743	2740	0.5927	8033.0000
2743	2744	2741	0.5167	8033.0000
2744	2745	2742	0.6009	8033.0000
2745	2746	2743	0.4157	8033.0000
2746	2747	2744	0.6570	8033.0000
2747	2748	2745	0.4804	8033.0000
2748	2749	2746	0.6337	8033.0000
2749	2750	2747	0.6610	8033.0000
2750	2751	2748	0.5372	8033.0000
2751	2752	2749	0.4496	8033.0000
2752	2753	2750	0.3956	8033.0000
2753	2754	2751	0.5536	8033.0000
2754	2755	2752	0.4728	8033.0000
2755	2756	2753	0.4877	8033.0000
2756	2757	2754	0.5590	8033.0000
2757	2758	2755	0.5713	8033.0000
2758	2759	2756	0.5126	8033.0000
2759	2760	2757	0.6316	8033.0000
2760	2761	2758	0.4934	8033.0000
2761	2762	2759	0.4712	8033.0000
2762	2763	2760	0.3936	8033.0000
2763	2764	2761	0.4347	8033.0000
2764	2765	2762	0.5250	8033.0000
2765	2766	2763	0.6490	8033.0000
2766	2767	2764	0.4919	8033.0000
2767	2768	2765	0.4405	8033.0000
2768	2769	2766	0.4875	8033.0000
2769	2770	2767	0.5171	8033.0000
2770	2771	2768	0.4576	8033.0000
2771	2772	2769	0.5663	8033.0000
2772	2773	2770	0.4055	8033.0000
2773	2774	2771	0.5047	8033.0000
2774	2775	2772	0.3865	8033.0000
2775	2776	2773	0.4821	8033.0000
2776	2777	2774	0.5394	8033.0000
2777	2778	2775	0.4427	8033.0000
2778	2779	2776	0.4134	8033.0000
2779	2780	2777	0.7288	8033.0000
2780	2781	2778	0.3800	8033.0000
2781	2782	2779	0.3800	8033.0000
2782	2783	2780	0.3800	8033.0000
2783	2784	2781	0.3800	8033.0000
2784	2785	2782	0.3800	8033.0000
2785	2786	2783	0.3800	8033.0000
2786	2787	2784	0.3800	8033.0000
2787	2788	2785	0.3800	8033.0000
2788	2789	2786	0.3800	8033.0000
2789	2790	2787	0.3800	8033.0000
2790	2791	2788	0.3800	8033.0000
2791	2792	2789	0.3800	8033.0000
2792	2793	2790	0.3800	8033.0000
2793	2794	2791	0.3800	8033.0000
2794	2795	2792	0.3800	8033.0000
2795	2796	2793	0.3800	8033.0000
2796	2797	2794	0.3800	8033.0000
2797	2798	2795	0.3800	8033.0000
2798	2799	2796	0.3800	8033.0000
2799	2800	2797	0.3800	8033.0000
2800	2801	2798	0.3800	8033.0000
2801	2802	2799	0.3800	8033.0000
2802	2803	2800	0.3800	8033.0000
2803	2804	2801	0.3800	8033.0000
2804	2805	2802	0.3800	8033.0000
2805	2806	2803	0.3800	8033.0000
2806	2807	2804	0.3800	8033.0000
2807	2808	2805	0.3664	8033.0000
2808	2809	2806	0.4064	8033.0000
2809	2810	2807	0.4703	8033.0000
2810	2811	2808	0.3995	8033.0000
2811	2812	2809	0.3652	8033.0000
2812	2813	2810	0.4237	8033.0000
2813	2814	2811	0.3502	8033.0000
2814	2815	2812	0.4111	8033.0000
2815	2816	2813	0.5496	8033.0000
2816	2817	2814	0.5366	8033.0000
2817	2818	2815	0.5598	8033.0000
2818	2819	2816	0.5422	8033.0000
2819	2820	2817	0.4527	8033.0000
2820	2821	2818	0.4974	8033.0000
2821	2822	2819	0.6677	8033.0000
2822	2823	2820	0.3554	8033.0000
2823	2824	2821	0.4034	8033.0000
2824	2825	2822	0.4090	8033.0000
2825	2826	2823	0.4031	8033.0000
2826	2827	2824	0.4742	8033.0000
2827	2828	2825	0.4530	8033.0000
2828	2829	2826	0.5680	8033.0000
2829	2830	2827	0.4630	8033.0000
2830	2831	2828	0.4847	8033.0000
2831	2832	2829	0.4300	8033.0000
2832	2833	2830	0.4272	8033.0000
2833	2834	2831	0.4967	8033.0000
2834	2835	2832	0.3999	8033.0000
2835	2836	2833	0.3929	8033.0000
2836	2837	2834	0.3679	8033.0000
2837	2838	2835	0.4902	8033.0000
2838	2839	2836	0.5188	8033.0000
2839	2840	2837	0.4643	8033.0000
2840	2841	2838	0.5173	8033.0000
2841	2842	2839	0.4683	8033.0000
2842	2843	2840	0.5018	8033.0000
2843	2844	2841	0.4961	8033.0000
2844	2845	2842	0.6350	8033.0000
2845	2846	2843	0.3477	8033.0000
2846	2847	2844	0.4646	8033.0000
2847	2848	2845	0.4254	8033.0000
2848	2849	2846	0.5279	8033.0000
2849	2850	2847	0.4706	8033.0000
2850	2851	2848	0.4350	8033.0000
2851	2852	2849	0.5473	8033.0000
2852	2853	2850	0.5022	8033.0000
2853	2854	2851	0.6680	8033.0000
2854	2855	2852	0.4797	8033.0000
2855	2856	2853	0.3167	8033.0000
2856	2857	2854	0.3557	8033.0000
2857	2858	2855	0.3593	8033.0000
2858	2859	2856	0.5799	8033.0000
2859	2860	2857	0.5230	8033.0000
2860	2861	2858	0.5546	8033.0000
2861	2862	2859	0.6411	8033.0000
2862	2863	2860	0.5464	8033.0000
2863	2864	2861	0.4401	8033.0000
2864	2865	2862	0.5044	8033.0000
2865	2866	2863	0.4453	8033.0000
2866	2867	2864	0.4177	8033.0000
2867	2868	2865	0.4266	8033.0000
2868	2869	2866	0.5590	8033.0000
2869	2870	2867	0.3552	8033.0000
2870	2871	2868	0.3949	8033.0000
2871	2872	2869	0.4029	8033.0000
2872	2873	2870	0.4215	8033.0000
2873	2874	2871	0.4868	8033.0000
2874	2875	2872	0.5620	8033.0000
2875	2876	2873	0.3553	8033.0000
2876	2877	2874	0.4423	8033.0000
2877	2878	2875	0.4329	8033.0000
2878	2879	2876	0.6013	8033.0000
2879	2880	2877	0.4591	8033.0000
2880	2881	2878	0.3747	8033.0000
2881	2882	2879	0.4345	8033.0000
2882	2883	2880	0.4919	8033.0000
2883	2884	2881	0.6034	8033.0000
2884	2885	2882	0.5067	8033.0000
2885	2886	2883	0.4869	8033.0000
2886	2887	2884	0.5078	8033.0000
2887	2888	2885	0.5853	8033.0000
2888	2889	2886	0.5186	8033.0000
2889	2890	2887	0.6107	8033.0000
2890	2891	2888	0.4421	8033.0000
2891	2892	2889	0.5006	8033.0000
2892	2893	2890	0.5584	8033.0000
2893	2894	2891	0.4533	8033.0000
2894	2895	2892	0.4009	8033.0000
2895	2896	2893	0.3530	8033.0000
2896	2897	2894	0.5250	8033.0000
2897	2898	2895	0.7342	8033.0000
2898	2899	2896	0.6715	8033.0000
2899	2900	2897	0.6660	8033.0000
2900	2901	2898	0.4920	8033.0000
2901	2902	2899	0.3372	8033.0000
2902	2903	2900	0.4184	8033.0000
2903	2904	2901	0.4441	8033.0000
2904	2905	2902	0.3849	8033.0000
2905	2906	2903	0.4379	8033.0000
2906	2907	2904	0.6149	8033.0000
2907	2908	2905	0.5059	8033.0000
2908	2909	2906	0.5339	8033.0000
2909	2910	2907	0.5852	8033.0000
2910	2911	2908	0.5042	8033.0000
2911	2912	2909	0.5293	8033.0000
2912	2913	2910	0.4648	8033.0000
2913	2914	2911	0.5671	8033.0000
2914	2915	2912	0.6304	8033.0000
2915	2916	2913	0.4798	8033.0000
2916	2917	2914	0.5156	8033.0000
2917	2918	2915	0.5642	8033.0000
2918	2919	2916	0.5475	8033.0000
2919	2920	2917	0.4640	8033.0000
2920	2921	2918	0.5253	8033.0000
2921	2922	2919	0.5026	8033.0000
2922	2923	2920	0.3976	8033.0000
2923	2924	2921	0.4750	8033.0000
2924	2925	2922	0.4267	8033.0000
2925	2926	2923	0.5443	8033.0000
2926	2927	2924	0.5273	8033.0000
2927	2928	2925	0.4666	8033.0000
2928	2929	2926	0.3934	8033.0000
2929	2930	2927	0.4183	8033.0000
2930	2931	2928	0.4939	8033.0000
2931	2932	2929	0.4327	8033.0000
2932	2933	2930	0.4103	8033.0000
2933	2934	2931	0.4675	8033.0000
2934	2935	2932	0.3685	8033.0000
2935	2936	2933	0.3938	8033.0000
2936	2937	2934	0.4005	8033.0000
2937	2938	2935	0.5030	8033.0000
2938	2939	2936	0.4863	8033.0000
2939	2940	2937	0.4252	8033.0000
2940	2941	2938	0.4758	8033.0000
2941	2942	2939	0.5264	8033.0000
2942	2943	2940	0.5691	8033.0000
2943	2944	2941	0.4056	8033.0000
2944	2945	2942	0.6116	8033.0000
2945	2946	2943	0.4492	8033.0000
2946	2947	2944	0.4996	8033.0000
2947	2948	2945	0.5483	8033.0000
2948	2949	2946	0.4626	8033.0000
2949	2950	2947	0.4444	8033.0000
2950	2951	2948	0.4503	8033.0000
2951	2952	2949	0.4929	8033.0000
2952	2953	2950	0.5159	8033.0000
2953	2954	2951	0.4944	8033.0000
2954	2955	2952	0.6260	8033.0000
2955	2956	2953	0.6846	8033.0000
2956	2957	2954	0.4939	8033.0000
2957	2958	2955	0.3898	8033.0000
2958	2959	2956	0.4719	8033.0000
2959	2960	2957	0.4950	8033.0000
2960	2961	2958	0.5760	8033.0000
2961	2962	2959	0.5636	8033.0000
2962	2963	2960	0.5510	8033.0000
2963	2964	2961	0.5216	8033.0000
2964	2965	2962	0.4738	8033.0000
2965	2966	2963	0.5023	8033.0000
2966	2967	2964	0.4904	8033.0000
2967	2968	2965	0.5442	8033.0000
2968	2969	2966	0.4566	8033.0000
2969	2970	2967	0.5883	8033.0000
2970	2971	2968	0.6104	8033.0000
2971	2972	2969	0.4814	8033.0000
2972	2973	2970	0.6114	8033.0000
2973	2974	2971	0.3700	8033.0000
2974	2975	2972	0.4336	8033.0000
2975	2976	2973	0.4720	8033.0000
2976	2977	2974	0.5076	8033.0000
2977	2978	2975	0.6028	8033.0000
2978	2979	2976	0.5318	8033.0000
2979	2980	2977	0.5199	8033.0000
2980	2981	2978	0.5270	8033.0000
2981	2982	2979	0.4635	8033.0000
2982	2983	2980	0.4405	8033.0000
2983	2984	2981	0.5766	8033.0000
2984	2985	2982	0.4207	8033.0000
2985	2986	2983	0.5854	8033.0000
2986	2987	2984	0.5525	8033.0000
2987	2988	2985	0.5687	8033.0000
2988	2989	2986	0.5812	8033.0000
2989	2990	2987	0.4843	8033.0000
2990	2991	2988	0.6501	8033.0000
2991	2992	2989	0.3866	8033.0000
2992	2993	2990	0.3800	8033.0000
2993	2994	2991	0.3800	8033.0000
2994	2995	2992	0.3800	8033.0000
2995	2996	2993	0.3800	8033.0000
2996	2997	2994	0.3800	8033.0000
2997	2998	2995	0.3800	8033.0000
2998	2999	2996	0.3800	8033.0000
2999	3000	2997	0.3800	8033.0000
3000	3001	2998	0.3800	8033.0000
3001	3002	2999	0.3800	8033.0000
3002	3003	3000	0.3800	8033.0000
3003	3004	3001	0.3800	8033.0000
3004	3005	3002	0.3800	8033.0000
3005	3006	3003	0.3800	8033.0000
3006	3007	3004	0.3800	8033.0000
3007	3008	3005	0.3800	8033.0000
3008	3009	3006	0.3800	8033.0000
3009	3010	3007	0.3800	8033.0000
3010	3011	3008	0.3800	8033.0000
3011	3012	3009	0.3800	8033.0000
3012	3013	3010	0.3800	8033.0000
3013	3014	3011	0.3800	8033.0000
3014	3015	3012	0.3800	8033.0000
3015	3016	3013	0.3800	8033.0000
3016	3017	3014	0.3800	8033.0000
3017	3018	3015	0.3800	8033.0000
3018	3019	3016	0.3800	8033.0000
3019	3020	3017	0.3558	8033.0000
3020	3021	3018	0.4512	8033.0000
3021	3022	3019	0.7407	8033.0000
3022	3023	3020	0.5844	8033.0000
3023	3024	3021	0.5836	8033.0000
3024	3025	3022	0.5099	8033.0000
3025	3026	3023	0.4373	8033.0000
3026	3027	3024	0.3856	8033.0000
3027	3028	3025	0.3985	8033.0000
3028	3029	3026	0.4778	8033.0000
3029	3030	3027	0.6284	8033.0000
3030	3031	3028	0.5223	8033.0000
3031	3032	3029	0.5191	8033.0000
3032	3033	3030	0.4137	8033.0000
3033	3034	3031	0.3992	8033.0000
3034	3035	3032	0.3931	8033.0000
3035	3036	3033	0.4639	8033.0000
3036	3037	3034	0.4781	8033.0000
3037	3038	3035	0.4518	8033.0000
3038	3039	3036	0.4408	8033.0000
3039	3040	3037	0.5693	8033.0000
3040	3041	3038	0.5901	8033.0000
3041	3042	3039	0.4750	8033.0000
3042	3043	3040	0.4188	8033.0000
3043	3044	3041	0.4838	8033.0000
3044	3045	3042	0.4428	8033.0000
3045	3046	3043	0.4636	8033.0000
3046	3047	3044	0.4981	8033.0000
3047	3048	3045	0.4123	8033.0000
3048	3049	3046	0.4231	8033.0000
3049	3050	3047	0.3578	8033.0000
3050	3051	3048	0.4887	8033.0000
3051	3052	3049	0.4717	8033.0000
3052	3053	3050	0.4521	8033.0000
3053	3054	3051	0.6358	8033.0000
3054	3055	3052	0.5003	8033.0000
3055	3056	3053	0.5197	8033.0000
3056	3057	3054	0.5661	8033.0000
3057	3058	3055	0.3364	8033.0000
3058	3059	3056	0.3962	8033.0000
3059	3060	3057	0.4438	8033.0000
3060	3061	3058	0.5486	8033.0000
3061	3062	3059	0.4518	8033.0000
3062	3063	3060	0.4007	8033.0000
3063	3064	3061	0.4622	8033.0000
3064	3065	3062	0.5405	8033.0000
3065	3066	3063	0.5184	8033.0000
3066	3067	3064	0.4650	8033.0000
3067	3068	3065	0.3283	8033.0000
3068	3069	3066	0.4788	8033.0000
3069	3070	3067	0.5226	8033.0000
3070	3071	3068	0.5079	8033.0000
3071	3072	3069	0.5067	8033.0000
3072	3073	3070	0.5770	8033.0000
3073	3074	3071	0.7263	8033.0000
3074	3075	3072	0.5258	8033.0000
3075	3076	3073	0.4127	8033.0000
3076	3077	3074	0.4775	8033.0000
3077	3078	3075	0.5613	8033.0000
3078	3079	3076	0.5308	8033.0000
3079	3080	3077	0.4419	8033.0000
3080	3081	3078	0.5519	8033.0000
3081	3082	3079	0.8027	8033.0000
3082	3083	3080	0.6651	8033.0000
3083	3084	3081	0.5014	8033.0000
3084	3085	3082	0.5091	8033.0000
3085	3086	3083	0.5626	8033.0000
3086	3087	3084	0.5460	8033.0000
3087	3088	3085	0.4781	8033.0000
3088	3089	3086	0.4597	8033.0000
3089	3090	3087	0.3250	8033.0000
3090	3091	3088	0.3629	8033.0000
3091	3092	3089	0.2972	8033.0000
3092	3093	3090	0.4297	8033.0000
3093	3094	3091	0.5941	8033.0000
3094	3095	3092	0.6050	8033.0000
3095	3096	3093	0.6957	8033.0000
3096	3097	3094	0.5116	8033.0000
3097	3098	3095	0.4860	8033.0000
3098	3099	3096	0.4925	8033.0000
3099	3100	3097	0.4922	8033.0000
3100	3101	3098	0.4865	8033.0000
3101	3102	3099	0.5611	8033.0000
3102	3103	3100	0.4557	8033.0000
3103	3104	3101	0.4511	8033.0000
3104	3105	3102	0.3421	8033.0000
3105	3106	3103	0.3469	8033.0000
3106	3107	3104	0.5301	8033.0000
3107	3108	3105	0.4210	8033.0000
3108	3109	3106	0.5646	8033.0000
3109	3110	3107	0.5118	8033.0000
3110	3111	3108	0.3792	8033.0000
3111	3112	3109	0.4311	8033.0000
3112	3113	3110	0.4129	8033.0000
3113	3114	3111	0.4039	8033.0000
3114	3115	3112	0.4327	8033.0000
3115	3116	3113	0.4340	8033.0000
3116	3117	3114	0.5285	8033.0000
3117	3118	3115	0.5895	8033.0000
3118	3119	3116	0.4932	8033.0000
3119	3120	3117	0.5476	8033.0000
3120	3121	3118	0.5740	8033.0000
3121	3122	3119	0.5494	8033.0000
3122	3123	3120	0.5807	8033.0000
3123	3124	3121	0.5465	8033.0000
3124	3125	3122	0.6196	8033.0000
3125	3126	3123	0.3689	8033.0000
3126	3127	3124	0.4392	8033.0000
3127	3128	3125	0.4619	8033.0000
3128	3129	3126	0.4913	8033.0000
3129	3130	3127	0.3895	8033.0000
3130	3131	3128	0.4054	8033.0000
3131	3132	3129	0.4190	8033.0000
3132	3133	3130	0.4761	8033.0000
3133	3134	3131	0.3644	8033.0000
3134	3135	3132	0.3893	8033.0000
3135	3136	3133	0.4047	8033.0000
3136	3137	3134	0.4995	8033.0000
3137	3138	3135	0.4293	8033.0000
3138	3139	3136	0.6526	8033.0000
3139	3140	3137	0.6482	8033.0000
3140	3141	3138	0.3789	8033.0000
3141	3142	3139	0.4600	8033.0000
3142	3143	3140	0.5408	8033.0000
3143	3144	3141	0.5678	8033.0000
3144	3145	3142	0.4017	8033.0000
3145	3146	3143	0.4440	8033.0000
3146	3147	3144	0.5232	8033.0000
3147	3148	3145	0.4031	8033.0000
3148	3149	3146	0.4708	8033.0000
3149	3150	3147	0.4695	8033.0000
3150	3151	3148	0.4794	8033.0000
3151	3152	3149	0.3984	8033.0000
3152	3153	3150	0.5748	8033.0000
3153	3154	3151	0.4604	8033.0000
3154	3155	3152	0.6515	8033.0000
3155	3156	3153	0.4818	8033.0000
3156	3157	3154	0.4961	8033.0000
3157	3158	3155	0.5374	8033.0000
3158	3159	3156	0.5443	8033.0000
3159	3160	3157	0.3426	8033.0000
3160	3161	3158	0.4225	8033.0000
3161	3162	3159	0.4497	8033.0000
3162	3163	3160	0.5052	8033.0000
3163	3164	3161	0.4244	8033.0000
3164	3165	3162	0.4893	8033.0000
3165	3166	3163	0.6334	8033.0000
3166	3167	3164	0.4694	8033.0000
3167	3168	3165	0.5737	8033.0000
3168	3169	3166	0.4666	8033.0000
3169	3170	3167	0.4385	8033.0000
3170	3171	3168	0.4447	8033.0000
3171	3172	3169	0.6303	8033.0000
3172	3173	3170	0.4868	8033.0000
3173	3174	3171	0.4436	8033.0000
3174	3175	3172	0.4631	8033.0000
3175	3176	3173	0.5347	8033.0000
3176	3177	3174	0.4945	8033.0000
3177	3178	3175	0.4419	8033.0000
3178	3179	3176	0.5069	8033.0000
3179	3180	3177	0.4743	8033.0000
3180	3181	3178	0.7916	8033.0000
3181	3182	3179	0.4672	8033.0000
3182	3183	3180	0.3907	8033.0000
3183	3184	3181	0.5622	8033.0000
3184	3185	3182	0.5590	8033.0000
3185	3186	3183	0.6259	8033.0000
3186	3187	3184	0.5600	8033.0000
3187	3188	3185	0.7866	8033.0000
3188	3189	3186	0.3800	8033.0000
3189	3190	3187	0.3800	8033.0000
3190	3191	3188	0.3800	8033.0000
3191	3192	3189	0.3800	8033.0000
3192	3193	3190	0.3800	8033.0000
3193	3194	3191	0.3800	8033.0000
3194	3195	3192	0.3800	8033.0000
3195	3196	3193	0.3800	8033.0000
3196	3197	3194	0.3800	8033.0000
3197	3198	3195	0.3800	8033.0000
3198	3199	3196	0.3800	8033.0000
3199	3200	3197	0.3800	8033.0000
3200	3201	3198	0.3800	8033.0000
3201	3202	3199	0.3800	8033.0000
3202	3203	3200	0.3800	8033.0000
3203	3204	3201	0.3800	8033.0000
3204	3205	3202	0.3800	8033.0000
3205	3206	3203	0.3800	8033.0000
3206	3207	3204	0.3800	8033.0000
3207	3208	3205	0.3800	8033.0000
3208	3209	3206	0.3800	8033.0000
3209	3210	3207	0.3800	8033.0000
3210	3211	3208	0.3800	8033.0000
3211	3212	3209	0.3800	8033.0000
3212	3213	3210	0.3800	8033.0000
3213	3214	3211	0.3800	8033.0000
3214	3215	3212	0.3800	8033.0000
3215	3216	3213	0.3800	8033.0000
3216	3217	3214	0.3800	8033.0000
3217	3218	3215	0.3800	8033.0000
3218	3219	3216	0.3800	8033.0000
3219	3220	3217	0.3800	8033.0000
3220	3221	3218	0.3800	8033.0000
3221	3222	3219	0.3800	8033.0000
3222	3223	3220	0.3800	8033.0000
3223	3224	3221	0.3800	8033.0000
3224	3225	3222	0.3800	8033.0000
3225	3226	3223	0.3800	8033.0000
3226	3227	3224	0.3800	8033.0000
3227	3228	3225	0.3928	8033.0000
3228	3229	3226	0.4022	8033.0000
3229	3230	3227	0.4471	8033.0000
3230	3231	3228	0.7198	8033.0000
3231	3232	3229	0.5917	8033.0000
3232	3233	3230	0.4477	8033.0000
3233	3234	3231	0.4148	8033.0000
3234	3235	3232	0.5120	8033.0000
3235	3236	3233	0.4610	8033.0000
3236	3237	3234	0.4496	8033.0000
3237	3238	3235	0.4174	8033.0000
3238	3239	3236	0.4096	8033.0000
3239	3240	3237	0.4797	8033.0000
3240	3241	3238	0.4781	8033.0000
3241	3242	3239	0.5620	8033.0000
3242	3243	3240	0.6223	8033.0000
3243	3244	3241	0.3995	8033.0000
3244	3245	3242	0.4713	8033.0000
3245	3246	3243	0.6212	8033.0000
3246	3247	3244	0.5063	8033.0000
3247	3248	3245	0.4861	8033.0000
3248	3249	3246	0.5249	8033.0000
3249	3250	3247	0.5535	8033.0000
3250	3251	3248	0.4618	8033.0000
3251	3252	3249	0.5585	8033.0000
3252	3253	3250	0.5497	8033.0000
3253	3254	3251	0.6202	8033.0000
3254	3255	3252	0.5361	8033.0000
3255	3256	3253	0.5398	8033.0000
3256	3257	3254	0.3577	8033.0000
3257	3258	3255	0.6527	8033.0000
3258	3259	3256	0.4030	8033.0000
3259	3260	3257	0.4587	8033.0000
3260	3261	3258	0.5236	8033.0000
3261	3262	3259	0.5703	8033.0000
3262	3263	3260	0.4880	8033.0000
3263	3264	3261	0.5328	8033.0000
3264	3265	3262	0.4995	8033.0000
3265	3266	3263	0.5167	8033.0000
3266	3267	3264	0.5141	8033.0000
3267	3268	3265	0.5452	8033.0000
3268	3269	3266	0.5713	8033.0000
3269	3270	3267	0.5257	8033.0000
3270	3271	3268	0.6417	8033.0000
3271	3272	3269	0.4070	8033.0000
3272	3273	3270	0.6017	8033.0000
3273	3274	3271	0.6849	8033.0000
3274	3275	3272	0.5669	8033.0000
3275	3276	3273	0.5457	8033.0000
3276	3277	3274	0.4917	8033.0000
3277	3278	3275	0.5517	8033.0000
3278	3279	3276	0.5468	8033.0000
3279	3280	3277	0.5861	8033.0000
3280	3281	3278	0.5080	8033.0000
3281	3282	3279	0.6794	8033.0000
3282	3283	3280	0.4330	8033.0000
3283	3284	3281	0.5018	8033.0000
3284	3285	3282	0.5150	8033.0000
3285	3286	3283	0.5152	8033.0000
3286	3287	3284	0.4483	8033.0000
3287	3288	3285	0.4572	8033.0000
3288	3289	3286	0.4375	8033.0000
3289	3290	3287	0.5422	8033.0000
3290	3291	3288	0.4763	8033.0000
3291	3292	3289	0.5967	8033.0000
3292	3293	3290	0.5567	8033.0000
3293	3294	3291	0.5802	8033.0000
3294	3295	3292	0.4837	8033.0000
3295	3296	3293	0.4487	8033.0000
3296	3297	3294	0.5174	8033.0000
3297	3298	3295	0.5639	8033.0000
3298	3299	3296	0.4853	8033.0000
3299	3300	3297	0.3982	8033.0000
3300	3301	3298	0.3898	8033.0000
3301	3302	3299	0.4371	8033.0000
3302	3303	3300	0.5843	8033.0000
3303	3304	3301	0.3842	8033.0000
3304	3305	3302	0.5097	8033.0000
3305	3306	3303	0.4406	8033.0000
3306	3307	3304	0.6637	8033.0000
3307	3308	3305	0.4679	8033.0000
3308	3309	3306	0.5467	8033.0000
3309	3310	3307	0.3781	8033.0000
3310	3311	3308	0.5509	8033.0000
3311	3312	3309	0.5601	8033.0000
3312	3313	3310	0.5177	8033.0000
3313	3314	3311	0.5248	8033.0000
3314	3315	3312	0.4875	8033.0000
3315	3316	3313	0.4989	8033.0000
3316	3317	3314	0.5926	8033.0000
3317	3318	3315	0.6593	8033.0000
3318	3319	3316	0.4995	8033.0000
3319	3320	3317	0.5777	8033.0000
3320	3321	3318	0.5547	8033.0000
3321	3322	3319	0.4639	8033.0000
3322	3323	3320	0.4802	8033.0000
3323	3324	3321	0.5897	8033.0000
3324	3325	3322	0.5701	8033.0000
3325	3326	3323	0.6355	8033.0000
3326	3327	3324	0.5047	8033.0000
3327	3328	3325	0.6223	8033.0000
3328	3329	3326	0.5491	8033.0000
3329	3330	3327	0.3838	8033.0000
3330	3331	3328	0.4780	8033.0000
3331	3332	3329	0.4819	8033.0000
3332	3333	3330	0.4533	8033.0000
3333	3334	3331	0.5077	8033.0000
3334	3335	3332	0.4366	8033.0000
3335	3336	3333	0.5509	8033.0000
3336	3337	3334	0.5748	8033.0000
3337	3338	3335	0.6437	8033.0000
3338	3339	3336	0.6481	8033.0000
3339	3340	3337	0.6062	8033.0000
3340	3341	3338	0.5451	8033.0000
3341	3342	3339	0.5680	8033.0000
3342	3343	3340	0.3858	8033.0000
3343	3344	3341	0.5409	8033.0000
3344	3345	3342	0.5061	8033.0000
3345	3346	3343	0.4269	8033.0000
3346	3347	3344	0.4316	8033.0000
3347	3348	3345	0.5325	8033.0000
3348	3349	3346	0.5310	8033.0000
3349	3350	3347	0.5335	8033.0000
3350	3351	3348	0.5104	8033.0000
3351	3352	3349	0.4373	8033.0000
3352	3353	3350	0.5395	8033.0000
3353	3354	3351	0.5058	8033.0000
3354	3355	3352	0.5091	8033.0000
3355	3356	3353	0.5631	8033.0000
3356	3357	3354	0.4958	8033.0000
3357	3358	3355	0.5569	8033.0000
3358	3359	3356	0.5157	8033.0000
3359	3360	3357	0.4768	8033.0000
3360	3361	3358	0.6068	8033.0000
3361	3362	3359	0.6850	8033.0000
3362	3363	3360	0.5099	8033.0000
3363	3364	3361	0.6164	8033.0000
3364	3365	3362	0.6462	8033.0000
3365	3366	3363	0.6296	8033.0000
3366	3367	3364	0.5082	8033.0000
3367	3368	3365	0.4457	8033.0000
3368	3369	3366	0.4218	8033.0000
3369	3370	3367	0.4828	8033.0000
3370	3371	3368	0.4968	8033.0000
3371	3372	3369	0.5766	8033.0000
3372	3373	3370	0.4418	8033.0000
3373	3374	3371	0.5070	8033.0000
3374	3375	3372	0.6428	8033.0000
3375	3376	3373	0.6798	8033.0000
3376	3377	3374	0.5972	8033.0000
3377	3378	3375	0.6047	8033.0000
3378	3379	3376	0.4491	8033.0000
3379	3380	3377	0.4965	8033.0000
3380	3381	3378	0.4654	8033.0000
3381	3382	3379	0.4862	8033.0000
3382	3383	3380	0.4917	8033.0000
3383	3384	3381	0.5125	8033.0000
3384	3385	3382	0.6355	8033.0000
3385	3386	3383	0.4164	8033.0000
3386	3387	3384	0.3992	8033.0000
3387	3388	3385	0.4649	8033.0000
3388	3389	3386	0.4137	8033.0000
3389	3390	3387	0.4591	8033.0000
3390	3391	3388	0.5594	8033.0000
3391	3392	3389	0.3763	8033.0000
3392	3393	3390	0.5380	8033.0000
3393	3394	3391	0.4339	8033.0000
3394	3395	3392	0.4701	8033.0000
3395	3396	3393	0.4042	8033.0000
3396	3397	3394	0.4958	8033.0000
3397	3398	3395	0.7200	8033.0000
3398	3399	3396	0.5073	8033.0000
3399	3400	3397	0.4815	8033.0000
3400	3401	3398	0.5239	8033.0000
3401	3402	3399	0.3800	8033.0000
3402	3403	3400	0.3800	8033.0000
3403	3404	3401	0.3800	8033.0000
3404	3405	3402	0.3800	8033.0000
3405	3406	3403	0.3800	8033.0000
3406	3407	3404	0.3800	8033.0000
3407	3408	3405	0.3800	8033.0000
3408	3409	3406	0.3800	8033.0000
3409	3410	3407	0.3800	8033.0000
3410	3411	3408	0.3800	8033.0000
3411	3412	3409	0.3800	8033.0000
3412	3413	3410	0.3800	8033.0000
3413	3414	3411	0.3800	8033.0000
3414	3415	3412	0.3800	8033.0000
3415	3416	3413	0.3800	8033.0000
3416	3417	3414	0.3800	8033.0000
3417	3418	3415	0.3800	8033.0000
3418	3419	3416	0.4247	8033.0000
3419	3420	3417	0.4356	8033.0000
3420	3421	3418	0.4420	8033.0000
3421	3422	3419	0.5528	8033.0000
3422	3423	3420	0.4945	8033.0000
3423	3424	3421	0.4846	8033.0000
3424	3425	3422	0.4370	8033.0000
3425	3426	3423	0.4252	8033.0000
3426	3427	3424	0.3758	8033.0000
3427	3428	3425	0.4522	8033.0000
3428	3429	3426	0.5248	8033.0000
3429	3430	3427	0.6927	8033.0000
3430	3431	3428	0.4703	8033.0000
3431	3432	3429	0.5044	8033.0000
3432	3433	3430	0.4379	8033.0000
3433	3434	3431	0.4050	8033.0000
3434	3435	3432	0.3892	8033.0000
3435	3436	3433	0.4282	8033.0000
3436	3437	3434	0.7098	8033.0000
3437	3438	3435	0.4551	8033.0000
3438	3439	3436	0.5789	8033.0000
3439	3440	3437	0.5224	8033.0000
3440	3441	3438	0.4083	8033.0000
3441	3442	3439	0.4904	8033.0000
3442	3443	3440	0.4408	8033.0000
3443	3444	3441	0.3744	8033.0000
3444	3445	3442	0.7923	8033.0000
3445	3446	3443	0.5454	8033.0000
3446	3447	3444	0.5528	8033.0000
3447	3448	3445	0.5073	8033.0000
3448	3449	3446	0.5092	8033.0000
3449	3450	3447	0.5131	8033.0000
3450	3451	3448	0.7147	8033.0000
3451	3452	3449	0.5571	8033.0000
3452	3453	3450	0.5209	8033.0000
3453	3454	3451	0.6356	8033.0000
3454	3455	3452	0.3991	8033.0000
3455	3456	3453	0.4240	8033.0000
3456	3457	3454	0.5071	8033.0000
3457	3458	3455	0.6767	8033.0000
3458	3459	3456	0.5468	8033.0000
3459	3460	3457	0.4734	8033.0000
3460	3461	3458	0.6213	8033.0000
3461	3462	3459	0.4562	8033.0000
3462	3463	3460	0.5043	8033.0000
3463	3464	3461	0.4876	8033.0000
3464	3465	3462	0.6428	8033.0000
3465	3466	3463	0.5254	8033.0000
3466	3467	3464	0.5595	8033.0000
3467	3468	3465	0.5324	8033.0000
3468	3469	3466	0.4925	8033.0000
3469	3470	3467	0.4850	8033.0000
3470	3471	3468	0.5256	8033.0000
3471	3472	3469	0.4218	8033.0000
3472	3473	3470	0.4405	8033.0000
3473	3474	3471	0.4771	8033.0000
3474	3475	3472	0.5699	8033.0000
3475	3476	3473	0.5009	8033.0000
3476	3477	3474	0.5270	8033.0000
3477	3478	3475	0.5886	8033.0000
3478	3479	3476	0.5304	8033.0000
3479	3480	3477	0.6011	8033.0000
3480	3481	3478	0.5385	8033.0000
3481	3482	3479	0.4824	8033.0000
3482	3483	3480	0.7073	8033.0000
3483	3484	3481	0.3273	8033.0000
3484	3485	3482	0.3925	8033.0000
3485	3486	3483	0.4058	8033.0000
3486	3487	3484	0.4146	8033.0000
3487	3488	3485	0.3548	8033.0000
3488	3489	3486	0.3460	8033.0000
3489	3490	3487	0.4408	8033.0000
3490	3491	3488	0.3817	8033.0000
3491	3492	3489	0.4220	8033.0000
3492	3493	3490	0.5708	8033.0000
3493	3494	3491	0.4274	8033.0000
3494	3495	3492	0.6177	8033.0000
3495	3496	3493	0.5280	8033.0000
3496	3497	3494	0.4224	8033.0000
3497	3498	3495	0.4113	8033.0000
3498	3499	3496	0.6523	8033.0000
3499	3500	3497	0.5624	8033.0000
3500	3501	3498	0.5073	8033.0000
3501	3502	3499	0.4375	8033.0000
3502	3503	3500	0.6045	8033.0000
3503	3504	3501	0.3967	8033.0000
3504	3505	3502	0.4975	8033.0000
3505	3506	3503	0.4601	8033.0000
3506	3507	3504	0.4716	8033.0000
3507	3508	3505	0.4091	8033.0000
3508	3509	3506	0.4270	8033.0000
3509	3510	3507	0.3681	8033.0000
3510	3511	3508	0.5981	8033.0000
3511	3512	3509	0.4504	8033.0000
3512	3513	3510	0.5619	8033.0000
3513	3514	3511	0.3935	8033.0000
3514	3515	3512	0.4970	8033.0000
3515	3516	3513	0.6107	8033.0000
3516	3517	3514	0.5482	8033.0000
3517	3518	3515	0.4099	8033.0000
3518	3519	3516	0.3845	8033.0000
3519	3520	3517	0.4783	8033.0000
3520	3521	3518	0.4039	8033.0000
3521	3522	3519	0.5925	8033.0000
3522	3523	3520	0.4997	8033.0000
3523	3524	3521	0.4242	8033.0000
3524	3525	3522	0.4453	8033.0000
3525	3526	3523	0.4295	8033.0000
3526	3527	3524	0.5206	8033.0000
3527	3528	3525	0.3835	8033.0000
3528	3529	3526	0.6018	8033.0000
3529	3530	3527	0.5703	8033.0000
3530	3531	3528	0.5623	8033.0000
3531	3532	3529	0.4870	8033.0000
3532	3533	3530	0.3886	8033.0000
3533	3534	3531	0.3730	8033.0000
3534	3535	3532	0.4871	8033.0000
3535	3536	3533	0.4746	8033.0000
3536	3537	3534	0.7115	8033.0000
3537	3538	3535	0.5119	8033.0000
3538	3539	3536	0.5737	8033.0000
3539	3540	3537	0.5006	8033.0000
3540	3541	3538	0.8000	8033.0000
3541	3542	3539	0.4953	8033.0000
3542	3543	3540	0.5628	8033.0000
3543	3544	3541	0.6362	8033.0000
3544	3545	3542	0.4466	8033.0000
3545	3546	3543	0.5048	8033.0000
3546	3547	3544	0.3445	8033.0000
3547	3548	3545	0.4080	8033.0000
3548	3549	3546	0.5425	8033.0000
3549	3550	3547	0.5563	8033.0000
3550	3551	3548	0.5176	8033.0000
3551	3552	3549	0.3191	8033.0000
3552	3553	3550	0.4152	8033.0000
3553	3554	3551	0.4680	8033.0000
3554	3555	3552	0.4172	8033.0000
3555	3556	3553	0.3926	8033.0000
3556	3557	3554	0.5111	8033.0000
3557	3558	3555	0.3992	8033.0000
3558	3559	3556	0.3621	8033.0000
3559	3560	3557	0.4013	8033.0000
3560	3561	3558	0.4248	8033.0000
3561	3562	3559	0.5071	8033.0000
3562	3563	3560	0.5975	8033.0000
3563	3564	3561	0.3733	8033.0000
3564	3565	3562	0.4762	8033.0000
3565	3566	3563	0.6100	8033.0000
3566	3567	3564	0.4126	8033.0000
3567	3568	3565	0.4247	8033.0000
3568	3569	3566	0.5041	8033.0000
3569	3570	3567	0.4487	8033.0000
3570	3571	3568	0.5597	8033.0000
3571	3572	3569	0.5982	8033.0000
3572	3573	3570	0.4611	8033.0000
3573	3574	3571	0.4072	8033.0000
3574	3575	3572	0.4431	8033.0000
3575	3576	3573	0.4049	8033.0000
3576	3577	3574	0.4292	8033.0000
3577	3578	3575	0.4362	8033.0000
3578	3579	3576	0.4084	8033.0000
3579	3580	3577	0.5062	8033.0000
3580	3581	3578	0.5249	8033.0000
3581	3582	3579	0.4715	8033.0000
3582	3583	3580	0.3845	8033.0000
3583	3584	3581	0.4601	8033.0000
3584	3585	3582	0.5676	8033.0000
3585	3586	3583	0.3972	8033.0000
3586	3587	3584	0.4130	8033.0000
3587	3588	3585	0.5239	8033.0000
3588	3589	3586	0.6423	8033.0000
3589	3590	3587	0.5431	8033.0000
3590	3591	3588	0.4935	8033.0000
3591	3592	3589	0.5331	8033.0000
3592	3593	3590	0.5919	8033.0000
3593	3594	3591	0.3650	8033.0000
3594	3595	3592	0.5680	8033.0000
3595	3596	3593	0.3548	8033.0000
3596	3597	3594	0.6849	8033.0000
3597	3598	3595	0.4504	8033.0000
3598	3599	3596	0.4789	8033.0000
3599	3600	3597	0.5019	8033.0000
3600	3601	3598	0.6335	8033.0000
3601	3602	3599	0.6201	8033.0000
