i j d[nm] fc
6 8 0.6206 700.0000
6 43 0.8772 700.0000
6 57 0.5522 700.0000
6 58 0.7463 700.0000
6 59 0.6534 700.0000
6 60 0.8275 700.0000
7 9 0.8878 700.0000
7 57 0.7556 700.0000
7 58 0.6093 700.0000
7 59 0.7463 700.0000
7 60 0.5938 700.0000
7 61 0.4747 700.0000
7 62 0.8781 700.0000
7 63 0.8232 700.0000
7 64 0.5496 700.0000
8 10 0.7938 700.0000
8 55 0.7103 700.0000
8 56 0.6315 700.0000
8 57 0.5406 700.0000
8 58 0.6870 700.0000
8 61 0.8881 700.0000
8 64 0.6410 700.0000
9 11 0.6352 700.0000
9 31 0.8309 700.0000
9 55 0.6407 700.0000
9 56 0.4497 700.0000
9 57 0.7259 700.0000
9 58 0.6815 700.0000
9 64 0.6599 700.0000
9 67 0.7729 700.0000
9 68 0.7597 700.0000
9 87 0.6308 700.0000
9 88 0.6552 700.0000
10 12 0.6310 700.0000
10 47 0.7892 700.0000
10 53 0.6309 700.0000
10 54 0.7606 700.0000
10 55 0.5745 700.0000
10 56 0.7316 700.0000
10 86 0.7557 700.0000
10 87 0.6441 700.0000
10 88 0.4301 700.0000
11 13 0.7235 700.0000
11 15 0.8771 700.0000
11 27 0.7733 700.0000
11 31 0.8598 700.0000
11 47 0.8955 700.0000
11 52 0.8537 700.0000
11 53 0.6687 700.0000
11 54 0.5175 700.0000
11 55 0.6576 700.0000
11 56 0.6900 700.0000
11 85 0.6660 700.0000
11 86 0.5872 700.0000
11 87 0.6025 700.0000
11 88 0.6924 700.0000
12 14 0.8716 700.0000
12 15 0.7561 700.0000
12 52 0.6846 700.0000
12 53 0.5387 700.0000
12 54 0.7758 700.0000
12 85 0.7162 700.0000
12 86 0.4381 700.0000
12 87 0.7319 700.0000
12 88 0.6995 700.0000
13 15 0.3723 700.0000
13 16 0.6449 700.0000
13 52 0.7074 700.0000
13 53 0.8606 700.0000
13 54 0.8600 700.0000
13 83 0.6837 700.0000
13 84 0.7170 700.0000
13 85 0.5938 700.0000
13 86 0.6386 700.0000
14 16 0.6383 700.0000
14 75 0.8904 700.0000
14 82 0.7781 700.0000
14 83 0.4812 700.0000
14 84 0.6022 700.0000
14 85 0.7587 700.0000
15 17 0.7576 700.0000
15 18 0.8205 700.0000
15 19 0.5822 700.0000
15 20 0.7180 700.0000
15 23 0.7052 700.0000
15 52 0.6212 700.0000
15 54 0.7859 700.0000
15 83 0.6198 700.0000
15 85 0.8296 700.0000
16 18 0.6240 700.0000
16 19 0.6347 700.0000
16 20 0.8843 700.0000
16 51 0.8835 700.0000
16 52 0.6214 700.0000
17 19 0.6503 700.0000
17 51 0.7406 700.0000
17 52 0.6495 700.0000
18 20 0.6369 700.0000
18 21 0.8416 700.0000
18 51 0.8097 700.0000
18 52 0.8426 700.0000
19 21 0.7245 700.0000
19 23 0.6531 700.0000
19 46 0.8491 700.0000
19 51 0.7072 700.0000
19 52 0.6706 700.0000
19 54 0.8381 700.0000
20 22 0.6022 700.0000
20 23 0.4947 700.0000
20 24 0.8967 700.0000
20 77 0.7937 700.0000
20 80 0.7586 700.0000
21 23 0.8356 700.0000
22 24 0.7222 700.0000
22 25 0.5813 700.0000
22 26 0.6862 700.0000
22 77 0.7884 700.0000
23 25 0.6310 700.0000
23 26 0.5787 700.0000
23 27 0.5380 700.0000
23 44 0.8978 700.0000
23 54 0.7212 700.0000
23 75 0.8105 700.0000
23 77 0.7445 700.0000
23 83 0.8377 700.0000
24 26 0.7427 700.0000
24 27 0.5426 700.0000
24 28 0.6151 700.0000
24 43 0.8649 700.0000
24 44 0.4731 700.0000
24 45 0.8222 700.0000
24 46 0.7467 700.0000
24 54 0.6556 700.0000
25 27 0.6434 700.0000
25 28 0.5344 700.0000
25 29 0.5860 700.0000
25 44 0.7813 700.0000
26 28 0.7567 700.0000
26 29 0.4805 700.0000
26 30 0.8240 700.0000
26 75 0.6763 700.0000
26 76 0.8316 700.0000
26 77 0.5667 700.0000
27 29 0.7225 700.0000
27 30 0.6300 700.0000
27 31 0.5764 700.0000
27 44 0.6362 700.0000
27 54 0.7016 700.0000
27 56 0.8091 700.0000
27 75 0.6977 700.0000
27 85 0.8335 700.0000
28 30 0.8746 700.0000
28 31 0.6898 700.0000
28 32 0.5066 700.0000
28 40 0.8610 700.0000
28 42 0.5262 700.0000
28 43 0.6885 700.0000
28 44 0.5227 700.0000
28 56 0.8391 700.0000
29 31 0.8473 700.0000
29 32 0.6120 700.0000
29 33 0.7708 700.0000
29 36 0.7951 700.0000
30 32 0.8055 700.0000
30 33 0.5880 700.0000
30 34 0.8640 700.0000
30 36 0.4178 700.0000
30 37 0.4755 700.0000
30 38 0.8137 700.0000
30 39 0.7996 700.0000
30 67 0.8994 700.0000
30 70 0.8667 700.0000
30 73 0.6607 700.0000
30 74 0.8076 700.0000
30 75 0.6225 700.0000
30 76 0.8636 700.0000
30 85 0.7825 700.0000
31 33 0.6960 700.0000
31 34 0.8969 700.0000
31 36 0.8036 700.0000
31 37 0.5328 700.0000
31 38 0.7450 700.0000
31 39 0.6363 700.0000
31 40 0.6797 700.0000
31 42 0.6502 700.0000
31 44 0.8156 700.0000
31 56 0.6439 700.0000
31 58 0.7301 700.0000
31 67 0.7082 700.0000
31 73 0.7937 700.0000
31 85 0.8835 700.0000
32 34 0.8061 700.0000
32 37 0.8881 700.0000
32 39 0.7022 700.0000
32 40 0.4741 700.0000
32 41 0.6430 700.0000
32 42 0.4908 700.0000
32 58 0.8981 700.0000
33 35 0.6139 700.0000
33 36 0.5028 700.0000
33 37 0.5167 700.0000
33 38 0.6165 700.0000
33 39 0.5194 700.0000
33 40 0.6406 700.0000
34 36 0.7582 700.0000
34 37 0.5665 700.0000
34 38 0.4416 700.0000
34 39 0.4134 700.0000
34 40 0.6437 700.0000
34 63 0.8604 700.0000
34 66 0.8310 700.0000
35 37 0.7897 700.0000
35 38 0.8183 700.0000
36 38 0.8643 700.0000
36 39 0.8997 700.0000
36 73 0.8599 700.0000
36 74 0.8049 700.0000
36 75 0.7665 700.0000
36 76 0.7717 700.0000
37 39 0.4697 700.0000
37 40 0.7716 700.0000
37 63 0.8711 700.0000
37 66 0.7974 700.0000
37 67 0.5561 700.0000
37 70 0.5252 700.0000
37 73 0.6391 700.0000
38 40 0.6696 700.0000
38 63 0.6105 700.0000
38 66 0.4825 700.0000
38 67 0.5214 700.0000
38 69 0.8566 700.0000
38 70 0.6136 700.0000
39 41 0.8646 700.0000
39 42 0.7960 700.0000
39 58 0.7288 700.0000
39 60 0.8676 700.0000
39 62 0.8672 700.0000
39 63 0.5104 700.0000
39 66 0.6224 700.0000
39 67 0.6482 700.0000
39 70 0.8759 700.0000
40 42 0.5007 700.0000
40 58 0.5952 700.0000
40 60 0.7283 700.0000
40 63 0.5841 700.0000
41 43 0.8897 700.0000
41 58 0.7542 700.0000
41 59 0.6142 700.0000
41 60 0.7306 700.0000
41 63 0.8850 700.0000
42 44 0.6545 700.0000
42 56 0.6387 700.0000
42 57 0.7056 700.0000
42 58 0.5270 700.0000
42 59 0.8637 700.0000
42 60 0.8909 700.0000
42 63 0.8961 700.0000
43 45 0.4939 700.0000
43 55 0.8208 700.0000
43 56 0.6734 700.0000
43 57 0.4904 700.0000
43 58 0.8272 700.0000
44 46 0.8230 700.0000
44 54 0.6752 700.0000
44 55 0.6429 700.0000
44 56 0.5454 700.0000
44 57 0.6624 700.0000
45 47 0.8712 700.0000
45 54 0.8365 700.0000
45 55 0.5658 700.0000
45 56 0.7548 700.0000
45 57 0.5787 700.0000
46 48 0.6511 700.0000
46 50 0.6980 700.0000
46 51 0.6003 700.0000
46 52 0.7628 700.0000
46 53 0.8305 700.0000
46 54 0.5072 700.0000
46 55 0.7456 700.0000
47 49 0.4596 700.0000
47 50 0.4567 700.0000
47 51 0.6758 700.0000
47 52 0.7504 700.0000
47 53 0.5094 700.0000
47 54 0.6560 700.0000
47 55 0.5987 700.0000
48 50 0.6264 700.0000
48 51 0.7813 700.0000
48 53 0.8466 700.0000
48 55 0.8523 700.0000
49 53 0.6897 700.0000
50 52 0.4584 700.0000
50 53 0.4245 700.0000
50 54 0.7907 700.0000
51 53 0.6795 700.0000
51 54 0.7860 700.0000
52 54 0.6465 700.0000
53 55 0.8094 700.0000
53 88 0.8914 700.0000
54 56 0.7909 700.0000
55 57 0.5710 700.0000
56 58 0.5459 700.0000
56 64 0.8976 700.0000
58 60 0.5639 700.0000
58 61 0.8205 700.0000
58 62 0.8668 700.0000
58 63 0.5404 700.0000
58 64 0.6068 700.0000
58 67 0.7978 700.0000
60 62 0.5124 700.0000
60 63 0.4618 700.0000
60 64 0.7337 700.0000
60 66 0.8909 700.0000
61 63 0.6968 700.0000
61 64 0.4687 700.0000
61 65 0.6608 700.0000
62 64 0.7133 700.0000
62 65 0.6578 700.0000
62 66 0.5452 700.0000
63 65 0.6853 700.0000
63 66 0.4644 700.0000
63 67 0.6616 700.0000
64 66 0.7851 700.0000
64 67 0.6946 700.0000
64 68 0.6271 700.0000
65 67 0.6394 700.0000
65 68 0.4861 700.0000
65 69 0.5147 700.0000
66 68 0.7723 700.0000
66 69 0.5771 700.0000
66 70 0.8121 700.0000
67 69 0.6298 700.0000
67 70 0.5799 700.0000
67 73 0.7158 700.0000
67 87 0.7149 700.0000
68 70 0.8286 700.0000
68 87 0.6264 700.0000
68 88 0.8514 700.0000
69 71 0.7856 700.0000
70 72 0.5775 700.0000
70 73 0.5304 700.0000
71 73 0.8378 700.0000
72 74 0.6500 700.0000
72 84 0.8084 700.0000
72 85 0.8478 700.0000
73 75 0.8505 700.0000
73 84 0.7659 700.0000
73 85 0.4765 700.0000
73 86 0.7299 700.0000
73 87 0.6621 700.0000
74 76 0.6845 700.0000
74 82 0.6312 700.0000
74 83 0.7844 700.0000
74 84 0.5727 700.0000
74 85 0.6741 700.0000
75 77 0.6729 700.0000
75 81 0.7032 700.0000
75 82 0.5973 700.0000
75 83 0.4670 700.0000
75 84 0.8290 700.0000
75 85 0.6718 700.0000
76 78 0.7072 700.0000
76 81 0.5573 700.0000
76 82 0.5312 700.0000
76 83 0.7061 700.0000
77 79 0.5800 700.0000
77 80 0.4749 700.0000
77 81 0.5650 700.0000
77 82 0.8411 700.0000
77 83 0.7245 700.0000
78 80 0.8153 700.0000
78 81 0.7439 700.0000
79 81 0.5789 700.0000
80 82 0.8783 700.0000
80 83 0.7797 700.0000
81 83 0.5467 700.0000
82 84 0.6996 700.0000
83 85 0.7222 700.0000
84 86 0.7621 700.0000
85 87 0.6701 700.0000
86 88 0.6379 700.0000
150 152 0.7393 700.0000
150 192 0.6595 700.0000
150 193 0.5951 700.0000
150 194 0.5505 700.0000
150 195 0.6744 700.0000
150 201 0.7741 700.0000
150 222 0.8818 700.0000
150 223 0.6791 700.0000
151 153 0.5899 700.0000
151 191 0.7581 700.0000
151 192 0.5843 700.0000
151 193 0.4361 700.0000
151 194 0.7411 700.0000
151 195 0.6995 700.0000
151 201 0.6841 700.0000
151 204 0.6878 700.0000
151 205 0.7160 700.0000
151 221 0.7218 700.0000
151 222 0.6397 700.0000
151 223 0.5795 700.0000
152 154 0.5803 700.0000
152 190 0.6771 700.0000
152 191 0.5515 700.0000
152 192 0.5513 700.0000
152 193 0.6621 700.0000
152 205 0.8403 700.0000
152 220 0.6819 700.0000
152 221 0.5862 700.0000
152 222 0.4045 700.0000
152 223 0.6803 700.0000
153 155 0.8565 700.0000
153 156 0.7695 700.0000
153 165 0.7177 700.0000
153 168 0.8383 700.0000
153 169 0.8724 700.0000
153 190 0.6973 700.0000
153 191 0.4665 700.0000
153 192 0.6660 700.0000
153 193 0.6783 700.0000
153 204 0.8874 700.0000
153 205 0.8668 700.0000
153 208 0.7884 700.0000
153 214 0.8053 700.0000
153 219 0.5777 700.0000
153 220 0.5904 700.0000
153 221 0.5332 700.0000
153 222 0.7506 700.0000
154 156 0.7582 700.0000
154 189 0.7293 700.0000
154 190 0.5742 700.0000
154 191 0.7296 700.0000
154 219 0.6810 700.0000
154 220 0.3908 700.0000
154 221 0.6683 700.0000
154 222 0.6006 700.0000
155 157 0.6217 700.0000
155 189 0.5815 700.0000
155 190 0.7751 700.0000
155 217 0.8521 700.0000
155 218 0.6200 700.0000
155 219 0.5484 700.0000
155 220 0.5569 700.0000
156 158 0.6926 700.0000
156 159 0.8123 700.0000
156 160 0.5394 700.0000
156 161 0.8716 700.0000
156 165 0.8169 700.0000
156 184 0.7426 700.0000
156 185 0.7885 700.0000
156 186 0.5491 700.0000
156 189 0.4415 700.0000
156 190 0.5521 700.0000
156 191 0.6297 700.0000
156 217 0.8407 700.0000
156 219 0.6936 700.0000
157 159 0.5049 700.0000
157 160 0.5746 700.0000
157 186 0.8847 700.0000
157 189 0.7098 700.0000
157 217 0.6595 700.0000
157 218 0.6673 700.0000
157 219 0.7787 700.0000
158 160 0.5419 700.0000
158 161 0.7882 700.0000
158 186 0.6591 700.0000
158 189 0.8478 700.0000
159 161 0.6912 700.0000
159 164 0.7606 700.0000
159 217 0.7132 700.0000
160 162 0.7594 700.0000
160 163 0.8801 700.0000
160 164 0.5205 700.0000
160 165 0.6639 700.0000
160 186 0.7643 700.0000
160 217 0.6494 700.0000
160 219 0.8403 700.0000
161 163 0.4932 700.0000
161 164 0.3815 700.0000
161 165 0.6159 700.0000
161 166 0.8419 700.0000
162 164 0.6570 700.0000
162 165 0.6090 700.0000
162 166 0.6449 700.0000
162 182 0.7750 700.0000
162 184 0.7315 700.0000
163 165 0.6720 700.0000
163 166 0.5515 700.0000
163 167 0.6049 700.0000
164 166 0.7532 700.0000
164 167 0.6514 700.0000
164 168 0.7202 700.0000
164 213 0.8980 700.0000
164 217 0.7590 700.0000
165 167 0.6848 700.0000
165 168 0.5504 700.0000
165 169 0.6770 700.0000
165 182 0.6775 700.0000
165 184 0.8076 700.0000
165 191 0.7287 700.0000
165 193 0.8825 700.0000
165 219 0.8772 700.0000
166 168 0.6786 700.0000
166 169 0.5821 700.0000
166 170 0.5754 700.0000
166 176 0.8701 700.0000
166 177 0.5865 700.0000
166 180 0.6886 700.0000
166 182 0.6583 700.0000
167 169 0.6727 700.0000
167 170 0.5048 700.0000
167 171 0.6066 700.0000
167 177 0.8967 700.0000
168 170 0.7052 700.0000
168 171 0.5758 700.0000
168 172 0.5914 700.0000
168 173 0.8785 700.0000
168 208 0.7641 700.0000
168 211 0.7056 700.0000
168 212 0.8924 700.0000
168 213 0.6492 700.0000
168 214 0.7175 700.0000
168 217 0.8827 700.0000
168 219 0.8901 700.0000
169 171 0.6446 700.0000
169 172 0.5440 700.0000
169 173 0.5517 700.0000
169 174 0.7693 700.0000
169 175 0.6874 700.0000
169 176 0.8467 700.0000
169 177 0.8523 700.0000
169 180 0.6207 700.0000
169 182 0.8588 700.0000
169 193 0.7396 700.0000
169 195 0.8348 700.0000
169 204 0.7216 700.0000
169 208 0.8473 700.0000
170 172 0.7738 700.0000
170 173 0.6583 700.0000
170 174 0.6165 700.0000
170 175 0.5822 700.0000
170 176 0.5579 700.0000
170 177 0.6675 700.0000
170 179 0.8916 700.0000
170 180 0.7126 700.0000
171 173 0.6948 700.0000
171 174 0.7006 700.0000
171 175 0.8784 700.0000
171 211 0.7796 700.0000
172 174 0.7118 700.0000
172 175 0.8493 700.0000
172 204 0.5717 700.0000
172 207 0.6220 700.0000
172 208 0.5643 700.0000
172 211 0.6199 700.0000
173 175 0.4174 700.0000
173 176 0.8200 700.0000
173 179 0.8686 700.0000
173 180 0.8187 700.0000
173 195 0.8138 700.0000
173 199 0.7787 700.0000
173 204 0.6281 700.0000
173 207 0.8839 700.0000
174 176 0.6820 700.0000
174 179 0.8280 700.0000
175 177 0.8165 700.0000
175 178 0.8147 700.0000
175 179 0.4982 700.0000
175 180 0.6238 700.0000
175 195 0.7965 700.0000
175 197 0.6763 700.0000
175 199 0.8690 700.0000
176 178 0.4396 700.0000
176 179 0.4400 700.0000
176 180 0.5796 700.0000
176 197 0.8440 700.0000
177 179 0.6879 700.0000
177 180 0.4861 700.0000
177 181 0.7596 700.0000
177 182 0.8068 700.0000
178 180 0.6612 700.0000
178 181 0.8666 700.0000
178 196 0.7755 700.0000
179 181 0.8456 700.0000
179 195 0.7459 700.0000
179 196 0.5212 700.0000
179 197 0.4500 700.0000
180 182 0.6577 700.0000
180 193 0.6609 700.0000
180 194 0.6556 700.0000
180 195 0.5991 700.0000
180 196 0.6606 700.0000
180 197 0.8251 700.0000
181 183 0.7593 700.0000
181 192 0.8407 700.0000
181 193 0.6981 700.0000
181 194 0.4536 700.0000
181 195 0.7786 700.0000
181 196 0.6153 700.0000
182 184 0.6195 700.0000
182 191 0.6814 700.0000
182 192 0.6027 700.0000
182 193 0.5779 700.0000
182 194 0.7092 700.0000
183 185 0.6078 700.0000
183 190 0.8276 700.0000
183 191 0.6605 700.0000
183 192 0.4948 700.0000
183 193 0.7943 700.0000
183 194 0.8097 700.0000
184 186 0.5529 700.0000
184 190 0.6793 700.0000
184 191 0.5578 700.0000
184 192 0.7261 700.0000
185 187 0.5800 700.0000
185 188 0.5438 700.0000
185 189 0.7182 700.0000
185 190 0.4446 700.0000
185 191 0.6070 700.0000
185 192 0.7427 700.0000
186 188 0.8594 700.0000
186 189 0.5998 700.0000
186 190 0.7281 700.0000
186 191 0.8435 700.0000
187 189 0.7030 700.0000
187 190 0.8339 700.0000
188 190 0.6114 700.0000
189 191 0.8279 700.0000
190 192 0.6631 700.0000
190 220 0.8901 700.0000
191 193 0.6696 700.0000
191 219 0.8818 700.0000
192 194 0.6479 700.0000
193 195 0.5390 700.0000
193 204 0.8381 700.0000
194 196 0.6308 700.0000
195 197 0.6817 700.0000
195 198 0.8365 700.0000
195 199 0.5610 700.0000
195 201 0.7131 700.0000
195 204 0.7699 700.0000
197 199 0.6807 700.0000
198 200 0.7531 700.0000
198 201 0.8439 700.0000
199 201 0.5265 700.0000
199 202 0.8713 700.0000
199 203 0.8092 700.0000
199 204 0.7285 700.0000
200 202 0.5021 700.0000
200 203 0.4693 700.0000
200 204 0.7325 700.0000
200 205 0.8614 700.0000
200 206 0.8967 700.0000
201 203 0.7725 700.0000
201 204 0.5871 700.0000
201 205 0.6598 700.0000
201 223 0.6415 700.0000
202 204 0.7664 700.0000
202 205 0.5900 700.0000
202 206 0.6703 700.0000
202 223 0.6856 700.0000
203 205 0.7951 700.0000
203 206 0.6281 700.0000
203 207 0.5323 700.0000
204 206 0.7499 700.0000
204 207 0.5910 700.0000
204 208 0.5175 700.0000
204 209 0.8958 700.0000
204 221 0.8025 700.0000
205 207 0.6393 700.0000
205 208 0.5006 700.0000
205 209 0.6162 700.0000
205 210 0.8423 700.0000
205 221 0.5120 700.0000
205 222 0.8405 700.0000
205 223 0.7047 700.0000
206 208 0.6677 700.0000
206 209 0.5441 700.0000
206 210 0.5570 700.0000
206 221 0.8746 700.0000
207 209 0.6427 700.0000
207 210 0.4568 700.0000
207 211 0.7499 700.0000
208 210 0.6240 700.0000
208 211 0.5792 700.0000
208 213 0.8569 700.0000
208 214 0.5932 700.0000
208 219 0.8515 700.0000
208 220 0.8804 700.0000
208 221 0.5717 700.0000
209 211 0.7426 700.0000
209 214 0.6893 700.0000
209 215 0.7276 700.0000
209 220 0.8613 700.0000
209 221 0.6309 700.0000
210 215 0.8852 700.0000
211 213 0.4703 700.0000
211 214 0.5505 700.0000
211 215 0.7166 700.0000
212 214 0.6755 700.0000
212 215 0.6642 700.0000
212 216 0.6495 700.0000
213 215 0.6395 700.0000
213 216 0.4875 700.0000
213 217 0.5762 700.0000
213 219 0.7945 700.0000
214 216 0.7084 700.0000
214 217 0.5700 700.0000
214 218 0.7465 700.0000
214 219 0.4572 700.0000
214 220 0.7443 700.0000
214 221 0.7258 700.0000
215 217 0.7828 700.0000
215 218 0.7104 700.0000
215 219 0.7902 700.0000
216 218 0.7298 700.0000
216 219 0.8908 700.0000
217 219 0.5160 700.0000
218 220 0.8179 700.0000
219 221 0.6534 700.0000
220 222 0.6949 700.0000
221 223 0.8291 700.0000
227 229 0.4784 700.0000
227 230 0.7855 700.0000
227 273 0.8911 700.0000
227 274 0.8972 700.0000
227 277 0.6591 700.0000
227 280 0.7042 700.0000
227 299 0.6786 700.0000
227 300 0.7377 700.0000
227 301 0.5509 700.0000
228 230 0.7626 700.0000
228 259 0.8693 700.0000
228 272 0.8312 700.0000
228 273 0.4870 700.0000
228 274 0.5636 700.0000
228 275 0.8286 700.0000
228 276 0.8119 700.0000
228 277 0.7123 700.0000
228 279 0.8844 700.0000
228 280 0.7346 700.0000
229 231 0.8787 700.0000
229 260 0.8852 700.0000
229 271 0.6336 700.0000
229 272 0.6035 700.0000
229 273 0.5592 700.0000
229 274 0.6704 700.0000
229 280 0.7521 700.0000
229 299 0.7254 700.0000
229 300 0.5655 700.0000
229 301 0.7575 700.0000
230 232 0.6015 700.0000
230 248 0.8187 700.0000
230 270 0.6980 700.0000
230 271 0.5967 700.0000
230 272 0.4348 700.0000
230 273 0.7937 700.0000
230 274 0.7056 700.0000
230 280 0.6775 700.0000
230 283 0.7617 700.0000
230 284 0.7922 700.0000
230 297 0.6262 700.0000
230 298 0.7423 700.0000
230 299 0.6526 700.0000
230 300 0.7294 700.0000
231 233 0.5018 700.0000
231 264 0.7819 700.0000
231 267 0.7715 700.0000
231 269 0.5788 700.0000
231 270 0.5359 700.0000
231 271 0.5864 700.0000
231 272 0.8725 700.0000
231 296 0.7995 700.0000
231 297 0.7469 700.0000
231 298 0.5830 700.0000
231 299 0.7795 700.0000
231 300 0.6271 700.0000
232 234 0.7338 700.0000
232 235 0.6439 700.0000
232 244 0.8847 700.0000
232 248 0.8981 700.0000
232 264 0.8822 700.0000
232 268 0.8167 700.0000
232 269 0.5454 700.0000
232 270 0.3921 700.0000
232 271 0.6708 700.0000
232 272 0.6807 700.0000
232 295 0.6301 700.0000
232 296 0.5748 700.0000
232 297 0.5589 700.0000
232 298 0.7017 700.0000
233 235 0.7120 700.0000
233 267 0.7419 700.0000
233 268 0.6424 700.0000
233 269 0.5534 700.0000
233 270 0.7030 700.0000
233 295 0.7476 700.0000
233 296 0.4594 700.0000
233 297 0.7001 700.0000
233 298 0.6331 700.0000
234 236 0.7438 700.0000
234 268 0.5988 700.0000
234 269 0.7765 700.0000
234 293 0.6586 700.0000
234 294 0.6112 700.0000
234 295 0.5862 700.0000
234 296 0.5331 700.0000
235 237 0.7145 700.0000
235 238 0.8052 700.0000
235 239 0.6359 700.0000
235 244 0.8463 700.0000
235 263 0.6883 700.0000
235 265 0.8321 700.0000
235 268 0.4832 700.0000
235 269 0.5761 700.0000
235 270 0.7042 700.0000
235 290 0.6998 700.0000
235 293 0.7382 700.0000
235 294 0.8796 700.0000
235 295 0.6863 700.0000
235 296 0.8429 700.0000
236 238 0.5367 700.0000
236 239 0.5227 700.0000
236 263 0.8879 700.0000
236 268 0.7432 700.0000
236 290 0.6044 700.0000
236 291 0.6553 700.0000
236 293 0.5812 700.0000
236 295 0.8783 700.0000
237 239 0.5987 700.0000
237 268 0.8579 700.0000
237 291 0.8690 700.0000
237 293 0.8646 700.0000
238 240 0.5805 700.0000
238 243 0.8070 700.0000
238 263 0.8603 700.0000
238 290 0.8207 700.0000
238 291 0.7865 700.0000
239 241 0.7308 700.0000
239 243 0.6414 700.0000
239 244 0.6739 700.0000
239 263 0.6344 700.0000
239 290 0.7183 700.0000
239 291 0.8351 700.0000
240 242 0.6130 700.0000
240 243 0.4237 700.0000
240 244 0.5877 700.0000
240 263 0.7816 700.0000
241 243 0.6497 700.0000
241 244 0.5726 700.0000
241 245 0.7197 700.0000
241 260 0.8490 700.0000
241 261 0.5074 700.0000
241 262 0.8499 700.0000
241 263 0.6821 700.0000
242 244 0.7698 700.0000
242 245 0.6511 700.0000
242 246 0.5482 700.0000
243 245 0.7040 700.0000
243 246 0.5324 700.0000
243 247 0.6845 700.0000
243 248 0.8665 700.0000
243 290 0.7176 700.0000
244 246 0.6853 700.0000
244 247 0.6012 700.0000
244 248 0.5993 700.0000
244 261 0.6489 700.0000
244 263 0.8426 700.0000
244 270 0.8190 700.0000
244 272 0.7551 700.0000
244 290 0.7045 700.0000
245 247 0.8515 700.0000
245 248 0.6946 700.0000
245 249 0.4922 700.0000
245 256 0.8237 700.0000
245 257 0.8886 700.0000
245 258 0.4741 700.0000
245 259 0.7258 700.0000
245 260 0.7843 700.0000
245 261 0.6566 700.0000
245 272 0.8419 700.0000
246 248 0.7690 700.0000
246 249 0.5619 700.0000
246 250 0.7128 700.0000
247 249 0.8290 700.0000
247 250 0.6086 700.0000
247 253 0.5259 700.0000
247 254 0.8752 700.0000
247 255 0.8405 700.0000
247 288 0.6883 700.0000
247 289 0.8497 700.0000
247 290 0.6108 700.0000
247 295 0.8842 700.0000
248 250 0.7184 700.0000
248 253 0.6557 700.0000
248 254 0.7437 700.0000
248 255 0.6498 700.0000
248 256 0.6641 700.0000
248 258 0.7301 700.0000
248 272 0.6389 700.0000
248 274 0.7467 700.0000
248 279 0.8560 700.0000
248 283 0.7098 700.0000
248 288 0.7907 700.0000
249 251 0.7866 700.0000
249 255 0.6796 700.0000
249 256 0.4583 700.0000
249 257 0.6435 700.0000
249 258 0.5164 700.0000
249 259 0.8834 700.0000
249 274 0.8630 700.0000
250 252 0.5450 700.0000
250 253 0.4321 700.0000
250 254 0.6463 700.0000
250 255 0.5346 700.0000
250 256 0.7100 700.0000
251 253 0.5973 700.0000
251 254 0.5483 700.0000
251 255 0.4480 700.0000
251 256 0.6822 700.0000
252 254 0.8052 700.0000
252 255 0.8437 700.0000
253 255 0.5724 700.0000
253 256 0.8723 700.0000
253 282 0.8612 700.0000
253 283 0.7601 700.0000
253 286 0.6821 700.0000
253 288 0.6461 700.0000
253 289 0.8920 700.0000
254 256 0.6636 700.0000
254 279 0.6049 700.0000
254 280 0.8748 700.0000
254 282 0.4326 700.0000
254 283 0.5267 700.0000
254 285 0.8056 700.0000
254 286 0.6312 700.0000
254 288 0.8762 700.0000
255 274 0.8091 700.0000
255 279 0.5465 700.0000
255 282 0.6331 700.0000
255 283 0.6845 700.0000
256 258 0.5717 700.0000
256 274 0.5860 700.0000
256 275 0.8087 700.0000
256 276 0.7749 700.0000
256 279 0.5639 700.0000
256 282 0.8935 700.0000
256 283 0.8886 700.0000
257 259 0.6996 700.0000
257 274 0.8110 700.0000
257 275 0.4695 700.0000
257 276 0.8428 700.0000
258 260 0.6461 700.0000
258 261 0.7464 700.0000
258 272 0.7193 700.0000
258 273 0.6306 700.0000
258 274 0.5289 700.0000
258 275 0.6190 700.0000
259 261 0.7184 700.0000
259 272 0.7840 700.0000
259 273 0.4325 700.0000
259 274 0.6392 700.0000
259 275 0.5290 700.0000
260 262 0.6508 700.0000
260 271 0.7311 700.0000
260 272 0.6192 700.0000
260 273 0.4709 700.0000
260 274 0.8212 700.0000
261 263 0.8038 700.0000
261 270 0.7146 700.0000
261 271 0.6651 700.0000
261 272 0.5468 700.0000
261 273 0.7637 700.0000
262 264 0.5457 700.0000
262 269 0.8064 700.0000
262 270 0.6060 700.0000
262 271 0.4491 700.0000
262 272 0.7667 700.0000
263 265 0.4742 700.0000
263 266 0.8877 700.0000
263 267 0.8852 700.0000
263 268 0.7130 700.0000
263 269 0.5760 700.0000
263 270 0.6270 700.0000
263 271 0.8887 700.0000
264 266 0.6944 700.0000
264 267 0.5415 700.0000
264 268 0.7236 700.0000
264 269 0.4278 700.0000
264 270 0.5520 700.0000
264 271 0.6693 700.0000
265 267 0.6633 700.0000
265 268 0.5729 700.0000
265 269 0.6482 700.0000
266 268 0.7583 700.0000
266 269 0.8484 700.0000
267 269 0.4897 700.0000
267 270 0.8328 700.0000
268 270 0.7820 700.0000
269 271 0.7084 700.0000
270 272 0.5913 700.0000
271 273 0.7884 700.0000
271 300 0.6632 700.0000
272 274 0.6038 700.0000
273 275 0.6703 700.0000
274 276 0.6689 700.0000
274 279 0.5399 700.0000
274 280 0.6502 700.0000
274 283 0.8521 700.0000
276 278 0.4166 700.0000
276 279 0.5579 700.0000
276 280 0.7973 700.0000
277 279 0.7662 700.0000
277 280 0.6275 700.0000
277 281 0.6795 700.0000
278 280 0.7216 700.0000
278 281 0.6158 700.0000
278 282 0.7843 700.0000
279 281 0.6180 700.0000
279 282 0.5048 700.0000
279 283 0.5822 700.0000
279 284 0.8802 700.0000
280 282 0.6274 700.0000
280 283 0.5329 700.0000
280 284 0.5801 700.0000
280 299 0.8103 700.0000
281 283 0.6987 700.0000
281 284 0.6586 700.0000
281 285 0.7507 700.0000
282 284 0.6966 700.0000
282 285 0.5680 700.0000
282 286 0.6267 700.0000
283 285 0.6052 700.0000
283 286 0.5158 700.0000
283 288 0.7166 700.0000
283 297 0.7082 700.0000
284 286 0.6768 700.0000
284 297 0.5555 700.0000
284 298 0.7612 700.0000
284 299 0.7261 700.0000
285 287 0.7173 700.0000
285 288 0.8829 700.0000
286 288 0.5418 700.0000
286 297 0.8822 700.0000
287 289 0.6992 700.0000
287 294 0.8544 700.0000
287 295 0.8568 700.0000
288 290 0.7849 700.0000
288 294 0.7278 700.0000
288 295 0.4803 700.0000
288 296 0.7959 700.0000
288 297 0.7537 700.0000
289 291 0.7663 700.0000
289 292 0.6693 700.0000
289 293 0.6990 700.0000
289 294 0.5565 700.0000
289 295 0.6371 700.0000
290 292 0.7983 700.0000
290 293 0.6598 700.0000
290 294 0.8161 700.0000
290 295 0.6784 700.0000
291 293 0.6419 700.0000
292 294 0.8389 700.0000
293 295 0.6866 700.0000
294 296 0.6777 700.0000
295 297 0.6407 700.0000
296 298 0.5757 700.0000
297 299 0.7156 700.0000
298 300 0.8856 700.0000
299 301 0.5488 700.0000
791 793 0.4948 700.0000
791 806 0.8644 700.0000
791 807 0.6677 700.0000
791 808 0.4616 700.0000
791 809 0.8731 700.0000
791 964 0.6983 700.0000
791 967 0.7924 700.0000
792 794 0.5529 700.0000
792 795 0.6937 700.0000
792 805 0.6891 700.0000
792 806 0.5736 700.0000
792 807 0.4998 700.0000
792 808 0.7736 700.0000
792 967 0.8821 700.0000
793 806 0.5468 700.0000
793 807 0.7074 700.0000
793 808 0.7074 700.0000
793 964 0.7329 700.0000
793 967 0.5629 700.0000
793 968 0.6590 700.0000
793 971 0.6776 700.0000
794 796 0.6298 700.0000
794 804 0.6997 700.0000
794 805 0.5946 700.0000
794 806 0.3996 700.0000
794 807 0.7956 700.0000
794 959 0.8419 700.0000
794 967 0.8683 700.0000
794 971 0.6128 700.0000
794 974 0.7319 700.0000
794 975 0.8273 700.0000
795 797 0.7994 700.0000
795 803 0.5926 700.0000
795 804 0.7015 700.0000
795 805 0.5128 700.0000
795 806 0.7702 700.0000
795 956 0.8780 700.0000
795 958 0.8703 700.0000
796 798 0.6093 700.0000
796 799 0.8990 700.0000
796 802 0.8352 700.0000
796 803 0.5882 700.0000
796 804 0.4489 700.0000
796 805 0.7162 700.0000
796 806 0.8360 700.0000
796 974 0.6766 700.0000
796 978 0.7072 700.0000
797 799 0.5284 700.0000
797 800 0.7517 700.0000
797 801 0.7419 700.0000
797 802 0.5874 700.0000
797 803 0.5704 700.0000
797 804 0.7122 700.0000
797 978 0.8604 700.0000
798 800 0.7716 700.0000
798 801 0.7941 700.0000
798 802 0.4830 700.0000
798 803 0.6335 700.0000
798 804 0.6275 700.0000
798 941 0.7769 700.0000
798 942 0.6978 700.0000
798 945 0.5780 700.0000
798 957 0.8317 700.0000
798 978 0.7301 700.0000
799 801 0.5155 700.0000
799 802 0.3905 700.0000
799 803 0.7542 700.0000
799 945 0.6806 700.0000
799 949 0.8080 700.0000
799 952 0.8990 700.0000
799 955 0.8064 700.0000
800 802 0.5695 700.0000
800 949 0.8675 700.0000
800 955 0.8352 700.0000
801 803 0.6488 700.0000
801 954 0.8673 700.0000
801 955 0.4702 700.0000
801 956 0.8227 700.0000
802 804 0.7612 700.0000
802 945 0.6914 700.0000
802 952 0.8286 700.0000
802 954 0.7123 700.0000
802 955 0.4761 700.0000
802 956 0.7406 700.0000
802 957 0.7573 700.0000
803 805 0.5720 700.0000
803 954 0.8942 700.0000
803 955 0.6802 700.0000
803 956 0.5304 700.0000
803 957 0.5751 700.0000
803 958 0.7709 700.0000
804 806 0.6629 700.0000
804 938 0.8125 700.0000
804 941 0.7564 700.0000
804 956 0.8226 700.0000
804 957 0.4781 700.0000
804 958 0.7341 700.0000
804 959 0.6474 700.0000
804 974 0.7206 700.0000
804 978 0.8680 700.0000
805 807 0.5921 700.0000
805 956 0.6858 700.0000
805 957 0.5849 700.0000
805 958 0.4202 700.0000
805 959 0.6076 700.0000
805 960 0.8692 700.0000
806 808 0.8551 700.0000
806 958 0.7455 700.0000
806 959 0.4885 700.0000
806 960 0.7288 700.0000
806 967 0.5923 700.0000
806 969 0.8934 700.0000
806 970 0.6308 700.0000
806 971 0.6100 700.0000
806 974 0.7867 700.0000
807 809 0.6144 700.0000
807 814 0.8125 700.0000
807 958 0.5958 700.0000
807 959 0.7026 700.0000
807 960 0.5839 700.0000
807 961 0.8666 700.0000
807 967 0.7570 700.0000
808 960 0.7284 700.0000
808 961 0.6463 700.0000
808 962 0.5710 700.0000
808 963 0.6633 700.0000
808 964 0.6180 700.0000
808 966 0.8727 700.0000
808 967 0.6246 700.0000
809 811 0.6415 700.0000
809 812 0.8609 700.0000
809 814 0.7284 700.0000
809 960 0.5251 700.0000
809 961 0.5405 700.0000
809 962 0.4673 700.0000
809 963 0.7961 700.0000
809 967 0.8645 700.0000
810 812 0.4367 700.0000
810 813 0.5388 700.0000
810 814 0.6455 700.0000
810 833 0.8465 700.0000
810 836 0.8104 700.0000
810 837 0.8210 700.0000
810 960 0.8118 700.0000
810 961 0.8331 700.0000
810 962 0.6930 700.0000
811 813 0.8280 700.0000
811 814 0.5610 700.0000
811 816 0.8594 700.0000
811 819 0.5917 700.0000
811 820 0.7400 700.0000
811 821 0.8401 700.0000
811 833 0.6951 700.0000
811 836 0.8567 700.0000
811 837 0.6757 700.0000
811 874 0.8178 700.0000
811 917 0.6267 700.0000
811 918 0.8329 700.0000
811 919 0.7428 700.0000
811 960 0.6200 700.0000
811 961 0.8161 700.0000
811 962 0.8922 700.0000
812 814 0.6191 700.0000
812 819 0.8162 700.0000
812 836 0.7389 700.0000
812 837 0.5948 700.0000
812 840 0.6607 700.0000
812 841 0.8768 700.0000
812 872 0.5934 700.0000
812 873 0.6578 700.0000
812 874 0.6758 700.0000
813 840 0.8551 700.0000
813 872 0.8436 700.0000
813 873 0.7492 700.0000
814 816 0.5131 700.0000
814 819 0.7933 700.0000
814 873 0.7581 700.0000
814 874 0.7256 700.0000
814 917 0.7209 700.0000
814 958 0.7176 700.0000
814 960 0.8153 700.0000
815 817 0.7978 700.0000
815 873 0.8536 700.0000
815 874 0.8597 700.0000
815 915 0.7678 700.0000
815 956 0.8385 700.0000
815 958 0.6911 700.0000
816 818 0.5454 700.0000
816 819 0.6860 700.0000
816 873 0.7561 700.0000
816 874 0.6099 700.0000
816 913 0.8658 700.0000
816 915 0.4686 700.0000
816 916 0.6466 700.0000
816 917 0.6435 700.0000
816 956 0.7871 700.0000
816 958 0.6848 700.0000
817 819 0.8203 700.0000
817 873 0.8880 700.0000
817 874 0.7023 700.0000
817 875 0.7616 700.0000
817 876 0.8800 700.0000
817 908 0.8655 700.0000
817 913 0.4730 700.0000
817 914 0.7156 700.0000
817 915 0.3977 700.0000
817 916 0.7187 700.0000
817 917 0.8928 700.0000
817 956 0.8865 700.0000
818 820 0.7008 700.0000
818 874 0.6116 700.0000
818 875 0.8392 700.0000
818 876 0.6961 700.0000
818 877 0.6741 700.0000
818 878 0.6461 700.0000
818 908 0.7041 700.0000
818 913 0.5598 700.0000
818 915 0.5772 700.0000
818 916 0.5127 700.0000
818 917 0.5937 700.0000
819 821 0.7015 700.0000
819 837 0.8129 700.0000
819 869 0.8683 700.0000
819 872 0.8472 700.0000
819 873 0.8841 700.0000
819 874 0.5822 700.0000
819 876 0.8365 700.0000
819 877 0.5254 700.0000
819 878 0.5759 700.0000
819 879 0.8447 700.0000
819 915 0.8843 700.0000
819 916 0.6657 700.0000
819 917 0.4856 700.0000
819 918 0.7642 700.0000
819 919 0.8649 700.0000
820 822 0.6796 700.0000
820 823 0.8866 700.0000
820 877 0.6834 700.0000
820 878 0.4745 700.0000
820 879 0.6949 700.0000
820 880 0.6288 700.0000
820 901 0.8575 700.0000
820 904 0.6751 700.0000
820 916 0.7164 700.0000
820 917 0.5240 700.0000
820 918 0.5182 700.0000
820 919 0.5627 700.0000
820 921 0.7716 700.0000
821 823 0.4983 700.0000
821 824 0.8599 700.0000
821 827 0.8518 700.0000
821 829 0.7268 700.0000
821 833 0.6244 700.0000
821 834 0.5735 700.0000
821 837 0.6747 700.0000
821 877 0.6579 700.0000
821 878 0.6580 700.0000
821 879 0.4679 700.0000
821 880 0.5480 700.0000
821 881 0.8652 700.0000
821 919 0.7610 700.0000
821 921 0.8204 700.0000
822 824 0.7427 700.0000
822 829 0.8184 700.0000
822 831 0.8218 700.0000
822 832 0.7812 700.0000
822 833 0.5768 700.0000
822 834 0.6103 700.0000
822 837 0.8930 700.0000
822 879 0.7205 700.0000
822 880 0.5173 700.0000
822 881 0.7371 700.0000
822 882 0.7455 700.0000
822 919 0.6793 700.0000
822 920 0.7759 700.0000
822 921 0.5794 700.0000
822 922 0.7293 700.0000
822 925 0.8935 700.0000
822 926 0.8231 700.0000
823 825 0.7152 700.0000
823 826 0.8490 700.0000
823 827 0.5964 700.0000
823 828 0.8485 700.0000
823 829 0.6891 700.0000
823 831 0.8761 700.0000
823 833 0.8829 700.0000
823 834 0.7185 700.0000
823 859 0.8500 700.0000
823 879 0.5708 700.0000
823 880 0.4660 700.0000
823 881 0.5045 700.0000
823 882 0.6577 700.0000
823 921 0.8333 700.0000
823 922 0.9000 700.0000
823 926 0.8276 700.0000
824 826 0.5020 700.0000
824 827 0.5073 700.0000
824 828 0.6077 700.0000
824 829 0.7089 700.0000
824 830 0.7185 700.0000
824 831 0.8838 700.0000
824 834 0.8921 700.0000
824 858 0.8565 700.0000
824 859 0.7388 700.0000
824 879 0.8338 700.0000
824 880 0.7974 700.0000
824 881 0.6258 700.0000
824 882 0.7744 700.0000
824 884 0.8649 700.0000
824 926 0.8274 700.0000
825 827 0.7337 700.0000
825 828 0.8719 700.0000
825 858 0.5529 700.0000
825 859 0.5414 700.0000
825 860 0.6256 700.0000
825 861 0.6680 700.0000
825 863 0.8682 700.0000
825 881 0.6171 700.0000
825 882 0.7601 700.0000
825 884 0.7409 700.0000
826 828 0.5025 700.0000
826 830 0.8933 700.0000
826 849 0.8800 700.0000
826 850 0.8313 700.0000
826 853 0.6672 700.0000
826 857 0.8149 700.0000
826 858 0.5032 700.0000
826 859 0.6940 700.0000
827 829 0.6172 700.0000
827 845 0.8538 700.0000
827 846 0.6712 700.0000
827 849 0.4558 700.0000
827 850 0.6935 700.0000
827 852 0.7238 700.0000
827 853 0.6582 700.0000
827 857 0.8957 700.0000
827 858 0.8757 700.0000
827 859 0.6938 700.0000
827 865 0.7986 700.0000
827 879 0.6031 700.0000
827 880 0.8884 700.0000
827 881 0.8394 700.0000
828 830 0.6017 700.0000
828 846 0.5685 700.0000
828 849 0.7326 700.0000
828 850 0.6825 700.0000
828 853 0.8914 700.0000
829 831 0.6463 700.0000
829 832 0.8234 700.0000
829 833 0.8529 700.0000
829 834 0.4392 700.0000
829 835 0.5773 700.0000
829 836 0.8217 700.0000
829 837 0.7383 700.0000
829 838 0.5625 700.0000
829 845 0.6742 700.0000
829 846 0.5399 700.0000
829 849 0.7453 700.0000
829 879 0.8056 700.0000
830 832 0.7596 700.0000
830 834 0.7692 700.0000
830 835 0.7778 700.0000
830 925 0.8720 700.0000
831 833 0.6746 700.0000
831 834 0.4854 700.0000
831 835 0.4813 700.0000
831 836 0.7728 700.0000
831 925 0.7380 700.0000
832 834 0.4818 700.0000
832 835 0.4829 700.0000
832 836 0.6350 700.0000
832 837 0.8476 700.0000
832 924 0.8535 700.0000
832 925 0.7639 700.0000
833 835 0.6031 700.0000
833 836 0.5478 700.0000
833 837 0.5768 700.0000
833 919 0.7803 700.0000
833 920 0.8975 700.0000
833 961 0.8655 700.0000
834 836 0.5070 700.0000
834 837 0.4926 700.0000
834 838 0.6044 700.0000
834 845 0.8909 700.0000
834 879 0.8965 700.0000
835 837 0.5754 700.0000
835 838 0.5006 700.0000
835 839 0.6167 700.0000
835 840 0.8369 700.0000
836 838 0.5531 700.0000
836 839 0.5218 700.0000
836 840 0.6185 700.0000
836 841 0.8401 700.0000
837 839 0.7583 700.0000
837 840 0.5827 700.0000
837 841 0.6717 700.0000
837 842 0.8359 700.0000
837 845 0.7563 700.0000
837 869 0.8310 700.0000
837 872 0.6976 700.0000
837 877 0.8171 700.0000
838 840 0.5569 700.0000
838 841 0.5093 700.0000
838 842 0.4672 700.0000
838 843 0.6962 700.0000
838 845 0.5644 700.0000
838 846 0.6831 700.0000
838 869 0.8867 700.0000
838 872 0.8795 700.0000
839 841 0.7191 700.0000
839 842 0.6953 700.0000
840 842 0.5463 700.0000
840 845 0.8794 700.0000
840 869 0.8529 700.0000
840 870 0.7863 700.0000
840 871 0.6034 700.0000
840 872 0.5740 700.0000
841 843 0.6278 700.0000
841 844 0.6310 700.0000
841 845 0.5964 700.0000
841 869 0.5900 700.0000
841 870 0.4855 700.0000
841 871 0.4340 700.0000
841 872 0.5143 700.0000
842 844 0.5486 700.0000
842 845 0.5934 700.0000
842 846 0.7875 700.0000
842 847 0.8960 700.0000
842 869 0.7886 700.0000
842 870 0.6615 700.0000
842 871 0.5797 700.0000
842 872 0.8117 700.0000
843 845 0.6578 700.0000
843 846 0.6796 700.0000
843 847 0.6617 700.0000
843 870 0.8215 700.0000
843 871 0.8039 700.0000
844 846 0.8436 700.0000
844 847 0.6431 700.0000
844 848 0.7393 700.0000
844 868 0.6584 700.0000
844 869 0.6782 700.0000
844 870 0.5094 700.0000
844 871 0.6783 700.0000
845 847 0.6255 700.0000
845 848 0.6210 700.0000
845 849 0.5728 700.0000
845 850 0.8833 700.0000
845 867 0.6223 700.0000
845 868 0.6632 700.0000
845 869 0.5495 700.0000
845 870 0.6612 700.0000
845 872 0.8412 700.0000
845 877 0.7004 700.0000
845 879 0.8117 700.0000
846 848 0.7250 700.0000
846 849 0.4803 700.0000
846 850 0.5170 700.0000
847 849 0.5428 700.0000
847 850 0.4733 700.0000
847 851 0.6272 700.0000
847 852 0.8363 700.0000
847 868 0.7904 700.0000
848 850 0.6788 700.0000
848 851 0.5144 700.0000
848 852 0.5831 700.0000
848 866 0.8592 700.0000
848 867 0.5448 700.0000
848 868 0.4570 700.0000
848 869 0.8585 700.0000
849 851 0.7060 700.0000
849 852 0.5141 700.0000
849 853 0.6770 700.0000
849 865 0.8356 700.0000
849 866 0.8928 700.0000
849 867 0.6310 700.0000
849 868 0.8048 700.0000
849 877 0.8888 700.0000
849 879 0.6976 700.0000
850 852 0.6719 700.0000
850 853 0.5876 700.0000
850 854 0.7131 700.0000
851 853 0.7371 700.0000
851 854 0.6015 700.0000
851 855 0.5707 700.0000
851 856 0.8807 700.0000
852 854 0.7492 700.0000
852 855 0.4744 700.0000
852 856 0.5229 700.0000
852 857 0.6775 700.0000
852 859 0.8845 700.0000
852 865 0.7312 700.0000
852 866 0.8326 700.0000
852 867 0.7829 700.0000
853 855 0.6762 700.0000
853 856 0.6118 700.0000
853 857 0.3868 700.0000
853 858 0.6788 700.0000
853 859 0.7240 700.0000
854 856 0.8496 700.0000
854 857 0.7580 700.0000
855 857 0.7116 700.0000
856 859 0.7991 700.0000
856 865 0.8371 700.0000
857 859 0.5972 700.0000
858 860 0.7065 700.0000
859 861 0.7187 700.0000
859 862 0.8104 700.0000
859 863 0.5493 700.0000
859 864 0.7320 700.0000
859 865 0.7611 700.0000
859 880 0.8937 700.0000
859 881 0.6131 700.0000
860 862 0.6200 700.0000
860 863 0.5253 700.0000
860 881 0.6851 700.0000
860 882 0.8518 700.0000
860 896 0.8928 700.0000
861 863 0.5578 700.0000
861 881 0.5465 700.0000
861 882 0.5469 700.0000
861 883 0.5966 700.0000
861 884 0.7565 700.0000
861 892 0.8446 700.0000
861 893 0.8922 700.0000
861 896 0.5709 700.0000
861 899 0.7563 700.0000
861 900 0.8813 700.0000
862 864 0.6729 700.0000
862 880 0.7584 700.0000
862 881 0.5266 700.0000
862 882 0.5933 700.0000
862 883 0.7139 700.0000
862 892 0.8922 700.0000
862 895 0.7314 700.0000
862 896 0.4564 700.0000
862 897 0.7280 700.0000
862 899 0.3747 700.0000
862 900 0.4958 700.0000
862 901 0.8705 700.0000
862 903 0.7289 700.0000
863 865 0.7578 700.0000
863 880 0.7100 700.0000
863 881 0.4890 700.0000
863 882 0.7384 700.0000
863 896 0.7857 700.0000
863 899 0.5951 700.0000
863 900 0.6213 700.0000
863 903 0.6786 700.0000
864 866 0.7644 700.0000
864 878 0.6991 700.0000
864 879 0.6936 700.0000
864 880 0.5831 700.0000
864 881 0.6405 700.0000
864 899 0.8282 700.0000
864 900 0.6073 700.0000
864 901 0.8751 700.0000
864 903 0.4935 700.0000
864 904 0.6059 700.0000
864 906 0.8904 700.0000
864 907 0.6942 700.0000
865 867 0.6861 700.0000
865 877 0.7968 700.0000
865 878 0.6070 700.0000
865 879 0.5058 700.0000
865 880 0.7452 700.0000
865 881 0.8498 700.0000
865 903 0.8379 700.0000
865 904 0.8150 700.0000
865 907 0.7109 700.0000
866 868 0.7864 700.0000
866 876 0.5883 700.0000
866 877 0.5950 700.0000
866 878 0.5428 700.0000
866 879 0.6418 700.0000
866 907 0.6284 700.0000
866 911 0.6988 700.0000
867 869 0.6149 700.0000
867 870 0.8686 700.0000
867 876 0.5240 700.0000
867 877 0.4284 700.0000
867 878 0.6920 700.0000
867 879 0.6047 700.0000
868 870 0.6497 700.0000
868 875 0.8447 700.0000
868 876 0.6091 700.0000
868 877 0.7631 700.0000
869 871 0.7270 700.0000
869 872 0.4656 700.0000
869 873 0.7733 700.0000
869 874 0.6404 700.0000
869 875 0.7069 700.0000
869 876 0.6191 700.0000
869 877 0.5679 700.0000
870 872 0.4869 700.0000
870 873 0.7997 700.0000
870 874 0.7932 700.0000
870 875 0.7992 700.0000
870 876 0.8582 700.0000
870 877 0.8788 700.0000
871 873 0.8680 700.0000
872 874 0.4556 700.0000
872 875 0.8605 700.0000
872 877 0.8259 700.0000
873 875 0.7767 700.0000
874 876 0.7762 700.0000
874 877 0.7462 700.0000
875 913 0.8283 700.0000
876 878 0.7540 700.0000
876 911 0.6960 700.0000
876 913 0.7561 700.0000
877 879 0.5136 700.0000
878 880 0.6716 700.0000
878 904 0.5573 700.0000
878 905 0.8988 700.0000
878 907 0.6414 700.0000
878 908 0.7818 700.0000
878 916 0.8619 700.0000
878 917 0.8514 700.0000
879 881 0.7826 700.0000
879 904 0.8955 700.0000
880 882 0.5856 700.0000
880 897 0.8748 700.0000
880 900 0.5734 700.0000
880 901 0.7864 700.0000
880 903 0.8599 700.0000
880 904 0.7111 700.0000
880 919 0.8534 700.0000
880 921 0.6306 700.0000
880 922 0.8801 700.0000
881 883 0.6903 700.0000
881 884 0.8775 700.0000
881 896 0.8344 700.0000
881 897 0.8716 700.0000
881 899 0.8785 700.0000
881 900 0.6566 700.0000
881 921 0.8245 700.0000
881 922 0.8787 700.0000
881 926 0.8538 700.0000
882 884 0.6543 700.0000
882 893 0.8524 700.0000
882 896 0.6752 700.0000
882 897 0.6403 700.0000
882 900 0.6970 700.0000
882 921 0.6491 700.0000
882 922 0.5679 700.0000
882 926 0.5870 700.0000
882 928 0.8897 700.0000
883 885 0.7319 700.0000
883 886 0.8716 700.0000
883 892 0.8749 700.0000
883 893 0.5226 700.0000
883 894 0.8208 700.0000
883 896 0.5508 700.0000
883 897 0.5843 700.0000
883 900 0.8718 700.0000
883 921 0.7870 700.0000
883 922 0.5537 700.0000
883 926 0.5773 700.0000
883 927 0.8394 700.0000
883 928 0.6658 700.0000
884 886 0.8853 700.0000
884 922 0.8023 700.0000
884 925 0.7815 700.0000
884 926 0.4208 700.0000
884 927 0.8243 700.0000
885 887 0.5463 700.0000
885 888 0.8912 700.0000
885 889 0.7848 700.0000
885 890 0.5987 700.0000
885 893 0.5579 700.0000
885 894 0.8693 700.0000
885 922 0.8299 700.0000
885 926 0.8604 700.0000
885 927 0.5462 700.0000
885 928 0.4755 700.0000
885 929 0.5889 700.0000
886 888 0.5492 700.0000
886 889 0.4634 700.0000
886 890 0.5649 700.0000
886 891 0.8493 700.0000
886 893 0.6071 700.0000
886 927 0.8746 700.0000
886 928 0.8690 700.0000
887 889 0.6008 700.0000
887 890 0.4948 700.0000
887 891 0.7907 700.0000
887 893 0.7761 700.0000
888 890 0.8241 700.0000
889 891 0.6451 700.0000
889 892 0.6214 700.0000
889 893 0.5880 700.0000
890 892 0.7612 700.0000
890 893 0.4530 700.0000
890 894 0.6015 700.0000
890 928 0.8528 700.0000
890 932 0.8502 700.0000
891 893 0.5736 700.0000
891 894 0.5522 700.0000
891 895 0.8037 700.0000
891 896 0.8929 700.0000
892 894 0.7420 700.0000
892 895 0.4986 700.0000
892 896 0.5133 700.0000
892 899 0.8404 700.0000
893 895 0.7620 700.0000
893 896 0.5511 700.0000
893 897 0.6967 700.0000
893 928 0.6792 700.0000
894 896 0.6427 700.0000
894 897 0.5709 700.0000
894 898 0.5934 700.0000
894 928 0.7797 700.0000
894 932 0.6967 700.0000
894 933 0.8381 700.0000
894 936 0.5738 700.0000
895 897 0.7690 700.0000
895 898 0.6083 700.0000
895 899 0.4957 700.0000
895 900 0.8891 700.0000
895 902 0.8885 700.0000
896 898 0.7708 700.0000
896 899 0.4822 700.0000
896 900 0.7079 700.0000
897 899 0.7538 700.0000
897 900 0.5617 700.0000
897 901 0.6370 700.0000
897 902 0.8737 700.0000
897 921 0.6039 700.0000
897 922 0.6875 700.0000
897 928 0.7206 700.0000
897 933 0.6540 700.0000
897 936 0.5517 700.0000
897 937 0.6423 700.0000
897 940 0.8629 700.0000
898 900 0.7855 700.0000
898 901 0.7014 700.0000
898 902 0.6014 700.0000
898 936 0.5330 700.0000
898 937 0.7580 700.0000
898 939 0.6225 700.0000
898 940 0.5161 700.0000
898 943 0.6769 700.0000
899 901 0.8013 700.0000
899 902 0.6501 700.0000
899 903 0.6364 700.0000
900 902 0.5934 700.0000
900 903 0.5006 700.0000
900 904 0.5748 700.0000
900 905 0.8424 700.0000
900 921 0.7493 700.0000
900 937 0.8697 700.0000
900 940 0.8891 700.0000
901 903 0.6257 700.0000
901 904 0.5080 700.0000
901 905 0.5903 700.0000
901 906 0.8642 700.0000
901 918 0.7578 700.0000
901 921 0.7593 700.0000
901 936 0.8221 700.0000
901 937 0.6035 700.0000
901 940 0.5796 700.0000
901 941 0.7091 700.0000
901 944 0.8970 700.0000
902 904 0.7108 700.0000
902 905 0.6424 700.0000
902 906 0.6878 700.0000
902 940 0.5615 700.0000
902 941 0.8115 700.0000
902 943 0.7354 700.0000
902 944 0.6834 700.0000
903 905 0.6719 700.0000
903 906 0.5183 700.0000
903 907 0.6343 700.0000
904 906 0.5901 700.0000
904 907 0.5220 700.0000
904 908 0.6774 700.0000
904 916 0.8292 700.0000
904 918 0.8270 700.0000
905 907 0.6769 700.0000
905 908 0.5881 700.0000
905 909 0.6488 700.0000
905 916 0.7344 700.0000
905 918 0.8786 700.0000
905 940 0.8132 700.0000
905 941 0.7260 700.0000
905 944 0.6242 700.0000
905 945 0.8592 700.0000
905 954 0.7381 700.0000
905 957 0.8722 700.0000
906 908 0.6207 700.0000
906 909 0.5947 700.0000
906 910 0.7000 700.0000
906 944 0.7889 700.0000
907 909 0.7366 700.0000
907 910 0.5414 700.0000
907 911 0.5993 700.0000
907 913 0.8554 700.0000
908 910 0.6295 700.0000
908 911 0.5862 700.0000
908 912 0.6398 700.0000
908 913 0.4876 700.0000
908 915 0.8248 700.0000
908 916 0.7304 700.0000
908 953 0.7425 700.0000
908 954 0.6822 700.0000
909 911 0.8282 700.0000
909 912 0.5353 700.0000
909 913 0.7460 700.0000
909 944 0.8714 700.0000
909 951 0.7003 700.0000
909 952 0.5894 700.0000
909 953 0.4513 700.0000
909 954 0.5492 700.0000
910 912 0.6509 700.0000
910 913 0.8698 700.0000
911 913 0.5994 700.0000
912 914 0.8503 700.0000
912 953 0.5024 700.0000
912 954 0.8325 700.0000
913 915 0.6195 700.0000
913 916 0.7886 700.0000
913 953 0.7896 700.0000
913 954 0.7975 700.0000
914 953 0.6230 700.0000
914 954 0.6095 700.0000
914 955 0.4965 700.0000
914 956 0.6560 700.0000
915 917 0.7330 700.0000
915 954 0.6446 700.0000
915 955 0.7582 700.0000
915 956 0.5238 700.0000
915 957 0.7323 700.0000
915 958 0.7168 700.0000
916 918 0.5960 700.0000
916 954 0.6889 700.0000
916 956 0.7326 700.0000
916 957 0.5176 700.0000
916 958 0.6386 700.0000
916 959 0.8781 700.0000
917 919 0.6643 700.0000
917 957 0.6948 700.0000
917 958 0.5880 700.0000
917 959 0.7138 700.0000
917 960 0.6496 700.0000
918 920 0.7469 700.0000
918 921 0.7435 700.0000
918 937 0.7183 700.0000
918 941 0.8706 700.0000
918 957 0.7035 700.0000
918 958 0.7821 700.0000
918 959 0.5318 700.0000
918 960 0.6241 700.0000
918 970 0.8559 700.0000
919 921 0.4953 700.0000
919 922 0.8673 700.0000
919 923 0.8721 700.0000
919 933 0.8988 700.0000
919 937 0.7833 700.0000
919 959 0.6986 700.0000
919 960 0.5694 700.0000
919 961 0.7168 700.0000
919 970 0.8291 700.0000
920 922 0.5986 700.0000
920 923 0.4932 700.0000
920 924 0.7610 700.0000
920 928 0.8397 700.0000
920 930 0.7379 700.0000
920 933 0.5719 700.0000
920 934 0.6902 700.0000
920 937 0.7316 700.0000
920 959 0.8544 700.0000
920 960 0.7804 700.0000
920 961 0.7045 700.0000
920 966 0.6940 700.0000
920 970 0.7257 700.0000
921 923 0.6703 700.0000
921 924 0.8604 700.0000
921 926 0.8404 700.0000
921 928 0.8033 700.0000
921 933 0.6447 700.0000
921 934 0.8804 700.0000
921 937 0.6847 700.0000
922 924 0.5455 700.0000
922 925 0.7096 700.0000
922 926 0.4683 700.0000
922 927 0.6000 700.0000
922 928 0.4949 700.0000
922 929 0.8221 700.0000
922 933 0.6336 700.0000
923 925 0.7199 700.0000
923 926 0.7371 700.0000
923 927 0.5562 700.0000
923 928 0.5795 700.0000
923 929 0.6902 700.0000
923 930 0.5896 700.0000
923 931 0.8961 700.0000
923 933 0.6153 700.0000
923 934 0.8864 700.0000
923 966 0.8195 700.0000
924 926 0.5847 700.0000
924 927 0.5029 700.0000
924 928 0.7754 700.0000
924 929 0.8937 700.0000
924 930 0.8891 700.0000
925 927 0.6567 700.0000
926 928 0.7754 700.0000
927 929 0.5803 700.0000
927 930 0.8744 700.0000
927 933 0.8901 700.0000
928 930 0.7088 700.0000
928 931 0.7599 700.0000
928 932 0.7168 700.0000
928 933 0.4810 700.0000
928 934 0.8680 700.0000
928 936 0.8387 700.0000
929 931 0.5751 700.0000
929 932 0.6232 700.0000
929 933 0.6149 700.0000
929 934 0.8784 700.0000
930 932 0.8159 700.0000
930 933 0.5404 700.0000
930 934 0.5870 700.0000
930 935 0.8483 700.0000
930 965 0.8683 700.0000
930 966 0.6342 700.0000
930 969 0.6369 700.0000
930 970 0.8086 700.0000
931 933 0.5180 700.0000
931 934 0.4573 700.0000
931 935 0.4820 700.0000
931 936 0.7922 700.0000
931 969 0.6411 700.0000
931 970 0.8223 700.0000
931 972 0.8072 700.0000
931 973 0.7656 700.0000
932 934 0.7374 700.0000
932 935 0.4539 700.0000
932 936 0.6340 700.0000
933 935 0.6568 700.0000
933 936 0.5481 700.0000
933 937 0.5807 700.0000
933 938 0.8916 700.0000
933 969 0.8886 700.0000
933 970 0.7905 700.0000
934 936 0.6016 700.0000
934 937 0.5204 700.0000
934 938 0.6219 700.0000
934 939 0.8590 700.0000
934 959 0.8528 700.0000
934 966 0.7926 700.0000
934 969 0.5783 700.0000
934 970 0.4637 700.0000
934 971 0.8565 700.0000
934 972 0.8431 700.0000
934 973 0.5855 700.0000
934 974 0.8698 700.0000
935 937 0.7489 700.0000
935 938 0.6724 700.0000
935 939 0.6961 700.0000
935 969 0.8496 700.0000
935 970 0.8772 700.0000
935 972 0.8344 700.0000
935 973 0.5665 700.0000
935 976 0.7244 700.0000
935 977 0.7395 700.0000
936 938 0.6286 700.0000
936 939 0.5289 700.0000
936 940 0.6532 700.0000
936 941 0.8974 700.0000
937 939 0.6266 700.0000
937 940 0.5921 700.0000
937 941 0.6490 700.0000
937 959 0.7920 700.0000
937 970 0.7146 700.0000
937 973 0.8755 700.0000
938 940 0.5818 700.0000
938 941 0.5057 700.0000
938 942 0.6775 700.0000
938 943 0.8432 700.0000
938 959 0.8062 700.0000
938 970 0.7134 700.0000
938 973 0.5803 700.0000
938 974 0.6134 700.0000
938 976 0.8597 700.0000
938 977 0.5996 700.0000
938 978 0.7489 700.0000
939 941 0.5877 700.0000
939 942 0.5441 700.0000
939 943 0.5230 700.0000
939 973 0.8428 700.0000
939 977 0.6094 700.0000
939 978 0.8419 700.0000
940 942 0.6601 700.0000
940 943 0.4354 700.0000
940 944 0.6482 700.0000
940 945 0.8677 700.0000
941 943 0.6566 700.0000
941 944 0.5974 700.0000
941 945 0.6524 700.0000
941 957 0.7175 700.0000
942 944 0.7838 700.0000
942 945 0.7094 700.0000
942 946 0.5270 700.0000
942 977 0.6209 700.0000
942 978 0.5663 700.0000
943 945 0.7961 700.0000
943 946 0.5982 700.0000
943 947 0.7335 700.0000
944 946 0.7785 700.0000
944 947 0.7456 700.0000
944 948 0.7065 700.0000
944 952 0.6771 700.0000
944 954 0.8836 700.0000
945 948 0.7611 700.0000
945 949 0.6972 700.0000
945 952 0.5673 700.0000
945 954 0.7785 700.0000
946 948 0.8709 700.0000
946 949 0.6875 700.0000
947 949 0.7849 700.0000
948 950 0.5124 700.0000
948 951 0.6874 700.0000
948 952 0.6667 700.0000
949 951 0.8816 700.0000
949 952 0.7880 700.0000
950 952 0.6408 700.0000
951 953 0.5876 700.0000
951 954 0.8621 700.0000
952 954 0.5862 700.0000
952 955 0.7643 700.0000
953 955 0.6448 700.0000
954 956 0.7227 700.0000
954 957 0.6947 700.0000
955 957 0.8040 700.0000
956 958 0.5628 700.0000
957 959 0.6573 700.0000
958 960 0.7174 700.0000
959 961 0.8477 700.0000
959 967 0.7379 700.0000
959 970 0.4922 700.0000
959 971 0.8571 700.0000
959 974 0.8838 700.0000
960 962 0.7463 700.0000
960 963 0.8885 700.0000
960 966 0.7952 700.0000
960 967 0.7031 700.0000
960 970 0.7448 700.0000
961 963 0.4571 700.0000
961 964 0.8515 700.0000
961 966 0.5003 700.0000
961 967 0.6115 700.0000
961 970 0.8220 700.0000
962 964 0.8093 700.0000
962 966 0.7713 700.0000
962 967 0.8358 700.0000
963 965 0.5431 700.0000
963 966 0.4684 700.0000
963 967 0.6246 700.0000
963 968 0.8012 700.0000
964 966 0.7275 700.0000
964 967 0.5908 700.0000
964 968 0.5320 700.0000
965 967 0.7442 700.0000
965 968 0.5531 700.0000
965 969 0.7795 700.0000
966 968 0.6472 700.0000
966 969 0.5503 700.0000
966 970 0.5971 700.0000
967 969 0.5688 700.0000
967 970 0.5402 700.0000
967 971 0.6500 700.0000
968 970 0.8224 700.0000
968 971 0.6445 700.0000
968 972 0.7465 700.0000
969 971 0.5105 700.0000
969 972 0.5022 700.0000
969 973 0.6071 700.0000
969 974 0.8444 700.0000
969 975 0.8906 700.0000
970 972 0.8235 700.0000
970 973 0.6224 700.0000
970 974 0.7291 700.0000
971 973 0.5249 700.0000
971 974 0.4992 700.0000
971 975 0.5062 700.0000
971 976 0.8360 700.0000
972 974 0.7120 700.0000
972 975 0.5318 700.0000
972 976 0.6120 700.0000
973 975 0.5802 700.0000
973 976 0.4608 700.0000
973 977 0.5651 700.0000
973 978 0.7799 700.0000
974 976 0.5962 700.0000
974 977 0.5691 700.0000
974 978 0.5417 700.0000
975 977 0.7982 700.0000
975 978 0.7934 700.0000
976 978 0.6919 700.0000
1003 1006 0.7862 700.0000
1004 1006 0.7262 700.0000
1004 1007 0.6925 700.0000
1005 1007 0.7789 700.0000
1005 1183 0.8373 700.0000
1005 1186 0.8671 700.0000
1005 1187 0.8408 700.0000
1006 1008 0.6710 700.0000
1006 1016 0.8225 700.0000
1006 1017 0.5543 700.0000
1006 1018 0.4599 700.0000
1006 1019 0.7951 700.0000
1006 1183 0.8067 700.0000
1006 1186 0.5964 700.0000
1007 1009 0.6902 700.0000
1007 1015 0.6446 700.0000
1007 1016 0.6313 700.0000
1007 1017 0.5602 700.0000
1007 1018 0.7343 700.0000
1007 1186 0.6252 700.0000
1007 1190 0.8192 700.0000
1008 1010 0.7238 700.0000
1008 1014 0.8615 700.0000
1008 1015 0.6481 700.0000
1008 1016 0.4166 700.0000
1008 1017 0.7162 700.0000
1008 1018 0.8970 700.0000
1008 1149 0.8284 700.0000
1008 1153 0.7896 700.0000
1008 1186 0.5266 700.0000
1008 1187 0.8923 700.0000
1008 1189 0.7217 700.0000
1008 1190 0.6797 700.0000
1009 1011 0.6787 700.0000
1009 1012 0.7674 700.0000
1009 1013 0.5597 700.0000
1009 1014 0.6437 700.0000
1009 1015 0.5601 700.0000
1009 1016 0.6105 700.0000
1009 1153 0.7794 700.0000
1010 1012 0.4586 700.0000
1010 1013 0.4314 700.0000
1010 1014 0.4785 700.0000
1010 1015 0.7507 700.0000
1010 1016 0.6931 700.0000
1010 1152 0.7941 700.0000
1010 1153 0.5430 700.0000
1010 1156 0.5737 700.0000
1010 1157 0.7567 700.0000
1011 1013 0.6091 700.0000
1011 1014 0.7820 700.0000
1011 1153 0.6854 700.0000
1011 1156 0.6168 700.0000
1011 1157 0.6024 700.0000
1012 1014 0.5674 700.0000
1012 1153 0.8800 700.0000
1012 1156 0.4801 700.0000
1012 1157 0.6741 700.0000
1012 1159 0.8620 700.0000
1012 1160 0.7790 700.0000
1012 1161 0.6855 700.0000
1013 1015 0.6589 700.0000
1013 1016 0.8738 700.0000
1013 1156 0.6873 700.0000
1013 1161 0.7951 700.0000
1013 1164 0.8794 700.0000
1013 1165 0.7053 700.0000
1014 1016 0.6058 700.0000
1014 1152 0.6952 700.0000
1014 1153 0.7743 700.0000
1014 1155 0.8418 700.0000
1014 1156 0.5662 700.0000
1014 1161 0.7333 700.0000
1014 1164 0.6272 700.0000
1014 1165 0.6420 700.0000
1014 1166 0.7108 700.0000
1014 1167 0.6582 700.0000
1015 1017 0.5752 700.0000
1015 1165 0.7170 700.0000
1015 1166 0.5217 700.0000
1015 1167 0.6533 700.0000
1015 1168 0.8048 700.0000
1016 1018 0.8614 700.0000
1016 1149 0.6828 700.0000
1016 1152 0.6696 700.0000
1016 1153 0.7065 700.0000
1016 1166 0.8130 700.0000
1016 1167 0.5008 700.0000
1016 1168 0.7916 700.0000
1016 1169 0.6752 700.0000
1016 1186 0.6963 700.0000
1017 1019 0.6335 700.0000
1017 1166 0.6888 700.0000
1017 1167 0.5933 700.0000
1017 1168 0.4641 700.0000
1017 1169 0.6150 700.0000
1017 1170 0.8967 700.0000
1017 1186 0.8288 700.0000
1018 1020 0.7608 700.0000
1018 1168 0.7952 700.0000
1018 1169 0.5795 700.0000
1018 1170 0.7699 700.0000
1018 1171 0.6531 700.0000
1018 1179 0.7575 700.0000
1018 1182 0.6691 700.0000
1018 1183 0.7046 700.0000
1018 1186 0.6495 700.0000
1019 1021 0.5051 700.0000
1019 1022 0.7887 700.0000
1019 1026 0.8922 700.0000
1019 1168 0.6352 700.0000
1019 1169 0.6761 700.0000
1019 1170 0.4879 700.0000
1019 1171 0.5665 700.0000
1020 1022 0.8092 700.0000
1020 1170 0.8359 700.0000
1020 1171 0.5851 700.0000
1020 1172 0.6977 700.0000
1020 1173 0.4472 700.0000
1020 1174 0.8270 700.0000
1020 1176 0.8894 700.0000
1020 1179 0.6744 700.0000
1021 1023 0.6510 700.0000
1021 1024 0.7325 700.0000
1021 1025 0.5334 700.0000
1021 1026 0.6732 700.0000
1021 1027 0.8849 700.0000
1021 1170 0.5549 700.0000
1021 1171 0.6995 700.0000
1021 1172 0.7398 700.0000
1021 1173 0.7328 700.0000
1022 1024 0.4296 700.0000
1022 1025 0.4564 700.0000
1022 1026 0.6769 700.0000
1022 1046 0.8919 700.0000
1022 1049 0.8004 700.0000
1022 1050 0.8903 700.0000
1022 1170 0.5918 700.0000
1022 1171 0.7613 700.0000
1022 1172 0.5905 700.0000
1022 1173 0.7461 700.0000
1023 1025 0.6053 700.0000
1023 1026 0.5656 700.0000
1023 1031 0.6876 700.0000
1023 1032 0.7937 700.0000
1023 1033 0.8586 700.0000
1023 1046 0.6622 700.0000
1023 1049 0.7144 700.0000
1023 1050 0.6143 700.0000
1023 1084 0.8686 700.0000
1023 1128 0.7220 700.0000
1023 1130 0.6650 700.0000
1023 1170 0.5367 700.0000
1023 1171 0.8710 700.0000
1023 1172 0.8362 700.0000
1024 1026 0.6643 700.0000
1024 1046 0.8245 700.0000
1024 1049 0.5251 700.0000
1024 1050 0.5533 700.0000
1024 1052 0.8156 700.0000
1024 1053 0.5789 700.0000
1024 1084 0.7371 700.0000
1024 1085 0.8759 700.0000
1024 1170 0.8913 700.0000
1024 1172 0.8990 700.0000
1025 1027 0.6837 700.0000
1025 1053 0.7444 700.0000
1025 1084 0.8108 700.0000
1025 1085 0.6816 700.0000
1025 1170 0.8815 700.0000
1026 1028 0.5106 700.0000
1026 1030 0.8618 700.0000
1026 1031 0.6932 700.0000
1026 1084 0.7165 700.0000
1026 1085 0.5534 700.0000
1026 1086 0.6529 700.0000
1026 1128 0.7013 700.0000
1026 1168 0.8029 700.0000
1026 1170 0.7360 700.0000
1027 1029 0.8836 700.0000
1027 1085 0.4853 700.0000
1027 1086 0.7568 700.0000
1028 1030 0.5067 700.0000
1028 1031 0.6327 700.0000
1028 1085 0.7672 700.0000
1028 1086 0.5923 700.0000
1028 1087 0.7760 700.0000
1028 1126 0.4497 700.0000
1028 1127 0.6053 700.0000
1028 1128 0.5678 700.0000
1028 1166 0.7867 700.0000
1028 1168 0.6347 700.0000
1029 1031 0.8324 700.0000
1029 1086 0.6360 700.0000
1029 1087 0.4172 700.0000
1029 1088 0.7213 700.0000
1029 1119 0.7717 700.0000
1029 1122 0.8904 700.0000
1029 1124 0.5135 700.0000
1029 1125 0.6590 700.0000
1029 1126 0.4190 700.0000
1029 1127 0.7339 700.0000
1029 1128 0.8889 700.0000
1029 1166 0.8833 700.0000
1030 1032 0.6961 700.0000
1030 1086 0.6309 700.0000
1030 1087 0.6985 700.0000
1030 1088 0.6359 700.0000
1030 1089 0.6698 700.0000
1030 1090 0.6526 700.0000
1030 1115 0.8154 700.0000
1030 1118 0.8908 700.0000
1030 1119 0.6350 700.0000
1030 1124 0.7148 700.0000
1030 1126 0.5543 700.0000
1030 1127 0.4675 700.0000
1030 1128 0.5580 700.0000
1030 1129 0.8435 700.0000
1031 1033 0.7034 700.0000
1031 1050 0.8054 700.0000
1031 1081 0.8375 700.0000
1031 1084 0.7916 700.0000
1031 1086 0.6143 700.0000
1031 1088 0.8258 700.0000
1031 1089 0.4902 700.0000
1031 1090 0.5922 700.0000
1031 1091 0.8312 700.0000
1031 1126 0.8846 700.0000
1031 1127 0.6691 700.0000
1031 1128 0.4641 700.0000
1031 1129 0.7585 700.0000
1031 1130 0.8068 700.0000
1031 1170 0.8968 700.0000
1032 1034 0.7355 700.0000
1032 1046 0.8607 700.0000
1032 1089 0.6653 700.0000
1032 1090 0.5048 700.0000
1032 1091 0.7170 700.0000
1032 1092 0.6639 700.0000
1032 1115 0.7072 700.0000
1032 1127 0.7201 700.0000
1032 1128 0.5181 700.0000
1032 1129 0.5139 700.0000
1032 1130 0.5504 700.0000
1032 1132 0.7454 700.0000
1032 1170 0.8857 700.0000
1033 1035 0.5432 700.0000
1033 1036 0.8889 700.0000
1033 1041 0.7334 700.0000
1033 1044 0.8850 700.0000
1033 1046 0.5975 700.0000
1033 1047 0.5400 700.0000
1033 1050 0.6740 700.0000
1033 1089 0.6632 700.0000
1033 1090 0.6734 700.0000
1033 1091 0.4608 700.0000
1033 1092 0.5626 700.0000
1033 1130 0.7747 700.0000
1033 1132 0.8280 700.0000
1034 1036 0.6822 700.0000
1034 1041 0.8591 700.0000
1034 1044 0.7521 700.0000
1034 1045 0.8709 700.0000
1034 1046 0.6064 700.0000
1034 1047 0.6384 700.0000
1034 1091 0.7544 700.0000
1034 1092 0.5106 700.0000
1034 1093 0.6935 700.0000
1034 1094 0.6045 700.0000
1034 1130 0.7881 700.0000
1034 1131 0.8323 700.0000
1034 1132 0.5863 700.0000
1034 1133 0.7217 700.0000
1034 1137 0.8369 700.0000
1035 1037 0.7387 700.0000
1035 1038 0.7781 700.0000
1035 1039 0.5830 700.0000
1035 1040 0.7336 700.0000
1035 1041 0.6788 700.0000
1035 1043 0.8475 700.0000
1035 1044 0.8253 700.0000
1035 1046 0.8788 700.0000
1035 1047 0.6993 700.0000
1035 1062 0.8771 700.0000
1035 1075 0.8447 700.0000
1035 1077 0.8638 700.0000
1035 1091 0.5984 700.0000
1035 1092 0.5070 700.0000
1035 1093 0.5280 700.0000
1035 1094 0.6710 700.0000
1036 1038 0.4663 700.0000
1036 1039 0.5174 700.0000
1036 1040 0.5551 700.0000
1036 1041 0.7402 700.0000
1036 1043 0.6037 700.0000
1036 1044 0.8311 700.0000
1036 1047 0.8669 700.0000
1036 1071 0.8820 700.0000
1036 1092 0.8265 700.0000
1036 1093 0.6366 700.0000
1036 1094 0.7832 700.0000
1037 1039 0.6644 700.0000
1037 1040 0.8886 700.0000
1037 1070 0.8974 700.0000
1037 1071 0.5264 700.0000
1037 1072 0.6392 700.0000
1037 1073 0.6933 700.0000
1037 1075 0.8321 700.0000
1037 1093 0.6262 700.0000
1037 1094 0.8708 700.0000
1038 1040 0.4596 700.0000
1038 1041 0.8661 700.0000
1038 1043 0.6715 700.0000
1038 1071 0.8473 700.0000
1039 1041 0.6729 700.0000
1039 1059 0.6831 700.0000
1039 1062 0.5379 700.0000
1039 1063 0.5974 700.0000
1039 1066 0.7396 700.0000
1039 1071 0.7549 700.0000
1039 1077 0.8102 700.0000
1039 1091 0.7473 700.0000
1039 1093 0.8464 700.0000
1040 1042 0.5223 700.0000
1040 1043 0.5118 700.0000
1040 1044 0.7951 700.0000
1040 1047 0.8101 700.0000
1040 1059 0.6519 700.0000
1040 1062 0.8773 700.0000
1040 1063 0.8423 700.0000
1041 1043 0.7597 700.0000
1041 1044 0.6605 700.0000
1041 1046 0.8512 700.0000
1041 1047 0.4434 700.0000
1041 1048 0.7010 700.0000
1041 1049 0.8993 700.0000
1041 1050 0.7533 700.0000
1041 1051 0.5661 700.0000
1041 1058 0.6994 700.0000
1041 1059 0.5324 700.0000
1041 1062 0.7737 700.0000
1041 1091 0.7919 700.0000
1042 1044 0.5509 700.0000
1042 1045 0.8178 700.0000
1042 1047 0.6609 700.0000
1042 1048 0.5186 700.0000
1042 1051 0.7178 700.0000
1042 1052 0.8959 700.0000
1042 1059 0.8351 700.0000
1043 1045 0.8943 700.0000
1043 1047 0.8581 700.0000
1043 1136 0.8574 700.0000
1044 1046 0.5690 700.0000
1044 1047 0.4416 700.0000
1044 1048 0.5452 700.0000
1044 1049 0.7838 700.0000
1044 1136 0.7719 700.0000
1045 1047 0.5727 700.0000
1045 1048 0.5701 700.0000
1045 1049 0.6534 700.0000
1045 1135 0.8779 700.0000
1045 1136 0.8130 700.0000
1046 1048 0.7501 700.0000
1046 1049 0.5876 700.0000
1046 1050 0.6178 700.0000
1046 1130 0.7112 700.0000
1046 1131 0.8042 700.0000
1046 1132 0.8586 700.0000
1047 1049 0.5902 700.0000
1047 1050 0.5198 700.0000
1047 1051 0.6499 700.0000
1047 1052 0.8503 700.0000
1047 1091 0.8499 700.0000
1048 1050 0.7343 700.0000
1048 1051 0.5799 700.0000
1048 1052 0.4843 700.0000
1049 1051 0.6474 700.0000
1049 1052 0.4642 700.0000
1049 1053 0.7380 700.0000
1049 1054 0.8986 700.0000
1050 1052 0.6900 700.0000
1050 1053 0.6572 700.0000
1050 1054 0.6619 700.0000
1050 1055 0.8099 700.0000
1050 1058 0.7553 700.0000
1050 1084 0.6854 700.0000
1050 1089 0.8248 700.0000
1051 1053 0.7757 700.0000
1051 1054 0.5646 700.0000
1051 1055 0.4593 700.0000
1051 1056 0.6031 700.0000
1051 1057 0.8177 700.0000
1051 1058 0.5963 700.0000
1051 1059 0.7119 700.0000
1052 1054 0.7533 700.0000
1052 1055 0.7332 700.0000
1053 1055 0.7064 700.0000
1053 1081 0.8865 700.0000
1053 1083 0.5236 700.0000
1053 1084 0.5163 700.0000
1053 1085 0.7822 700.0000
1054 1056 0.6653 700.0000
1054 1057 0.6412 700.0000
1054 1058 0.6032 700.0000
1054 1080 0.8851 700.0000
1054 1081 0.6683 700.0000
1054 1082 0.5902 700.0000
1054 1083 0.4199 700.0000
1054 1084 0.5357 700.0000
1055 1057 0.4441 700.0000
1055 1058 0.5549 700.0000
1055 1059 0.8207 700.0000
1055 1060 0.8638 700.0000
1055 1081 0.8974 700.0000
1055 1082 0.6541 700.0000
1055 1083 0.6505 700.0000
1055 1084 0.8467 700.0000
1056 1058 0.6343 700.0000
1056 1059 0.6687 700.0000
1056 1060 0.6063 700.0000
1056 1082 0.7984 700.0000
1057 1059 0.7866 700.0000
1057 1060 0.5482 700.0000
1057 1061 0.7702 700.0000
1057 1080 0.8896 700.0000
1057 1082 0.4992 700.0000
1057 1083 0.8245 700.0000
1058 1060 0.7081 700.0000
1058 1061 0.5778 700.0000
1058 1062 0.6368 700.0000
1058 1063 0.8726 700.0000
1058 1079 0.6353 700.0000
1058 1080 0.6567 700.0000
1058 1081 0.7384 700.0000
1058 1082 0.5994 700.0000
1058 1084 0.8713 700.0000
1058 1089 0.7318 700.0000
1058 1091 0.7769 700.0000
1059 1061 0.7656 700.0000
1059 1062 0.5308 700.0000
1059 1063 0.5066 700.0000
1059 1064 0.8912 700.0000
1060 1062 0.7895 700.0000
1060 1063 0.6390 700.0000
1060 1064 0.7265 700.0000
1060 1082 0.8984 700.0000
1061 1063 0.7373 700.0000
1061 1064 0.5871 700.0000
1061 1065 0.6143 700.0000
1061 1078 0.7699 700.0000
1061 1079 0.4871 700.0000
1061 1080 0.5624 700.0000
1061 1082 0.6970 700.0000
1061 1089 0.8710 700.0000
1062 1064 0.6340 700.0000
1062 1065 0.5281 700.0000
1062 1066 0.6364 700.0000
1062 1067 0.8784 700.0000
1062 1077 0.6306 700.0000
1062 1078 0.8702 700.0000
1062 1079 0.6521 700.0000
1062 1089 0.8792 700.0000
1062 1091 0.5942 700.0000
1063 1065 0.6784 700.0000
1063 1066 0.6031 700.0000
1063 1067 0.6588 700.0000
1064 1066 0.5818 700.0000
1064 1067 0.4673 700.0000
1065 1067 0.6242 700.0000
1065 1068 0.8387 700.0000
1065 1069 0.7565 700.0000
1065 1077 0.5885 700.0000
1065 1078 0.7171 700.0000
1065 1079 0.7392 700.0000
1065 1091 0.8893 700.0000
1066 1068 0.5331 700.0000
1066 1069 0.4474 700.0000
1066 1070 0.7989 700.0000
1066 1071 0.7392 700.0000
1066 1077 0.7137 700.0000
1067 1069 0.7188 700.0000
1068 1070 0.6308 700.0000
1068 1071 0.8389 700.0000
1069 1071 0.5414 700.0000
1069 1072 0.8383 700.0000
1069 1075 0.8098 700.0000
1069 1077 0.8212 700.0000
1070 1072 0.5805 700.0000
1070 1075 0.7681 700.0000
1071 1073 0.7923 700.0000
1071 1074 0.8318 700.0000
1071 1075 0.5817 700.0000
1071 1077 0.8789 700.0000
1071 1093 0.7255 700.0000
1072 1074 0.5251 700.0000
1072 1075 0.4630 700.0000
1072 1093 0.5862 700.0000
1072 1094 0.8801 700.0000
1073 1075 0.6896 700.0000
1073 1093 0.5060 700.0000
1073 1094 0.5783 700.0000
1073 1095 0.5646 700.0000
1073 1096 0.7464 700.0000
1073 1103 0.8971 700.0000
1073 1104 0.8531 700.0000
1073 1107 0.6655 700.0000
1074 1076 0.6103 700.0000
1074 1092 0.6644 700.0000
1074 1093 0.4754 700.0000
1074 1094 0.6572 700.0000
1074 1095 0.7645 700.0000
1074 1107 0.5729 700.0000
1074 1108 0.8333 700.0000
1074 1110 0.7573 700.0000
1074 1111 0.5564 700.0000
1074 1114 0.7843 700.0000
1075 1077 0.6201 700.0000
1075 1091 0.8862 700.0000
1075 1092 0.6301 700.0000
1075 1093 0.4650 700.0000
1075 1094 0.8110 700.0000
1075 1111 0.7804 700.0000
1075 1114 0.8594 700.0000
1076 1078 0.8075 700.0000
1076 1090 0.6286 700.0000
1076 1091 0.7070 700.0000
1076 1092 0.5754 700.0000
1076 1093 0.7350 700.0000
1076 1111 0.6934 700.0000
1076 1114 0.5827 700.0000
1076 1115 0.6947 700.0000
1076 1118 0.8170 700.0000
1077 1079 0.7062 700.0000
1077 1089 0.8209 700.0000
1077 1090 0.6606 700.0000
1077 1091 0.5002 700.0000
1077 1092 0.7184 700.0000
1077 1093 0.8592 700.0000
1078 1080 0.6898 700.0000
1078 1088 0.5896 700.0000
1078 1089 0.6363 700.0000
1078 1090 0.6298 700.0000
1078 1091 0.7493 700.0000
1078 1118 0.8183 700.0000
1079 1081 0.6903 700.0000
1079 1082 0.7881 700.0000
1079 1088 0.6218 700.0000
1079 1089 0.4259 700.0000
1079 1090 0.6911 700.0000
1079 1091 0.6066 700.0000
1080 1082 0.4881 700.0000
1080 1084 0.8141 700.0000
1080 1086 0.7721 700.0000
1080 1087 0.8972 700.0000
1080 1088 0.5615 700.0000
1080 1089 0.5932 700.0000
1081 1083 0.6535 700.0000
1081 1084 0.4358 700.0000
1081 1085 0.7785 700.0000
1081 1086 0.4636 700.0000
1081 1087 0.7850 700.0000
1081 1088 0.6680 700.0000
1081 1089 0.6453 700.0000
1082 1084 0.7580 700.0000
1083 1085 0.7877 700.0000
1083 1086 0.8979 700.0000
1084 1086 0.4680 700.0000
1084 1089 0.8154 700.0000
1086 1088 0.6708 700.0000
1086 1089 0.7170 700.0000
1087 1122 0.8678 700.0000
1087 1124 0.6782 700.0000
1087 1126 0.8350 700.0000
1088 1090 0.7831 700.0000
1088 1119 0.8738 700.0000
1088 1122 0.7331 700.0000
1088 1124 0.8159 700.0000
1089 1091 0.5074 700.0000
1090 1092 0.6527 700.0000
1090 1114 0.8801 700.0000
1090 1115 0.5682 700.0000
1090 1118 0.7505 700.0000
1090 1119 0.8685 700.0000
1090 1127 0.8706 700.0000
1090 1128 0.8613 700.0000
1090 1129 0.8940 700.0000
1091 1093 0.8612 700.0000
1092 1094 0.5716 700.0000
1092 1095 0.8905 700.0000
1092 1108 0.8805 700.0000
1092 1111 0.6221 700.0000
1092 1115 0.8062 700.0000
1092 1132 0.7523 700.0000
1093 1095 0.6729 700.0000
1093 1107 0.8565 700.0000
1093 1111 0.7747 700.0000
1094 1096 0.7322 700.0000
1094 1104 0.8570 700.0000
1094 1107 0.7417 700.0000
1094 1108 0.6494 700.0000
1094 1111 0.7395 700.0000
1094 1132 0.6954 700.0000
1094 1133 0.6628 700.0000
1094 1137 0.6282 700.0000
1094 1139 0.8793 700.0000
1095 1097 0.8147 700.0000
1095 1098 0.7617 700.0000
1095 1101 0.8927 700.0000
1095 1103 0.8084 700.0000
1095 1104 0.5162 700.0000
1095 1105 0.8237 700.0000
1095 1107 0.5789 700.0000
1095 1108 0.5625 700.0000
1095 1111 0.8385 700.0000
1095 1132 0.8372 700.0000
1095 1133 0.6810 700.0000
1095 1137 0.5916 700.0000
1095 1138 0.8817 700.0000
1095 1139 0.6980 700.0000
1096 1098 0.4145 700.0000
1096 1101 0.8829 700.0000
1096 1104 0.7057 700.0000
1096 1133 0.8693 700.0000
1096 1137 0.5130 700.0000
1096 1138 0.7588 700.0000
1096 1139 0.8301 700.0000
1097 1099 0.5202 700.0000
1097 1100 0.4454 700.0000
1097 1101 0.6432 700.0000
1097 1104 0.6381 700.0000
1097 1105 0.7349 700.0000
1097 1133 0.8400 700.0000
1097 1137 0.7914 700.0000
1097 1138 0.5318 700.0000
1097 1139 0.4401 700.0000
1097 1140 0.6003 700.0000
1097 1143 0.7887 700.0000
1098 1100 0.7448 700.0000
1098 1101 0.6022 700.0000
1098 1103 0.7728 700.0000
1098 1104 0.6302 700.0000
1098 1137 0.8724 700.0000
1099 1101 0.6540 700.0000
1099 1104 0.8994 700.0000
1099 1138 0.8936 700.0000
1100 1102 0.6499 700.0000
1100 1103 0.7865 700.0000
1100 1104 0.5918 700.0000
1100 1105 0.5862 700.0000
1100 1139 0.8120 700.0000
1101 1103 0.4681 700.0000
1101 1104 0.4108 700.0000
1101 1105 0.5567 700.0000
1102 1104 0.6066 700.0000
1102 1105 0.5677 700.0000
1102 1106 0.6716 700.0000
1102 1107 0.8804 700.0000
1103 1105 0.6179 700.0000
1103 1106 0.5659 700.0000
1103 1107 0.5737 700.0000
1104 1106 0.7088 700.0000
1104 1107 0.5498 700.0000
1104 1108 0.6737 700.0000
1104 1109 0.8898 700.0000
1104 1139 0.7546 700.0000
1105 1107 0.6942 700.0000
1105 1108 0.6487 700.0000
1105 1109 0.6104 700.0000
1105 1139 0.7979 700.0000
1105 1143 0.8693 700.0000
1105 1147 0.7215 700.0000
1106 1108 0.7909 700.0000
1106 1109 0.5516 700.0000
1106 1110 0.5096 700.0000
1107 1109 0.7068 700.0000
1107 1110 0.5446 700.0000
1107 1111 0.6271 700.0000
1108 1110 0.7115 700.0000
1108 1111 0.5214 700.0000
1108 1112 0.6018 700.0000
1108 1132 0.6588 700.0000
1108 1133 0.7673 700.0000
1108 1139 0.7319 700.0000
1108 1144 0.6958 700.0000
1108 1147 0.6804 700.0000
1108 1148 0.8062 700.0000
1109 1111 0.7632 700.0000
1109 1112 0.6408 700.0000
1109 1113 0.7314 700.0000
1109 1147 0.5758 700.0000
1109 1148 0.8152 700.0000
1109 1150 0.7899 700.0000
1109 1151 0.5275 700.0000
1109 1154 0.8036 700.0000
1110 1112 0.6738 700.0000
1110 1113 0.4706 700.0000
1110 1114 0.6633 700.0000
1110 1151 0.8300 700.0000
1111 1113 0.6864 700.0000
1111 1114 0.5644 700.0000
1111 1115 0.6136 700.0000
1111 1132 0.8423 700.0000
1112 1114 0.7449 700.0000
1112 1115 0.5912 700.0000
1112 1116 0.6299 700.0000
1112 1129 0.6688 700.0000
1112 1132 0.8349 700.0000
1112 1144 0.8938 700.0000
1112 1147 0.7714 700.0000
1112 1148 0.5989 700.0000
1112 1151 0.6202 700.0000
1112 1152 0.7549 700.0000
1112 1155 0.8858 700.0000
1113 1115 0.7332 700.0000
1113 1116 0.6518 700.0000
1113 1117 0.5168 700.0000
1113 1151 0.6949 700.0000
1113 1154 0.8270 700.0000
1113 1155 0.6588 700.0000
1114 1116 0.7650 700.0000
1114 1117 0.5319 700.0000
1114 1118 0.6065 700.0000
1115 1117 0.6714 700.0000
1115 1118 0.5404 700.0000
1115 1119 0.6666 700.0000
1115 1127 0.7381 700.0000
1115 1129 0.7350 700.0000
1116 1118 0.7344 700.0000
1116 1119 0.6261 700.0000
1116 1120 0.7825 700.0000
1116 1127 0.6912 700.0000
1116 1129 0.8131 700.0000
1116 1151 0.8322 700.0000
1116 1152 0.6799 700.0000
1116 1155 0.5364 700.0000
1116 1156 0.8870 700.0000
1116 1164 0.6781 700.0000
1116 1167 0.8070 700.0000
1117 1119 0.7447 700.0000
1117 1120 0.7263 700.0000
1117 1121 0.7408 700.0000
1117 1155 0.6796 700.0000
1117 1159 0.8433 700.0000
1118 1120 0.7584 700.0000
1118 1121 0.5273 700.0000
1118 1122 0.6091 700.0000
1118 1124 0.8664 700.0000
1119 1121 0.5843 700.0000
1119 1122 0.5332 700.0000
1119 1123 0.6989 700.0000
1119 1124 0.4784 700.0000
1119 1125 0.8602 700.0000
1119 1126 0.7224 700.0000
1119 1127 0.6623 700.0000
1119 1163 0.7563 700.0000
1119 1164 0.6206 700.0000
1120 1122 0.6998 700.0000
1120 1123 0.5686 700.0000
1120 1124 0.6713 700.0000
1120 1125 0.8827 700.0000
1120 1159 0.8918 700.0000
1120 1161 0.5906 700.0000
1120 1162 0.5558 700.0000
1120 1163 0.4803 700.0000
1120 1164 0.5350 700.0000
1121 1123 0.5822 700.0000
1121 1124 0.7370 700.0000
1121 1163 0.8581 700.0000
1122 1124 0.4990 700.0000
1122 1163 0.8751 700.0000
1123 1125 0.7503 700.0000
1123 1162 0.7510 700.0000
1123 1163 0.5076 700.0000
1123 1164 0.8414 700.0000
1124 1126 0.6164 700.0000
1124 1127 0.8575 700.0000
1124 1163 0.5802 700.0000
1124 1164 0.6992 700.0000
1125 1163 0.4998 700.0000
1125 1164 0.6044 700.0000
1125 1165 0.4637 700.0000
1125 1166 0.6272 700.0000
1126 1128 0.7149 700.0000
1126 1163 0.8627 700.0000
1126 1164 0.6767 700.0000
1126 1165 0.7463 700.0000
1126 1166 0.4928 700.0000
1126 1167 0.7166 700.0000
1126 1168 0.6684 700.0000
1127 1129 0.5414 700.0000
1127 1164 0.7563 700.0000
1127 1166 0.7185 700.0000
1127 1167 0.5224 700.0000
1127 1168 0.6018 700.0000
1127 1169 0.8542 700.0000
1128 1130 0.6174 700.0000
1128 1167 0.6877 700.0000
1128 1168 0.5459 700.0000
1128 1169 0.7241 700.0000
1128 1170 0.6049 700.0000
1129 1131 0.7899 700.0000
1129 1132 0.7184 700.0000
1129 1148 0.6944 700.0000
1129 1167 0.6641 700.0000
1129 1168 0.7586 700.0000
1129 1169 0.5940 700.0000
1129 1170 0.7367 700.0000
1130 1132 0.5173 700.0000
1130 1133 0.8999 700.0000
1130 1134 0.8929 700.0000
1130 1144 0.8708 700.0000
1130 1169 0.7146 700.0000
1130 1170 0.5275 700.0000
1130 1171 0.7375 700.0000
1131 1133 0.5950 700.0000
1131 1134 0.4868 700.0000
1131 1135 0.7734 700.0000
1131 1139 0.8732 700.0000
1131 1141 0.7338 700.0000
1131 1144 0.6007 700.0000
1131 1145 0.8551 700.0000
1131 1148 0.8965 700.0000
1131 1169 0.8537 700.0000
1131 1170 0.7854 700.0000
1131 1171 0.7248 700.0000
1131 1175 0.8550 700.0000
1131 1178 0.6390 700.0000
1131 1182 0.8293 700.0000
1132 1134 0.6317 700.0000
1132 1135 0.8295 700.0000
1132 1137 0.8391 700.0000
1132 1139 0.7700 700.0000
1132 1144 0.6059 700.0000
1132 1148 0.8450 700.0000
1133 1135 0.4581 700.0000
1133 1136 0.7060 700.0000
1133 1137 0.4384 700.0000
1133 1138 0.5573 700.0000
1133 1139 0.4503 700.0000
1133 1140 0.8045 700.0000
1133 1141 0.8263 700.0000
1133 1144 0.6846 700.0000
1134 1136 0.7812 700.0000
1134 1137 0.7058 700.0000
1134 1138 0.5852 700.0000
1134 1139 0.5646 700.0000
1134 1140 0.6660 700.0000
1134 1141 0.4921 700.0000
1134 1144 0.6605 700.0000
1134 1175 0.8560 700.0000
1134 1177 0.8857 700.0000
1134 1178 0.6816 700.0000
1135 1137 0.5172 700.0000
1135 1138 0.5139 700.0000
1135 1139 0.7243 700.0000
1135 1140 0.8867 700.0000
1135 1141 0.8000 700.0000
1136 1138 0.7131 700.0000
1137 1139 0.6148 700.0000
1138 1140 0.5804 700.0000
1138 1141 0.8250 700.0000
1139 1141 0.7765 700.0000
1139 1143 0.6837 700.0000
1139 1144 0.6089 700.0000
1139 1147 0.8905 700.0000
1140 1142 0.5271 700.0000
1140 1143 0.4623 700.0000
1140 1144 0.7174 700.0000
1140 1145 0.8816 700.0000
1141 1143 0.7683 700.0000
1141 1144 0.7060 700.0000
1141 1145 0.7784 700.0000
1141 1175 0.7219 700.0000
1141 1177 0.5107 700.0000
1141 1178 0.4248 700.0000
1141 1179 0.8966 700.0000
1141 1181 0.6544 700.0000
1141 1182 0.8148 700.0000
1142 1144 0.7566 700.0000
1142 1145 0.6173 700.0000
1142 1146 0.5868 700.0000
1142 1177 0.8786 700.0000
1142 1178 0.8258 700.0000
1142 1181 0.5740 700.0000
1142 1182 0.8454 700.0000
1142 1184 0.8706 700.0000
1142 1185 0.8825 700.0000
1143 1145 0.6288 700.0000
1143 1146 0.5277 700.0000
1143 1147 0.6624 700.0000
1143 1181 0.8959 700.0000
1144 1146 0.7484 700.0000
1144 1147 0.5207 700.0000
1144 1148 0.5427 700.0000
1144 1149 0.8382 700.0000
1144 1178 0.8162 700.0000
1144 1181 0.8860 700.0000
1144 1182 0.7497 700.0000
1145 1147 0.5800 700.0000
1145 1148 0.5364 700.0000
1145 1149 0.5561 700.0000
1145 1150 0.8289 700.0000
1145 1169 0.8278 700.0000
1145 1178 0.7867 700.0000
1145 1181 0.5918 700.0000
1145 1182 0.4645 700.0000
1145 1185 0.6348 700.0000
1145 1186 0.8780 700.0000
1146 1148 0.7951 700.0000
1146 1149 0.6610 700.0000
1146 1150 0.7130 700.0000
1146 1181 0.7789 700.0000
1146 1182 0.8241 700.0000
1146 1185 0.5314 700.0000
1146 1188 0.7344 700.0000
1146 1189 0.8396 700.0000
1147 1149 0.6640 700.0000
1147 1150 0.5597 700.0000
1147 1151 0.6481 700.0000
1147 1152 0.8995 700.0000
1148 1150 0.6357 700.0000
1148 1151 0.6471 700.0000
1148 1152 0.6160 700.0000
1148 1167 0.8940 700.0000
1148 1169 0.7075 700.0000
1148 1182 0.7901 700.0000
1149 1151 0.7524 700.0000
1149 1152 0.5746 700.0000
1149 1153 0.6086 700.0000
1149 1169 0.7645 700.0000
1149 1182 0.7365 700.0000
1149 1185 0.6175 700.0000
1149 1186 0.7209 700.0000
1149 1189 0.6510 700.0000
1150 1152 0.6151 700.0000
1150 1153 0.5776 700.0000
1150 1154 0.6132 700.0000
1150 1185 0.8826 700.0000
1150 1189 0.7941 700.0000
1151 1153 0.7622 700.0000
1151 1154 0.4053 700.0000
1151 1155 0.6624 700.0000
1152 1154 0.6737 700.0000
1152 1155 0.6004 700.0000
1152 1156 0.6463 700.0000
1152 1157 0.8642 700.0000
1152 1167 0.7107 700.0000
1153 1155 0.8830 700.0000
1153 1156 0.6521 700.0000
1153 1157 0.7022 700.0000
1153 1189 0.6710 700.0000
1154 1156 0.7385 700.0000
1154 1157 0.6203 700.0000
1154 1158 0.5610 700.0000
1154 1159 0.8444 700.0000
1155 1157 0.6874 700.0000
1155 1158 0.6639 700.0000
1155 1159 0.4671 700.0000
1155 1161 0.7335 700.0000
1155 1164 0.8495 700.0000
1156 1158 0.6807 700.0000
1156 1159 0.5523 700.0000
1156 1160 0.8394 700.0000
1156 1161 0.6359 700.0000
1156 1164 0.8671 700.0000
1157 1159 0.6303 700.0000
1159 1161 0.5781 700.0000
1160 1162 0.6797 700.0000
1161 1163 0.6386 700.0000
1161 1164 0.5476 700.0000
1161 1165 0.7761 700.0000
1162 1164 0.8045 700.0000
1163 1165 0.5847 700.0000
1164 1166 0.6910 700.0000
1164 1167 0.7852 700.0000
1166 1168 0.5727 700.0000
1167 1169 0.5753 700.0000
1168 1170 0.6597 700.0000
1169 1171 0.7039 700.0000
1169 1182 0.6074 700.0000
1169 1186 0.8098 700.0000
1170 1172 0.8272 700.0000
1171 1173 0.6912 700.0000
1171 1174 0.8764 700.0000
1171 1175 0.6595 700.0000
1171 1178 0.6006 700.0000
1171 1179 0.5544 700.0000
1171 1182 0.6945 700.0000
1172 1174 0.4698 700.0000
1172 1175 0.5933 700.0000
1172 1176 0.8605 700.0000
1172 1179 0.8914 700.0000
1173 1175 0.6916 700.0000
1173 1176 0.7221 700.0000
1173 1179 0.7877 700.0000
1174 1176 0.5084 700.0000
1174 1177 0.8973 700.0000
1174 1179 0.8371 700.0000
1175 1177 0.5303 700.0000
1175 1178 0.4603 700.0000
1175 1179 0.5894 700.0000
1176 1178 0.7795 700.0000
1176 1179 0.5759 700.0000
1176 1180 0.7789 700.0000
1177 1179 0.7367 700.0000
1177 1180 0.7131 700.0000
1177 1181 0.7539 700.0000
1178 1180 0.7431 700.0000
1178 1181 0.5480 700.0000
1178 1182 0.5785 700.0000
1178 1183 0.8952 700.0000
1179 1181 0.6350 700.0000
1179 1182 0.6607 700.0000
1179 1183 0.6272 700.0000
1180 1182 0.7875 700.0000
1180 1183 0.5140 700.0000
1180 1184 0.5085 700.0000
1181 1183 0.5322 700.0000
1181 1184 0.5071 700.0000
1181 1185 0.7004 700.0000
1181 1186 0.8523 700.0000
1181 1188 0.8723 700.0000
1182 1184 0.7746 700.0000
1182 1185 0.6990 700.0000
1182 1186 0.6446 700.0000
1183 1185 0.7160 700.0000
1183 1186 0.5508 700.0000
1183 1187 0.6429 700.0000
1183 1188 0.8284 700.0000
1184 1186 0.7710 700.0000
1184 1187 0.5893 700.0000
1184 1188 0.5545 700.0000
1185 1187 0.6043 700.0000
1185 1188 0.3642 700.0000
1185 1189 0.4828 700.0000
1185 1190 0.8748 700.0000
1186 1188 0.7816 700.0000
1186 1189 0.6669 700.0000
1186 1190 0.7104 700.0000
1187 1189 0.6939 700.0000
1187 1190 0.5004 700.0000
1188 1190 0.8232 700.0000
1216 1218 0.6208 700.0000
1216 1219 0.4628 700.0000
1216 1220 0.8310 700.0000
1217 1219 0.5724 700.0000
1217 1220 0.7860 700.0000
1217 1233 0.8134 700.0000
1218 1220 0.5139 700.0000
1218 1231 0.7368 700.0000
1218 1232 0.5653 700.0000
1218 1233 0.5133 700.0000
1218 1234 0.8999 700.0000
1218 1370 0.8989 700.0000
1218 1376 0.7050 700.0000
1219 1221 0.7121 700.0000
1219 1230 0.6540 700.0000
1219 1231 0.6154 700.0000
1219 1232 0.5563 700.0000
1219 1233 0.7089 700.0000
1219 1367 0.8959 700.0000
1219 1376 0.8749 700.0000
1220 1230 0.7984 700.0000
1220 1231 0.5369 700.0000
1220 1232 0.6994 700.0000
1220 1233 0.8750 700.0000
1220 1376 0.6484 700.0000
1220 1377 0.8547 700.0000
1220 1379 0.8884 700.0000
1220 1380 0.5363 700.0000
1220 1383 0.7226 700.0000
1221 1223 0.7878 700.0000
1221 1228 0.6153 700.0000
1221 1229 0.6894 700.0000
1221 1230 0.5084 700.0000
1221 1231 0.7761 700.0000
1221 1365 0.8998 700.0000
1221 1383 0.8586 700.0000
1222 1224 0.5686 700.0000
1222 1225 0.8689 700.0000
1222 1227 0.8283 700.0000
1222 1228 0.7116 700.0000
1222 1229 0.4862 700.0000
1222 1230 0.7942 700.0000
1222 1231 0.8685 700.0000
1222 1348 0.8369 700.0000
1222 1383 0.5286 700.0000
1222 1384 0.8650 700.0000
1222 1386 0.8662 700.0000
1222 1387 0.7880 700.0000
1223 1225 0.4174 700.0000
1223 1226 0.6065 700.0000
1223 1227 0.6031 700.0000
1223 1228 0.5875 700.0000
1223 1229 0.8568 700.0000
1224 1226 0.6329 700.0000
1224 1227 0.4662 700.0000
1224 1228 0.7180 700.0000
1224 1229 0.6552 700.0000
1224 1348 0.7497 700.0000
1224 1351 0.5834 700.0000
1224 1352 0.6871 700.0000
1224 1355 0.6913 700.0000
1224 1366 0.8771 700.0000
1224 1386 0.8920 700.0000
1225 1227 0.5507 700.0000
1225 1228 0.8189 700.0000
1225 1355 0.6673 700.0000
1225 1360 0.8749 700.0000
1226 1228 0.7200 700.0000
1226 1355 0.6450 700.0000
1226 1360 0.5831 700.0000
1226 1363 0.7611 700.0000
1226 1364 0.5980 700.0000
1227 1229 0.7227 700.0000
1227 1351 0.6543 700.0000
1227 1354 0.8281 700.0000
1227 1355 0.7011 700.0000
1227 1360 0.7012 700.0000
1227 1363 0.6356 700.0000
1227 1364 0.5733 700.0000
1227 1365 0.7303 700.0000
1227 1366 0.6495 700.0000
1228 1230 0.6214 700.0000
1228 1363 0.8934 700.0000
1228 1364 0.6723 700.0000
1228 1365 0.4853 700.0000
1228 1366 0.6254 700.0000
1229 1231 0.6153 700.0000
1229 1347 0.7880 700.0000
1229 1348 0.6833 700.0000
1229 1351 0.7296 700.0000
1229 1365 0.7942 700.0000
1229 1366 0.5141 700.0000
1229 1367 0.7664 700.0000
1229 1368 0.6823 700.0000
1229 1379 0.8425 700.0000
1229 1383 0.6631 700.0000
1230 1232 0.6684 700.0000
1230 1365 0.5983 700.0000
1230 1366 0.6306 700.0000
1230 1367 0.4594 700.0000
1230 1368 0.6699 700.0000
1231 1233 0.7666 700.0000
1231 1366 0.8767 700.0000
1231 1367 0.6341 700.0000
1231 1368 0.4656 700.0000
1231 1369 0.7161 700.0000
1231 1370 0.6877 700.0000
1231 1376 0.6245 700.0000
1231 1379 0.6176 700.0000
1231 1380 0.8430 700.0000
1231 1383 0.7252 700.0000
1232 1234 0.5763 700.0000
1232 1367 0.6044 700.0000
1232 1368 0.5661 700.0000
1232 1369 0.5112 700.0000
1232 1370 0.5003 700.0000
1232 1376 0.6487 700.0000
1232 1379 0.8880 700.0000
1233 1235 0.8551 700.0000
1233 1369 0.6833 700.0000
1233 1370 0.5268 700.0000
1233 1371 0.7465 700.0000
1233 1372 0.8573 700.0000
1233 1373 0.7467 700.0000
1233 1376 0.6846 700.0000
1234 1236 0.6890 700.0000
1234 1237 0.8837 700.0000
1234 1238 0.7817 700.0000
1234 1239 0.7820 700.0000
1234 1368 0.8921 700.0000
1234 1369 0.5126 700.0000
1234 1370 0.5198 700.0000
1234 1371 0.5188 700.0000
1234 1372 0.8309 700.0000
1235 1237 0.4441 700.0000
1235 1238 0.4282 700.0000
1235 1239 0.6666 700.0000
1235 1261 0.8194 700.0000
1235 1369 0.7284 700.0000
1235 1371 0.6671 700.0000
1236 1238 0.6774 700.0000
1236 1239 0.5334 700.0000
1236 1244 0.6499 700.0000
1236 1245 0.7869 700.0000
1236 1258 0.7221 700.0000
1236 1261 0.7868 700.0000
1236 1262 0.6740 700.0000
1236 1293 0.8601 700.0000
1236 1327 0.6371 700.0000
1236 1328 0.7750 700.0000
1236 1329 0.6953 700.0000
1236 1367 0.8480 700.0000
1236 1369 0.5431 700.0000
1236 1370 0.8983 700.0000
1237 1239 0.6618 700.0000
1237 1244 0.8596 700.0000
1237 1258 0.8812 700.0000
1237 1261 0.6203 700.0000
1237 1262 0.6260 700.0000
1237 1265 0.5474 700.0000
1237 1266 0.8778 700.0000
1237 1293 0.6430 700.0000
1237 1294 0.8346 700.0000
1238 1265 0.8651 700.0000
1238 1293 0.8903 700.0000
1238 1294 0.7628 700.0000
1239 1241 0.7009 700.0000
1239 1244 0.8048 700.0000
1239 1293 0.8994 700.0000
1239 1294 0.7101 700.0000
1239 1327 0.6066 700.0000
1239 1367 0.6781 700.0000
1239 1369 0.7193 700.0000
1240 1242 0.8213 700.0000
1240 1294 0.4458 700.0000
1240 1295 0.7700 700.0000
1240 1325 0.8502 700.0000
1240 1327 0.8698 700.0000
1241 1243 0.5201 700.0000
1241 1244 0.6335 700.0000
1241 1293 0.8830 700.0000
1241 1294 0.7435 700.0000
1241 1295 0.5435 700.0000
1241 1296 0.6863 700.0000
1241 1297 0.8795 700.0000
1241 1323 0.8756 700.0000
1241 1324 0.7854 700.0000
1241 1325 0.4725 700.0000
1241 1326 0.6767 700.0000
1241 1327 0.5825 700.0000
1241 1365 0.8567 700.0000
1241 1367 0.8843 700.0000
1242 1244 0.8268 700.0000
1242 1295 0.6610 700.0000
1242 1296 0.4733 700.0000
1242 1297 0.7287 700.0000
1242 1318 0.7613 700.0000
1242 1323 0.4797 700.0000
1242 1324 0.5498 700.0000
1242 1325 0.3997 700.0000
1242 1326 0.6971 700.0000
1242 1327 0.8500 700.0000
1243 1245 0.6510 700.0000
1243 1295 0.6076 700.0000
1243 1296 0.6887 700.0000
1243 1297 0.5825 700.0000
1243 1298 0.6647 700.0000
1243 1299 0.6341 700.0000
1243 1314 0.7940 700.0000
1243 1318 0.6614 700.0000
1243 1323 0.6565 700.0000
1243 1324 0.8441 700.0000
1243 1325 0.5757 700.0000
1243 1326 0.4947 700.0000
1243 1327 0.5896 700.0000
1243 1328 0.8679 700.0000
1244 1246 0.7300 700.0000
1244 1262 0.7359 700.0000
1244 1290 0.7714 700.0000
1244 1293 0.7043 700.0000
1244 1295 0.5557 700.0000
1244 1297 0.7337 700.0000
1244 1298 0.5125 700.0000
1244 1299 0.6723 700.0000
1244 1300 0.8592 700.0000
1244 1325 0.8921 700.0000
1244 1326 0.7376 700.0000
1244 1327 0.5146 700.0000
1244 1328 0.7620 700.0000
1244 1329 0.8754 700.0000
1245 1247 0.6910 700.0000
1245 1258 0.8958 700.0000
1245 1262 0.8396 700.0000
1245 1298 0.6735 700.0000
1245 1299 0.5185 700.0000
1245 1300 0.6972 700.0000
1245 1301 0.6494 700.0000
1245 1311 0.8934 700.0000
1245 1314 0.7550 700.0000
1245 1326 0.7522 700.0000
1245 1327 0.6360 700.0000
1245 1328 0.5202 700.0000
1245 1329 0.5828 700.0000
1245 1331 0.8025 700.0000
1246 1248 0.5259 700.0000
1246 1249 0.8740 700.0000
1246 1252 0.8369 700.0000
1246 1254 0.8274 700.0000
1246 1258 0.6507 700.0000
1246 1259 0.5171 700.0000
1246 1261 0.8900 700.0000
1246 1262 0.5822 700.0000
1246 1263 0.7719 700.0000
1246 1286 0.8796 700.0000
1246 1298 0.6624 700.0000
1246 1299 0.6803 700.0000
1246 1300 0.4417 700.0000
1246 1301 0.5607 700.0000
1246 1302 0.8942 700.0000
1246 1329 0.7866 700.0000
1246 1331 0.8992 700.0000
1247 1249 0.7545 700.0000
1247 1254 0.7487 700.0000
1247 1256 0.8343 700.0000
1247 1257 0.8104 700.0000
1247 1258 0.5854 700.0000
1247 1259 0.5793 700.0000
1247 1262 0.8692 700.0000
1247 1300 0.7731 700.0000
1247 1301 0.5364 700.0000
1247 1302 0.7106 700.0000
1247 1303 0.5281 700.0000
1247 1304 0.8783 700.0000
1247 1329 0.6621 700.0000
1247 1330 0.7843 700.0000
1247 1331 0.5828 700.0000
1247 1332 0.6867 700.0000
1247 1334 0.8901 700.0000
1248 1250 0.7347 700.0000
1248 1251 0.7137 700.0000
1248 1252 0.5587 700.0000
1248 1253 0.7398 700.0000
1248 1254 0.4990 700.0000
1248 1256 0.8040 700.0000
1248 1258 0.8414 700.0000
1248 1259 0.5905 700.0000
1248 1300 0.6477 700.0000
1248 1301 0.5585 700.0000
1248 1302 0.5621 700.0000
1248 1303 0.6236 700.0000
1248 1304 0.8897 700.0000
1249 1251 0.4251 700.0000
1249 1252 0.4990 700.0000
1249 1253 0.5893 700.0000
1249 1254 0.5150 700.0000
1249 1259 0.8504 700.0000
1249 1300 0.8867 700.0000
1249 1301 0.7980 700.0000
1249 1302 0.5809 700.0000
1249 1303 0.7374 700.0000
1249 1304 0.8776 700.0000
1250 1252 0.6036 700.0000
1250 1253 0.7991 700.0000
1250 1254 0.8972 700.0000
1250 1278 0.8924 700.0000
1250 1281 0.8134 700.0000
1250 1284 0.8974 700.0000
1250 1302 0.6348 700.0000
1251 1253 0.4313 700.0000
1251 1254 0.7291 700.0000
1251 1274 0.8474 700.0000
1251 1275 0.8350 700.0000
1251 1278 0.7070 700.0000
1251 1281 0.8812 700.0000
1251 1302 0.8812 700.0000
1252 1254 0.8157 700.0000
1252 1274 0.5770 700.0000
1252 1275 0.7725 700.0000
1252 1277 0.7852 700.0000
1252 1278 0.5855 700.0000
1252 1281 0.7486 700.0000
1252 1284 0.8882 700.0000
1252 1286 0.5731 700.0000
1252 1300 0.6013 700.0000
1252 1301 0.7554 700.0000
1252 1302 0.7089 700.0000
1253 1255 0.6257 700.0000
1253 1259 0.8738 700.0000
1253 1271 0.7863 700.0000
1253 1274 0.7692 700.0000
1253 1275 0.7768 700.0000
1254 1256 0.4374 700.0000
1254 1257 0.7144 700.0000
1254 1258 0.8325 700.0000
1254 1259 0.5019 700.0000
1254 1260 0.7621 700.0000
1254 1263 0.8379 700.0000
1254 1335 0.8697 700.0000
1255 1257 0.8123 700.0000
1255 1259 0.6686 700.0000
1255 1260 0.5085 700.0000
1255 1261 0.8710 700.0000
1255 1263 0.6590 700.0000
1255 1264 0.7466 700.0000
1255 1271 0.7627 700.0000
1256 1258 0.6331 700.0000
1256 1259 0.4886 700.0000
1256 1260 0.5036 700.0000
1256 1261 0.7927 700.0000
1256 1263 0.8958 700.0000
1256 1335 0.7172 700.0000
1257 1259 0.5023 700.0000
1257 1260 0.5001 700.0000
1257 1261 0.6225 700.0000
1257 1262 0.8265 700.0000
1257 1334 0.8628 700.0000
1257 1335 0.7827 700.0000
1258 1260 0.7011 700.0000
1258 1261 0.5476 700.0000
1258 1262 0.5801 700.0000
1258 1263 0.8632 700.0000
1258 1329 0.7111 700.0000
1258 1330 0.8674 700.0000
1259 1261 0.5661 700.0000
1259 1262 0.5107 700.0000
1259 1263 0.5583 700.0000
1259 1264 0.8394 700.0000
1259 1300 0.8438 700.0000
1260 1262 0.7365 700.0000
1260 1263 0.6369 700.0000
1260 1264 0.4813 700.0000
1260 1265 0.8715 700.0000
1261 1263 0.5801 700.0000
1261 1264 0.4877 700.0000
1261 1265 0.5424 700.0000
1261 1266 0.8229 700.0000
1262 1264 0.7161 700.0000
1262 1265 0.5932 700.0000
1262 1266 0.6514 700.0000
1262 1267 0.8498 700.0000
1262 1270 0.8764 700.0000
1262 1293 0.7205 700.0000
1262 1298 0.7658 700.0000
1262 1300 0.8631 700.0000
1263 1265 0.6807 700.0000
1263 1266 0.5659 700.0000
1263 1267 0.5642 700.0000
1263 1268 0.8487 700.0000
1263 1270 0.6179 700.0000
1263 1271 0.5461 700.0000
1263 1274 0.8479 700.0000
1263 1300 0.8884 700.0000
1264 1266 0.7281 700.0000
1264 1267 0.7101 700.0000
1264 1271 0.8862 700.0000
1265 1267 0.6753 700.0000
1265 1291 0.8634 700.0000
1265 1292 0.6814 700.0000
1265 1293 0.6041 700.0000
1266 1268 0.8047 700.0000
1266 1269 0.7405 700.0000
1266 1270 0.5758 700.0000
1266 1271 0.8019 700.0000
1266 1289 0.7958 700.0000
1266 1290 0.5753 700.0000
1266 1291 0.4881 700.0000
1266 1292 0.4760 700.0000
1266 1293 0.5239 700.0000
1266 1298 0.8479 700.0000
1267 1269 0.5341 700.0000
1267 1270 0.5018 700.0000
1267 1271 0.5754 700.0000
1267 1272 0.8383 700.0000
1267 1290 0.7945 700.0000
1267 1291 0.6611 700.0000
1267 1292 0.6071 700.0000
1267 1293 0.8444 700.0000
1268 1270 0.7346 700.0000
1268 1271 0.5279 700.0000
1268 1272 0.6059 700.0000
1269 1271 0.6953 700.0000
1269 1272 0.4667 700.0000
1269 1273 0.6185 700.0000
1269 1289 0.8177 700.0000
1269 1290 0.8719 700.0000
1269 1291 0.7283 700.0000
1269 1292 0.8328 700.0000
1270 1272 0.6802 700.0000
1270 1273 0.4649 700.0000
1270 1274 0.5612 700.0000
1270 1275 0.8641 700.0000
1270 1288 0.5573 700.0000
1270 1289 0.5864 700.0000
1270 1290 0.6747 700.0000
1270 1291 0.7041 700.0000
1270 1298 0.7192 700.0000
1270 1300 0.8234 700.0000
1271 1273 0.7761 700.0000
1271 1274 0.6138 700.0000
1271 1275 0.7152 700.0000
1272 1274 0.8031 700.0000
1272 1275 0.7116 700.0000
1272 1276 0.7086 700.0000
1273 1275 0.7116 700.0000
1273 1276 0.6080 700.0000
1273 1277 0.6264 700.0000
1273 1286 0.8512 700.0000
1273 1287 0.8221 700.0000
1273 1288 0.5031 700.0000
1273 1289 0.6218 700.0000
1273 1290 0.8986 700.0000
1273 1298 0.8829 700.0000
1274 1276 0.6937 700.0000
1274 1277 0.5671 700.0000
1274 1278 0.6713 700.0000
1274 1286 0.6230 700.0000
1274 1287 0.8791 700.0000
1274 1288 0.6699 700.0000
1274 1298 0.8867 700.0000
1274 1300 0.6386 700.0000
1275 1277 0.6795 700.0000
1275 1278 0.5642 700.0000
1275 1279 0.6207 700.0000
1276 1278 0.7109 700.0000
1276 1279 0.6033 700.0000
1276 1280 0.6821 700.0000
1277 1279 0.7449 700.0000
1277 1280 0.5349 700.0000
1277 1281 0.8258 700.0000
1277 1286 0.5013 700.0000
1277 1287 0.6798 700.0000
1277 1288 0.7458 700.0000
1277 1300 0.8546 700.0000
1278 1280 0.6016 700.0000
1278 1281 0.5159 700.0000
1278 1286 0.7272 700.0000
1279 1281 0.8055 700.0000
1280 1282 0.7187 700.0000
1281 1283 0.6496 700.0000
1281 1284 0.6926 700.0000
1281 1285 0.8926 700.0000
1281 1286 0.8173 700.0000
1283 1285 0.4429 700.0000
1283 1286 0.7517 700.0000
1284 1286 0.8455 700.0000
1284 1301 0.7572 700.0000
1284 1302 0.5990 700.0000
1284 1305 0.6925 700.0000
1284 1309 0.8492 700.0000
1284 1310 0.7731 700.0000
1284 1313 0.8639 700.0000
1285 1287 0.6718 700.0000
1285 1299 0.6722 700.0000
1285 1300 0.7915 700.0000
1285 1301 0.7215 700.0000
1285 1302 0.8952 700.0000
1285 1310 0.8138 700.0000
1285 1313 0.6321 700.0000
1285 1314 0.7620 700.0000
1285 1317 0.7334 700.0000
1286 1288 0.6629 700.0000
1286 1298 0.7946 700.0000
1286 1299 0.6416 700.0000
1286 1300 0.4495 700.0000
1286 1301 0.7477 700.0000
1287 1289 0.7041 700.0000
1287 1297 0.6131 700.0000
1287 1298 0.6383 700.0000
1287 1299 0.5416 700.0000
1287 1300 0.6607 700.0000
1287 1317 0.8009 700.0000
1288 1290 0.6209 700.0000
1288 1291 0.8288 700.0000
1288 1295 0.8863 700.0000
1288 1297 0.5494 700.0000
1288 1298 0.4247 700.0000
1288 1299 0.7081 700.0000
1288 1300 0.6246 700.0000
1289 1291 0.5553 700.0000
1289 1293 0.8217 700.0000
1289 1295 0.6810 700.0000
1289 1296 0.7965 700.0000
1289 1297 0.4681 700.0000
1289 1298 0.4946 700.0000
1289 1299 0.8929 700.0000
1289 1300 0.8793 700.0000
1290 1292 0.6809 700.0000
1290 1293 0.4737 700.0000
1290 1295 0.4506 700.0000
1290 1296 0.7541 700.0000
1290 1297 0.5966 700.0000
1290 1298 0.5532 700.0000
1291 1293 0.5157 700.0000
1291 1295 0.6650 700.0000
1291 1297 0.8698 700.0000
1291 1298 0.8297 700.0000
1293 1295 0.4949 700.0000
1293 1298 0.7816 700.0000
1295 1297 0.5526 700.0000
1295 1298 0.6446 700.0000
1295 1327 0.8934 700.0000
1296 1298 0.8997 700.0000
1296 1321 0.8943 700.0000
1296 1323 0.6365 700.0000
1296 1325 0.8698 700.0000
1297 1299 0.6850 700.0000
1297 1318 0.8941 700.0000
1297 1321 0.8205 700.0000
1297 1323 0.7291 700.0000
1298 1300 0.5229 700.0000
1299 1301 0.6386 700.0000
1299 1313 0.8737 700.0000
1299 1314 0.6089 700.0000
1299 1317 0.8335 700.0000
1299 1318 0.8261 700.0000
1300 1302 0.8740 700.0000
1301 1303 0.6260 700.0000
1301 1304 0.8613 700.0000
1301 1305 0.7669 700.0000
1301 1310 0.6239 700.0000
1301 1311 0.8846 700.0000
1301 1314 0.8399 700.0000
1301 1331 0.7439 700.0000
1302 1304 0.5361 700.0000
1302 1305 0.4549 700.0000
1302 1310 0.7569 700.0000
1302 1331 0.8957 700.0000
1303 1305 0.5382 700.0000
1303 1306 0.8739 700.0000
1303 1307 0.7693 700.0000
1303 1310 0.8399 700.0000
1303 1331 0.5690 700.0000
1303 1332 0.5079 700.0000
1303 1333 0.8727 700.0000
1303 1334 0.8351 700.0000
1303 1335 0.8680 700.0000
1303 1336 0.6043 700.0000
1303 1338 0.7481 700.0000
1304 1306 0.7295 700.0000
1304 1307 0.7859 700.0000
1304 1331 0.8162 700.0000
1304 1332 0.6876 700.0000
1304 1336 0.6116 700.0000
1304 1338 0.7036 700.0000
1305 1307 0.7016 700.0000
1305 1309 0.7549 700.0000
1305 1310 0.6657 700.0000
1306 1308 0.5742 700.0000
1306 1309 0.4638 700.0000
1306 1310 0.5747 700.0000
1306 1311 0.8240 700.0000
1306 1312 0.8934 700.0000
1306 1346 0.7645 700.0000
1307 1309 0.6135 700.0000
1307 1310 0.5105 700.0000
1307 1311 0.5990 700.0000
1307 1312 0.8480 700.0000
1307 1330 0.8999 700.0000
1307 1331 0.5735 700.0000
1307 1332 0.8319 700.0000
1307 1338 0.7824 700.0000
1307 1343 0.6066 700.0000
1307 1344 0.8598 700.0000
1307 1346 0.5251 700.0000
1307 1347 0.6412 700.0000
1307 1350 0.8372 700.0000
1308 1310 0.7113 700.0000
1308 1311 0.6340 700.0000
1308 1312 0.6033 700.0000
1308 1345 0.8725 700.0000
1308 1346 0.4843 700.0000
1308 1347 0.7138 700.0000
1308 1348 0.8659 700.0000
1308 1349 0.5395 700.0000
1308 1350 0.4690 700.0000
1308 1351 0.8563 700.0000
1308 1353 0.6900 700.0000
1309 1311 0.5939 700.0000
1309 1312 0.4915 700.0000
1309 1313 0.5743 700.0000
1309 1314 0.8687 700.0000
1309 1346 0.8920 700.0000
1309 1350 0.7986 700.0000
1310 1312 0.5752 700.0000
1310 1313 0.5309 700.0000
1310 1314 0.6569 700.0000
1310 1315 0.8929 700.0000
1310 1331 0.7793 700.0000
1310 1350 0.8825 700.0000
1311 1313 0.5815 700.0000
1311 1314 0.5137 700.0000
1311 1315 0.5770 700.0000
1311 1316 0.8733 700.0000
1311 1328 0.8149 700.0000
1311 1331 0.8250 700.0000
1311 1346 0.7535 700.0000
1311 1347 0.6085 700.0000
1311 1350 0.5590 700.0000
1311 1351 0.7521 700.0000
1312 1314 0.5905 700.0000
1312 1315 0.5096 700.0000
1312 1316 0.5591 700.0000
1312 1350 0.5341 700.0000
1312 1351 0.7947 700.0000
1312 1353 0.7481 700.0000
1312 1354 0.6771 700.0000
1313 1315 0.6101 700.0000
1313 1316 0.4907 700.0000
1313 1317 0.6634 700.0000
1313 1318 0.8561 700.0000
1314 1316 0.6570 700.0000
1314 1317 0.6408 700.0000
1314 1318 0.5639 700.0000
1314 1326 0.7405 700.0000
1315 1317 0.7786 700.0000
1315 1318 0.5644 700.0000
1315 1319 0.7039 700.0000
1315 1326 0.7427 700.0000
1315 1350 0.7260 700.0000
1315 1351 0.7127 700.0000
1315 1354 0.5209 700.0000
1315 1359 0.8101 700.0000
1315 1360 0.8579 700.0000
1315 1363 0.6631 700.0000
1315 1366 0.8479 700.0000
1316 1318 0.7359 700.0000
1316 1319 0.6954 700.0000
1316 1320 0.7155 700.0000
1316 1354 0.6617 700.0000
1316 1357 0.8916 700.0000
1316 1359 0.7366 700.0000
1317 1319 0.7545 700.0000
1317 1320 0.4312 700.0000
1317 1321 0.5640 700.0000
1317 1323 0.8108 700.0000
1318 1320 0.7042 700.0000
1318 1321 0.5754 700.0000
1318 1322 0.7346 700.0000
1318 1323 0.4547 700.0000
1318 1324 0.7623 700.0000
1318 1325 0.7709 700.0000
1318 1326 0.6911 700.0000
1318 1362 0.7552 700.0000
1318 1363 0.6681 700.0000
1319 1321 0.7497 700.0000
1319 1322 0.5596 700.0000
1319 1323 0.7429 700.0000
1319 1324 0.8553 700.0000
1319 1354 0.7643 700.0000
1319 1359 0.6189 700.0000
1319 1360 0.6453 700.0000
1319 1361 0.5913 700.0000
1319 1362 0.4363 700.0000
1319 1363 0.5610 700.0000
1320 1322 0.7303 700.0000
1320 1323 0.8405 700.0000
1321 1323 0.4569 700.0000
1322 1324 0.7920 700.0000
1322 1361 0.8443 700.0000
1322 1362 0.5320 700.0000
1322 1363 0.8519 700.0000
1323 1325 0.6845 700.0000
1323 1326 0.8487 700.0000
1323 1362 0.7616 700.0000
1323 1363 0.8326 700.0000
1324 1326 0.6992 700.0000
1324 1362 0.5800 700.0000
1324 1363 0.5239 700.0000
1324 1364 0.5370 700.0000
1324 1365 0.6552 700.0000
1324 1366 0.8926 700.0000
1325 1327 0.6755 700.0000
1325 1362 0.8927 700.0000
1325 1363 0.7109 700.0000
1325 1364 0.7855 700.0000
1325 1365 0.5435 700.0000
1325 1366 0.7370 700.0000
1325 1367 0.8610 700.0000
1326 1328 0.6411 700.0000
1326 1363 0.7384 700.0000
1326 1365 0.6252 700.0000
1326 1366 0.4890 700.0000
1326 1367 0.7061 700.0000
1326 1368 0.8874 700.0000
1327 1329 0.7527 700.0000
1327 1365 0.7826 700.0000
1327 1366 0.7030 700.0000
1327 1367 0.4790 700.0000
1327 1368 0.6961 700.0000
1327 1369 0.6613 700.0000
1328 1330 0.6779 700.0000
1328 1331 0.7099 700.0000
1328 1347 0.7907 700.0000
1328 1366 0.7031 700.0000
1328 1367 0.6421 700.0000
1328 1368 0.4701 700.0000
1328 1369 0.5878 700.0000
1329 1331 0.5112 700.0000
1329 1332 0.8278 700.0000
1329 1333 0.8430 700.0000
1329 1367 0.8934 700.0000
1329 1368 0.6193 700.0000
1329 1369 0.5512 700.0000
1329 1370 0.7569 700.0000
1330 1332 0.5746 700.0000
1330 1333 0.4917 700.0000
1330 1334 0.7944 700.0000
1330 1338 0.8636 700.0000
1330 1340 0.7771 700.0000
1330 1343 0.6249 700.0000
1330 1344 0.8469 700.0000
1330 1347 0.8609 700.0000
1330 1368 0.7167 700.0000
1330 1369 0.7340 700.0000
1330 1370 0.6947 700.0000
1330 1375 0.7615 700.0000
1330 1379 0.8040 700.0000
1331 1333 0.6611 700.0000
1331 1334 0.8663 700.0000
1331 1336 0.8872 700.0000
1331 1338 0.7471 700.0000
1331 1343 0.6219 700.0000
1331 1347 0.7917 700.0000
1332 1334 0.4448 700.0000
1332 1335 0.7042 700.0000
1332 1336 0.4507 700.0000
1332 1337 0.7242 700.0000
1332 1338 0.4609 700.0000
1332 1340 0.8331 700.0000
1332 1343 0.7272 700.0000
1333 1335 0.7905 700.0000
1333 1336 0.6711 700.0000
1333 1337 0.7493 700.0000
1333 1338 0.5911 700.0000
1333 1339 0.7853 700.0000
1333 1340 0.5965 700.0000
1333 1343 0.7106 700.0000
1333 1372 0.8685 700.0000
1333 1375 0.7653 700.0000
1334 1336 0.4777 700.0000
1334 1337 0.5591 700.0000
1334 1338 0.7234 700.0000
1335 1337 0.6375 700.0000
1336 1338 0.5326 700.0000
1337 1339 0.8906 700.0000
1338 1340 0.6961 700.0000
1338 1342 0.7549 700.0000
1338 1343 0.6242 700.0000
1339 1341 0.5393 700.0000
1339 1342 0.5592 700.0000
1339 1343 0.7145 700.0000
1339 1378 0.8619 700.0000
1340 1342 0.6649 700.0000
1340 1343 0.5349 700.0000
1340 1344 0.6812 700.0000
1340 1374 0.8523 700.0000
1340 1375 0.6022 700.0000
1340 1378 0.5955 700.0000
1340 1379 0.7297 700.0000
1341 1343 0.6662 700.0000
1341 1344 0.5713 700.0000
1341 1345 0.5858 700.0000
1341 1378 0.5723 700.0000
1341 1379 0.7669 700.0000
1341 1381 0.7967 700.0000
1341 1382 0.5959 700.0000
1341 1385 0.8545 700.0000
1342 1344 0.6359 700.0000
1342 1345 0.4630 700.0000
1342 1346 0.6818 700.0000
1342 1382 0.8853 700.0000
1343 1345 0.6803 700.0000
1343 1346 0.5479 700.0000
1343 1347 0.5945 700.0000
1343 1348 0.8853 700.0000
1343 1378 0.8823 700.0000
1343 1379 0.7094 700.0000
1344 1346 0.5230 700.0000
1344 1347 0.4968 700.0000
1344 1348 0.5727 700.0000
1344 1349 0.8137 700.0000
1344 1378 0.7092 700.0000
1344 1379 0.4725 700.0000
1344 1381 0.8744 700.0000
1344 1382 0.5627 700.0000
1344 1383 0.8443 700.0000
1345 1347 0.7475 700.0000
1345 1348 0.6376 700.0000
1345 1349 0.5850 700.0000
1345 1382 0.6478 700.0000
1345 1385 0.8401 700.0000
1345 1386 0.7785 700.0000
1346 1348 0.5677 700.0000
1346 1349 0.4681 700.0000
1346 1350 0.6090 700.0000
1346 1351 0.8436 700.0000
1347 1349 0.6693 700.0000
1347 1350 0.5871 700.0000
1347 1351 0.6526 700.0000
1347 1366 0.8697 700.0000
1347 1368 0.8047 700.0000
1347 1379 0.7794 700.0000
1348 1350 0.6245 700.0000
1348 1351 0.5552 700.0000
1348 1352 0.6739 700.0000
1348 1379 0.8332 700.0000
1348 1382 0.7370 700.0000
1348 1383 0.7663 700.0000
1348 1386 0.6161 700.0000
1349 1351 0.6833 700.0000
1349 1352 0.5392 700.0000
1349 1353 0.6301 700.0000
1349 1386 0.7817 700.0000
1350 1352 0.6236 700.0000
1350 1353 0.5004 700.0000
1350 1354 0.6667 700.0000
1350 1355 0.8432 700.0000
1351 1353 0.6939 700.0000
1351 1354 0.6045 700.0000
1351 1355 0.6512 700.0000
1351 1366 0.7326 700.0000
1352 1354 0.8397 700.0000
1352 1355 0.6252 700.0000
1352 1356 0.5226 700.0000
1352 1357 0.8778 700.0000
1352 1386 0.7869 700.0000
1353 1355 0.6893 700.0000
1353 1356 0.5270 700.0000
1353 1357 0.5326 700.0000
1354 1356 0.7858 700.0000
1354 1357 0.5755 700.0000
1354 1358 0.6448 700.0000
1354 1359 0.4366 700.0000
1354 1360 0.5537 700.0000
1354 1363 0.7315 700.0000
1355 1357 0.6414 700.0000
1355 1358 0.5686 700.0000
1355 1359 0.6231 700.0000
1355 1360 0.5577 700.0000
1356 1358 0.7509 700.0000
1357 1359 0.5833 700.0000
1357 1360 0.8972 700.0000
1358 1360 0.5288 700.0000
1358 1361 0.6542 700.0000
1359 1361 0.5715 700.0000
1359 1362 0.8225 700.0000
1359 1363 0.8008 700.0000
1360 1362 0.5961 700.0000
1360 1363 0.5318 700.0000
1360 1364 0.6805 700.0000
1361 1363 0.7430 700.0000
1361 1364 0.8472 700.0000
1362 1364 0.5655 700.0000
1363 1365 0.7754 700.0000
1363 1366 0.7726 700.0000
1364 1366 0.8643 700.0000
1365 1367 0.6237 700.0000
1366 1368 0.6860 700.0000
1367 1369 0.5579 700.0000
1367 1370 0.8921 700.0000
1368 1370 0.6149 700.0000
1368 1376 0.8718 700.0000
1368 1379 0.6906 700.0000
1369 1371 0.8136 700.0000
1370 1372 0.5903 700.0000
1370 1373 0.6968 700.0000
1370 1375 0.5884 700.0000
1370 1376 0.5652 700.0000
1370 1379 0.7708 700.0000
1371 1373 0.7742 700.0000
1372 1374 0.5208 700.0000
1372 1375 0.5520 700.0000
1372 1376 0.7850 700.0000
1373 1375 0.5873 700.0000
1373 1376 0.5623 700.0000
1373 1377 0.6571 700.0000
1374 1376 0.7749 700.0000
1374 1377 0.6829 700.0000
1374 1378 0.7971 700.0000
1375 1377 0.6061 700.0000
1375 1378 0.5266 700.0000
1375 1379 0.5987 700.0000
1376 1378 0.6447 700.0000
1376 1379 0.5953 700.0000
1376 1380 0.7170 700.0000
1376 1381 0.8951 700.0000
1377 1379 0.7679 700.0000
1377 1380 0.6375 700.0000
1377 1381 0.7114 700.0000
1378 1380 0.7647 700.0000
1378 1381 0.5355 700.0000
1378 1382 0.5969 700.0000
1378 1383 0.8773 700.0000
1379 1381 0.7057 700.0000
1379 1382 0.6050 700.0000
1379 1383 0.6605 700.0000
1380 1382 0.7687 700.0000
1380 1383 0.5413 700.0000
1380 1384 0.5256 700.0000
1381 1383 0.5821 700.0000
1381 1384 0.5639 700.0000
1381 1385 0.5142 700.0000
1382 1384 0.7565 700.0000
1382 1385 0.4257 700.0000
1382 1386 0.6533 700.0000
1383 1385 0.7540 700.0000
1383 1386 0.7382 700.0000
1383 1387 0.7452 700.0000
1384 1386 0.8627 700.0000
1384 1387 0.4399 700.0000
1385 1387 0.8270 700.0000
1523 1525 0.8093 700.0000
1523 1526 0.6297 700.0000
1523 1527 0.7101 700.0000
1524 1526 0.6759 700.0000
1524 1527 0.4875 700.0000
1524 1528 0.6938 700.0000
1524 1551 0.6301 700.0000
1524 1554 0.6680 700.0000
1525 1527 0.8351 700.0000
1525 1528 0.6061 700.0000
1525 1529 0.6117 700.0000
1525 1550 0.7269 700.0000
1525 1551 0.6968 700.0000
1526 1528 0.5679 700.0000
1526 1529 0.5242 700.0000
1526 1530 0.6226 700.0000
1526 1531 0.8903 700.0000
1527 1529 0.8148 700.0000
1527 1530 0.6900 700.0000
1527 1531 0.6483 700.0000
1527 1551 0.8532 700.0000
1527 1554 0.5933 700.0000
1527 1558 0.7706 700.0000
1528 1530 0.5745 700.0000
1528 1531 0.4947 700.0000
1528 1532 0.5803 700.0000
1528 1533 0.8895 700.0000
1528 1549 0.8994 700.0000
1528 1550 0.4638 700.0000
1528 1551 0.6121 700.0000
1528 1553 0.6807 700.0000
1528 1554 0.5433 700.0000
1529 1531 0.6879 700.0000
1529 1532 0.5624 700.0000
1529 1533 0.7137 700.0000
1529 1550 0.5363 700.0000
1530 1532 0.6263 700.0000
1530 1533 0.6251 700.0000
1530 1534 0.6997 700.0000
1531 1533 0.7100 700.0000
1531 1534 0.6067 700.0000
1531 1535 0.5008 700.0000
1531 1550 0.7839 700.0000
1531 1553 0.6552 700.0000
1531 1554 0.6289 700.0000
1531 1557 0.7371 700.0000
1531 1558 0.8892 700.0000
1532 1534 0.6618 700.0000
1532 1535 0.5805 700.0000
1532 1536 0.6692 700.0000
1532 1550 0.5598 700.0000
1532 1553 0.6695 700.0000
1532 1554 0.8929 700.0000
1532 1600 0.7443 700.0000
1533 1535 0.7761 700.0000
1533 1600 0.6300 700.0000
1533 1601 0.8864 700.0000
1534 1599 0.7184 700.0000
1534 1600 0.5292 700.0000
1534 1601 0.6590 700.0000
1535 1537 0.6970 700.0000
1535 1553 0.6361 700.0000
1535 1554 0.8867 700.0000
1535 1557 0.6487 700.0000
1535 1597 0.5940 700.0000
1535 1598 0.6704 700.0000
1535 1599 0.5859 700.0000
1535 1600 0.6081 700.0000
1536 1538 0.5485 700.0000
1536 1547 0.6098 700.0000
1536 1548 0.7930 700.0000
1536 1553 0.6690 700.0000
1536 1596 0.7880 700.0000
1536 1597 0.7231 700.0000
1536 1598 0.4831 700.0000
1536 1599 0.7619 700.0000
1536 1600 0.6640 700.0000
1537 1547 0.8916 700.0000
1537 1548 0.6340 700.0000
1537 1552 0.7959 700.0000
1537 1553 0.5244 700.0000
1537 1556 0.4914 700.0000
1537 1557 0.6373 700.0000
1537 1560 0.8066 700.0000
1537 1580 0.8743 700.0000
1537 1583 0.8431 700.0000
1537 1595 0.6872 700.0000
1537 1596 0.6667 700.0000
1537 1597 0.4999 700.0000
1537 1598 0.7058 700.0000
1538 1540 0.7062 700.0000
1538 1545 0.5455 700.0000
1538 1546 0.6807 700.0000
1538 1547 0.4957 700.0000
1538 1548 0.6389 700.0000
1538 1594 0.8445 700.0000
1538 1595 0.6853 700.0000
1538 1596 0.4177 700.0000
1538 1597 0.8564 700.0000
1538 1598 0.6470 700.0000
1539 1541 0.6205 700.0000
1539 1544 0.7671 700.0000
1539 1545 0.6093 700.0000
1539 1546 0.4091 700.0000
1539 1547 0.6460 700.0000
1539 1548 0.5644 700.0000
1539 1571 0.6461 700.0000
1539 1572 0.8439 700.0000
1539 1585 0.8650 700.0000
1539 1593 0.6645 700.0000
1539 1594 0.7193 700.0000
1539 1595 0.7183 700.0000
1539 1596 0.8422 700.0000
1540 1542 0.7758 700.0000
1540 1543 0.6495 700.0000
1540 1544 0.5892 700.0000
1540 1545 0.5233 700.0000
1540 1546 0.6602 700.0000
1540 1593 0.6217 700.0000
1540 1594 0.4405 700.0000
1540 1595 0.6881 700.0000
1540 1596 0.7072 700.0000
1541 1543 0.7059 700.0000
1541 1544 0.5170 700.0000
1541 1545 0.7635 700.0000
1541 1546 0.6256 700.0000
1541 1571 0.8850 700.0000
1541 1572 0.8471 700.0000
1541 1593 0.6653 700.0000
1541 1594 0.8675 700.0000
1542 1544 0.5877 700.0000
1543 1545 0.8017 700.0000
1544 1546 0.5258 700.0000
1545 1547 0.6405 700.0000
1545 1596 0.7823 700.0000
1546 1548 0.7766 700.0000
1547 1549 0.7647 700.0000
1547 1553 0.8653 700.0000
1548 1552 0.5198 700.0000
1548 1553 0.6136 700.0000
1548 1556 0.7511 700.0000
1548 1569 0.7917 700.0000
1548 1571 0.7867 700.0000
1548 1595 0.8289 700.0000
1549 1551 0.6045 700.0000
1549 1552 0.4285 700.0000
1549 1553 0.6527 700.0000
1549 1554 0.8898 700.0000
1550 1552 0.7600 700.0000
1550 1553 0.6213 700.0000
1550 1554 0.7713 700.0000
1551 1553 0.7083 700.0000
1551 1554 0.5209 700.0000
1551 1555 0.6761 700.0000
1552 1554 0.6420 700.0000
1552 1555 0.5221 700.0000
1552 1556 0.5916 700.0000
1552 1567 0.8891 700.0000
1552 1569 0.6863 700.0000
1552 1570 0.8767 700.0000
1553 1555 0.7668 700.0000
1553 1556 0.5692 700.0000
1553 1557 0.6672 700.0000
1553 1558 0.8856 700.0000
1553 1597 0.8731 700.0000
1554 1556 0.6665 700.0000
1554 1557 0.6489 700.0000
1554 1558 0.5324 700.0000
1554 1559 0.8629 700.0000
1554 1561 0.8729 700.0000
1555 1557 0.8547 700.0000
1555 1558 0.6805 700.0000
1555 1559 0.6632 700.0000
1555 1564 0.8881 700.0000
1555 1567 0.6009 700.0000
1555 1568 0.7829 700.0000
1555 1569 0.7731 700.0000
1556 1558 0.7145 700.0000
1556 1559 0.5863 700.0000
1556 1560 0.7526 700.0000
1556 1567 0.6406 700.0000
1556 1569 0.8549 700.0000
1556 1578 0.7467 700.0000
1556 1580 0.7254 700.0000
1556 1597 0.8744 700.0000
1557 1559 0.6199 700.0000
1557 1560 0.4610 700.0000
1557 1561 0.4746 700.0000
1557 1562 0.8926 700.0000
1557 1597 0.6766 700.0000
1558 1560 0.7745 700.0000
1558 1561 0.4394 700.0000
1558 1562 0.5835 700.0000
1558 1564 0.8515 700.0000
1559 1561 0.6234 700.0000
1559 1562 0.4337 700.0000
1559 1563 0.7233 700.0000
1559 1564 0.4176 700.0000
1559 1566 0.8349 700.0000
1559 1567 0.7235 700.0000
1559 1580 0.7173 700.0000
1560 1562 0.8375 700.0000
1560 1563 0.7374 700.0000
1560 1564 0.8930 700.0000
1560 1580 0.7060 700.0000
1560 1597 0.6935 700.0000
1561 1563 0.8393 700.0000
1562 1564 0.4748 700.0000
1563 1565 0.8236 700.0000
1564 1566 0.6037 700.0000
1564 1567 0.7072 700.0000
1564 1580 0.7565 700.0000
1565 1579 0.6769 700.0000
1565 1580 0.6898 700.0000
1565 1581 0.6122 700.0000
1566 1568 0.6802 700.0000
1566 1577 0.6429 700.0000
1566 1578 0.5756 700.0000
1566 1579 0.5858 700.0000
1566 1580 0.6451 700.0000
1566 1581 0.8484 700.0000
1567 1569 0.6146 700.0000
1567 1577 0.6025 700.0000
1567 1578 0.4404 700.0000
1567 1579 0.7900 700.0000
1567 1580 0.7134 700.0000
1568 1570 0.8285 700.0000
1568 1575 0.7118 700.0000
1568 1576 0.8350 700.0000
1568 1577 0.5044 700.0000
1568 1578 0.6464 700.0000
1569 1571 0.6194 700.0000
1569 1575 0.6386 700.0000
1569 1576 0.5854 700.0000
1569 1577 0.6509 700.0000
1569 1578 0.6452 700.0000
1569 1585 0.8143 700.0000
1570 1572 0.7779 700.0000
1570 1573 0.6064 700.0000
1570 1574 0.7905 700.0000
1570 1575 0.5018 700.0000
1570 1576 0.7342 700.0000
1571 1573 0.7135 700.0000
1571 1574 0.6101 700.0000
1571 1575 0.7719 700.0000
1571 1576 0.4820 700.0000
1571 1585 0.8354 700.0000
1571 1593 0.8007 700.0000
1572 1574 0.5610 700.0000
1572 1576 0.8189 700.0000
1573 1575 0.8503 700.0000
1574 1576 0.6085 700.0000
1574 1587 0.6503 700.0000
1574 1588 0.8193 700.0000
1574 1589 0.8208 700.0000
1574 1591 0.8303 700.0000
1575 1577 0.8088 700.0000
1575 1587 0.7870 700.0000
1575 1588 0.7567 700.0000
1576 1578 0.7794 700.0000
1576 1585 0.5269 700.0000
1576 1586 0.5325 700.0000
1576 1587 0.4933 700.0000
1576 1588 0.7848 700.0000
1576 1590 0.8580 700.0000
1576 1591 0.7355 700.0000
1576 1592 0.7709 700.0000
1576 1593 0.6687 700.0000
1577 1579 0.7177 700.0000
1577 1584 0.7916 700.0000
1577 1585 0.5880 700.0000
1577 1586 0.4943 700.0000
1577 1587 0.7833 700.0000
1577 1588 0.8940 700.0000
1578 1580 0.5912 700.0000
1578 1582 0.8340 700.0000
1578 1583 0.8269 700.0000
1578 1584 0.6017 700.0000
1578 1585 0.5356 700.0000
1578 1586 0.7239 700.0000
1578 1595 0.7356 700.0000
1579 1581 0.4938 700.0000
1579 1582 0.4295 700.0000
1579 1583 0.6595 700.0000
1579 1584 0.4966 700.0000
1579 1585 0.7388 700.0000
1579 1586 0.8480 700.0000
1579 1595 0.8599 700.0000
1580 1582 0.6884 700.0000
1580 1583 0.5438 700.0000
1580 1584 0.7901 700.0000
1580 1595 0.8229 700.0000
1581 1583 0.6364 700.0000
1581 1584 0.8515 700.0000
1582 1584 0.4517 700.0000
1582 1585 0.8552 700.0000
1582 1594 0.8928 700.0000
1582 1595 0.8188 700.0000
1583 1594 0.7710 700.0000
1583 1595 0.5226 700.0000
1583 1596 0.7503 700.0000
1583 1597 0.8662 700.0000
1584 1586 0.6502 700.0000
1584 1592 0.6653 700.0000
1584 1593 0.6555 700.0000
1584 1594 0.5884 700.0000
1584 1595 0.5797 700.0000
1585 1587 0.7506 700.0000
1585 1590 0.8540 700.0000
1585 1591 0.7777 700.0000
1585 1592 0.5168 700.0000
1585 1593 0.4265 700.0000
1585 1594 0.6523 700.0000
1585 1595 0.6678 700.0000
1586 1588 0.7459 700.0000
1586 1590 0.5403 700.0000
1586 1591 0.6733 700.0000
1586 1592 0.5094 700.0000
1586 1593 0.6853 700.0000
1587 1589 0.5019 700.0000
1587 1590 0.4509 700.0000
1587 1591 0.5182 700.0000
1587 1592 0.6891 700.0000
1587 1593 0.8498 700.0000
1588 1590 0.6615 700.0000
1588 1591 0.8914 700.0000
1589 1591 0.6995 700.0000
1590 1592 0.5505 700.0000
1591 1593 0.6169 700.0000
1592 1594 0.7509 700.0000
1593 1595 0.7042 700.0000
1594 1596 0.6700 700.0000
1596 1598 0.6005 700.0000
1597 1599 0.5958 700.0000
1598 1600 0.6730 700.0000
1599 1601 0.7025 700.0000
1605 1607 0.6853 700.0000
1605 1608 0.8619 700.0000
1605 1609 0.5887 700.0000
1605 1654 0.7506 700.0000
1605 1657 0.6696 700.0000
1605 1658 0.8753 700.0000
1606 1608 0.4944 700.0000
1606 1609 0.4124 700.0000
1606 1610 0.8914 700.0000
1606 1652 0.8275 700.0000
1606 1657 0.6602 700.0000
1607 1609 0.6526 700.0000
1607 1610 0.8581 700.0000
1608 1610 0.7400 700.0000
1608 1628 0.6992 700.0000
1608 1650 0.6573 700.0000
1608 1652 0.8295 700.0000
1608 1794 0.8466 700.0000
1609 1611 0.8956 700.0000
1609 1612 0.7268 700.0000
1609 1618 0.8025 700.0000
1609 1620 0.8981 700.0000
1609 1650 0.6474 700.0000
1609 1651 0.8097 700.0000
1609 1652 0.4355 700.0000
1609 1653 0.8503 700.0000
1609 1654 0.8076 700.0000
1609 1657 0.7874 700.0000
1609 1794 0.8821 700.0000
1610 1612 0.6287 700.0000
1610 1613 0.8632 700.0000
1610 1618 0.7384 700.0000
1610 1620 0.6853 700.0000
1610 1650 0.6897 700.0000
1610 1652 0.5986 700.0000
1611 1613 0.4496 700.0000
1611 1614 0.8713 700.0000
1611 1615 0.8236 700.0000
1611 1618 0.8657 700.0000
1611 1652 0.8850 700.0000
1612 1614 0.7444 700.0000
1612 1615 0.4946 700.0000
1612 1616 0.7332 700.0000
1612 1617 0.7626 700.0000
1612 1618 0.5202 700.0000
1612 1652 0.5733 700.0000
1612 1653 0.8541 700.0000
1612 1654 0.7896 700.0000
1613 1615 0.5946 700.0000
1613 1618 0.8951 700.0000
1614 1616 0.8007 700.0000
1615 1617 0.5850 700.0000
1615 1618 0.5892 700.0000
1615 1652 0.8812 700.0000
1616 1618 0.8325 700.0000
1616 1653 0.7146 700.0000
1616 1654 0.6963 700.0000
1616 1655 0.7120 700.0000
1616 1694 0.8519 700.0000
1617 1619 0.6850 700.0000
1617 1651 0.7987 700.0000
1617 1652 0.7307 700.0000
1617 1653 0.6195 700.0000
1617 1654 0.8728 700.0000
1617 1693 0.6748 700.0000
1617 1694 0.5166 700.0000
1618 1620 0.6367 700.0000
1618 1650 0.7699 700.0000
1618 1651 0.6388 700.0000
1618 1652 0.3932 700.0000
1618 1653 0.7340 700.0000
1618 1693 0.8399 700.0000
1619 1621 0.7428 700.0000
1619 1649 0.5946 700.0000
1619 1650 0.6936 700.0000
1619 1651 0.5717 700.0000
1619 1652 0.6390 700.0000
1619 1693 0.7318 700.0000
1619 1796 0.8866 700.0000
1620 1622 0.5941 700.0000
1620 1648 0.8614 700.0000
1620 1649 0.6058 700.0000
1620 1650 0.4170 700.0000
1620 1651 0.6933 700.0000
1620 1652 0.6439 700.0000
1621 1623 0.6810 700.0000
1621 1647 0.5554 700.0000
1621 1648 0.6616 700.0000
1621 1649 0.5246 700.0000
1621 1650 0.8501 700.0000
1622 1624 0.7006 700.0000
1622 1625 0.8033 700.0000
1622 1626 0.5496 700.0000
1622 1627 0.8722 700.0000
1622 1628 0.6394 700.0000
1622 1629 0.5628 700.0000
1622 1647 0.7631 700.0000
1622 1648 0.4813 700.0000
1622 1649 0.6624 700.0000
1622 1650 0.6283 700.0000
1622 1795 0.8119 700.0000
1623 1625 0.4806 700.0000
1623 1626 0.4600 700.0000
1623 1629 0.6780 700.0000
1623 1648 0.8372 700.0000
1624 1626 0.5595 700.0000
1624 1627 0.8802 700.0000
1624 1629 0.4761 700.0000
1624 1630 0.6780 700.0000
1624 1648 0.8295 700.0000
1625 1627 0.6574 700.0000
1625 1629 0.7205 700.0000
1625 1630 0.7176 700.0000
1626 1628 0.5701 700.0000
1626 1629 0.6071 700.0000
1626 1630 0.6651 700.0000
1626 1648 0.8917 700.0000
1627 1629 0.7679 700.0000
1627 1630 0.5509 700.0000
1627 1631 0.6486 700.0000
1628 1630 0.7485 700.0000
1628 1631 0.6337 700.0000
1628 1632 0.7254 700.0000
1628 1648 0.8341 700.0000
1628 1650 0.6814 700.0000
1628 1794 0.8673 700.0000
1628 1795 0.6762 700.0000
1629 1631 0.7406 700.0000
1629 1632 0.6218 700.0000
1629 1633 0.5791 700.0000
1629 1634 0.8987 700.0000
1629 1645 0.7482 700.0000
1629 1647 0.8424 700.0000
1629 1648 0.4833 700.0000
1629 1797 0.8997 700.0000
1630 1632 0.6804 700.0000
1630 1633 0.5798 700.0000
1630 1634 0.6861 700.0000
1631 1633 0.5915 700.0000
1631 1634 0.5677 700.0000
1631 1635 0.6200 700.0000
1631 1740 0.8591 700.0000
1631 1795 0.8837 700.0000
1632 1634 0.6055 700.0000
1632 1635 0.5829 700.0000
1632 1636 0.7110 700.0000
1632 1637 0.8611 700.0000
1632 1648 0.6637 700.0000
1632 1740 0.5829 700.0000
1632 1795 0.6339 700.0000
1632 1797 0.7333 700.0000
1633 1635 0.6330 700.0000
1633 1636 0.5655 700.0000
1633 1637 0.5204 700.0000
1633 1638 0.8173 700.0000
1633 1645 0.7071 700.0000
1633 1648 0.7793 700.0000
1633 1797 0.8195 700.0000
1634 1636 0.7141 700.0000
1634 1637 0.5240 700.0000
1634 1638 0.5461 700.0000
1635 1637 0.7584 700.0000
1635 1638 0.5206 700.0000
1635 1639 0.8894 700.0000
1635 1679 0.7880 700.0000
1635 1681 0.7932 700.0000
1635 1719 0.8917 700.0000
1635 1740 0.6899 700.0000
1636 1638 0.7279 700.0000
1636 1639 0.6308 700.0000
1636 1640 0.4255 700.0000
1636 1641 0.7707 700.0000
1636 1643 0.7310 700.0000
1636 1645 0.7291 700.0000
1636 1681 0.7210 700.0000
1636 1719 0.5406 700.0000
1636 1720 0.8242 700.0000
1636 1722 0.8938 700.0000
1636 1723 0.8146 700.0000
1636 1738 0.7331 700.0000
1636 1740 0.8652 700.0000
1636 1797 0.6598 700.0000
1636 1799 0.7494 700.0000
1637 1639 0.6427 700.0000
1637 1640 0.5115 700.0000
1637 1641 0.4888 700.0000
1637 1642 0.8377 700.0000
1637 1643 0.8074 700.0000
1637 1645 0.7854 700.0000
1637 1719 0.8688 700.0000
1638 1640 0.7761 700.0000
1638 1641 0.8409 700.0000
1638 1718 0.8073 700.0000
1638 1719 0.8344 700.0000
1639 1641 0.6620 700.0000
1639 1642 0.7964 700.0000
1639 1643 0.8772 700.0000
1639 1718 0.5799 700.0000
1639 1719 0.5110 700.0000
1639 1720 0.4725 700.0000
1639 1723 0.8874 700.0000
1640 1642 0.5319 700.0000
1640 1643 0.4797 700.0000
1640 1645 0.8973 700.0000
1640 1718 0.8835 700.0000
1640 1719 0.5544 700.0000
1640 1720 0.5932 700.0000
1640 1723 0.6905 700.0000
1640 1799 0.7967 700.0000
1641 1643 0.6304 700.0000
1642 1720 0.8899 700.0000
1642 1801 0.6471 700.0000
1643 1645 0.7733 700.0000
1643 1723 0.7185 700.0000
1643 1736 0.7379 700.0000
1643 1799 0.5639 700.0000
1643 1800 0.7696 700.0000
1643 1801 0.5413 700.0000
1644 1646 0.5706 700.0000
1644 1799 0.8255 700.0000
1644 1800 0.4650 700.0000
1644 1801 0.8792 700.0000
1645 1647 0.7243 700.0000
1645 1648 0.7294 700.0000
1645 1797 0.6910 700.0000
1645 1798 0.6419 700.0000
1645 1799 0.6234 700.0000
1645 1800 0.7529 700.0000
1646 1648 0.8732 700.0000
1646 1735 0.7090 700.0000
1646 1797 0.8777 700.0000
1646 1798 0.4962 700.0000
1646 1799 0.6996 700.0000
1646 1800 0.5422 700.0000
1647 1649 0.5141 700.0000
1647 1796 0.6981 700.0000
1647 1797 0.6947 700.0000
1647 1798 0.4382 700.0000
1647 1799 0.8954 700.0000
1648 1650 0.8383 700.0000
1648 1795 0.6884 700.0000
1648 1796 0.6217 700.0000
1648 1797 0.5535 700.0000
1648 1798 0.6878 700.0000
1649 1651 0.7020 700.0000
1649 1693 0.8962 700.0000
1649 1739 0.8754 700.0000
1649 1795 0.7624 700.0000
1649 1796 0.4290 700.0000
1649 1797 0.7207 700.0000
1649 1798 0.7143 700.0000
1650 1652 0.5422 700.0000
1650 1794 0.6931 700.0000
1650 1795 0.5858 700.0000
1651 1653 0.6975 700.0000
1651 1692 0.8752 700.0000
1651 1693 0.5647 700.0000
1651 1739 0.8352 700.0000
1651 1792 0.6610 700.0000
1651 1793 0.5402 700.0000
1651 1794 0.6294 700.0000
1651 1795 0.6564 700.0000
1651 1796 0.7391 700.0000
1652 1654 0.7684 700.0000
1652 1792 0.8838 700.0000
1652 1794 0.8880 700.0000
1653 1655 0.5329 700.0000
1653 1656 0.4429 700.0000
1653 1657 0.7479 700.0000
1653 1658 0.8336 700.0000
1653 1693 0.7708 700.0000
1653 1694 0.8385 700.0000
1653 1695 0.8726 700.0000
1653 1696 0.8798 700.0000
1653 1792 0.6937 700.0000
1653 1793 0.8068 700.0000
1654 1656 0.6170 700.0000
1654 1657 0.6421 700.0000
1654 1658 0.5837 700.0000
1654 1659 0.8770 700.0000
1655 1657 0.8585 700.0000
1655 1658 0.5690 700.0000
1655 1659 0.6902 700.0000
1656 1658 0.6802 700.0000
1656 1659 0.5575 700.0000
1656 1660 0.7665 700.0000
1656 1695 0.7669 700.0000
1656 1696 0.6697 700.0000
1656 1697 0.8861 700.0000
1656 1789 0.8598 700.0000
1656 1791 0.7690 700.0000
1656 1792 0.5913 700.0000
1656 1793 0.7545 700.0000
1657 1659 0.7303 700.0000
1657 1660 0.5725 700.0000
1657 1661 0.5202 700.0000
1657 1742 0.8550 700.0000
1657 1792 0.6103 700.0000
1658 1660 0.8070 700.0000
1658 1661 0.6427 700.0000
1658 1662 0.7212 700.0000
1659 1661 0.6858 700.0000
1659 1662 0.5688 700.0000
1659 1663 0.7357 700.0000
1659 1789 0.5580 700.0000
1659 1791 0.8683 700.0000
1660 1662 0.6849 700.0000
1660 1663 0.6808 700.0000
1660 1664 0.5921 700.0000
1660 1677 0.7980 700.0000
1660 1742 0.6882 700.0000
1660 1743 0.7767 700.0000
1660 1744 0.6175 700.0000
1660 1789 0.7617 700.0000
1660 1790 0.7105 700.0000
1660 1791 0.5732 700.0000
1660 1792 0.6343 700.0000
1661 1663 0.7902 700.0000
1661 1664 0.5017 700.0000
1661 1665 0.7045 700.0000
1662 1664 0.6284 700.0000
1662 1665 0.5181 700.0000
1662 1666 0.5830 700.0000
1662 1667 0.8780 700.0000
1662 1789 0.7775 700.0000
1663 1665 0.7926 700.0000
1663 1666 0.5147 700.0000
1663 1667 0.5523 700.0000
1663 1668 0.8618 700.0000
1663 1744 0.6528 700.0000
1663 1771 0.8768 700.0000
1663 1787 0.7049 700.0000
1663 1789 0.5340 700.0000
1663 1790 0.5931 700.0000
1664 1666 0.7025 700.0000
1664 1667 0.5918 700.0000
1664 1668 0.4950 700.0000
1664 1669 0.8924 700.0000
1664 1674 0.7423 700.0000
1664 1676 0.6645 700.0000
1664 1677 0.7038 700.0000
1664 1744 0.6293 700.0000
1665 1667 0.8394 700.0000
1665 1668 0.6298 700.0000
1665 1669 0.6926 700.0000
1666 1668 0.6422 700.0000
1666 1669 0.5544 700.0000
1666 1670 0.6552 700.0000
1666 1671 0.8818 700.0000
1667 1669 0.6695 700.0000
1667 1670 0.5499 700.0000
1667 1671 0.5660 700.0000
1667 1672 0.8910 700.0000
1667 1673 0.7754 700.0000
1667 1674 0.8699 700.0000
1667 1676 0.5066 700.0000
1667 1744 0.5976 700.0000
1667 1745 0.7957 700.0000
1667 1746 0.6296 700.0000
1667 1747 0.7957 700.0000
1667 1771 0.5998 700.0000
1667 1790 0.7950 700.0000
1668 1670 0.7588 700.0000
1668 1671 0.6329 700.0000
1668 1672 0.6356 700.0000
1668 1673 0.5786 700.0000
1668 1674 0.5032 700.0000
1668 1675 0.8791 700.0000
1668 1676 0.5681 700.0000
1668 1744 0.8831 700.0000
1669 1671 0.5880 700.0000
1669 1672 0.5635 700.0000
1669 1673 0.7955 700.0000
1670 1672 0.7653 700.0000
1670 1673 0.8823 700.0000
1670 1747 0.7932 700.0000
1670 1761 0.8875 700.0000
1670 1768 0.7242 700.0000
1670 1769 0.8596 700.0000
1670 1771 0.7182 700.0000
1671 1673 0.5016 700.0000
1671 1674 0.8607 700.0000
1671 1676 0.6630 700.0000
1671 1746 0.6957 700.0000
1671 1747 0.5909 700.0000
1671 1771 0.7569 700.0000
1672 1674 0.7108 700.0000
1672 1676 0.8707 700.0000
1673 1675 0.5027 700.0000
1673 1676 0.5283 700.0000
1673 1746 0.7539 700.0000
1673 1747 0.8123 700.0000
1674 1676 0.5795 700.0000
1674 1677 0.8059 700.0000
1675 1677 0.7803 700.0000
1675 1678 0.8742 700.0000
1675 1746 0.8055 700.0000
1676 1678 0.7772 700.0000
1676 1743 0.8715 700.0000
1676 1744 0.5738 700.0000
1676 1745 0.5784 700.0000
1676 1746 0.4252 700.0000
1676 1747 0.7337 700.0000
1676 1771 0.7875 700.0000
1677 1679 0.6929 700.0000
1677 1742 0.5792 700.0000
1677 1743 0.5961 700.0000
1677 1744 0.5738 700.0000
1677 1745 0.7358 700.0000
1677 1746 0.8593 700.0000
1678 1680 0.6029 700.0000
1678 1717 0.8492 700.0000
1678 1741 0.8822 700.0000
1678 1742 0.8325 700.0000
1678 1743 0.5406 700.0000
1678 1744 0.7486 700.0000
1678 1745 0.5462 700.0000
1678 1746 0.7806 700.0000
1678 1783 0.7205 700.0000
1679 1681 0.7966 700.0000
1679 1740 0.4950 700.0000
1679 1741 0.5981 700.0000
1679 1742 0.5315 700.0000
1679 1743 0.7227 700.0000
1679 1794 0.7769 700.0000
1679 1795 0.8865 700.0000
1680 1682 0.8381 700.0000
1680 1715 0.5356 700.0000
1680 1716 0.4946 700.0000
1680 1717 0.5736 700.0000
1680 1718 0.8691 700.0000
1680 1740 0.5953 700.0000
1680 1741 0.4910 700.0000
1680 1742 0.8349 700.0000
1680 1743 0.5840 700.0000
1680 1783 0.7181 700.0000
1681 1683 0.8299 700.0000
1681 1715 0.7536 700.0000
1681 1716 0.4771 700.0000
1681 1717 0.6210 700.0000
1681 1718 0.6714 700.0000
1681 1719 0.4854 700.0000
1681 1720 0.8643 700.0000
1681 1721 0.8965 700.0000
1681 1722 0.6123 700.0000
1681 1723 0.8980 700.0000
1681 1738 0.6459 700.0000
1681 1739 0.8367 700.0000
1681 1740 0.5186 700.0000
1681 1741 0.6687 700.0000
1681 1797 0.8664 700.0000
1682 1684 0.6167 700.0000
1682 1697 0.7192 700.0000
1682 1713 0.7509 700.0000
1682 1714 0.8113 700.0000
1682 1715 0.5726 700.0000
1682 1716 0.7597 700.0000
1682 1722 0.6235 700.0000
1682 1727 0.8067 700.0000
1682 1728 0.8893 700.0000
1682 1738 0.6364 700.0000
1682 1739 0.5490 700.0000
1682 1741 0.7417 700.0000
1683 1685 0.7488 700.0000
1683 1705 0.8730 700.0000
1683 1715 0.8622 700.0000
1683 1716 0.8978 700.0000
1683 1721 0.8528 700.0000
1683 1722 0.4838 700.0000
1683 1723 0.7341 700.0000
1683 1724 0.8757 700.0000
1683 1726 0.8646 700.0000
1683 1727 0.5774 700.0000
1683 1728 0.5598 700.0000
1683 1729 0.8865 700.0000
1683 1737 0.7634 700.0000
1683 1738 0.5494 700.0000
1683 1739 0.6608 700.0000
1684 1686 0.6163 700.0000
1684 1687 0.7582 700.0000
1684 1688 0.5880 700.0000
1684 1689 0.6651 700.0000
1684 1692 0.8807 700.0000
1684 1722 0.8276 700.0000
1684 1727 0.8298 700.0000
1684 1728 0.5492 700.0000
1684 1729 0.7592 700.0000
1684 1736 0.8183 700.0000
1684 1737 0.5085 700.0000
1684 1738 0.6359 700.0000
1684 1739 0.6451 700.0000
1684 1796 0.8758 700.0000
1685 1687 0.4760 700.0000
1685 1688 0.4442 700.0000
1685 1689 0.6967 700.0000
1685 1704 0.8467 700.0000
1685 1728 0.7105 700.0000
1685 1729 0.6003 700.0000
1685 1730 0.8605 700.0000
1685 1737 0.6864 700.0000
1686 1688 0.5319 700.0000
1686 1689 0.5328 700.0000
1686 1690 0.7462 700.0000
1686 1729 0.8913 700.0000
1686 1730 0.8993 700.0000
1686 1731 0.7378 700.0000
1686 1735 0.8306 700.0000
1686 1737 0.5836 700.0000
1687 1689 0.5369 700.0000
1687 1690 0.5842 700.0000
1687 1691 0.6456 700.0000
1688 1690 0.5747 700.0000
1688 1691 0.5156 700.0000
1688 1692 0.6455 700.0000
1688 1693 0.8835 700.0000
1688 1701 0.8448 700.0000
1688 1737 0.8885 700.0000
1689 1691 0.6250 700.0000
1689 1692 0.5565 700.0000
1689 1693 0.5646 700.0000
1689 1737 0.7305 700.0000
1689 1739 0.7183 700.0000
1689 1796 0.7577 700.0000
1690 1692 0.6273 700.0000
1690 1693 0.5647 700.0000
1690 1694 0.6047 700.0000
1690 1695 0.8411 700.0000
1691 1693 0.7412 700.0000
1691 1694 0.6578 700.0000
1691 1695 0.6133 700.0000
1691 1696 0.7462 700.0000
1692 1694 0.7644 700.0000
1692 1695 0.5951 700.0000
1692 1696 0.3827 700.0000
1692 1697 0.5440 700.0000
1692 1698 0.8504 700.0000
1692 1739 0.6918 700.0000
1692 1793 0.6496 700.0000
1693 1695 0.7399 700.0000
1693 1696 0.6793 700.0000
1693 1697 0.8991 700.0000
1693 1739 0.7775 700.0000
1693 1793 0.6520 700.0000
1693 1796 0.8163 700.0000
1694 1696 0.8431 700.0000
1695 1697 0.8318 700.0000
1695 1698 0.8009 700.0000
1696 1698 0.6528 700.0000
1696 1788 0.7136 700.0000
1696 1791 0.7688 700.0000
1696 1792 0.8547 700.0000
1696 1793 0.6966 700.0000
1697 1713 0.6473 700.0000
1697 1715 0.8090 700.0000
1697 1739 0.7863 700.0000
1697 1741 0.8214 700.0000
1697 1785 0.8969 700.0000
1697 1788 0.6430 700.0000
1697 1791 0.5467 700.0000
1697 1792 0.8360 700.0000
1697 1793 0.6427 700.0000
1698 1700 0.4411 700.0000
1698 1701 0.4807 700.0000
1698 1702 0.7914 700.0000
1698 1712 0.8803 700.0000
1698 1713 0.7870 700.0000
1698 1788 0.5747 700.0000
1699 1701 0.8370 700.0000
1699 1702 0.7504 700.0000
1699 1711 0.8181 700.0000
1699 1712 0.6207 700.0000
1699 1713 0.7009 700.0000
1699 1756 0.8411 700.0000
1699 1785 0.7511 700.0000
1699 1786 0.6628 700.0000
1699 1787 0.7096 700.0000
1699 1788 0.4850 700.0000
1700 1702 0.5568 700.0000
1700 1703 0.8833 700.0000
1700 1712 0.8605 700.0000
1700 1788 0.8888 700.0000
1701 1703 0.8240 700.0000
1701 1704 0.6627 700.0000
1702 1704 0.6615 700.0000
1702 1705 0.7980 700.0000
1702 1706 0.6432 700.0000
1702 1707 0.6808 700.0000
1702 1710 0.7895 700.0000
1702 1711 0.6015 700.0000
1702 1712 0.5532 700.0000
1702 1713 0.7642 700.0000
1702 1714 0.8178 700.0000
1703 1705 0.5492 700.0000
1703 1706 0.4492 700.0000
1703 1707 0.5796 700.0000
1703 1710 0.8867 700.0000
1703 1711 0.7832 700.0000
1703 1712 0.8295 700.0000
1704 1706 0.7340 700.0000
1704 1727 0.8733 700.0000
1704 1729 0.8550 700.0000
1705 1707 0.8605 700.0000
1705 1714 0.8687 700.0000
1705 1726 0.5929 700.0000
1705 1727 0.5277 700.0000
1705 1729 0.8009 700.0000
1706 1708 0.6491 700.0000
1706 1709 0.8766 700.0000
1706 1710 0.7140 700.0000
1706 1711 0.8622 700.0000
1706 1712 0.7653 700.0000
1706 1714 0.5946 700.0000
1706 1727 0.7719 700.0000
1707 1709 0.7189 700.0000
1707 1710 0.4278 700.0000
1707 1711 0.5723 700.0000
1707 1712 0.7083 700.0000
1707 1714 0.7191 700.0000
1707 1752 0.8267 700.0000
1707 1753 0.5961 700.0000
1707 1754 0.8219 700.0000
1707 1755 0.8548 700.0000
1708 1710 0.5236 700.0000
1708 1711 0.8746 700.0000
1708 1714 0.7867 700.0000
1708 1751 0.6997 700.0000
1708 1752 0.6345 700.0000
1708 1753 0.5506 700.0000
1708 1754 0.8613 700.0000
1708 1755 0.8640 700.0000
1709 1714 0.7487 700.0000
1709 1750 0.6733 700.0000
1709 1751 0.4601 700.0000
1709 1752 0.6344 700.0000
1709 1753 0.7979 700.0000
1709 1755 0.8764 700.0000
1709 1773 0.7200 700.0000
1709 1774 0.6334 700.0000
1709 1775 0.5682 700.0000
1709 1782 0.6737 700.0000
1709 1784 0.7499 700.0000
1710 1712 0.5032 700.0000
1710 1713 0.8428 700.0000
1710 1714 0.6385 700.0000
1710 1751 0.7151 700.0000
1710 1752 0.6182 700.0000
1710 1753 0.6491 700.0000
1710 1754 0.6796 700.0000
1710 1755 0.5201 700.0000
1710 1756 0.7531 700.0000
1710 1757 0.8784 700.0000
1710 1773 0.7534 700.0000
1710 1784 0.6117 700.0000
1710 1785 0.8342 700.0000
1710 1786 0.7246 700.0000
1711 1752 0.8756 700.0000
1711 1753 0.7533 700.0000
1711 1754 0.6420 700.0000
1711 1755 0.6071 700.0000
1711 1756 0.4895 700.0000
1711 1757 0.8157 700.0000
1711 1786 0.7616 700.0000
1712 1714 0.5118 700.0000
1712 1715 0.8646 700.0000
1712 1755 0.8663 700.0000
1712 1756 0.8212 700.0000
1712 1773 0.8990 700.0000
1712 1784 0.5418 700.0000
1712 1785 0.5205 700.0000
1712 1786 0.5455 700.0000
1713 1715 0.5483 700.0000
1713 1784 0.5761 700.0000
1713 1785 0.4311 700.0000
1713 1786 0.7070 700.0000
1713 1788 0.7598 700.0000
1713 1790 0.8396 700.0000
1713 1791 0.8359 700.0000
1714 1716 0.8331 700.0000
1714 1721 0.8789 700.0000
1714 1727 0.8750 700.0000
1714 1773 0.8803 700.0000
1714 1782 0.6635 700.0000
1714 1783 0.8187 700.0000
1714 1784 0.5041 700.0000
1714 1785 0.7104 700.0000
1715 1717 0.8727 700.0000
1715 1741 0.6561 700.0000
1715 1743 0.6366 700.0000
1715 1782 0.7430 700.0000
1715 1783 0.6203 700.0000
1715 1784 0.6653 700.0000
1715 1785 0.6709 700.0000
1715 1791 0.8068 700.0000
1716 1718 0.5578 700.0000
1716 1719 0.6561 700.0000
1716 1720 0.8534 700.0000
1716 1721 0.6344 700.0000
1716 1722 0.6373 700.0000
1716 1741 0.8725 700.0000
1716 1781 0.6172 700.0000
1716 1782 0.5871 700.0000
1716 1783 0.6817 700.0000
1717 1719 0.7241 700.0000
1717 1720 0.8889 700.0000
1717 1721 0.8798 700.0000
1717 1780 0.7120 700.0000
1717 1781 0.5459 700.0000
1717 1782 0.7247 700.0000
1717 1783 0.7516 700.0000
1718 1720 0.5203 700.0000
1718 1721 0.7115 700.0000
1718 1722 0.7938 700.0000
1718 1781 0.6451 700.0000
1718 1782 0.8996 700.0000
1719 1721 0.7077 700.0000
1719 1722 0.4934 700.0000
1719 1723 0.5782 700.0000
1719 1738 0.7374 700.0000
1720 1722 0.6358 700.0000
1720 1723 0.5789 700.0000
1720 1724 0.7352 700.0000
1721 1723 0.7184 700.0000
1721 1724 0.6450 700.0000
1721 1726 0.8367 700.0000
1721 1727 0.5833 700.0000
1721 1781 0.7637 700.0000
1721 1782 0.7748 700.0000
1722 1724 0.6324 700.0000
1722 1726 0.8543 700.0000
1722 1727 0.5713 700.0000
1722 1728 0.6447 700.0000
1722 1738 0.6021 700.0000
1723 1725 0.6466 700.0000
1723 1726 0.8181 700.0000
1723 1727 0.7184 700.0000
1723 1728 0.5039 700.0000
1723 1736 0.6259 700.0000
1723 1738 0.6882 700.0000
1723 1799 0.7004 700.0000
1724 1726 0.4678 700.0000
1724 1727 0.5249 700.0000
1724 1728 0.6003 700.0000
1724 1729 0.8457 700.0000
1724 1736 0.8629 700.0000
1725 1727 0.7470 700.0000
1725 1728 0.5375 700.0000
1725 1729 0.6162 700.0000
1725 1730 0.6098 700.0000
1725 1736 0.7009 700.0000
1726 1728 0.6625 700.0000
1726 1729 0.5713 700.0000
1727 1729 0.7485 700.0000
1728 1730 0.6233 700.0000
1728 1736 0.4550 700.0000
1728 1737 0.6061 700.0000
1728 1738 0.6912 700.0000
1728 1799 0.7375 700.0000
1729 1736 0.8607 700.0000
1730 1732 0.7110 700.0000
1730 1733 0.8294 700.0000
1730 1734 0.5108 700.0000
1730 1735 0.7477 700.0000
1730 1736 0.5511 700.0000
1730 1737 0.8197 700.0000
1731 1733 0.4294 700.0000
1731 1734 0.4447 700.0000
1731 1735 0.4095 700.0000
1731 1736 0.7389 700.0000
1731 1737 0.7903 700.0000
1732 1734 0.6016 700.0000
1732 1735 0.6815 700.0000
1733 1735 0.4618 700.0000
1733 1800 0.8631 700.0000
1734 1736 0.5997 700.0000
1734 1799 0.7969 700.0000
1734 1800 0.6222 700.0000
1734 1801 0.7956 700.0000
1735 1737 0.6709 700.0000
1735 1798 0.6642 700.0000
1735 1799 0.7646 700.0000
1735 1800 0.7024 700.0000
1736 1738 0.7488 700.0000
1736 1797 0.8628 700.0000
1736 1798 0.7055 700.0000
1736 1799 0.3777 700.0000
1736 1800 0.7817 700.0000
1736 1801 0.8315 700.0000
1737 1739 0.7515 700.0000
1737 1796 0.6682 700.0000
1737 1797 0.6711 700.0000
1737 1798 0.5256 700.0000
1737 1799 0.6125 700.0000
1738 1740 0.8178 700.0000
1738 1796 0.6145 700.0000
1738 1797 0.4338 700.0000
1738 1798 0.7340 700.0000
1738 1799 0.6671 700.0000
1739 1741 0.6880 700.0000
1739 1793 0.5938 700.0000
1739 1794 0.8821 700.0000
1739 1795 0.8085 700.0000
1739 1796 0.4745 700.0000
1739 1797 0.6823 700.0000
1740 1742 0.7496 700.0000
1740 1793 0.8894 700.0000
1740 1794 0.6479 700.0000
1740 1795 0.5743 700.0000
1740 1797 0.8146 700.0000
1741 1743 0.5792 700.0000
1741 1791 0.6627 700.0000
1741 1792 0.7013 700.0000
1741 1793 0.5922 700.0000
1741 1794 0.6231 700.0000
1741 1795 0.7647 700.0000
1742 1744 0.8302 700.0000
1742 1791 0.7636 700.0000
1742 1792 0.6043 700.0000
1742 1793 0.7934 700.0000
1742 1794 0.5187 700.0000
1742 1795 0.8260 700.0000
1743 1745 0.5667 700.0000
1743 1746 0.8718 700.0000
1743 1783 0.7642 700.0000
1743 1785 0.8122 700.0000
1743 1790 0.6103 700.0000
1743 1791 0.5654 700.0000
1744 1746 0.6531 700.0000
1744 1771 0.7655 700.0000
1744 1772 0.8281 700.0000
1744 1785 0.8688 700.0000
1744 1789 0.8891 700.0000
1744 1790 0.4371 700.0000
1744 1791 0.6757 700.0000
1745 1747 0.7114 700.0000
1745 1748 0.6253 700.0000
1745 1771 0.6388 700.0000
1745 1772 0.5050 700.0000
1745 1773 0.8392 700.0000
1745 1783 0.6033 700.0000
1745 1784 0.8676 700.0000
1745 1785 0.8345 700.0000
1745 1790 0.7351 700.0000
1746 1748 0.5676 700.0000
1746 1770 0.8482 700.0000
1746 1771 0.5030 700.0000
1746 1772 0.5908 700.0000
1746 1783 0.8825 700.0000
1747 1749 0.7882 700.0000
1747 1761 0.7214 700.0000
1747 1770 0.5420 700.0000
1747 1771 0.5087 700.0000
1747 1772 0.6883 700.0000
1748 1770 0.7484 700.0000
1748 1771 0.7942 700.0000
1748 1772 0.5900 700.0000
1748 1773 0.6923 700.0000
1748 1774 0.6394 700.0000
1748 1776 0.8879 700.0000
1748 1777 0.5671 700.0000
1748 1780 0.7755 700.0000
1748 1783 0.7109 700.0000
1749 1751 0.6378 700.0000
1749 1758 0.8053 700.0000
1749 1759 0.6667 700.0000
1749 1770 0.5375 700.0000
1749 1772 0.6796 700.0000
1749 1773 0.5247 700.0000
1749 1774 0.5877 700.0000
1749 1776 0.8880 700.0000
1749 1777 0.6075 700.0000
1750 1752 0.6865 700.0000
1750 1773 0.6898 700.0000
1750 1774 0.5610 700.0000
1750 1775 0.6707 700.0000
1750 1776 0.7071 700.0000
1750 1777 0.6931 700.0000
1751 1753 0.8311 700.0000
1751 1754 0.8704 700.0000
1751 1755 0.6743 700.0000
1751 1759 0.8686 700.0000
1751 1773 0.5549 700.0000
1751 1774 0.5811 700.0000
1751 1775 0.7160 700.0000
1751 1784 0.8245 700.0000
1752 1754 0.4757 700.0000
1752 1755 0.4485 700.0000
1752 1773 0.8425 700.0000
1753 1755 0.6702 700.0000
1754 1756 0.6627 700.0000
1754 1757 0.8485 700.0000
1755 1757 0.5415 700.0000
1755 1758 0.6475 700.0000
1755 1759 0.7252 700.0000
1755 1773 0.7846 700.0000
1755 1784 0.8792 700.0000
1755 1786 0.7384 700.0000
1756 1758 0.7536 700.0000
1756 1786 0.6506 700.0000
1757 1759 0.6332 700.0000
1757 1769 0.7090 700.0000
1757 1786 0.5250 700.0000
1757 1787 0.8211 700.0000
1758 1760 0.7276 700.0000
1758 1769 0.5032 700.0000
1758 1770 0.6153 700.0000
1758 1771 0.6842 700.0000
1758 1772 0.6682 700.0000
1758 1773 0.6765 700.0000
1758 1784 0.8699 700.0000
1758 1785 0.8690 700.0000
1758 1786 0.5672 700.0000
1758 1787 0.8503 700.0000
1759 1761 0.7128 700.0000
1759 1768 0.8565 700.0000
1759 1769 0.5537 700.0000
1759 1770 0.4937 700.0000
1759 1771 0.8881 700.0000
1759 1772 0.8762 700.0000
1759 1773 0.7957 700.0000
1760 1762 0.5568 700.0000
1760 1763 0.5934 700.0000
1760 1765 0.6920 700.0000
1760 1766 0.6029 700.0000
1760 1767 0.7506 700.0000
1760 1768 0.5634 700.0000
1760 1769 0.5065 700.0000
1760 1770 0.5753 700.0000
1761 1763 0.8499 700.0000
1761 1765 0.7958 700.0000
1761 1767 0.8820 700.0000
1761 1768 0.4175 700.0000
1761 1769 0.5876 700.0000
1761 1770 0.4233 700.0000
1761 1771 0.8499 700.0000
1762 1764 0.4500 700.0000
1762 1765 0.4860 700.0000
1762 1766 0.6868 700.0000
1762 1767 0.8497 700.0000
1762 1768 0.6361 700.0000
1763 1765 0.6666 700.0000
1763 1766 0.6701 700.0000
1764 1766 0.7917 700.0000
1765 1767 0.4517 700.0000
1765 1768 0.5351 700.0000
1765 1769 0.8128 700.0000
1766 1768 0.6965 700.0000
1766 1769 0.7277 700.0000
1767 1769 0.5859 700.0000
1768 1770 0.6979 700.0000
1768 1771 0.8887 700.0000
1769 1771 0.6669 700.0000
1770 1772 0.6977 700.0000
1770 1773 0.7947 700.0000
1771 1773 0.8230 700.0000
1771 1785 0.8714 700.0000
1771 1786 0.8449 700.0000
1771 1787 0.8153 700.0000
1771 1790 0.7702 700.0000
1772 1774 0.7146 700.0000
1772 1783 0.6313 700.0000
1772 1784 0.5634 700.0000
1772 1785 0.6135 700.0000
1772 1786 0.6876 700.0000
1772 1790 0.7864 700.0000
1773 1775 0.8045 700.0000
1773 1777 0.8969 700.0000
1773 1782 0.7717 700.0000
1773 1783 0.6368 700.0000
1773 1784 0.4364 700.0000
1773 1785 0.7152 700.0000
1773 1786 0.7203 700.0000
1774 1776 0.5707 700.0000
1774 1777 0.5975 700.0000
1774 1780 0.6187 700.0000
1774 1781 0.7334 700.0000
1774 1782 0.5306 700.0000
1774 1783 0.5484 700.0000
1774 1784 0.6845 700.0000
1775 1777 0.7425 700.0000
1775 1779 0.8498 700.0000
1775 1780 0.5937 700.0000
1775 1781 0.5236 700.0000
1775 1782 0.4730 700.0000
1775 1783 0.7631 700.0000
1776 1778 0.5325 700.0000
1776 1779 0.5205 700.0000
1776 1780 0.5162 700.0000
1776 1781 0.7296 700.0000
1776 1782 0.8213 700.0000
1777 1779 0.7117 700.0000
1777 1780 0.6546 700.0000
1778 1780 0.7617 700.0000
1779 1781 0.8265 700.0000
1780 1782 0.6371 700.0000
1780 1783 0.6387 700.0000
1781 1783 0.6863 700.0000
1782 1784 0.6748 700.0000
1783 1785 0.7900 700.0000
1784 1786 0.5740 700.0000
1785 1787 0.6764 700.0000
1785 1788 0.7651 700.0000
1785 1790 0.5631 700.0000
1785 1791 0.8189 700.0000
1786 1788 0.8481 700.0000
1786 1790 0.7802 700.0000
1787 1789 0.5404 700.0000
1787 1790 0.5568 700.0000
1788 1790 0.6917 700.0000
1788 1791 0.7048 700.0000
1789 1791 0.7181 700.0000
1791 1793 0.6543 700.0000
1792 1794 0.5196 700.0000
1792 1795 0.8357 700.0000
1793 1795 0.7352 700.0000
1793 1796 0.8264 700.0000
1795 1797 0.8033 700.0000
1796 1798 0.6131 700.0000
1797 1799 0.6090 700.0000
1798 1800 0.8136 700.0000
1799 1801 0.8385 700.0000
