model,kind,chain_i,domain_i,chain_j,domain_j,n_rep,n_frames,n_bound_frames,pct_contact,pct_contact_bound,mean_min_nm,mean_min_bound_nm,median_min_bound_nm,closest_nm
binding/p9_dtx3l rep-1,intra,parp9,1/2KH1a,parp9,MD1,1,307,307,39.414,39.41,1.37,1.37,1.2,0.54
binding/p9_dtx3l rep-1,intra,parp9,1/2KH1a,parp9,MD2,1,307,307,18.893,18.89,2.19,2.19,2.09,0.56
binding/p9_dtx3l rep-1,intra,parp9,1/2KH1a,parp9,1/2KH1b,1,307,307,100.0,100.0,0.32,0.32,0.32,0.15
binding/p9_dtx3l rep-1,intra,parp9,1/2KH1a,parp9,KH2,1,307,307,47.557,47.56,1.14,1.14,1.04,0.49
binding/p9_dtx3l rep-1,intra,parp9,1/2KH1a,parp9,ART,1,307,307,7.492,7.49,4.12,4.12,4.04,0.56
binding/p9_dtx3l rep-1,intra,parp9,MD1,parp9,MD2,1,307,307,37.134,37.13,1.43,1.43,1.38,0.49
binding/p9_dtx3l rep-1,intra,parp9,MD1,parp9,1/2KH1b,1,307,307,16.938,16.94,1.78,1.78,1.69,0.54
binding/p9_dtx3l rep-1,intra,parp9,MD1,parp9,KH2,1,307,307,12.378,12.38,2.78,2.78,2.85,0.51
binding/p9_dtx3l rep-1,intra,parp9,MD1,parp9,ART,1,307,307,10.423,10.42,4.86,4.86,4.61,0.51
binding/p9_dtx3l rep-1,intra,parp9,MD2,parp9,1/2KH1b,1,307,307,11.401,11.4,2.53,2.53,2.5,0.58
binding/p9_dtx3l rep-1,intra,parp9,MD2,parp9,KH2,1,307,307,12.378,12.38,3.12,3.12,3.22,0.54
binding/p9_dtx3l rep-1,intra,parp9,MD2,parp9,ART,1,307,307,6.84,6.84,5.2,5.2,5.08,0.54
binding/p9_dtx3l rep-1,intra,parp9,1/2KH1b,parp9,KH2,1,307,307,58.306,58.31,0.94,0.94,0.91,0.5
binding/p9_dtx3l rep-1,intra,parp9,1/2KH1b,parp9,ART,1,307,307,3.909,3.91,4.24,4.24,4.16,0.54
binding/p9_dtx3l rep-1,intra,parp9,KH2,parp9,ART,1,307,307,32.248,32.25,1.94,1.94,1.69,0.53
binding/p9_dtx3l rep-1,intra,dtx3l,RRM,dtx3l,KH1,1,307,307,7.818,7.82,3.37,3.37,3.16,0.51
binding/p9_dtx3l rep-1,intra,dtx3l,RRM,dtx3l,KH2,1,307,307,2.606,2.61,6.45,6.45,6.37,0.59
binding/p9_dtx3l rep-1,intra,dtx3l,RRM,dtx3l,KH3,1,307,307,0.977,0.98,7.32,7.32,7.07,0.9
binding/p9_dtx3l rep-1,intra,dtx3l,RRM,dtx3l,KH4,1,307,307,1.954,1.95,8.51,8.51,8.38,0.54
binding/p9_dtx3l rep-1,intra,dtx3l,RRM,dtx3l,KH5,1,307,307,0.977,0.98,9.17,9.17,9.08,0.61
binding/p9_dtx3l rep-1,intra,dtx3l,RRM,dtx3l,RING,1,307,307,0.326,0.33,10.83,10.83,10.39,0.82
binding/p9_dtx3l rep-1,intra,dtx3l,RRM,dtx3l,DTC,1,307,307,0.977,0.98,11.08,11.08,11.09,0.68
binding/p9_dtx3l rep-1,intra,dtx3l,KH1,dtx3l,KH2,1,307,307,7.492,7.49,2.98,2.98,2.87,0.56
binding/p9_dtx3l rep-1,intra,dtx3l,KH1,dtx3l,KH3,1,307,307,2.606,2.61,4.17,4.17,4.05,0.59
binding/p9_dtx3l rep-1,intra,dtx3l,KH1,dtx3l,KH4,1,307,307,2.932,2.93,5.86,5.86,5.93,0.58
binding/p9_dtx3l rep-1,intra,dtx3l,KH1,dtx3l,KH5,1,307,307,4.886,4.89,6.73,6.73,6.61,0.56
binding/p9_dtx3l rep-1,intra,dtx3l,KH1,dtx3l,RING,1,307,307,0.651,0.65,8.74,8.74,8.57,0.6
binding/p9_dtx3l rep-1,intra,dtx3l,KH1,dtx3l,DTC,1,307,307,2.606,2.61,9.24,9.24,9.16,0.52
binding/p9_dtx3l rep-1,intra,dtx3l,KH2,dtx3l,KH3,1,307,307,82.41,82.41,0.8,0.8,0.76,0.53
binding/p9_dtx3l rep-1,intra,dtx3l,KH2,dtx3l,KH4,1,307,307,4.235,4.23,3.45,3.45,3.38,0.63
binding/p9_dtx3l rep-1,intra,dtx3l,KH2,dtx3l,KH5,1,307,307,4.56,4.56,4.52,4.52,4.66,0.57
binding/p9_dtx3l rep-1,intra,dtx3l,KH2,dtx3l,RING,1,307,307,0.977,0.98,6.95,6.95,6.68,0.61
binding/p9_dtx3l rep-1,intra,dtx3l,KH2,dtx3l,DTC,1,307,307,3.909,3.91,7.67,7.67,7.66,0.51
binding/p9_dtx3l rep-1,intra,dtx3l,KH3,dtx3l,KH4,1,307,307,25.407,25.41,1.69,1.69,1.61,0.54
binding/p9_dtx3l rep-1,intra,dtx3l,KH3,dtx3l,KH5,1,307,307,8.795,8.79,3.05,3.05,3.12,0.57
binding/p9_dtx3l rep-1,intra,dtx3l,KH3,dtx3l,RING,1,307,307,1.954,1.95,6.0,6.0,5.87,0.58
binding/p9_dtx3l rep-1,intra,dtx3l,KH3,dtx3l,DTC,1,307,307,2.606,2.61,6.86,6.86,6.72,0.58
binding/p9_dtx3l rep-1,intra,dtx3l,KH4,dtx3l,KH5,1,307,307,92.834,92.83,0.75,0.75,0.72,0.5
binding/p9_dtx3l rep-1,intra,dtx3l,KH4,dtx3l,RING,1,307,307,4.886,4.89,4.51,4.51,4.31,0.52
binding/p9_dtx3l rep-1,intra,dtx3l,KH4,dtx3l,DTC,1,307,307,4.56,4.56,5.55,5.55,5.29,0.53
binding/p9_dtx3l rep-1,intra,dtx3l,KH5,dtx3l,RING,1,307,307,6.189,6.19,3.63,3.63,3.64,0.56
binding/p9_dtx3l rep-1,intra,dtx3l,KH5,dtx3l,DTC,1,307,307,3.583,3.58,4.79,4.79,4.64,0.6
binding/p9_dtx3l rep-1,intra,dtx3l,RING,dtx3l,DTC,1,307,307,100.0,100.0,0.37,0.37,0.37,0.32
binding/p9_dtx3l rep-1,inter,parp9,1/2KH1a,dtx3l,RRM,1,307,15,0.0,0.0,16.94,10.25,11.73,1.1
binding/p9_dtx3l rep-1,inter,parp9,1/2KH1a,dtx3l,KH1,1,307,15,0.326,6.67,16.89,8.57,7.9,0.59
binding/p9_dtx3l rep-1,inter,parp9,1/2KH1a,dtx3l,KH2,1,307,15,0.0,0.0,17.08,8.28,7.92,2.79
binding/p9_dtx3l rep-1,inter,parp9,1/2KH1a,dtx3l,KH3,1,307,15,0.0,0.0,17.66,8.88,8.07,3.6
binding/p9_dtx3l rep-1,inter,parp9,1/2KH1a,dtx3l,KH4,1,307,15,0.0,0.0,17.65,8.7,8.6,2.14
binding/p9_dtx3l rep-1,inter,parp9,1/2KH1a,dtx3l,KH5,1,307,15,0.0,0.0,17.96,9.15,8.53,2.2
binding/p9_dtx3l rep-1,inter,parp9,1/2KH1a,dtx3l,RING,1,307,15,0.0,0.0,18.03,9.91,8.6,1.06
binding/p9_dtx3l rep-1,inter,parp9,1/2KH1a,dtx3l,DTC,1,307,15,0.0,0.0,17.65,10.49,9.35,2.57
binding/p9_dtx3l rep-1,inter,parp9,MD1,dtx3l,RRM,1,307,15,0.0,0.0,15.98,8.94,7.91,1.88
binding/p9_dtx3l rep-1,inter,parp9,MD1,dtx3l,KH1,1,307,15,0.326,6.67,15.82,7.45,7.41,0.61
binding/p9_dtx3l rep-1,inter,parp9,MD1,dtx3l,KH2,1,307,15,0.651,13.33,15.95,7.38,6.79,0.69
binding/p9_dtx3l rep-1,inter,parp9,MD1,dtx3l,KH3,1,307,15,0.326,6.67,16.59,7.64,5.61,0.8
binding/p9_dtx3l rep-1,inter,parp9,MD1,dtx3l,KH4,1,307,15,0.326,6.67,16.56,7.56,6.27,0.72
binding/p9_dtx3l rep-1,inter,parp9,MD1,dtx3l,KH5,1,307,15,0.326,6.67,16.89,8.27,7.48,0.68
binding/p9_dtx3l rep-1,inter,parp9,MD1,dtx3l,RING,1,307,15,0.0,0.0,17.05,9.42,8.36,1.1
binding/p9_dtx3l rep-1,inter,parp9,MD1,dtx3l,DTC,1,307,15,0.651,13.33,16.69,9.92,10.66,0.56
binding/p9_dtx3l rep-1,inter,parp9,MD2,dtx3l,RRM,1,307,15,0.0,0.0,16.01,9.44,9.17,1.36
binding/p9_dtx3l rep-1,inter,parp9,MD2,dtx3l,KH1,1,307,15,0.0,0.0,15.91,7.65,7.05,2.1
binding/p9_dtx3l rep-1,inter,parp9,MD2,dtx3l,KH2,1,307,15,0.977,20.0,16.16,7.38,7.44,0.63
binding/p9_dtx3l rep-1,inter,parp9,MD2,dtx3l,KH3,1,307,15,0.0,0.0,16.69,7.81,8.77,1.61
binding/p9_dtx3l rep-1,inter,parp9,MD2,dtx3l,KH4,1,307,15,0.326,6.67,16.69,7.56,8.44,0.69
binding/p9_dtx3l rep-1,inter,parp9,MD2,dtx3l,KH5,1,307,15,0.0,0.0,16.96,8.13,9.72,1.39
binding/p9_dtx3l rep-1,inter,parp9,MD2,dtx3l,RING,1,307,15,0.0,0.0,17.24,9.96,6.98,2.63
binding/p9_dtx3l rep-1,inter,parp9,MD2,dtx3l,DTC,1,307,15,0.0,0.0,16.84,10.21,8.38,2.02
binding/p9_dtx3l rep-1,inter,parp9,1/2KH1b,dtx3l,RRM,1,307,15,0.651,13.33,17.16,10.6,12.33,0.71
binding/p9_dtx3l rep-1,inter,parp9,1/2KH1b,dtx3l,KH1,1,307,15,0.326,6.67,17.11,9.03,8.62,0.55
binding/p9_dtx3l rep-1,inter,parp9,1/2KH1b,dtx3l,KH2,1,307,15,0.0,0.0,17.31,8.67,8.82,2.98
binding/p9_dtx3l rep-1,inter,parp9,1/2KH1b,dtx3l,KH3,1,307,15,0.0,0.0,17.86,9.18,8.88,3.38
binding/p9_dtx3l rep-1,inter,parp9,1/2KH1b,dtx3l,KH4,1,307,15,0.0,0.0,17.85,9.0,7.96,2.7
binding/p9_dtx3l rep-1,inter,parp9,1/2KH1b,dtx3l,KH5,1,307,15,0.0,0.0,18.17,9.38,8.33,2.56
binding/p9_dtx3l rep-1,inter,parp9,1/2KH1b,dtx3l,RING,1,307,15,0.0,0.0,18.23,10.04,8.78,1.14
binding/p9_dtx3l rep-1,inter,parp9,1/2KH1b,dtx3l,DTC,1,307,15,0.0,0.0,17.86,10.6,9.69,2.81
binding/p9_dtx3l rep-1,inter,parp9,KH2,dtx3l,RRM,1,307,15,0.651,13.33,16.4,10.46,12.16,0.55
binding/p9_dtx3l rep-1,inter,parp9,KH2,dtx3l,KH1,1,307,15,0.0,0.0,16.4,8.63,7.94,1.76
binding/p9_dtx3l rep-1,inter,parp9,KH2,dtx3l,KH2,1,307,15,0.0,0.0,16.67,7.8,7.61,1.79
binding/p9_dtx3l rep-1,inter,parp9,KH2,dtx3l,KH3,1,307,15,0.0,0.0,17.12,8.25,7.94,1.56
binding/p9_dtx3l rep-1,inter,parp9,KH2,dtx3l,KH4,1,307,15,0.0,0.0,17.18,7.84,6.38,3.54
binding/p9_dtx3l rep-1,inter,parp9,KH2,dtx3l,KH5,1,307,15,0.0,0.0,17.48,8.38,6.91,2.08
binding/p9_dtx3l rep-1,inter,parp9,KH2,dtx3l,RING,1,307,15,0.0,0.0,17.5,9.58,9.22,1.8
binding/p9_dtx3l rep-1,inter,parp9,KH2,dtx3l,DTC,1,307,15,0.0,0.0,17.12,10.08,10.46,2.45
binding/p9_dtx3l rep-1,inter,parp9,ART,dtx3l,RRM,1,307,15,0.0,0.0,15.81,9.56,10.07,1.15
binding/p9_dtx3l rep-1,inter,parp9,ART,dtx3l,KH1,1,307,15,0.0,0.0,15.92,8.45,7.79,1.27
binding/p9_dtx3l rep-1,inter,parp9,ART,dtx3l,KH2,1,307,15,0.0,0.0,16.21,7.73,6.42,2.61
binding/p9_dtx3l rep-1,inter,parp9,ART,dtx3l,KH3,1,307,15,0.0,0.0,16.49,8.04,9.02,1.9
binding/p9_dtx3l rep-1,inter,parp9,ART,dtx3l,KH4,1,307,15,0.977,20.0,16.3,7.24,5.43,0.57
binding/p9_dtx3l rep-1,inter,parp9,ART,dtx3l,KH5,1,307,15,0.326,6.67,16.66,7.45,6.4,0.94
binding/p9_dtx3l rep-1,inter,parp9,ART,dtx3l,RING,1,307,15,0.0,0.0,16.74,9.1,8.28,2.4
binding/p9_dtx3l rep-1,inter,parp9,ART,dtx3l,DTC,1,307,15,0.326,6.67,16.46,9.36,8.19,0.87
binding/p9_dtx3l rep-2,intra,parp9,1/2KH1a,parp9,MD1,1,307,307,33.55,33.55,1.4,1.4,1.3,0.46
binding/p9_dtx3l rep-2,intra,parp9,1/2KH1a,parp9,MD2,1,307,307,11.726,11.73,2.41,2.41,2.45,0.53
binding/p9_dtx3l rep-2,intra,parp9,1/2KH1a,parp9,1/2KH1b,1,307,307,100.0,100.0,0.33,0.33,0.33,0.19
binding/p9_dtx3l rep-2,intra,parp9,1/2KH1a,parp9,KH2,1,307,307,48.534,48.53,1.13,1.13,1.03,0.53
binding/p9_dtx3l rep-2,intra,parp9,1/2KH1a,parp9,ART,1,307,307,3.257,3.26,4.37,4.37,4.27,0.51
binding/p9_dtx3l rep-2,intra,parp9,MD1,parp9,MD2,1,307,307,40.065,40.07,1.38,1.38,1.28,0.5
binding/p9_dtx3l rep-2,intra,parp9,MD1,parp9,1/2KH1b,1,307,307,16.938,16.94,1.77,1.77,1.72,0.55
binding/p9_dtx3l rep-2,intra,parp9,MD1,parp9,KH2,1,307,307,13.029,13.03,2.72,2.72,2.8,0.49
binding/p9_dtx3l rep-2,intra,parp9,MD1,parp9,ART,1,307,307,7.492,7.49,4.99,4.99,4.73,0.55
binding/p9_dtx3l rep-2,intra,parp9,MD2,parp9,1/2KH1b,1,307,307,7.166,7.17,2.73,2.73,2.8,0.54
binding/p9_dtx3l rep-2,intra,parp9,MD2,parp9,KH2,1,307,307,9.121,9.12,3.31,3.31,3.43,0.52
binding/p9_dtx3l rep-2,intra,parp9,MD2,parp9,ART,1,307,307,6.515,6.51,5.52,5.52,5.28,0.53
binding/p9_dtx3l rep-2,intra,parp9,1/2KH1b,parp9,KH2,1,307,307,61.889,61.89,0.95,0.95,0.91,0.53
binding/p9_dtx3l rep-2,intra,parp9,1/2KH1b,parp9,ART,1,307,307,5.212,5.21,4.46,4.46,4.43,0.57
binding/p9_dtx3l rep-2,intra,parp9,KH2,parp9,ART,1,307,307,26.059,26.06,2.1,2.1,1.89,0.56
binding/p9_dtx3l rep-2,intra,dtx3l,RRM,dtx3l,KH1,1,307,307,11.075,11.07,3.22,3.22,3.01,0.56
binding/p9_dtx3l rep-2,intra,dtx3l,RRM,dtx3l,KH2,1,307,307,2.932,2.93,6.25,6.25,6.24,0.62
binding/p9_dtx3l rep-2,intra,dtx3l,RRM,dtx3l,KH3,1,307,307,1.303,1.3,7.16,7.16,7.03,0.59
binding/p9_dtx3l rep-2,intra,dtx3l,RRM,dtx3l,KH4,1,307,307,0.651,0.65,8.38,8.38,8.22,0.88
binding/p9_dtx3l rep-2,intra,dtx3l,RRM,dtx3l,KH5,1,307,307,0.326,0.33,9.06,9.06,8.53,0.62
binding/p9_dtx3l rep-2,intra,dtx3l,RRM,dtx3l,RING,1,307,307,0.651,0.65,10.6,10.6,10.42,0.63
binding/p9_dtx3l rep-2,intra,dtx3l,RRM,dtx3l,DTC,1,307,307,1.629,1.63,10.81,10.81,10.82,0.59
binding/p9_dtx3l rep-2,intra,dtx3l,KH1,dtx3l,KH2,1,307,307,8.795,8.79,3.14,3.14,3.01,0.58
binding/p9_dtx3l rep-2,intra,dtx3l,KH1,dtx3l,KH3,1,307,307,5.212,5.21,4.3,4.3,4.19,0.54
binding/p9_dtx3l rep-2,intra,dtx3l,KH1,dtx3l,KH4,1,307,307,3.257,3.26,6.07,6.07,6.0,0.63
binding/p9_dtx3l rep-2,intra,dtx3l,KH1,dtx3l,KH5,1,307,307,2.606,2.61,7.09,7.09,7.07,0.59
binding/p9_dtx3l rep-2,intra,dtx3l,KH1,dtx3l,RING,1,307,307,1.303,1.3,9.01,9.01,8.81,0.62
binding/p9_dtx3l rep-2,intra,dtx3l,KH1,dtx3l,DTC,1,307,307,2.932,2.93,9.43,9.43,9.36,0.59
binding/p9_dtx3l rep-2,intra,dtx3l,KH2,dtx3l,KH3,1,307,307,85.016,85.02,0.78,0.78,0.73,0.53
binding/p9_dtx3l rep-2,intra,dtx3l,KH2,dtx3l,KH4,1,307,307,3.257,3.26,3.63,3.63,3.8,0.61
binding/p9_dtx3l rep-2,intra,dtx3l,KH2,dtx3l,KH5,1,307,307,3.583,3.58,4.8,4.8,4.9,0.59
binding/p9_dtx3l rep-2,intra,dtx3l,KH2,dtx3l,RING,1,307,307,0.977,0.98,7.2,7.2,7.19,0.67
binding/p9_dtx3l rep-2,intra,dtx3l,KH2,dtx3l,DTC,1,307,307,2.28,2.28,7.86,7.86,7.77,0.61
binding/p9_dtx3l rep-2,intra,dtx3l,KH3,dtx3l,KH4,1,307,307,18.567,18.57,1.82,1.82,1.76,0.53
binding/p9_dtx3l rep-2,intra,dtx3l,KH3,dtx3l,KH5,1,307,307,7.492,7.49,3.23,3.23,3.22,0.55
binding/p9_dtx3l rep-2,intra,dtx3l,KH3,dtx3l,RING,1,307,307,2.28,2.28,5.98,5.98,5.82,0.61
binding/p9_dtx3l rep-2,intra,dtx3l,KH3,dtx3l,DTC,1,307,307,2.932,2.93,6.81,6.81,6.81,0.59
binding/p9_dtx3l rep-2,intra,dtx3l,KH4,dtx3l,KH5,1,307,307,94.463,94.46,0.73,0.73,0.7,0.5
binding/p9_dtx3l rep-2,intra,dtx3l,KH4,dtx3l,RING,1,307,307,4.56,4.56,4.38,4.38,4.14,0.53
binding/p9_dtx3l rep-2,intra,dtx3l,KH4,dtx3l,DTC,1,307,307,4.886,4.89,5.39,5.39,5.18,0.56
binding/p9_dtx3l rep-2,intra,dtx3l,KH5,dtx3l,RING,1,307,307,4.235,4.23,3.6,3.6,3.51,0.6
binding/p9_dtx3l rep-2,intra,dtx3l,KH5,dtx3l,DTC,1,307,307,3.909,3.91,4.81,4.81,4.62,0.56
binding/p9_dtx3l rep-2,intra,dtx3l,RING,dtx3l,DTC,1,307,307,100.0,100.0,0.37,0.37,0.37,0.32
binding/p9_dtx3l rep-2,inter,parp9,1/2KH1a,dtx3l,RRM,1,307,22,0.0,0.0,15.69,9.84,9.43,2.05
binding/p9_dtx3l rep-2,inter,parp9,1/2KH1a,dtx3l,KH1,1,307,22,0.0,0.0,15.89,10.9,10.37,1.83
binding/p9_dtx3l rep-2,inter,parp9,1/2KH1a,dtx3l,KH2,1,307,22,0.0,0.0,15.7,9.91,9.83,2.96
binding/p9_dtx3l rep-2,inter,parp9,1/2KH1a,dtx3l,KH3,1,307,22,0.0,0.0,15.88,9.47,8.99,3.01
binding/p9_dtx3l rep-2,inter,parp9,1/2KH1a,dtx3l,KH4,1,307,22,0.0,0.0,15.75,9.93,8.92,3.88
binding/p9_dtx3l rep-2,inter,parp9,1/2KH1a,dtx3l,KH5,1,307,22,0.0,0.0,15.98,9.68,10.0,2.58
binding/p9_dtx3l rep-2,inter,parp9,1/2KH1a,dtx3l,RING,1,307,22,0.0,0.0,15.87,8.72,7.9,1.36
binding/p9_dtx3l rep-2,inter,parp9,1/2KH1a,dtx3l,DTC,1,307,22,0.326,4.55,15.25,8.49,7.33,0.51
binding/p9_dtx3l rep-2,inter,parp9,MD1,dtx3l,RRM,1,307,22,0.0,0.0,14.82,9.14,7.28,2.06
binding/p9_dtx3l rep-2,inter,parp9,MD1,dtx3l,KH1,1,307,22,0.651,9.09,15.07,9.6,10.23,0.57
binding/p9_dtx3l rep-2,inter,parp9,MD1,dtx3l,KH2,1,307,22,0.0,0.0,14.99,8.59,7.72,1.09
binding/p9_dtx3l rep-2,inter,parp9,MD1,dtx3l,KH3,1,307,22,0.326,4.55,15.16,8.28,6.98,0.65
binding/p9_dtx3l rep-2,inter,parp9,MD1,dtx3l,KH4,1,307,22,0.0,0.0,15.01,8.9,7.74,2.46
binding/p9_dtx3l rep-2,inter,parp9,MD1,dtx3l,KH5,1,307,22,0.326,4.55,15.16,8.51,7.94,0.78
binding/p9_dtx3l rep-2,inter,parp9,MD1,dtx3l,RING,1,307,22,0.326,4.55,15.09,7.51,7.06,0.75
binding/p9_dtx3l rep-2,inter,parp9,MD1,dtx3l,DTC,1,307,22,0.977,13.64,14.57,7.33,6.58,0.59
binding/p9_dtx3l rep-2,inter,parp9,MD2,dtx3l,RRM,1,307,22,0.0,0.0,14.77,10.08,9.05,1.79
binding/p9_dtx3l rep-2,inter,parp9,MD2,dtx3l,KH1,1,307,22,0.651,9.09,15.08,10.32,11.29,0.6
binding/p9_dtx3l rep-2,inter,parp9,MD2,dtx3l,KH2,1,307,22,0.326,4.55,14.96,9.51,9.92,0.66
binding/p9_dtx3l rep-2,inter,parp9,MD2,dtx3l,KH3,1,307,22,0.326,4.55,15.12,9.13,8.89,0.61
binding/p9_dtx3l rep-2,inter,parp9,MD2,dtx3l,KH4,1,307,22,0.0,0.0,14.99,9.3,8.8,1.49
binding/p9_dtx3l rep-2,inter,parp9,MD2,dtx3l,KH5,1,307,22,0.326,4.55,15.24,8.84,8.45,0.87
binding/p9_dtx3l rep-2,inter,parp9,MD2,dtx3l,RING,1,307,22,0.326,4.55,15.11,7.72,6.09,0.7
binding/p9_dtx3l rep-2,inter,parp9,MD2,dtx3l,DTC,1,307,22,1.629,22.73,14.53,7.6,7.02,0.55
binding/p9_dtx3l rep-2,inter,parp9,1/2KH1b,dtx3l,RRM,1,307,22,0.0,0.0,15.88,9.97,9.69,2.23
binding/p9_dtx3l rep-2,inter,parp9,1/2KH1b,dtx3l,KH1,1,307,22,0.0,0.0,16.08,11.04,10.73,2.2
binding/p9_dtx3l rep-2,inter,parp9,1/2KH1b,dtx3l,KH2,1,307,22,0.0,0.0,15.85,10.01,9.91,2.79
binding/p9_dtx3l rep-2,inter,parp9,1/2KH1b,dtx3l,KH3,1,307,22,0.0,0.0,16.03,9.59,9.24,3.24
binding/p9_dtx3l rep-2,inter,parp9,1/2KH1b,dtx3l,KH4,1,307,22,0.0,0.0,15.9,10.04,9.78,3.54
binding/p9_dtx3l rep-2,inter,parp9,1/2KH1b,dtx3l,KH5,1,307,22,0.0,0.0,16.1,9.74,10.24,2.08
binding/p9_dtx3l rep-2,inter,parp9,1/2KH1b,dtx3l,RING,1,307,22,0.0,0.0,16.05,8.92,7.95,1.28
binding/p9_dtx3l rep-2,inter,parp9,1/2KH1b,dtx3l,DTC,1,307,22,0.326,4.55,15.43,8.68,7.12,0.84
binding/p9_dtx3l rep-2,inter,parp9,KH2,dtx3l,RRM,1,307,22,0.651,9.09,15.35,9.53,8.79,0.58
binding/p9_dtx3l rep-2,inter,parp9,KH2,dtx3l,KH1,1,307,22,0.0,0.0,15.41,9.95,9.12,1.23
binding/p9_dtx3l rep-2,inter,parp9,KH2,dtx3l,KH2,1,307,22,0.326,4.55,15.14,8.6,8.98,0.7
binding/p9_dtx3l rep-2,inter,parp9,KH2,dtx3l,KH3,1,307,22,0.326,4.55,15.27,8.12,8.34,0.67
binding/p9_dtx3l rep-2,inter,parp9,KH2,dtx3l,KH4,1,307,22,0.0,0.0,15.1,8.44,7.89,1.58
binding/p9_dtx3l rep-2,inter,parp9,KH2,dtx3l,KH5,1,307,22,0.0,0.0,15.33,8.34,8.49,3.29
binding/p9_dtx3l rep-2,inter,parp9,KH2,dtx3l,RING,1,307,22,0.0,0.0,15.2,7.61,7.52,1.89
binding/p9_dtx3l rep-2,inter,parp9,KH2,dtx3l,DTC,1,307,22,0.326,4.55,14.66,7.33,5.08,0.64
binding/p9_dtx3l rep-2,inter,parp9,ART,dtx3l,RRM,1,307,22,0.651,9.09,14.94,10.3,9.39,0.56
binding/p9_dtx3l rep-2,inter,parp9,ART,dtx3l,KH1,1,307,22,0.0,0.0,15.05,10.4,8.83,1.99
binding/p9_dtx3l rep-2,inter,parp9,ART,dtx3l,KH2,1,307,22,0.651,9.09,14.8,8.7,7.8,0.71
binding/p9_dtx3l rep-2,inter,parp9,ART,dtx3l,KH3,1,307,22,0.326,4.55,14.86,7.96,7.73,0.66
binding/p9_dtx3l rep-2,inter,parp9,ART,dtx3l,KH4,1,307,22,0.651,9.09,14.6,7.59,6.9,0.62
binding/p9_dtx3l rep-2,inter,parp9,ART,dtx3l,KH5,1,307,22,0.326,4.55,14.94,7.58,6.09,0.61
binding/p9_dtx3l rep-2,inter,parp9,ART,dtx3l,RING,1,307,22,0.326,4.55,14.83,7.57,7.05,0.7
binding/p9_dtx3l rep-2,inter,parp9,ART,dtx3l,DTC,1,307,22,0.651,9.09,14.26,7.42,6.62,0.54
binding/p9_dtx3l rep-3,intra,parp9,1/2KH1a,parp9,MD1,1,307,307,39.414,39.41,1.34,1.34,1.27,0.49
binding/p9_dtx3l rep-3,intra,parp9,1/2KH1a,parp9,MD2,1,307,307,13.681,13.68,2.33,2.33,2.26,0.49
binding/p9_dtx3l rep-3,intra,parp9,1/2KH1a,parp9,1/2KH1b,1,307,307,100.0,100.0,0.32,0.32,0.33,0.18
binding/p9_dtx3l rep-3,intra,parp9,1/2KH1a,parp9,KH2,1,307,307,49.511,49.51,1.12,1.12,1.02,0.5
binding/p9_dtx3l rep-3,intra,parp9,1/2KH1a,parp9,ART,1,307,307,6.84,6.84,4.18,4.18,4.18,0.54
binding/p9_dtx3l rep-3,intra,parp9,MD1,parp9,MD2,1,307,307,42.345,42.35,1.36,1.36,1.16,0.5
binding/p9_dtx3l rep-3,intra,parp9,MD1,parp9,1/2KH1b,1,307,307,18.893,18.89,1.73,1.73,1.69,0.57
binding/p9_dtx3l rep-3,intra,parp9,MD1,parp9,KH2,1,307,307,16.612,16.61,2.64,2.64,2.7,0.51
binding/p9_dtx3l rep-3,intra,parp9,MD1,parp9,ART,1,307,307,7.492,7.49,4.7,4.7,4.52,0.48
binding/p9_dtx3l rep-3,intra,parp9,MD2,parp9,1/2KH1b,1,307,307,7.818,7.82,2.69,2.69,2.63,0.6
binding/p9_dtx3l rep-3,intra,parp9,MD2,parp9,KH2,1,307,307,12.052,12.05,3.29,3.29,3.28,0.54
binding/p9_dtx3l rep-3,intra,parp9,MD2,parp9,ART,1,307,307,8.469,8.47,5.35,5.35,5.12,0.56
binding/p9_dtx3l rep-3,intra,parp9,1/2KH1b,parp9,KH2,1,307,307,63.518,63.52,0.93,0.93,0.88,0.51
binding/p9_dtx3l rep-3,intra,parp9,1/2KH1b,parp9,ART,1,307,307,5.863,5.86,4.28,4.28,4.16,0.6
binding/p9_dtx3l rep-3,intra,parp9,KH2,parp9,ART,1,307,307,27.036,27.04,1.99,1.99,1.82,0.52
binding/p9_dtx3l rep-3,intra,dtx3l,RRM,dtx3l,KH1,1,307,307,11.726,11.73,3.38,3.38,3.18,0.56
binding/p9_dtx3l rep-3,intra,dtx3l,RRM,dtx3l,KH2,1,307,307,4.235,4.23,6.22,6.22,5.97,0.57
binding/p9_dtx3l rep-3,intra,dtx3l,RRM,dtx3l,KH3,1,307,307,2.606,2.61,7.11,7.11,6.93,0.56
binding/p9_dtx3l rep-3,intra,dtx3l,RRM,dtx3l,KH4,1,307,307,0.326,0.33,8.21,8.21,7.83,0.72
binding/p9_dtx3l rep-3,intra,dtx3l,RRM,dtx3l,KH5,1,307,307,0.977,0.98,8.99,8.99,8.55,0.75
binding/p9_dtx3l rep-3,intra,dtx3l,RRM,dtx3l,RING,1,307,307,0.977,0.98,10.79,10.79,10.82,0.7
binding/p9_dtx3l rep-3,intra,dtx3l,RRM,dtx3l,DTC,1,307,307,1.629,1.63,11.01,11.01,11.33,0.54
binding/p9_dtx3l rep-3,intra,dtx3l,KH1,dtx3l,KH2,1,307,307,10.098,10.1,2.93,2.93,2.85,0.55
binding/p9_dtx3l rep-3,intra,dtx3l,KH1,dtx3l,KH3,1,307,307,7.492,7.49,4.1,4.1,4.26,0.57
binding/p9_dtx3l rep-3,intra,dtx3l,KH1,dtx3l,KH4,1,307,307,2.606,2.61,5.72,5.72,5.74,0.6
binding/p9_dtx3l rep-3,intra,dtx3l,KH1,dtx3l,KH5,1,307,307,2.28,2.28,6.73,6.73,6.56,0.52
binding/p9_dtx3l rep-3,intra,dtx3l,KH1,dtx3l,RING,1,307,307,0.651,0.65,8.91,8.91,8.91,0.65
binding/p9_dtx3l rep-3,intra,dtx3l,KH1,dtx3l,DTC,1,307,307,2.28,2.28,9.25,9.25,9.17,0.65
binding/p9_dtx3l rep-3,intra,dtx3l,KH2,dtx3l,KH3,1,307,307,83.388,83.39,0.8,0.8,0.75,0.53
binding/p9_dtx3l rep-3,intra,dtx3l,KH2,dtx3l,KH4,1,307,307,3.909,3.91,3.43,3.43,3.39,0.59
binding/p9_dtx3l rep-3,intra,dtx3l,KH2,dtx3l,KH5,1,307,307,3.909,3.91,4.68,4.68,4.87,0.55
binding/p9_dtx3l rep-3,intra,dtx3l,KH2,dtx3l,RING,1,307,307,2.606,2.61,7.15,7.15,7.17,0.51
binding/p9_dtx3l rep-3,intra,dtx3l,KH2,dtx3l,DTC,1,307,307,2.932,2.93,7.71,7.71,7.55,0.53
binding/p9_dtx3l rep-3,intra,dtx3l,KH3,dtx3l,KH4,1,307,307,28.99,28.99,1.68,1.68,1.61,0.5
binding/p9_dtx3l rep-3,intra,dtx3l,KH3,dtx3l,KH5,1,307,307,6.515,6.51,3.25,3.25,3.31,0.54
binding/p9_dtx3l rep-3,intra,dtx3l,KH3,dtx3l,RING,1,307,307,1.954,1.95,6.17,6.17,6.18,0.54
binding/p9_dtx3l rep-3,intra,dtx3l,KH3,dtx3l,DTC,1,307,307,3.583,3.58,6.86,6.86,6.72,0.55
binding/p9_dtx3l rep-3,intra,dtx3l,KH4,dtx3l,KH5,1,307,307,94.463,94.46,0.74,0.74,0.7,0.51
binding/p9_dtx3l rep-3,intra,dtx3l,KH4,dtx3l,RING,1,307,307,2.932,2.93,4.59,4.59,4.47,0.77
binding/p9_dtx3l rep-3,intra,dtx3l,KH4,dtx3l,DTC,1,307,307,6.189,6.19,5.54,5.54,5.58,0.53
binding/p9_dtx3l rep-3,intra,dtx3l,KH5,dtx3l,RING,1,307,307,4.56,4.56,3.78,3.78,3.58,0.6
binding/p9_dtx3l rep-3,intra,dtx3l,KH5,dtx3l,DTC,1,307,307,4.235,4.23,4.94,4.94,4.8,0.61
binding/p9_dtx3l rep-3,intra,dtx3l,RING,dtx3l,DTC,1,307,307,100.0,100.0,0.37,0.37,0.37,0.33
binding/p9_dtx3l rep-3,inter,parp9,1/2KH1a,dtx3l,RRM,1,307,15,0.0,0.0,16.96,10.69,12.1,2.29
binding/p9_dtx3l rep-3,inter,parp9,1/2KH1a,dtx3l,KH1,1,307,15,0.0,0.0,17.17,9.67,8.91,1.83
binding/p9_dtx3l rep-3,inter,parp9,1/2KH1a,dtx3l,KH2,1,307,15,0.0,0.0,17.22,9.24,9.44,3.46
binding/p9_dtx3l rep-3,inter,parp9,1/2KH1a,dtx3l,KH3,1,307,15,0.0,0.0,17.44,8.83,7.67,3.92
binding/p9_dtx3l rep-3,inter,parp9,1/2KH1a,dtx3l,KH4,1,307,15,0.0,0.0,17.02,7.81,7.13,1.93
binding/p9_dtx3l rep-3,inter,parp9,1/2KH1a,dtx3l,KH5,1,307,15,0.0,0.0,17.11,7.84,6.4,1.33
binding/p9_dtx3l rep-3,inter,parp9,1/2KH1a,dtx3l,RING,1,307,15,0.0,0.0,16.88,7.88,6.33,2.07
binding/p9_dtx3l rep-3,inter,parp9,1/2KH1a,dtx3l,DTC,1,307,15,0.326,6.67,16.44,7.78,7.75,0.62
binding/p9_dtx3l rep-3,inter,parp9,MD1,dtx3l,RRM,1,307,15,0.0,0.0,16.08,11.5,12.74,1.33
binding/p9_dtx3l rep-3,inter,parp9,MD1,dtx3l,KH1,1,307,15,0.0,0.0,16.24,10.19,9.15,2.79
binding/p9_dtx3l rep-3,inter,parp9,MD1,dtx3l,KH2,1,307,15,0.0,0.0,16.27,9.37,9.97,2.35
binding/p9_dtx3l rep-3,inter,parp9,MD1,dtx3l,KH3,1,307,15,0.0,0.0,16.42,8.47,8.89,2.4
binding/p9_dtx3l rep-3,inter,parp9,MD1,dtx3l,KH4,1,307,15,0.0,0.0,15.98,7.27,6.31,1.87
binding/p9_dtx3l rep-3,inter,parp9,MD1,dtx3l,KH5,1,307,15,0.0,0.0,16.11,7.43,5.91,2.46
binding/p9_dtx3l rep-3,inter,parp9,MD1,dtx3l,RING,1,307,15,0.326,6.67,15.83,6.83,4.66,0.83
binding/p9_dtx3l rep-3,inter,parp9,MD1,dtx3l,DTC,1,307,15,1.303,26.67,15.28,6.78,4.77,0.51
binding/p9_dtx3l rep-3,inter,parp9,MD2,dtx3l,RRM,1,307,15,0.0,0.0,15.97,10.74,10.71,1.23
binding/p9_dtx3l rep-3,inter,parp9,MD2,dtx3l,KH1,1,307,15,0.0,0.0,16.09,9.67,9.42,1.6
binding/p9_dtx3l rep-3,inter,parp9,MD2,dtx3l,KH2,1,307,15,0.0,0.0,16.11,9.18,8.33,2.57
binding/p9_dtx3l rep-3,inter,parp9,MD2,dtx3l,KH3,1,307,15,0.326,6.67,16.22,8.81,11.07,0.75
binding/p9_dtx3l rep-3,inter,parp9,MD2,dtx3l,KH4,1,307,15,0.977,20.0,15.83,7.67,6.96,0.57
binding/p9_dtx3l rep-3,inter,parp9,MD2,dtx3l,KH5,1,307,15,0.326,6.67,15.9,7.57,6.86,0.7
binding/p9_dtx3l rep-3,inter,parp9,MD2,dtx3l,RING,1,307,15,0.326,6.67,15.72,7.19,5.69,0.73
binding/p9_dtx3l rep-3,inter,parp9,MD2,dtx3l,DTC,1,307,15,0.326,6.67,15.26,7.38,5.18,0.64
binding/p9_dtx3l rep-3,inter,parp9,1/2KH1b,dtx3l,RRM,1,307,15,0.0,0.0,17.11,10.61,11.28,2.12
binding/p9_dtx3l rep-3,inter,parp9,1/2KH1b,dtx3l,KH1,1,307,15,0.0,0.0,17.33,9.79,9.03,2.67
binding/p9_dtx3l rep-3,inter,parp9,1/2KH1b,dtx3l,KH2,1,307,15,0.0,0.0,17.4,9.4,9.77,3.19
binding/p9_dtx3l rep-3,inter,parp9,1/2KH1b,dtx3l,KH3,1,307,15,0.0,0.0,17.61,9.04,7.97,3.98
binding/p9_dtx3l rep-3,inter,parp9,1/2KH1b,dtx3l,KH4,1,307,15,0.0,0.0,17.21,8.12,7.84,1.95
binding/p9_dtx3l rep-3,inter,parp9,1/2KH1b,dtx3l,KH5,1,307,15,0.0,0.0,17.31,8.13,7.41,1.21
binding/p9_dtx3l rep-3,inter,parp9,1/2KH1b,dtx3l,RING,1,307,15,0.0,0.0,17.07,8.28,7.08,2.69
binding/p9_dtx3l rep-3,inter,parp9,1/2KH1b,dtx3l,DTC,1,307,15,0.326,6.67,16.62,8.06,8.09,0.83
binding/p9_dtx3l rep-3,inter,parp9,KH2,dtx3l,RRM,1,307,15,0.651,13.33,16.66,10.05,10.95,0.71
binding/p9_dtx3l rep-3,inter,parp9,KH2,dtx3l,KH1,1,307,15,0.0,0.0,16.78,9.08,8.62,1.29
binding/p9_dtx3l rep-3,inter,parp9,KH2,dtx3l,KH2,1,307,15,0.0,0.0,16.73,8.62,9.21,3.89
binding/p9_dtx3l rep-3,inter,parp9,KH2,dtx3l,KH3,1,307,15,0.0,0.0,16.92,8.31,7.24,2.71
binding/p9_dtx3l rep-3,inter,parp9,KH2,dtx3l,KH4,1,307,15,0.0,0.0,16.54,7.59,6.82,2.92
binding/p9_dtx3l rep-3,inter,parp9,KH2,dtx3l,KH5,1,307,15,0.0,0.0,16.66,7.43,8.15,1.05
binding/p9_dtx3l rep-3,inter,parp9,KH2,dtx3l,RING,1,307,15,0.326,6.67,16.54,7.45,7.43,0.7
binding/p9_dtx3l rep-3,inter,parp9,KH2,dtx3l,DTC,1,307,15,0.651,13.33,16.11,7.64,6.75,0.54
binding/p9_dtx3l rep-3,inter,parp9,ART,dtx3l,RRM,1,307,15,0.651,13.33,16.12,10.21,12.16,0.65
binding/p9_dtx3l rep-3,inter,parp9,ART,dtx3l,KH1,1,307,15,0.326,6.67,16.42,9.77,9.84,0.84
binding/p9_dtx3l rep-3,inter,parp9,ART,dtx3l,KH2,1,307,15,0.0,0.0,16.35,9.34,9.04,3.2
binding/p9_dtx3l rep-3,inter,parp9,ART,dtx3l,KH3,1,307,15,0.0,0.0,16.54,9.08,7.81,3.7
binding/p9_dtx3l rep-3,inter,parp9,ART,dtx3l,KH4,1,307,15,0.326,6.67,16.19,8.52,7.96,0.68
binding/p9_dtx3l rep-3,inter,parp9,ART,dtx3l,KH5,1,307,15,0.326,6.67,16.29,8.84,8.19,0.78
binding/p9_dtx3l rep-3,inter,parp9,ART,dtx3l,RING,1,307,15,0.0,0.0,16.27,8.92,8.64,1.84
binding/p9_dtx3l rep-3,inter,parp9,ART,dtx3l,DTC,1,307,15,0.651,13.33,15.89,9.03,9.83,0.64
binding/p9_dtx3l rep-4,intra,parp9,1/2KH1a,parp9,MD1,1,307,307,41.042,41.04,1.35,1.35,1.17,0.49
binding/p9_dtx3l rep-4,intra,parp9,1/2KH1a,parp9,MD2,1,307,307,14.658,14.66,2.44,2.44,2.48,0.58
binding/p9_dtx3l rep-4,intra,parp9,1/2KH1a,parp9,1/2KH1b,1,307,307,100.0,100.0,0.33,0.33,0.33,0.19
binding/p9_dtx3l rep-4,intra,parp9,1/2KH1a,parp9,KH2,1,307,307,47.231,47.23,1.17,1.17,1.08,0.48
binding/p9_dtx3l rep-4,intra,parp9,1/2KH1a,parp9,ART,1,307,307,6.84,6.84,4.24,4.24,4.28,0.58
binding/p9_dtx3l rep-4,intra,parp9,MD1,parp9,MD2,1,307,307,37.134,37.13,1.39,1.39,1.29,0.49
binding/p9_dtx3l rep-4,intra,parp9,MD1,parp9,1/2KH1b,1,307,307,18.893,18.89,1.77,1.77,1.73,0.56
binding/p9_dtx3l rep-4,intra,parp9,MD1,parp9,KH2,1,307,307,16.612,16.61,2.62,2.62,2.77,0.5
binding/p9_dtx3l rep-4,intra,parp9,MD1,parp9,ART,1,307,307,10.749,10.75,4.65,4.65,4.34,0.5
binding/p9_dtx3l rep-4,intra,parp9,MD2,parp9,1/2KH1b,1,307,307,8.143,8.14,2.77,2.77,2.76,0.55
binding/p9_dtx3l rep-4,intra,parp9,MD2,parp9,KH2,1,307,307,13.355,13.36,3.4,3.4,3.51,0.56
binding/p9_dtx3l rep-4,intra,parp9,MD2,parp9,ART,1,307,307,4.56,4.56,5.52,5.52,5.51,0.55
binding/p9_dtx3l rep-4,intra,parp9,1/2KH1b,parp9,KH2,1,307,307,58.306,58.31,0.95,0.95,0.91,0.52
binding/p9_dtx3l rep-4,intra,parp9,1/2KH1b,parp9,ART,1,307,307,6.84,6.84,4.34,4.34,4.44,0.54
binding/p9_dtx3l rep-4,intra,parp9,KH2,parp9,ART,1,307,307,26.71,26.71,2.03,2.03,1.86,0.52
binding/p9_dtx3l rep-4,intra,dtx3l,RRM,dtx3l,KH1,1,307,307,9.446,9.45,3.5,3.5,3.29,0.56
binding/p9_dtx3l rep-4,intra,dtx3l,RRM,dtx3l,KH2,1,307,307,2.606,2.61,6.55,6.55,6.39,0.49
binding/p9_dtx3l rep-4,intra,dtx3l,RRM,dtx3l,KH3,1,307,307,1.303,1.3,7.3,7.3,6.99,0.58
binding/p9_dtx3l rep-4,intra,dtx3l,RRM,dtx3l,KH4,1,307,307,1.303,1.3,8.27,8.27,7.82,0.6
binding/p9_dtx3l rep-4,intra,dtx3l,RRM,dtx3l,KH5,1,307,307,0.651,0.65,8.97,8.97,8.93,0.65
binding/p9_dtx3l rep-4,intra,dtx3l,RRM,dtx3l,RING,1,307,307,0.651,0.65,10.56,10.56,10.33,0.91
binding/p9_dtx3l rep-4,intra,dtx3l,RRM,dtx3l,DTC,1,307,307,1.303,1.3,10.63,10.63,10.44,0.53
binding/p9_dtx3l rep-4,intra,dtx3l,KH1,dtx3l,KH2,1,307,307,10.098,10.1,2.94,2.94,2.84,0.53
binding/p9_dtx3l rep-4,intra,dtx3l,KH1,dtx3l,KH3,1,307,307,7.166,7.17,3.96,3.96,4.04,0.55
binding/p9_dtx3l rep-4,intra,dtx3l,KH1,dtx3l,KH4,1,307,307,4.56,4.56,5.47,5.47,5.41,0.52
binding/p9_dtx3l rep-4,intra,dtx3l,KH1,dtx3l,KH5,1,307,307,3.257,3.26,6.48,6.48,6.36,0.59
binding/p9_dtx3l rep-4,intra,dtx3l,KH1,dtx3l,RING,1,307,307,1.303,1.3,8.48,8.48,8.39,0.6
binding/p9_dtx3l rep-4,intra,dtx3l,KH1,dtx3l,DTC,1,307,307,2.28,2.28,8.83,8.83,9.05,0.58
binding/p9_dtx3l rep-4,intra,dtx3l,KH2,dtx3l,KH3,1,307,307,83.713,83.71,0.8,0.8,0.75,0.53
binding/p9_dtx3l rep-4,intra,dtx3l,KH2,dtx3l,KH4,1,307,307,7.166,7.17,3.43,3.43,3.48,0.54
binding/p9_dtx3l rep-4,intra,dtx3l,KH2,dtx3l,KH5,1,307,307,3.909,3.91,4.77,4.77,4.76,0.57
binding/p9_dtx3l rep-4,intra,dtx3l,KH2,dtx3l,RING,1,307,307,1.303,1.3,7.19,7.19,7.11,0.6
binding/p9_dtx3l rep-4,intra,dtx3l,KH2,dtx3l,DTC,1,307,307,2.932,2.93,7.65,7.65,7.4,0.56
binding/p9_dtx3l rep-4,intra,dtx3l,KH3,dtx3l,KH4,1,307,307,23.779,23.78,1.74,1.74,1.6,0.53
binding/p9_dtx3l rep-4,intra,dtx3l,KH3,dtx3l,KH5,1,307,307,5.537,5.54,3.26,3.26,3.27,0.52
binding/p9_dtx3l rep-4,intra,dtx3l,KH3,dtx3l,RING,1,307,307,0.977,0.98,6.07,6.07,5.87,0.6
binding/p9_dtx3l rep-4,intra,dtx3l,KH3,dtx3l,DTC,1,307,307,3.257,3.26,6.68,6.68,6.5,0.56
binding/p9_dtx3l rep-4,intra,dtx3l,KH4,dtx3l,KH5,1,307,307,95.114,95.11,0.72,0.72,0.68,0.5
binding/p9_dtx3l rep-4,intra,dtx3l,KH4,dtx3l,RING,1,307,307,3.909,3.91,4.46,4.46,4.33,0.6
binding/p9_dtx3l rep-4,intra,dtx3l,KH4,dtx3l,DTC,1,307,307,6.189,6.19,5.41,5.41,5.47,0.57
binding/p9_dtx3l rep-4,intra,dtx3l,KH5,dtx3l,RING,1,307,307,3.909,3.91,3.67,3.67,3.53,0.58
binding/p9_dtx3l rep-4,intra,dtx3l,KH5,dtx3l,DTC,1,307,307,4.56,4.56,4.81,4.81,4.68,0.54
binding/p9_dtx3l rep-4,intra,dtx3l,RING,dtx3l,DTC,1,307,307,100.0,100.0,0.37,0.37,0.37,0.32
binding/p9_dtx3l rep-4,inter,parp9,1/2KH1a,dtx3l,RRM,1,307,22,0.0,0.0,17.21,11.11,10.03,3.41
binding/p9_dtx3l rep-4,inter,parp9,1/2KH1a,dtx3l,KH1,1,307,22,0.326,4.55,17.14,8.37,7.31,0.83
binding/p9_dtx3l rep-4,inter,parp9,1/2KH1a,dtx3l,KH2,1,307,22,0.0,0.0,17.48,7.66,7.32,1.56
binding/p9_dtx3l rep-4,inter,parp9,1/2KH1a,dtx3l,KH3,1,307,22,0.0,0.0,17.57,7.01,5.68,1.49
binding/p9_dtx3l rep-4,inter,parp9,1/2KH1a,dtx3l,KH4,1,307,22,0.326,4.55,17.1,6.42,5.69,0.86
binding/p9_dtx3l rep-4,inter,parp9,1/2KH1a,dtx3l,KH5,1,307,22,0.326,4.55,17.32,7.16,6.85,0.85
binding/p9_dtx3l rep-4,inter,parp9,1/2KH1a,dtx3l,RING,1,307,22,0.0,0.0,17.37,7.34,6.56,1.32
binding/p9_dtx3l rep-4,inter,parp9,1/2KH1a,dtx3l,DTC,1,307,22,0.326,4.55,16.87,7.15,6.31,0.9
binding/p9_dtx3l rep-4,inter,parp9,MD1,dtx3l,RRM,1,307,22,0.326,4.55,16.51,10.68,9.45,0.66
binding/p9_dtx3l rep-4,inter,parp9,MD1,dtx3l,KH1,1,307,22,0.0,0.0,16.61,8.13,7.44,1.76
binding/p9_dtx3l rep-4,inter,parp9,MD1,dtx3l,KH2,1,307,22,0.651,9.09,16.91,6.67,6.03,0.54
binding/p9_dtx3l rep-4,inter,parp9,MD1,dtx3l,KH3,1,307,22,1.303,18.18,16.99,6.0,5.23,0.58
binding/p9_dtx3l rep-4,inter,parp9,MD1,dtx3l,KH4,1,307,22,0.977,13.64,16.53,5.22,4.48,0.63
binding/p9_dtx3l rep-4,inter,parp9,MD1,dtx3l,KH5,1,307,22,0.651,9.09,16.82,5.83,5.69,0.92
binding/p9_dtx3l rep-4,inter,parp9,MD1,dtx3l,RING,1,307,22,0.0,0.0,16.78,6.17,5.9,1.33
binding/p9_dtx3l rep-4,inter,parp9,MD1,dtx3l,DTC,1,307,22,0.326,4.55,16.22,6.01,4.78,0.67
binding/p9_dtx3l rep-4,inter,parp9,MD2,dtx3l,RRM,1,307,22,0.0,0.0,16.58,10.55,9.96,2.51
binding/p9_dtx3l rep-4,inter,parp9,MD2,dtx3l,KH1,1,307,22,0.651,9.09,16.59,8.69,8.61,0.65
binding/p9_dtx3l rep-4,inter,parp9,MD2,dtx3l,KH2,1,307,22,0.0,0.0,16.79,8.1,6.62,2.97
binding/p9_dtx3l rep-4,inter,parp9,MD2,dtx3l,KH3,1,307,22,0.326,4.55,16.81,7.56,6.95,0.77
binding/p9_dtx3l rep-4,inter,parp9,MD2,dtx3l,KH4,1,307,22,0.326,4.55,16.41,6.93,5.73,0.8
binding/p9_dtx3l rep-4,inter,parp9,MD2,dtx3l,KH5,1,307,22,0.326,4.55,16.64,7.22,6.95,0.68
binding/p9_dtx3l rep-4,inter,parp9,MD2,dtx3l,RING,1,307,22,0.0,0.0,16.63,6.88,6.55,1.24
binding/p9_dtx3l rep-4,inter,parp9,MD2,dtx3l,DTC,1,307,22,0.651,9.09,16.2,6.88,6.89,0.55
binding/p9_dtx3l rep-4,inter,parp9,1/2KH1b,dtx3l,RRM,1,307,22,0.0,0.0,17.36,11.18,9.84,4.44
binding/p9_dtx3l rep-4,inter,parp9,1/2KH1b,dtx3l,KH1,1,307,22,0.0,0.0,17.32,8.54,7.34,1.06
binding/p9_dtx3l rep-4,inter,parp9,1/2KH1b,dtx3l,KH2,1,307,22,0.326,4.55,17.62,7.78,7.67,0.7
binding/p9_dtx3l rep-4,inter,parp9,1/2KH1b,dtx3l,KH3,1,307,22,0.0,0.0,17.69,7.2,6.01,1.38
binding/p9_dtx3l rep-4,inter,parp9,1/2KH1b,dtx3l,KH4,1,307,22,0.0,0.0,17.24,6.7,6.15,1.37
binding/p9_dtx3l rep-4,inter,parp9,1/2KH1b,dtx3l,KH5,1,307,22,0.0,0.0,17.47,7.49,7.09,1.76
binding/p9_dtx3l rep-4,inter,parp9,1/2KH1b,dtx3l,RING,1,307,22,0.0,0.0,17.5,7.54,6.86,1.35
binding/p9_dtx3l rep-4,inter,parp9,1/2KH1b,dtx3l,DTC,1,307,22,0.326,4.55,17.0,7.32,6.61,0.83
binding/p9_dtx3l rep-4,inter,parp9,KH2,dtx3l,RRM,1,307,22,0.0,0.0,16.63,11.27,10.14,1.44
binding/p9_dtx3l rep-4,inter,parp9,KH2,dtx3l,KH1,1,307,22,0.0,0.0,16.58,8.56,7.47,1.78
binding/p9_dtx3l rep-4,inter,parp9,KH2,dtx3l,KH2,1,307,22,0.326,4.55,16.77,7.71,7.85,0.85
binding/p9_dtx3l rep-4,inter,parp9,KH2,dtx3l,KH3,1,307,22,0.326,4.55,16.86,7.11,7.78,0.56
binding/p9_dtx3l rep-4,inter,parp9,KH2,dtx3l,KH4,1,307,22,0.977,13.64,16.47,6.41,6.31,0.61
binding/p9_dtx3l rep-4,inter,parp9,KH2,dtx3l,KH5,1,307,22,0.651,9.09,16.7,7.14,7.26,0.54
binding/p9_dtx3l rep-4,inter,parp9,KH2,dtx3l,RING,1,307,22,0.326,4.55,16.51,7.42,5.67,0.99
binding/p9_dtx3l rep-4,inter,parp9,KH2,dtx3l,DTC,1,307,22,0.0,0.0,15.97,7.05,5.59,1.46
binding/p9_dtx3l rep-4,inter,parp9,ART,dtx3l,RRM,1,307,22,0.0,0.0,16.33,12.62,11.48,1.35
binding/p9_dtx3l rep-4,inter,parp9,ART,dtx3l,KH1,1,307,22,0.326,4.55,16.25,9.97,10.12,0.64
binding/p9_dtx3l rep-4,inter,parp9,ART,dtx3l,KH2,1,307,22,0.326,4.55,16.51,9.06,9.95,0.76
binding/p9_dtx3l rep-4,inter,parp9,ART,dtx3l,KH3,1,307,22,0.651,9.09,16.48,8.22,8.59,0.62
binding/p9_dtx3l rep-4,inter,parp9,ART,dtx3l,KH4,1,307,22,0.0,0.0,16.07,7.3,6.87,1.09
binding/p9_dtx3l rep-4,inter,parp9,ART,dtx3l,KH5,1,307,22,0.326,4.55,16.21,7.87,7.23,0.96
binding/p9_dtx3l rep-4,inter,parp9,ART,dtx3l,RING,1,307,22,0.0,0.0,16.06,7.94,7.29,1.98
binding/p9_dtx3l rep-4,inter,parp9,ART,dtx3l,DTC,1,307,22,0.651,9.09,15.57,7.58,6.39,0.53
binding/p9_dtx3l rep-5,intra,parp9,1/2KH1a,parp9,MD1,1,307,307,35.831,35.83,1.37,1.37,1.28,0.51
binding/p9_dtx3l rep-5,intra,parp9,1/2KH1a,parp9,MD2,1,307,307,17.915,17.92,2.27,2.27,2.25,0.47
binding/p9_dtx3l rep-5,intra,parp9,1/2KH1a,parp9,1/2KH1b,1,307,307,100.0,100.0,0.33,0.33,0.33,0.21
binding/p9_dtx3l rep-5,intra,parp9,1/2KH1a,parp9,KH2,1,307,307,54.723,54.72,1.07,1.07,0.95,0.49
binding/p9_dtx3l rep-5,intra,parp9,1/2KH1a,parp9,ART,1,307,307,6.189,6.19,4.19,4.19,4.24,0.58
binding/p9_dtx3l rep-5,intra,parp9,MD1,parp9,MD2,1,307,307,39.414,39.41,1.39,1.39,1.28,0.46
binding/p9_dtx3l rep-5,intra,parp9,MD1,parp9,1/2KH1b,1,307,307,18.893,18.89,1.75,1.75,1.71,0.52
binding/p9_dtx3l rep-5,intra,parp9,MD1,parp9,KH2,1,307,307,12.704,12.7,2.66,2.66,2.66,0.54
binding/p9_dtx3l rep-5,intra,parp9,MD1,parp9,ART,1,307,307,9.446,9.45,4.86,4.86,4.81,0.54
binding/p9_dtx3l rep-5,intra,parp9,MD2,parp9,1/2KH1b,1,307,307,11.726,11.73,2.59,2.59,2.49,0.56
binding/p9_dtx3l rep-5,intra,parp9,MD2,parp9,KH2,1,307,307,16.938,16.94,3.0,3.0,3.02,0.5
binding/p9_dtx3l rep-5,intra,parp9,MD2,parp9,ART,1,307,307,6.515,6.51,5.23,5.23,5.12,0.51
binding/p9_dtx3l rep-5,intra,parp9,1/2KH1b,parp9,KH2,1,307,307,67.101,67.1,0.9,0.9,0.85,0.49
binding/p9_dtx3l rep-5,intra,parp9,1/2KH1b,parp9,ART,1,307,307,6.515,6.51,4.3,4.3,4.36,0.61
binding/p9_dtx3l rep-5,intra,parp9,KH2,parp9,ART,1,307,307,26.71,26.71,1.96,1.96,1.8,0.52
binding/p9_dtx3l rep-5,intra,dtx3l,RRM,dtx3l,KH1,1,307,307,13.355,13.36,3.43,3.43,3.29,0.55
binding/p9_dtx3l rep-5,intra,dtx3l,RRM,dtx3l,KH2,1,307,307,2.932,2.93,6.43,6.43,6.29,0.53
binding/p9_dtx3l rep-5,intra,dtx3l,RRM,dtx3l,KH3,1,307,307,1.629,1.63,7.32,7.32,7.02,0.6
binding/p9_dtx3l rep-5,intra,dtx3l,RRM,dtx3l,KH4,1,307,307,0.977,0.98,8.54,8.54,8.21,0.59
binding/p9_dtx3l rep-5,intra,dtx3l,RRM,dtx3l,KH5,1,307,307,0.651,0.65,9.3,9.3,8.95,0.66
binding/p9_dtx3l rep-5,intra,dtx3l,RRM,dtx3l,RING,1,307,307,0.326,0.33,11.05,11.05,10.94,0.98
binding/p9_dtx3l rep-5,intra,dtx3l,RRM,dtx3l,DTC,1,307,307,0.977,0.98,11.3,11.3,11.29,0.62
binding/p9_dtx3l rep-5,intra,dtx3l,KH1,dtx3l,KH2,1,307,307,9.772,9.77,2.98,2.98,2.88,0.56
binding/p9_dtx3l rep-5,intra,dtx3l,KH1,dtx3l,KH3,1,307,307,4.886,4.89,4.23,4.23,4.16,0.55
binding/p9_dtx3l rep-5,intra,dtx3l,KH1,dtx3l,KH4,1,307,307,4.235,4.23,5.94,5.94,5.92,0.57
binding/p9_dtx3l rep-5,intra,dtx3l,KH1,dtx3l,KH5,1,307,307,2.28,2.28,6.79,6.79,6.63,0.63
binding/p9_dtx3l rep-5,intra,dtx3l,KH1,dtx3l,RING,1,307,307,0.326,0.33,9.04,9.04,9.0,0.84
binding/p9_dtx3l rep-5,intra,dtx3l,KH1,dtx3l,DTC,1,307,307,2.28,2.28,9.36,9.36,9.43,0.53
binding/p9_dtx3l rep-5,intra,dtx3l,KH2,dtx3l,KH3,1,307,307,80.456,80.46,0.81,0.81,0.76,0.52
binding/p9_dtx3l rep-5,intra,dtx3l,KH2,dtx3l,KH4,1,307,307,5.212,5.21,3.39,3.39,3.46,0.51
binding/p9_dtx3l rep-5,intra,dtx3l,KH2,dtx3l,KH5,1,307,307,4.56,4.56,4.51,4.51,4.51,0.57
binding/p9_dtx3l rep-5,intra,dtx3l,KH2,dtx3l,RING,1,307,307,0.977,0.98,7.31,7.31,7.45,0.58
binding/p9_dtx3l rep-5,intra,dtx3l,KH2,dtx3l,DTC,1,307,307,3.257,3.26,7.81,7.81,7.68,0.57
binding/p9_dtx3l rep-5,intra,dtx3l,KH3,dtx3l,KH4,1,307,307,26.71,26.71,1.66,1.66,1.54,0.52
binding/p9_dtx3l rep-5,intra,dtx3l,KH3,dtx3l,KH5,1,307,307,6.84,6.84,3.11,3.11,3.11,0.59
binding/p9_dtx3l rep-5,intra,dtx3l,KH3,dtx3l,RING,1,307,307,2.28,2.28,6.21,6.21,6.25,0.59
binding/p9_dtx3l rep-5,intra,dtx3l,KH3,dtx3l,DTC,1,307,307,5.212,5.21,6.87,6.87,6.79,0.52
binding/p9_dtx3l rep-5,intra,dtx3l,KH4,dtx3l,KH5,1,307,307,94.788,94.79,0.71,0.71,0.67,0.51
binding/p9_dtx3l rep-5,intra,dtx3l,KH4,dtx3l,RING,1,307,307,3.257,3.26,4.72,4.72,4.69,0.6
binding/p9_dtx3l rep-5,intra,dtx3l,KH4,dtx3l,DTC,1,307,307,1.954,1.95,5.56,5.56,5.46,0.55
binding/p9_dtx3l rep-5,intra,dtx3l,KH5,dtx3l,RING,1,307,307,4.886,4.89,3.75,3.75,3.68,0.59
binding/p9_dtx3l rep-5,intra,dtx3l,KH5,dtx3l,DTC,1,307,307,5.537,5.54,4.86,4.86,4.85,0.55
binding/p9_dtx3l rep-5,intra,dtx3l,RING,dtx3l,DTC,1,307,307,100.0,100.0,0.37,0.37,0.37,0.32
binding/p9_dtx3l rep-5,inter,parp9,1/2KH1a,dtx3l,RRM,1,307,2,0.0,0.0,18.12,14.57,14.57,4.16
binding/p9_dtx3l rep-5,inter,parp9,1/2KH1a,dtx3l,KH1,1,307,2,0.0,0.0,18.42,11.14,11.14,5.21
binding/p9_dtx3l rep-5,inter,parp9,1/2KH1a,dtx3l,KH2,1,307,2,0.0,0.0,18.34,13.17,13.17,5.17
binding/p9_dtx3l rep-5,inter,parp9,1/2KH1a,dtx3l,KH3,1,307,2,0.0,0.0,18.58,10.4,10.4,3.97
binding/p9_dtx3l rep-5,inter,parp9,1/2KH1a,dtx3l,KH4,1,307,2,0.0,0.0,18.28,7.74,7.74,2.97
binding/p9_dtx3l rep-5,inter,parp9,1/2KH1a,dtx3l,KH5,1,307,2,0.0,0.0,18.24,7.48,7.48,4.35
binding/p9_dtx3l rep-5,inter,parp9,1/2KH1a,dtx3l,RING,1,307,2,0.0,0.0,17.68,4.0,4.0,3.97
binding/p9_dtx3l rep-5,inter,parp9,1/2KH1a,dtx3l,DTC,1,307,2,0.326,50.0,17.1,0.8,0.8,0.59
binding/p9_dtx3l rep-5,inter,parp9,MD1,dtx3l,RRM,1,307,2,0.0,0.0,17.27,17.03,17.03,2.74
binding/p9_dtx3l rep-5,inter,parp9,MD1,dtx3l,KH1,1,307,2,0.0,0.0,17.55,13.66,13.66,4.07
binding/p9_dtx3l rep-5,inter,parp9,MD1,dtx3l,KH2,1,307,2,0.0,0.0,17.54,15.1,15.1,1.43
binding/p9_dtx3l rep-5,inter,parp9,MD1,dtx3l,KH3,1,307,2,0.0,0.0,17.69,13.43,13.43,5.06
binding/p9_dtx3l rep-5,inter,parp9,MD1,dtx3l,KH4,1,307,2,0.0,0.0,17.34,10.68,10.68,4.68
binding/p9_dtx3l rep-5,inter,parp9,MD1,dtx3l,KH5,1,307,2,0.0,0.0,17.28,10.16,10.16,3.37
binding/p9_dtx3l rep-5,inter,parp9,MD1,dtx3l,RING,1,307,2,0.0,0.0,16.98,6.36,6.36,1.76
binding/p9_dtx3l rep-5,inter,parp9,MD1,dtx3l,DTC,1,307,2,0.0,0.0,16.44,2.72,2.72,2.01
binding/p9_dtx3l rep-5,inter,parp9,MD2,dtx3l,RRM,1,307,2,0.0,0.0,17.29,16.33,16.33,4.89
binding/p9_dtx3l rep-5,inter,parp9,MD2,dtx3l,KH1,1,307,2,0.0,0.0,17.49,14.53,14.53,2.67
binding/p9_dtx3l rep-5,inter,parp9,MD2,dtx3l,KH2,1,307,2,0.0,0.0,17.54,17.05,17.05,3.63
binding/p9_dtx3l rep-5,inter,parp9,MD2,dtx3l,KH3,1,307,2,0.0,0.0,17.64,14.34,14.34,5.33
binding/p9_dtx3l rep-5,inter,parp9,MD2,dtx3l,KH4,1,307,2,0.0,0.0,17.28,12.06,12.06,4.71
binding/p9_dtx3l rep-5,inter,parp9,MD2,dtx3l,KH5,1,307,2,0.0,0.0,17.19,11.59,11.59,4.5
binding/p9_dtx3l rep-5,inter,parp9,MD2,dtx3l,RING,1,307,2,0.0,0.0,16.83,7.53,7.53,2.13
binding/p9_dtx3l rep-5,inter,parp9,MD2,dtx3l,DTC,1,307,2,0.0,0.0,16.32,4.4,4.4,1.25
binding/p9_dtx3l rep-5,inter,parp9,1/2KH1b,dtx3l,RRM,1,307,2,0.0,0.0,18.3,13.97,13.97,5.34
binding/p9_dtx3l rep-5,inter,parp9,1/2KH1b,dtx3l,KH1,1,307,2,0.0,0.0,18.58,10.77,10.77,5.13
binding/p9_dtx3l rep-5,inter,parp9,1/2KH1b,dtx3l,KH2,1,307,2,0.0,0.0,18.51,13.09,13.09,6.23
binding/p9_dtx3l rep-5,inter,parp9,1/2KH1b,dtx3l,KH3,1,307,2,0.0,0.0,18.73,10.43,10.43,4.79
binding/p9_dtx3l rep-5,inter,parp9,1/2KH1b,dtx3l,KH4,1,307,2,0.0,0.0,18.44,7.92,7.92,4.23
binding/p9_dtx3l rep-5,inter,parp9,1/2KH1b,dtx3l,KH5,1,307,2,0.0,0.0,18.41,7.69,7.69,4.49
binding/p9_dtx3l rep-5,inter,parp9,1/2KH1b,dtx3l,RING,1,307,2,0.0,0.0,17.88,4.61,4.61,3.93
binding/p9_dtx3l rep-5,inter,parp9,1/2KH1b,dtx3l,DTC,1,307,2,0.326,50.0,17.32,1.28,1.28,0.64
binding/p9_dtx3l rep-5,inter,parp9,KH2,dtx3l,RRM,1,307,2,0.0,0.0,17.72,12.82,12.82,4.67
binding/p9_dtx3l rep-5,inter,parp9,KH2,dtx3l,KH1,1,307,2,0.0,0.0,17.92,10.25,10.25,5.21
binding/p9_dtx3l rep-5,inter,parp9,KH2,dtx3l,KH2,1,307,2,0.0,0.0,17.74,11.54,11.54,4.21
binding/p9_dtx3l rep-5,inter,parp9,KH2,dtx3l,KH3,1,307,2,0.0,0.0,18.0,9.21,9.21,5.29
binding/p9_dtx3l rep-5,inter,parp9,KH2,dtx3l,KH4,1,307,2,0.0,0.0,17.71,6.29,6.29,3.67
binding/p9_dtx3l rep-5,inter,parp9,KH2,dtx3l,KH5,1,307,2,0.0,0.0,17.66,6.11,6.11,4.24
binding/p9_dtx3l rep-5,inter,parp9,KH2,dtx3l,RING,1,307,2,0.0,0.0,17.23,3.94,3.94,2.56
binding/p9_dtx3l rep-5,inter,parp9,KH2,dtx3l,DTC,1,307,2,0.0,0.0,16.61,1.51,1.51,1.17
binding/p9_dtx3l rep-5,inter,parp9,ART,dtx3l,RRM,1,307,2,0.0,0.0,17.1,9.53,9.53,1.98
binding/p9_dtx3l rep-5,inter,parp9,ART,dtx3l,KH1,1,307,2,0.0,0.0,17.43,9.15,9.15,3.07
binding/p9_dtx3l rep-5,inter,parp9,ART,dtx3l,KH2,1,307,2,0.0,0.0,17.21,10.72,10.72,3.81
binding/p9_dtx3l rep-5,inter,parp9,ART,dtx3l,KH3,1,307,2,0.0,0.0,17.4,8.42,8.42,2.22
binding/p9_dtx3l rep-5,inter,parp9,ART,dtx3l,KH4,1,307,2,0.0,0.0,17.24,5.73,5.73,3.82
binding/p9_dtx3l rep-5,inter,parp9,ART,dtx3l,KH5,1,307,2,0.0,0.0,17.18,5.93,5.93,4.15
binding/p9_dtx3l rep-5,inter,parp9,ART,dtx3l,RING,1,307,2,0.0,0.0,16.77,5.16,5.16,2.9
binding/p9_dtx3l rep-5,inter,parp9,ART,dtx3l,DTC,1,307,2,0.0,0.0,16.19,3.18,3.18,1.9
binding/p9_dtx3l rep-6,intra,parp9,1/2KH1a,parp9,MD1,1,307,307,35.179,35.18,1.43,1.43,1.34,0.53
binding/p9_dtx3l rep-6,intra,parp9,1/2KH1a,parp9,MD2,1,307,307,10.749,10.75,2.38,2.38,2.27,0.58
binding/p9_dtx3l rep-6,intra,parp9,1/2KH1a,parp9,1/2KH1b,1,307,307,100.0,100.0,0.33,0.33,0.33,0.21
binding/p9_dtx3l rep-6,intra,parp9,1/2KH1a,parp9,KH2,1,307,307,43.974,43.97,1.15,1.15,1.08,0.55
binding/p9_dtx3l rep-6,intra,parp9,1/2KH1a,parp9,ART,1,307,307,8.143,8.14,4.06,4.06,3.91,0.56
binding/p9_dtx3l rep-6,intra,parp9,MD1,parp9,MD2,1,307,307,42.345,42.35,1.34,1.34,1.19,0.52
binding/p9_dtx3l rep-6,intra,parp9,MD1,parp9,1/2KH1b,1,307,307,15.961,15.96,1.79,1.79,1.76,0.59
binding/p9_dtx3l rep-6,intra,parp9,MD1,parp9,KH2,1,307,307,14.658,14.66,2.76,2.76,2.81,0.49
binding/p9_dtx3l rep-6,intra,parp9,MD1,parp9,ART,1,307,307,8.143,8.14,4.84,4.84,4.57,0.49
binding/p9_dtx3l rep-6,intra,parp9,MD2,parp9,1/2KH1b,1,307,307,6.515,6.51,2.73,2.73,2.65,0.56
binding/p9_dtx3l rep-6,intra,parp9,MD2,parp9,KH2,1,307,307,7.492,7.49,3.29,3.29,3.37,0.49
binding/p9_dtx3l rep-6,intra,parp9,MD2,parp9,ART,1,307,307,5.863,5.86,5.32,5.32,5.14,0.55
binding/p9_dtx3l rep-6,intra,parp9,1/2KH1b,parp9,KH2,1,307,307,65.798,65.8,0.9,0.9,0.86,0.53
binding/p9_dtx3l rep-6,intra,parp9,1/2KH1b,parp9,ART,1,307,307,5.212,5.21,4.16,4.16,4.0,0.57
binding/p9_dtx3l rep-6,intra,parp9,KH2,parp9,ART,1,307,307,32.573,32.57,1.79,1.79,1.49,0.51
binding/p9_dtx3l rep-6,intra,dtx3l,RRM,dtx3l,KH1,1,307,307,11.726,11.73,3.44,3.44,3.37,0.54
binding/p9_dtx3l rep-6,intra,dtx3l,RRM,dtx3l,KH2,1,307,307,2.932,2.93,6.34,6.34,6.14,0.59
binding/p9_dtx3l rep-6,intra,dtx3l,RRM,dtx3l,KH3,1,307,307,1.303,1.3,7.24,7.24,7.05,0.57
binding/p9_dtx3l rep-6,intra,dtx3l,RRM,dtx3l,KH4,1,307,307,0.0,0.0,8.46,8.46,7.97,1.33
binding/p9_dtx3l rep-6,intra,dtx3l,RRM,dtx3l,KH5,1,307,307,0.326,0.33,9.26,9.26,8.99,0.92
binding/p9_dtx3l rep-6,intra,dtx3l,RRM,dtx3l,RING,1,307,307,0.326,0.33,10.67,10.67,10.7,0.86
binding/p9_dtx3l rep-6,intra,dtx3l,RRM,dtx3l,DTC,1,307,307,1.629,1.63,10.93,10.93,10.75,0.67
binding/p9_dtx3l rep-6,intra,dtx3l,KH1,dtx3l,KH2,1,307,307,10.423,10.42,3.04,3.04,2.9,0.53
binding/p9_dtx3l rep-6,intra,dtx3l,KH1,dtx3l,KH3,1,307,307,4.886,4.89,4.21,4.21,4.25,0.6
binding/p9_dtx3l rep-6,intra,dtx3l,KH1,dtx3l,KH4,1,307,307,1.954,1.95,5.94,5.94,5.75,0.58
binding/p9_dtx3l rep-6,intra,dtx3l,KH1,dtx3l,KH5,1,307,307,2.28,2.28,6.78,6.78,6.82,0.59
binding/p9_dtx3l rep-6,intra,dtx3l,KH1,dtx3l,RING,1,307,307,1.954,1.95,8.75,8.75,8.75,0.59
binding/p9_dtx3l rep-6,intra,dtx3l,KH1,dtx3l,DTC,1,307,307,3.583,3.58,9.12,9.12,8.88,0.57
binding/p9_dtx3l rep-6,intra,dtx3l,KH2,dtx3l,KH3,1,307,307,82.41,82.41,0.81,0.81,0.78,0.54
binding/p9_dtx3l rep-6,intra,dtx3l,KH2,dtx3l,KH4,1,307,307,4.886,4.89,3.49,3.49,3.52,0.55
binding/p9_dtx3l rep-6,intra,dtx3l,KH2,dtx3l,KH5,1,307,307,3.583,3.58,4.66,4.66,4.69,0.58
binding/p9_dtx3l rep-6,intra,dtx3l,KH2,dtx3l,RING,1,307,307,1.629,1.63,6.97,6.97,6.66,0.62
binding/p9_dtx3l rep-6,intra,dtx3l,KH2,dtx3l,DTC,1,307,307,3.909,3.91,7.55,7.55,7.42,0.54
binding/p9_dtx3l rep-6,intra,dtx3l,KH3,dtx3l,KH4,1,307,307,21.173,21.17,1.7,1.7,1.55,0.55
binding/p9_dtx3l rep-6,intra,dtx3l,KH3,dtx3l,KH5,1,307,307,6.515,6.51,3.15,3.15,3.2,0.49
binding/p9_dtx3l rep-6,intra,dtx3l,KH3,dtx3l,RING,1,307,307,1.629,1.63,5.94,5.94,5.8,0.7
binding/p9_dtx3l rep-6,intra,dtx3l,KH3,dtx3l,DTC,1,307,307,4.886,4.89,6.67,6.67,6.5,0.53
binding/p9_dtx3l rep-6,intra,dtx3l,KH4,dtx3l,KH5,1,307,307,93.485,93.49,0.74,0.74,0.69,0.5
binding/p9_dtx3l rep-6,intra,dtx3l,KH4,dtx3l,RING,1,307,307,5.863,5.86,4.46,4.46,4.33,0.53
binding/p9_dtx3l rep-6,intra,dtx3l,KH4,dtx3l,DTC,1,307,307,5.537,5.54,5.48,5.48,5.58,0.55
binding/p9_dtx3l rep-6,intra,dtx3l,KH5,dtx3l,RING,1,307,307,5.537,5.54,3.7,3.7,3.46,0.55
binding/p9_dtx3l rep-6,intra,dtx3l,KH5,dtx3l,DTC,1,307,307,4.56,4.56,4.92,4.92,5.01,0.57
binding/p9_dtx3l rep-6,intra,dtx3l,RING,dtx3l,DTC,1,307,307,100.0,100.0,0.37,0.37,0.37,0.3
binding/p9_dtx3l rep-6,inter,parp9,1/2KH1a,dtx3l,RRM,1,307,21,0.326,4.76,16.93,11.54,11.13,0.78
binding/p9_dtx3l rep-6,inter,parp9,1/2KH1a,dtx3l,KH1,1,307,21,0.0,0.0,17.29,9.58,9.59,3.19
binding/p9_dtx3l rep-6,inter,parp9,1/2KH1a,dtx3l,KH2,1,307,21,0.326,4.76,17.42,8.16,8.47,0.62
binding/p9_dtx3l rep-6,inter,parp9,1/2KH1a,dtx3l,KH3,1,307,21,0.0,0.0,17.49,8.02,7.8,1.13
binding/p9_dtx3l rep-6,inter,parp9,1/2KH1a,dtx3l,KH4,1,307,21,0.0,0.0,17.27,7.52,7.36,2.29
binding/p9_dtx3l rep-6,inter,parp9,1/2KH1a,dtx3l,KH5,1,307,21,0.0,0.0,17.6,7.18,6.93,3.81
binding/p9_dtx3l rep-6,inter,parp9,1/2KH1a,dtx3l,RING,1,307,21,0.0,0.0,17.08,7.38,6.43,1.88
binding/p9_dtx3l rep-6,inter,parp9,1/2KH1a,dtx3l,DTC,1,307,21,0.651,9.52,16.4,6.83,5.49,0.63
binding/p9_dtx3l rep-6,inter,parp9,MD1,dtx3l,RRM,1,307,21,0.0,0.0,16.19,11.24,10.89,1.38
binding/p9_dtx3l rep-6,inter,parp9,MD1,dtx3l,KH1,1,307,21,0.0,0.0,16.35,9.3,9.35,2.01
binding/p9_dtx3l rep-6,inter,parp9,MD1,dtx3l,KH2,1,307,21,0.326,4.76,16.56,7.74,7.08,0.76
binding/p9_dtx3l rep-6,inter,parp9,MD1,dtx3l,KH3,1,307,21,0.0,0.0,16.69,7.47,7.19,1.76
binding/p9_dtx3l rep-6,inter,parp9,MD1,dtx3l,KH4,1,307,21,0.326,4.76,16.43,6.8,6.71,0.63
binding/p9_dtx3l rep-6,inter,parp9,MD1,dtx3l,KH5,1,307,21,0.326,4.76,16.78,6.48,6.31,0.99
binding/p9_dtx3l rep-6,inter,parp9,MD1,dtx3l,RING,1,307,21,1.303,19.05,16.2,6.16,5.37,0.57
binding/p9_dtx3l rep-6,inter,parp9,MD1,dtx3l,DTC,1,307,21,1.303,19.05,15.62,5.74,4.93,0.55
binding/p9_dtx3l rep-6,inter,parp9,MD2,dtx3l,RRM,1,307,21,0.326,4.76,15.95,11.07,11.64,0.58
binding/p9_dtx3l rep-6,inter,parp9,MD2,dtx3l,KH1,1,307,21,0.0,0.0,16.26,9.12,8.4,2.13
binding/p9_dtx3l rep-6,inter,parp9,MD2,dtx3l,KH2,1,307,21,0.326,4.76,16.5,7.27,5.26,0.9
binding/p9_dtx3l rep-6,inter,parp9,MD2,dtx3l,KH3,1,307,21,0.0,0.0,16.49,7.36,6.93,1.44
binding/p9_dtx3l rep-6,inter,parp9,MD2,dtx3l,KH4,1,307,21,0.0,0.0,16.33,6.88,7.42,1.52
binding/p9_dtx3l rep-6,inter,parp9,MD2,dtx3l,KH5,1,307,21,0.326,4.76,16.66,6.68,7.25,0.69
binding/p9_dtx3l rep-6,inter,parp9,MD2,dtx3l,RING,1,307,21,0.651,9.52,16.17,6.61,6.53,0.61
binding/p9_dtx3l rep-6,inter,parp9,MD2,dtx3l,DTC,1,307,21,0.326,4.76,15.6,6.15,5.92,0.59
binding/p9_dtx3l rep-6,inter,parp9,1/2KH1b,dtx3l,RRM,1,307,21,0.0,0.0,17.14,11.81,11.23,1.24
binding/p9_dtx3l rep-6,inter,parp9,1/2KH1b,dtx3l,KH1,1,307,21,0.0,0.0,17.47,9.76,9.45,2.93
binding/p9_dtx3l rep-6,inter,parp9,1/2KH1b,dtx3l,KH2,1,307,21,0.0,0.0,17.59,8.31,8.37,1.44
binding/p9_dtx3l rep-6,inter,parp9,1/2KH1b,dtx3l,KH3,1,307,21,0.0,0.0,17.67,8.09,7.65,1.31
binding/p9_dtx3l rep-6,inter,parp9,1/2KH1b,dtx3l,KH4,1,307,21,0.0,0.0,17.41,7.55,7.56,2.54
binding/p9_dtx3l rep-6,inter,parp9,1/2KH1b,dtx3l,KH5,1,307,21,0.0,0.0,17.75,7.33,7.18,3.45
binding/p9_dtx3l rep-6,inter,parp9,1/2KH1b,dtx3l,RING,1,307,21,0.0,0.0,17.23,7.52,6.72,1.26
binding/p9_dtx3l rep-6,inter,parp9,1/2KH1b,dtx3l,DTC,1,307,21,0.326,4.76,16.55,6.98,5.73,0.73
binding/p9_dtx3l rep-6,inter,parp9,KH2,dtx3l,RRM,1,307,21,0.326,4.76,16.31,10.58,9.67,0.61
binding/p9_dtx3l rep-6,inter,parp9,KH2,dtx3l,KH1,1,307,21,0.326,4.76,16.67,8.73,7.21,0.67
binding/p9_dtx3l rep-6,inter,parp9,KH2,dtx3l,KH2,1,307,21,0.326,4.76,16.81,7.78,7.19,0.65
binding/p9_dtx3l rep-6,inter,parp9,KH2,dtx3l,KH3,1,307,21,0.326,4.76,16.9,7.6,6.92,0.77
binding/p9_dtx3l rep-6,inter,parp9,KH2,dtx3l,KH4,1,307,21,0.0,0.0,16.68,7.21,7.61,2.2
binding/p9_dtx3l rep-6,inter,parp9,KH2,dtx3l,KH5,1,307,21,0.0,0.0,17.03,6.93,6.86,3.55
binding/p9_dtx3l rep-6,inter,parp9,KH2,dtx3l,RING,1,307,21,0.651,9.52,16.56,7.2,6.4,0.67
binding/p9_dtx3l rep-6,inter,parp9,KH2,dtx3l,DTC,1,307,21,0.977,14.29,15.98,6.98,6.0,0.58
binding/p9_dtx3l rep-6,inter,parp9,ART,dtx3l,RRM,1,307,21,0.326,4.76,15.89,10.31,10.01,0.6
binding/p9_dtx3l rep-6,inter,parp9,ART,dtx3l,KH1,1,307,21,0.326,4.76,16.26,9.06,8.55,0.77
binding/p9_dtx3l rep-6,inter,parp9,ART,dtx3l,KH2,1,307,21,0.326,4.76,16.29,8.12,8.37,0.61
binding/p9_dtx3l rep-6,inter,parp9,ART,dtx3l,KH3,1,307,21,0.977,14.29,16.41,8.0,9.11,0.62
binding/p9_dtx3l rep-6,inter,parp9,ART,dtx3l,KH4,1,307,21,0.0,0.0,16.22,7.78,8.85,1.89
binding/p9_dtx3l rep-6,inter,parp9,ART,dtx3l,KH5,1,307,21,0.326,4.76,16.38,7.28,6.95,0.65
binding/p9_dtx3l rep-6,inter,parp9,ART,dtx3l,RING,1,307,21,0.0,0.0,16.2,8.33,8.18,1.0
binding/p9_dtx3l rep-6,inter,parp9,ART,dtx3l,DTC,1,307,21,0.0,0.0,15.71,8.25,8.37,1.1
binding/p9_dtx3l rep-7,intra,parp9,1/2KH1a,parp9,MD1,1,307,307,35.831,35.83,1.41,1.41,1.35,0.48
binding/p9_dtx3l rep-7,intra,parp9,1/2KH1a,parp9,MD2,1,307,307,12.704,12.7,2.3,2.3,2.29,0.56
binding/p9_dtx3l rep-7,intra,parp9,1/2KH1a,parp9,1/2KH1b,1,307,307,100.0,100.0,0.32,0.32,0.32,0.19
binding/p9_dtx3l rep-7,intra,parp9,1/2KH1a,parp9,KH2,1,307,307,46.906,46.91,1.14,1.14,1.04,0.51
binding/p9_dtx3l rep-7,intra,parp9,1/2KH1a,parp9,ART,1,307,307,4.56,4.56,4.4,4.4,4.31,0.62
binding/p9_dtx3l rep-7,intra,parp9,MD1,parp9,MD2,1,307,307,39.414,39.41,1.38,1.38,1.25,0.46
binding/p9_dtx3l rep-7,intra,parp9,MD1,parp9,1/2KH1b,1,307,307,17.264,17.26,1.78,1.78,1.74,0.56
binding/p9_dtx3l rep-7,intra,parp9,MD1,parp9,KH2,1,307,307,14.332,14.33,2.65,2.65,2.75,0.56
binding/p9_dtx3l rep-7,intra,parp9,MD1,parp9,ART,1,307,307,6.515,6.51,5.06,5.06,5.07,0.46
binding/p9_dtx3l rep-7,intra,parp9,MD2,parp9,1/2KH1b,1,307,307,6.84,6.84,2.62,2.62,2.58,0.52
binding/p9_dtx3l rep-7,intra,parp9,MD2,parp9,KH2,1,307,307,14.332,14.33,3.15,3.15,3.27,0.54
binding/p9_dtx3l rep-7,intra,parp9,MD2,parp9,ART,1,307,307,3.909,3.91,5.56,5.56,5.53,0.57
binding/p9_dtx3l rep-7,intra,parp9,1/2KH1b,parp9,KH2,1,307,307,65.472,65.47,0.91,0.91,0.89,0.5
binding/p9_dtx3l rep-7,intra,parp9,1/2KH1b,parp9,ART,1,307,307,4.886,4.89,4.47,4.47,4.39,0.61
binding/p9_dtx3l rep-7,intra,parp9,KH2,parp9,ART,1,307,307,25.081,25.08,2.1,2.1,1.9,0.55
binding/p9_dtx3l rep-7,intra,dtx3l,RRM,dtx3l,KH1,1,307,307,11.401,11.4,3.46,3.46,3.37,0.53
binding/p9_dtx3l rep-7,intra,dtx3l,RRM,dtx3l,KH2,1,307,307,2.932,2.93,6.81,6.81,6.74,0.54
binding/p9_dtx3l rep-7,intra,dtx3l,RRM,dtx3l,KH3,1,307,307,2.28,2.28,7.53,7.53,7.32,0.56
binding/p9_dtx3l rep-7,intra,dtx3l,RRM,dtx3l,KH4,1,307,307,1.303,1.3,8.54,8.54,8.61,0.59
binding/p9_dtx3l rep-7,intra,dtx3l,RRM,dtx3l,KH5,1,307,307,0.326,0.33,9.5,9.5,9.21,0.59
binding/p9_dtx3l rep-7,intra,dtx3l,RRM,dtx3l,RING,1,307,307,0.326,0.33,11.1,11.1,10.71,0.98
binding/p9_dtx3l rep-7,intra,dtx3l,RRM,dtx3l,DTC,1,307,307,0.0,0.0,11.18,11.18,10.42,1.01
binding/p9_dtx3l rep-7,intra,dtx3l,KH1,dtx3l,KH2,1,307,307,8.143,8.14,3.16,3.16,3.03,0.56
binding/p9_dtx3l rep-7,intra,dtx3l,KH1,dtx3l,KH3,1,307,307,4.56,4.56,4.29,4.29,4.19,0.59
binding/p9_dtx3l rep-7,intra,dtx3l,KH1,dtx3l,KH4,1,307,307,3.583,3.58,5.8,5.8,5.75,0.55
binding/p9_dtx3l rep-7,intra,dtx3l,KH1,dtx3l,KH5,1,307,307,2.28,2.28,6.95,6.95,6.8,0.59
binding/p9_dtx3l rep-7,intra,dtx3l,KH1,dtx3l,RING,1,307,307,0.977,0.98,8.98,8.98,8.91,0.6
binding/p9_dtx3l rep-7,intra,dtx3l,KH1,dtx3l,DTC,1,307,307,2.606,2.61,9.27,9.27,9.05,0.56
binding/p9_dtx3l rep-7,intra,dtx3l,KH2,dtx3l,KH3,1,307,307,79.153,79.15,0.81,0.81,0.76,0.5
binding/p9_dtx3l rep-7,intra,dtx3l,KH2,dtx3l,KH4,1,307,307,6.189,6.19,3.43,3.43,3.49,0.53
binding/p9_dtx3l rep-7,intra,dtx3l,KH2,dtx3l,KH5,1,307,307,3.257,3.26,4.74,4.74,4.9,0.57
binding/p9_dtx3l rep-7,intra,dtx3l,KH2,dtx3l,RING,1,307,307,1.303,1.3,7.08,7.08,7.02,0.6
binding/p9_dtx3l rep-7,intra,dtx3l,KH2,dtx3l,DTC,1,307,307,2.932,2.93,7.56,7.56,7.19,0.61
binding/p9_dtx3l rep-7,intra,dtx3l,KH3,dtx3l,KH4,1,307,307,24.104,24.1,1.65,1.65,1.49,0.51
binding/p9_dtx3l rep-7,intra,dtx3l,KH3,dtx3l,KH5,1,307,307,6.84,6.84,3.19,3.19,3.24,0.56
binding/p9_dtx3l rep-7,intra,dtx3l,KH3,dtx3l,RING,1,307,307,1.954,1.95,6.02,6.02,5.87,0.57
binding/p9_dtx3l rep-7,intra,dtx3l,KH3,dtx3l,DTC,1,307,307,2.28,2.28,6.73,6.73,6.64,0.65
binding/p9_dtx3l rep-7,intra,dtx3l,KH4,dtx3l,KH5,1,307,307,95.765,95.77,0.73,0.73,0.7,0.52
binding/p9_dtx3l rep-7,intra,dtx3l,KH4,dtx3l,RING,1,307,307,2.932,2.93,4.52,4.52,4.39,0.56
binding/p9_dtx3l rep-7,intra,dtx3l,KH4,dtx3l,DTC,1,307,307,6.515,6.51,5.54,5.54,5.44,0.49
binding/p9_dtx3l rep-7,intra,dtx3l,KH5,dtx3l,RING,1,307,307,4.886,4.89,3.67,3.67,3.55,0.53
binding/p9_dtx3l rep-7,intra,dtx3l,KH5,dtx3l,DTC,1,307,307,3.583,3.58,4.89,4.89,4.89,0.52
binding/p9_dtx3l rep-7,intra,dtx3l,RING,dtx3l,DTC,1,307,307,100.0,100.0,0.37,0.37,0.37,0.33
binding/p9_dtx3l rep-7,inter,parp9,1/2KH1a,dtx3l,RRM,1,307,39,0.326,2.56,15.49,9.7,9.29,0.97
binding/p9_dtx3l rep-7,inter,parp9,1/2KH1a,dtx3l,KH1,1,307,39,0.326,2.56,15.2,7.73,7.06,0.91
binding/p9_dtx3l rep-7,inter,parp9,1/2KH1a,dtx3l,KH2,1,307,39,0.651,5.13,15.39,6.28,6.14,0.62
binding/p9_dtx3l rep-7,inter,parp9,1/2KH1a,dtx3l,KH3,1,307,39,0.0,0.0,15.67,6.46,6.29,1.05
binding/p9_dtx3l rep-7,inter,parp9,1/2KH1a,dtx3l,KH4,1,307,39,0.0,0.0,15.63,6.65,6.38,1.05
binding/p9_dtx3l rep-7,inter,parp9,1/2KH1a,dtx3l,KH5,1,307,39,0.326,2.56,15.77,7.12,7.28,0.83
binding/p9_dtx3l rep-7,inter,parp9,1/2KH1a,dtx3l,RING,1,307,39,0.651,5.13,15.92,8.0,7.76,0.68
binding/p9_dtx3l rep-7,inter,parp9,1/2KH1a,dtx3l,DTC,1,307,39,1.303,10.26,15.59,8.41,8.71,0.73
binding/p9_dtx3l rep-7,inter,parp9,MD1,dtx3l,RRM,1,307,39,0.326,2.56,14.67,8.79,9.04,0.86
binding/p9_dtx3l rep-7,inter,parp9,MD1,dtx3l,KH1,1,307,39,0.977,7.69,14.48,7.07,7.11,0.64
binding/p9_dtx3l rep-7,inter,parp9,MD1,dtx3l,KH2,1,307,39,0.977,7.69,14.49,5.79,5.75,0.58
binding/p9_dtx3l rep-7,inter,parp9,MD1,dtx3l,KH3,1,307,39,1.303,10.26,14.83,6.02,6.01,0.51
binding/p9_dtx3l rep-7,inter,parp9,MD1,dtx3l,KH4,1,307,39,1.303,10.26,14.69,5.97,5.61,0.57
binding/p9_dtx3l rep-7,inter,parp9,MD1,dtx3l,KH5,1,307,39,0.326,2.56,14.9,6.52,5.96,0.88
binding/p9_dtx3l rep-7,inter,parp9,MD1,dtx3l,RING,1,307,39,0.0,0.0,15.19,7.26,6.74,1.12
binding/p9_dtx3l rep-7,inter,parp9,MD1,dtx3l,DTC,1,307,39,0.651,5.13,14.87,7.61,7.07,0.8
binding/p9_dtx3l rep-7,inter,parp9,MD2,dtx3l,RRM,1,307,39,0.651,5.13,14.63,9.84,10.28,0.68
binding/p9_dtx3l rep-7,inter,parp9,MD2,dtx3l,KH1,1,307,39,0.0,0.0,14.5,7.97,7.26,1.35
binding/p9_dtx3l rep-7,inter,parp9,MD2,dtx3l,KH2,1,307,39,0.977,7.69,14.68,6.19,5.52,0.64
binding/p9_dtx3l rep-7,inter,parp9,MD2,dtx3l,KH3,1,307,39,0.326,2.56,14.94,6.36,6.27,0.87
binding/p9_dtx3l rep-7,inter,parp9,MD2,dtx3l,KH4,1,307,39,1.303,10.26,14.76,5.94,6.12,0.57
binding/p9_dtx3l rep-7,inter,parp9,MD2,dtx3l,KH5,1,307,39,1.303,10.26,14.97,6.39,6.15,0.66
binding/p9_dtx3l rep-7,inter,parp9,MD2,dtx3l,RING,1,307,39,0.326,2.56,15.15,7.32,7.32,0.69
binding/p9_dtx3l rep-7,inter,parp9,MD2,dtx3l,DTC,1,307,39,0.326,2.56,14.67,7.53,6.39,0.63
binding/p9_dtx3l rep-7,inter,parp9,1/2KH1b,dtx3l,RRM,1,307,39,0.0,0.0,15.67,9.9,9.71,1.01
binding/p9_dtx3l rep-7,inter,parp9,1/2KH1b,dtx3l,KH1,1,307,39,0.326,2.56,15.38,8.01,7.37,0.74
binding/p9_dtx3l rep-7,inter,parp9,1/2KH1b,dtx3l,KH2,1,307,39,0.0,0.0,15.57,6.58,6.2,1.58
binding/p9_dtx3l rep-7,inter,parp9,1/2KH1b,dtx3l,KH3,1,307,39,0.0,0.0,15.83,6.79,6.66,1.21
binding/p9_dtx3l rep-7,inter,parp9,1/2KH1b,dtx3l,KH4,1,307,39,0.0,0.0,15.81,6.93,6.47,1.28
binding/p9_dtx3l rep-7,inter,parp9,1/2KH1b,dtx3l,KH5,1,307,39,0.0,0.0,15.95,7.44,6.89,1.36
binding/p9_dtx3l rep-7,inter,parp9,1/2KH1b,dtx3l,RING,1,307,39,0.651,5.13,16.08,8.22,7.83,0.53
binding/p9_dtx3l rep-7,inter,parp9,1/2KH1b,dtx3l,DTC,1,307,39,1.303,10.26,15.76,8.64,9.35,0.64
binding/p9_dtx3l rep-7,inter,parp9,KH2,dtx3l,RRM,1,307,39,0.651,5.13,15.1,9.47,8.99,0.6
binding/p9_dtx3l rep-7,inter,parp9,KH2,dtx3l,KH1,1,307,39,0.0,0.0,14.81,7.37,6.71,1.87
binding/p9_dtx3l rep-7,inter,parp9,KH2,dtx3l,KH2,1,307,39,0.326,2.56,15.07,6.58,5.84,0.83
binding/p9_dtx3l rep-7,inter,parp9,KH2,dtx3l,KH3,1,307,39,0.326,2.56,15.35,6.6,6.59,0.58
binding/p9_dtx3l rep-7,inter,parp9,KH2,dtx3l,KH4,1,307,39,0.651,5.13,15.24,6.5,6.54,0.82
binding/p9_dtx3l rep-7,inter,parp9,KH2,dtx3l,KH5,1,307,39,0.326,2.56,15.32,7.16,7.14,0.74
binding/p9_dtx3l rep-7,inter,parp9,KH2,dtx3l,RING,1,307,39,0.977,7.69,15.39,8.61,8.19,0.61
binding/p9_dtx3l rep-7,inter,parp9,KH2,dtx3l,DTC,1,307,39,1.629,12.82,15.12,9.24,8.55,0.55
binding/p9_dtx3l rep-7,inter,parp9,ART,dtx3l,RRM,1,307,39,0.326,2.56,14.96,9.49,8.53,0.63
binding/p9_dtx3l rep-7,inter,parp9,ART,dtx3l,KH1,1,307,39,0.651,5.13,14.83,7.55,7.1,0.75
binding/p9_dtx3l rep-7,inter,parp9,ART,dtx3l,KH2,1,307,39,1.303,10.26,14.96,7.4,6.74,0.69
binding/p9_dtx3l rep-7,inter,parp9,ART,dtx3l,KH3,1,307,39,0.326,2.56,15.2,7.34,6.84,0.63
binding/p9_dtx3l rep-7,inter,parp9,ART,dtx3l,KH4,1,307,39,0.977,7.69,15.11,7.47,7.43,0.64
binding/p9_dtx3l rep-7,inter,parp9,ART,dtx3l,KH5,1,307,39,0.0,0.0,15.32,8.11,7.88,1.02
binding/p9_dtx3l rep-7,inter,parp9,ART,dtx3l,RING,1,307,39,0.0,0.0,15.27,9.81,9.37,1.75
binding/p9_dtx3l rep-7,inter,parp9,ART,dtx3l,DTC,1,307,39,0.326,2.56,14.93,10.04,10.06,0.76
binding_go/p9_dtx3l_xl_h20 rep-1,intra,parp9,1/2KH1a,parp9,MD1,1,307,307,34.853,34.85,1.41,1.41,1.3,0.49
binding_go/p9_dtx3l_xl_h20 rep-1,intra,parp9,1/2KH1a,parp9,MD2,1,307,307,14.007,14.01,2.29,2.29,2.19,0.55
binding_go/p9_dtx3l_xl_h20 rep-1,intra,parp9,1/2KH1a,parp9,1/2KH1b,1,307,307,100.0,100.0,0.33,0.33,0.33,0.18
binding_go/p9_dtx3l_xl_h20 rep-1,intra,parp9,1/2KH1a,parp9,KH2,1,307,307,44.3,44.3,1.15,1.15,1.09,0.52
binding_go/p9_dtx3l_xl_h20 rep-1,intra,parp9,1/2KH1a,parp9,ART,1,307,307,2.932,2.93,4.57,4.57,4.49,0.53
binding_go/p9_dtx3l_xl_h20 rep-1,intra,parp9,MD1,parp9,MD2,1,307,307,42.345,42.35,1.37,1.37,1.17,0.49
binding_go/p9_dtx3l_xl_h20 rep-1,intra,parp9,MD1,parp9,1/2KH1b,1,307,307,16.938,16.94,1.81,1.81,1.75,0.59
binding_go/p9_dtx3l_xl_h20 rep-1,intra,parp9,MD1,parp9,KH2,1,307,307,12.052,12.05,2.81,2.81,2.99,0.48
binding_go/p9_dtx3l_xl_h20 rep-1,intra,parp9,MD1,parp9,ART,1,307,307,10.749,10.75,5.28,5.28,5.29,0.54
binding_go/p9_dtx3l_xl_h20 rep-1,intra,parp9,MD2,parp9,1/2KH1b,1,307,307,11.401,11.4,2.58,2.58,2.56,0.52
binding_go/p9_dtx3l_xl_h20 rep-1,intra,parp9,MD2,parp9,KH2,1,307,307,9.121,9.12,3.31,3.31,3.37,0.57
binding_go/p9_dtx3l_xl_h20 rep-1,intra,parp9,MD2,parp9,ART,1,307,307,4.235,4.23,5.74,5.74,5.74,0.57
binding_go/p9_dtx3l_xl_h20 rep-1,intra,parp9,1/2KH1b,parp9,KH2,1,307,307,60.912,60.91,0.93,0.93,0.89,0.52
binding_go/p9_dtx3l_xl_h20 rep-1,intra,parp9,1/2KH1b,parp9,ART,1,307,307,2.28,2.28,4.7,4.7,4.74,0.59
binding_go/p9_dtx3l_xl_h20 rep-1,intra,parp9,KH2,parp9,ART,1,307,307,21.824,21.82,2.02,2.02,1.85,0.53
binding_go/p9_dtx3l_xl_h20 rep-1,intra,dtx3l,RRM,dtx3l,KH1,1,307,307,9.121,9.12,3.46,3.46,3.19,0.58
binding_go/p9_dtx3l_xl_h20 rep-1,intra,dtx3l,RRM,dtx3l,KH2,1,307,307,1.629,1.63,6.72,6.72,6.6,0.53
binding_go/p9_dtx3l_xl_h20 rep-1,intra,dtx3l,RRM,dtx3l,KH3,1,307,307,0.651,0.65,7.81,7.81,7.8,0.54
binding_go/p9_dtx3l_xl_h20 rep-1,intra,dtx3l,RRM,dtx3l,KH4,1,307,307,1.303,1.3,9.15,9.15,8.94,0.6
binding_go/p9_dtx3l_xl_h20 rep-1,intra,dtx3l,RRM,dtx3l,KH5,1,307,307,0.326,0.33,9.92,9.92,9.55,0.88
binding_go/p9_dtx3l_xl_h20 rep-1,intra,dtx3l,RRM,dtx3l,RING,1,307,307,0.0,0.0,11.4,11.4,11.17,1.26
binding_go/p9_dtx3l_xl_h20 rep-1,intra,dtx3l,RRM,dtx3l,DTC,1,307,307,0.326,0.33,11.55,11.55,11.41,0.84
binding_go/p9_dtx3l_xl_h20 rep-1,intra,dtx3l,KH1,dtx3l,KH2,1,307,307,9.446,9.45,2.96,2.96,2.83,0.54
binding_go/p9_dtx3l_xl_h20 rep-1,intra,dtx3l,KH1,dtx3l,KH3,1,307,307,3.257,3.26,4.42,4.42,4.45,0.68
binding_go/p9_dtx3l_xl_h20 rep-1,intra,dtx3l,KH1,dtx3l,KH4,1,307,307,1.629,1.63,6.24,6.24,6.39,0.55
binding_go/p9_dtx3l_xl_h20 rep-1,intra,dtx3l,KH1,dtx3l,KH5,1,307,307,1.629,1.63,7.35,7.35,7.46,0.52
binding_go/p9_dtx3l_xl_h20 rep-1,intra,dtx3l,KH1,dtx3l,RING,1,307,307,0.651,0.65,9.27,9.27,8.98,0.6
binding_go/p9_dtx3l_xl_h20 rep-1,intra,dtx3l,KH1,dtx3l,DTC,1,307,307,1.629,1.63,9.74,9.74,9.32,0.55
binding_go/p9_dtx3l_xl_h20 rep-1,intra,dtx3l,KH2,dtx3l,KH3,1,307,307,83.388,83.39,0.8,0.8,0.75,0.55
binding_go/p9_dtx3l_xl_h20 rep-1,intra,dtx3l,KH2,dtx3l,KH4,1,307,307,0.977,0.98,3.51,3.51,3.57,0.71
binding_go/p9_dtx3l_xl_h20 rep-1,intra,dtx3l,KH2,dtx3l,KH5,1,307,307,2.932,2.93,4.93,4.93,5.01,0.58
binding_go/p9_dtx3l_xl_h20 rep-1,intra,dtx3l,KH2,dtx3l,RING,1,307,307,1.629,1.63,7.41,7.41,7.23,0.64
binding_go/p9_dtx3l_xl_h20 rep-1,intra,dtx3l,KH2,dtx3l,DTC,1,307,307,2.932,2.93,8.1,8.1,7.86,0.57
binding_go/p9_dtx3l_xl_h20 rep-1,intra,dtx3l,KH3,dtx3l,KH4,1,307,307,29.967,29.97,1.42,1.42,1.3,0.54
binding_go/p9_dtx3l_xl_h20 rep-1,intra,dtx3l,KH3,dtx3l,KH5,1,307,307,8.143,8.14,3.25,3.25,3.35,0.51
binding_go/p9_dtx3l_xl_h20 rep-1,intra,dtx3l,KH3,dtx3l,RING,1,307,307,1.629,1.63,6.3,6.3,6.12,0.67
binding_go/p9_dtx3l_xl_h20 rep-1,intra,dtx3l,KH3,dtx3l,DTC,1,307,307,3.583,3.58,7.1,7.1,7.14,0.5
binding_go/p9_dtx3l_xl_h20 rep-1,intra,dtx3l,KH4,dtx3l,KH5,1,307,307,94.137,94.14,0.73,0.73,0.7,0.49
binding_go/p9_dtx3l_xl_h20 rep-1,intra,dtx3l,KH4,dtx3l,RING,1,307,307,1.629,1.63,4.76,4.76,4.77,0.55
binding_go/p9_dtx3l_xl_h20 rep-1,intra,dtx3l,KH4,dtx3l,DTC,1,307,307,4.886,4.89,5.81,5.81,5.78,0.57
binding_go/p9_dtx3l_xl_h20 rep-1,intra,dtx3l,KH5,dtx3l,RING,1,307,307,5.537,5.54,3.65,3.65,3.6,0.57
binding_go/p9_dtx3l_xl_h20 rep-1,intra,dtx3l,KH5,dtx3l,DTC,1,307,307,4.56,4.56,4.95,4.95,4.92,0.62
binding_go/p9_dtx3l_xl_h20 rep-1,intra,dtx3l,RING,dtx3l,DTC,1,307,307,100.0,100.0,0.37,0.37,0.37,0.32
binding_go/p9_dtx3l_xl_h20 rep-1,inter,parp9,1/2KH1a,dtx3l,RRM,1,307,300,0.0,0.0,9.66,9.65,9.35,1.06
binding_go/p9_dtx3l_xl_h20 rep-1,inter,parp9,1/2KH1a,dtx3l,KH1,1,307,300,0.0,0.0,7.11,7.11,7.1,1.05
binding_go/p9_dtx3l_xl_h20 rep-1,inter,parp9,1/2KH1a,dtx3l,KH2,1,307,300,1.954,2.0,4.86,4.84,4.84,0.68
binding_go/p9_dtx3l_xl_h20 rep-1,inter,parp9,1/2KH1a,dtx3l,KH3,1,307,300,4.56,4.67,3.44,3.42,3.55,0.5
binding_go/p9_dtx3l_xl_h20 rep-1,inter,parp9,1/2KH1a,dtx3l,KH4,1,307,300,1.954,2.0,3.29,3.26,3.27,0.56
binding_go/p9_dtx3l_xl_h20 rep-1,inter,parp9,1/2KH1a,dtx3l,KH5,1,307,300,5.212,5.33,4.35,4.29,4.23,0.57
binding_go/p9_dtx3l_xl_h20 rep-1,inter,parp9,1/2KH1a,dtx3l,RING,1,307,300,1.303,1.33,6.78,6.66,6.42,0.87
binding_go/p9_dtx3l_xl_h20 rep-1,inter,parp9,1/2KH1a,dtx3l,DTC,1,307,300,1.303,1.33,7.38,7.25,7.1,0.57
binding_go/p9_dtx3l_xl_h20 rep-1,inter,parp9,MD1,dtx3l,RRM,1,307,300,0.651,0.67,10.09,10.06,9.97,0.71
binding_go/p9_dtx3l_xl_h20 rep-1,inter,parp9,MD1,dtx3l,KH1,1,307,300,1.954,2.0,7.87,7.86,8.22,0.57
binding_go/p9_dtx3l_xl_h20 rep-1,inter,parp9,MD1,dtx3l,KH2,1,307,300,3.909,4.0,5.86,5.84,5.83,0.56
binding_go/p9_dtx3l_xl_h20 rep-1,inter,parp9,MD1,dtx3l,KH3,1,307,300,4.56,4.67,4.76,4.74,4.96,0.58
binding_go/p9_dtx3l_xl_h20 rep-1,inter,parp9,MD1,dtx3l,KH4,1,307,300,3.257,3.33,4.59,4.56,4.87,0.53
binding_go/p9_dtx3l_xl_h20 rep-1,inter,parp9,MD1,dtx3l,KH5,1,307,300,2.606,2.67,5.45,5.39,5.42,0.53
binding_go/p9_dtx3l_xl_h20 rep-1,inter,parp9,MD1,dtx3l,RING,1,307,300,1.954,2.0,7.24,7.11,7.03,0.53
binding_go/p9_dtx3l_xl_h20 rep-1,inter,parp9,MD1,dtx3l,DTC,1,307,300,5.537,5.67,7.6,7.46,7.11,0.5
binding_go/p9_dtx3l_xl_h20 rep-1,inter,parp9,MD2,dtx3l,RRM,1,307,300,0.977,1.0,10.34,10.33,10.19,0.63
binding_go/p9_dtx3l_xl_h20 rep-1,inter,parp9,MD2,dtx3l,KH1,1,307,300,1.954,2.0,8.34,8.35,8.32,0.55
binding_go/p9_dtx3l_xl_h20 rep-1,inter,parp9,MD2,dtx3l,KH2,1,307,300,3.257,3.33,6.39,6.39,6.38,0.57
binding_go/p9_dtx3l_xl_h20 rep-1,inter,parp9,MD2,dtx3l,KH3,1,307,300,1.954,2.0,5.3,5.29,5.32,0.57
binding_go/p9_dtx3l_xl_h20 rep-1,inter,parp9,MD2,dtx3l,KH4,1,307,300,2.28,2.33,5.13,5.1,5.04,0.58
binding_go/p9_dtx3l_xl_h20 rep-1,inter,parp9,MD2,dtx3l,KH5,1,307,300,1.303,1.33,6.07,6.02,5.94,0.74
binding_go/p9_dtx3l_xl_h20 rep-1,inter,parp9,MD2,dtx3l,RING,1,307,300,2.606,2.67,7.9,7.8,7.85,0.57
binding_go/p9_dtx3l_xl_h20 rep-1,inter,parp9,MD2,dtx3l,DTC,1,307,300,3.583,3.67,8.24,8.13,7.93,0.52
binding_go/p9_dtx3l_xl_h20 rep-1,inter,parp9,1/2KH1b,dtx3l,RRM,1,307,300,0.0,0.0,9.77,9.76,9.38,1.02
binding_go/p9_dtx3l_xl_h20 rep-1,inter,parp9,1/2KH1b,dtx3l,KH1,1,307,300,0.326,0.33,7.2,7.2,7.09,0.66
binding_go/p9_dtx3l_xl_h20 rep-1,inter,parp9,1/2KH1b,dtx3l,KH2,1,307,300,1.954,2.0,4.91,4.89,4.91,0.6
binding_go/p9_dtx3l_xl_h20 rep-1,inter,parp9,1/2KH1b,dtx3l,KH3,1,307,300,4.56,4.67,3.4,3.38,3.43,0.61
binding_go/p9_dtx3l_xl_h20 rep-1,inter,parp9,1/2KH1b,dtx3l,KH4,1,307,300,0.977,1.0,3.34,3.32,3.36,0.73
binding_go/p9_dtx3l_xl_h20 rep-1,inter,parp9,1/2KH1b,dtx3l,KH5,1,307,300,3.909,4.0,4.41,4.36,4.49,0.62
binding_go/p9_dtx3l_xl_h20 rep-1,inter,parp9,1/2KH1b,dtx3l,RING,1,307,300,1.303,1.33,6.89,6.79,6.53,0.53
binding_go/p9_dtx3l_xl_h20 rep-1,inter,parp9,1/2KH1b,dtx3l,DTC,1,307,300,1.303,1.33,7.52,7.4,7.17,0.53
binding_go/p9_dtx3l_xl_h20 rep-1,inter,parp9,KH2,dtx3l,RRM,1,307,300,0.977,1.0,8.69,8.66,8.43,0.6
binding_go/p9_dtx3l_xl_h20 rep-1,inter,parp9,KH2,dtx3l,KH1,1,307,300,1.954,2.0,5.9,5.89,5.91,0.58
binding_go/p9_dtx3l_xl_h20 rep-1,inter,parp9,KH2,dtx3l,KH2,1,307,300,3.257,3.33,3.3,3.29,3.33,0.52
binding_go/p9_dtx3l_xl_h20 rep-1,inter,parp9,KH2,dtx3l,KH3,1,307,300,39.739,40.67,1.32,1.31,1.22,0.5
binding_go/p9_dtx3l_xl_h20 rep-1,inter,parp9,KH2,dtx3l,KH4,1,307,300,89.577,91.67,0.75,0.73,0.66,0.5
binding_go/p9_dtx3l_xl_h20 rep-1,inter,parp9,KH2,dtx3l,KH5,1,307,300,18.893,19.33,2.02,2.0,1.98,0.52
binding_go/p9_dtx3l_xl_h20 rep-1,inter,parp9,KH2,dtx3l,RING,1,307,300,3.583,3.67,5.29,5.23,5.25,0.56
binding_go/p9_dtx3l_xl_h20 rep-1,inter,parp9,KH2,dtx3l,DTC,1,307,300,5.212,5.33,6.13,6.05,6.19,0.55
binding_go/p9_dtx3l_xl_h20 rep-1,inter,parp9,ART,dtx3l,RRM,1,307,300,0.326,0.33,9.71,9.64,9.72,0.64
binding_go/p9_dtx3l_xl_h20 rep-1,inter,parp9,ART,dtx3l,KH1,1,307,300,1.303,1.33,7.33,7.29,7.23,0.55
binding_go/p9_dtx3l_xl_h20 rep-1,inter,parp9,ART,dtx3l,KH2,1,307,300,5.212,5.33,5.17,5.14,5.19,0.55
binding_go/p9_dtx3l_xl_h20 rep-1,inter,parp9,ART,dtx3l,KH3,1,307,300,9.121,9.33,3.67,3.64,3.61,0.53
binding_go/p9_dtx3l_xl_h20 rep-1,inter,parp9,ART,dtx3l,KH4,1,307,300,19.544,20.0,2.09,2.07,2.0,0.5
binding_go/p9_dtx3l_xl_h20 rep-1,inter,parp9,ART,dtx3l,KH5,1,307,300,13.029,13.33,3.14,3.15,3.14,0.55
binding_go/p9_dtx3l_xl_h20 rep-1,inter,parp9,ART,dtx3l,RING,1,307,300,2.606,2.67,5.94,5.92,5.89,0.64
binding_go/p9_dtx3l_xl_h20 rep-1,inter,parp9,ART,dtx3l,DTC,1,307,300,3.909,4.0,6.61,6.57,6.41,0.51
binding_go/p9_dtx3l_xl_h20 rep-2,intra,parp9,1/2KH1a,parp9,MD1,1,307,307,36.156,36.16,1.43,1.43,1.36,0.53
binding_go/p9_dtx3l_xl_h20 rep-2,intra,parp9,1/2KH1a,parp9,MD2,1,307,307,11.401,11.4,2.38,2.38,2.34,0.55
binding_go/p9_dtx3l_xl_h20 rep-2,intra,parp9,1/2KH1a,parp9,1/2KH1b,1,307,307,100.0,100.0,0.33,0.33,0.33,0.18
binding_go/p9_dtx3l_xl_h20 rep-2,intra,parp9,1/2KH1a,parp9,KH2,1,307,307,40.065,40.07,1.21,1.21,1.14,0.52
binding_go/p9_dtx3l_xl_h20 rep-2,intra,parp9,1/2KH1a,parp9,ART,1,307,307,4.56,4.56,4.5,4.5,4.58,0.55
binding_go/p9_dtx3l_xl_h20 rep-2,intra,parp9,MD1,parp9,MD2,1,307,307,42.997,43.0,1.36,1.36,1.18,0.48
binding_go/p9_dtx3l_xl_h20 rep-2,intra,parp9,MD1,parp9,1/2KH1b,1,307,307,16.938,16.94,1.83,1.83,1.8,0.53
binding_go/p9_dtx3l_xl_h20 rep-2,intra,parp9,MD1,parp9,KH2,1,307,307,11.075,11.07,2.89,2.89,3.02,0.54
binding_go/p9_dtx3l_xl_h20 rep-2,intra,parp9,MD1,parp9,ART,1,307,307,4.56,4.56,5.37,5.37,5.49,0.52
binding_go/p9_dtx3l_xl_h20 rep-2,intra,parp9,MD2,parp9,1/2KH1b,1,307,307,9.446,9.45,2.69,2.69,2.61,0.48
binding_go/p9_dtx3l_xl_h20 rep-2,intra,parp9,MD2,parp9,KH2,1,307,307,11.075,11.07,3.5,3.5,3.58,0.5
binding_go/p9_dtx3l_xl_h20 rep-2,intra,parp9,MD2,parp9,ART,1,307,307,6.515,6.51,5.79,5.79,5.84,0.54
binding_go/p9_dtx3l_xl_h20 rep-2,intra,parp9,1/2KH1b,parp9,KH2,1,307,307,55.375,55.37,0.97,0.97,0.95,0.53
binding_go/p9_dtx3l_xl_h20 rep-2,intra,parp9,1/2KH1b,parp9,ART,1,307,307,4.235,4.23,4.5,4.5,4.58,0.54
binding_go/p9_dtx3l_xl_h20 rep-2,intra,parp9,KH2,parp9,ART,1,307,307,23.779,23.78,1.95,1.95,1.81,0.54
binding_go/p9_dtx3l_xl_h20 rep-2,intra,dtx3l,RRM,dtx3l,KH1,1,307,307,17.264,17.26,3.13,3.13,3.03,0.51
binding_go/p9_dtx3l_xl_h20 rep-2,intra,dtx3l,RRM,dtx3l,KH2,1,307,307,1.629,1.63,6.48,6.48,6.33,0.6
binding_go/p9_dtx3l_xl_h20 rep-2,intra,dtx3l,RRM,dtx3l,KH3,1,307,307,0.651,0.65,7.43,7.43,7.4,0.71
binding_go/p9_dtx3l_xl_h20 rep-2,intra,dtx3l,RRM,dtx3l,KH4,1,307,307,0.326,0.33,8.7,8.7,8.49,0.72
binding_go/p9_dtx3l_xl_h20 rep-2,intra,dtx3l,RRM,dtx3l,KH5,1,307,307,0.326,0.33,9.6,9.6,9.35,0.75
binding_go/p9_dtx3l_xl_h20 rep-2,intra,dtx3l,RRM,dtx3l,RING,1,307,307,0.0,0.0,11.27,11.27,11.32,1.24
binding_go/p9_dtx3l_xl_h20 rep-2,intra,dtx3l,RRM,dtx3l,DTC,1,307,307,0.977,0.98,11.36,11.36,11.21,0.66
binding_go/p9_dtx3l_xl_h20 rep-2,intra,dtx3l,KH1,dtx3l,KH2,1,307,307,7.166,7.17,3.25,3.25,3.17,0.56
binding_go/p9_dtx3l_xl_h20 rep-2,intra,dtx3l,KH1,dtx3l,KH3,1,307,307,3.583,3.58,4.41,4.41,4.19,0.54
binding_go/p9_dtx3l_xl_h20 rep-2,intra,dtx3l,KH1,dtx3l,KH4,1,307,307,1.629,1.63,6.16,6.16,6.06,0.59
binding_go/p9_dtx3l_xl_h20 rep-2,intra,dtx3l,KH1,dtx3l,KH5,1,307,307,2.606,2.61,7.28,7.28,7.3,0.61
binding_go/p9_dtx3l_xl_h20 rep-2,intra,dtx3l,KH1,dtx3l,RING,1,307,307,1.954,1.95,9.35,9.35,9.27,0.54
binding_go/p9_dtx3l_xl_h20 rep-2,intra,dtx3l,KH1,dtx3l,DTC,1,307,307,2.932,2.93,9.66,9.66,9.36,0.52
binding_go/p9_dtx3l_xl_h20 rep-2,intra,dtx3l,KH2,dtx3l,KH3,1,307,307,83.388,83.39,0.81,0.81,0.77,0.55
binding_go/p9_dtx3l_xl_h20 rep-2,intra,dtx3l,KH2,dtx3l,KH4,1,307,307,2.28,2.28,3.52,3.52,3.69,0.63
binding_go/p9_dtx3l_xl_h20 rep-2,intra,dtx3l,KH2,dtx3l,KH5,1,307,307,4.235,4.23,4.96,4.96,5.19,0.56
binding_go/p9_dtx3l_xl_h20 rep-2,intra,dtx3l,KH2,dtx3l,RING,1,307,307,0.651,0.65,7.68,7.68,7.79,0.53
binding_go/p9_dtx3l_xl_h20 rep-2,intra,dtx3l,KH2,dtx3l,DTC,1,307,307,3.583,3.58,8.25,8.25,8.19,0.55
binding_go/p9_dtx3l_xl_h20 rep-2,intra,dtx3l,KH3,dtx3l,KH4,1,307,307,30.945,30.94,1.47,1.47,1.36,0.52
binding_go/p9_dtx3l_xl_h20 rep-2,intra,dtx3l,KH3,dtx3l,KH5,1,307,307,6.84,6.84,3.24,3.24,3.34,0.55
binding_go/p9_dtx3l_xl_h20 rep-2,intra,dtx3l,KH3,dtx3l,RING,1,307,307,0.326,0.33,6.61,6.61,6.75,0.71
binding_go/p9_dtx3l_xl_h20 rep-2,intra,dtx3l,KH3,dtx3l,DTC,1,307,307,2.606,2.61,7.33,7.33,7.49,0.6
binding_go/p9_dtx3l_xl_h20 rep-2,intra,dtx3l,KH4,dtx3l,KH5,1,307,307,94.463,94.46,0.74,0.74,0.72,0.49
binding_go/p9_dtx3l_xl_h20 rep-2,intra,dtx3l,KH4,dtx3l,RING,1,307,307,2.606,2.61,4.94,4.94,4.76,0.62
binding_go/p9_dtx3l_xl_h20 rep-2,intra,dtx3l,KH4,dtx3l,DTC,1,307,307,4.235,4.23,5.87,5.87,5.95,0.56
binding_go/p9_dtx3l_xl_h20 rep-2,intra,dtx3l,KH5,dtx3l,RING,1,307,307,5.537,5.54,3.91,3.91,3.94,0.6
binding_go/p9_dtx3l_xl_h20 rep-2,intra,dtx3l,KH5,dtx3l,DTC,1,307,307,4.235,4.23,4.99,4.99,4.99,0.55
binding_go/p9_dtx3l_xl_h20 rep-2,intra,dtx3l,RING,dtx3l,DTC,1,307,307,100.0,100.0,0.37,0.37,0.37,0.32
binding_go/p9_dtx3l_xl_h20 rep-2,inter,parp9,1/2KH1a,dtx3l,RRM,1,307,301,1.303,1.33,9.31,9.3,8.65,0.62
binding_go/p9_dtx3l_xl_h20 rep-2,inter,parp9,1/2KH1a,dtx3l,KH1,1,307,301,1.954,1.99,6.9,6.89,6.93,0.63
binding_go/p9_dtx3l_xl_h20 rep-2,inter,parp9,1/2KH1a,dtx3l,KH2,1,307,301,1.954,1.99,4.92,4.91,4.99,0.59
binding_go/p9_dtx3l_xl_h20 rep-2,inter,parp9,1/2KH1a,dtx3l,KH3,1,307,301,4.886,4.98,3.36,3.35,3.35,0.57
binding_go/p9_dtx3l_xl_h20 rep-2,inter,parp9,1/2KH1a,dtx3l,KH4,1,307,301,1.303,1.33,3.43,3.41,3.41,0.69
binding_go/p9_dtx3l_xl_h20 rep-2,inter,parp9,1/2KH1a,dtx3l,KH5,1,307,301,3.909,3.99,4.53,4.49,4.59,0.61
binding_go/p9_dtx3l_xl_h20 rep-2,inter,parp9,1/2KH1a,dtx3l,RING,1,307,301,1.629,1.66,7.78,7.72,7.57,0.55
binding_go/p9_dtx3l_xl_h20 rep-2,inter,parp9,1/2KH1a,dtx3l,DTC,1,307,301,1.303,1.33,8.47,8.39,8.4,0.69
binding_go/p9_dtx3l_xl_h20 rep-2,inter,parp9,MD1,dtx3l,RRM,1,307,301,2.932,2.99,9.54,9.53,9.27,0.56
binding_go/p9_dtx3l_xl_h20 rep-2,inter,parp9,MD1,dtx3l,KH1,1,307,301,3.583,3.65,7.49,7.47,7.47,0.57
binding_go/p9_dtx3l_xl_h20 rep-2,inter,parp9,MD1,dtx3l,KH2,1,307,301,3.257,3.32,5.84,5.84,5.91,0.56
binding_go/p9_dtx3l_xl_h20 rep-2,inter,parp9,MD1,dtx3l,KH3,1,307,301,2.932,2.99,4.64,4.64,4.48,0.52
binding_go/p9_dtx3l_xl_h20 rep-2,inter,parp9,MD1,dtx3l,KH4,1,307,301,2.932,2.99,4.75,4.73,4.83,0.57
binding_go/p9_dtx3l_xl_h20 rep-2,inter,parp9,MD1,dtx3l,KH5,1,307,301,2.606,2.66,5.54,5.49,5.52,0.57
binding_go/p9_dtx3l_xl_h20 rep-2,inter,parp9,MD1,dtx3l,RING,1,307,301,1.303,1.33,8.24,8.17,8.06,0.62
binding_go/p9_dtx3l_xl_h20 rep-2,inter,parp9,MD1,dtx3l,DTC,1,307,301,4.56,4.65,8.82,8.72,8.82,0.55
binding_go/p9_dtx3l_xl_h20 rep-2,inter,parp9,MD2,dtx3l,RRM,1,307,301,0.977,1.0,10.02,10.01,9.75,0.56
binding_go/p9_dtx3l_xl_h20 rep-2,inter,parp9,MD2,dtx3l,KH1,1,307,301,0.977,1.0,8.03,8.04,7.95,0.59
binding_go/p9_dtx3l_xl_h20 rep-2,inter,parp9,MD2,dtx3l,KH2,1,307,301,1.629,1.66,6.5,6.51,6.48,0.6
binding_go/p9_dtx3l_xl_h20 rep-2,inter,parp9,MD2,dtx3l,KH3,1,307,301,2.606,2.66,5.36,5.36,5.28,0.53
binding_go/p9_dtx3l_xl_h20 rep-2,inter,parp9,MD2,dtx3l,KH4,1,307,301,3.257,3.32,5.31,5.29,5.48,0.63
binding_go/p9_dtx3l_xl_h20 rep-2,inter,parp9,MD2,dtx3l,KH5,1,307,301,3.909,3.99,6.15,6.11,6.25,0.54
binding_go/p9_dtx3l_xl_h20 rep-2,inter,parp9,MD2,dtx3l,RING,1,307,301,1.629,1.66,8.74,8.68,8.58,0.55
binding_go/p9_dtx3l_xl_h20 rep-2,inter,parp9,MD2,dtx3l,DTC,1,307,301,2.28,2.33,9.36,9.27,8.95,0.54
binding_go/p9_dtx3l_xl_h20 rep-2,inter,parp9,1/2KH1b,dtx3l,RRM,1,307,301,1.303,1.33,9.42,9.4,8.89,0.62
binding_go/p9_dtx3l_xl_h20 rep-2,inter,parp9,1/2KH1b,dtx3l,KH1,1,307,301,0.977,1.0,7.01,6.99,6.83,0.63
binding_go/p9_dtx3l_xl_h20 rep-2,inter,parp9,1/2KH1b,dtx3l,KH2,1,307,301,1.629,1.66,4.96,4.95,5.08,0.65
binding_go/p9_dtx3l_xl_h20 rep-2,inter,parp9,1/2KH1b,dtx3l,KH3,1,307,301,5.863,5.98,3.35,3.33,3.33,0.54
binding_go/p9_dtx3l_xl_h20 rep-2,inter,parp9,1/2KH1b,dtx3l,KH4,1,307,301,0.651,0.66,3.42,3.4,3.45,0.77
binding_go/p9_dtx3l_xl_h20 rep-2,inter,parp9,1/2KH1b,dtx3l,KH5,1,307,301,2.606,2.66,4.53,4.49,4.61,0.56
binding_go/p9_dtx3l_xl_h20 rep-2,inter,parp9,1/2KH1b,dtx3l,RING,1,307,301,0.977,1.0,7.88,7.82,7.84,0.59
binding_go/p9_dtx3l_xl_h20 rep-2,inter,parp9,1/2KH1b,dtx3l,DTC,1,307,301,0.651,0.66,8.6,8.52,8.82,0.72
binding_go/p9_dtx3l_xl_h20 rep-2,inter,parp9,KH2,dtx3l,RRM,1,307,301,0.977,1.0,8.4,8.38,8.21,0.5
binding_go/p9_dtx3l_xl_h20 rep-2,inter,parp9,KH2,dtx3l,KH1,1,307,301,2.606,2.66,5.87,5.86,5.84,0.56
binding_go/p9_dtx3l_xl_h20 rep-2,inter,parp9,KH2,dtx3l,KH2,1,307,301,2.28,2.33,3.35,3.35,3.44,0.65
binding_go/p9_dtx3l_xl_h20 rep-2,inter,parp9,KH2,dtx3l,KH3,1,307,301,35.179,35.88,1.35,1.34,1.32,0.52
binding_go/p9_dtx3l_xl_h20 rep-2,inter,parp9,KH2,dtx3l,KH4,1,307,301,87.296,89.04,0.75,0.75,0.66,0.5
binding_go/p9_dtx3l_xl_h20 rep-2,inter,parp9,KH2,dtx3l,KH5,1,307,301,21.498,21.93,2.01,1.99,1.96,0.52
binding_go/p9_dtx3l_xl_h20 rep-2,inter,parp9,KH2,dtx3l,RING,1,307,301,0.651,0.66,5.78,5.73,5.59,0.76
binding_go/p9_dtx3l_xl_h20 rep-2,inter,parp9,KH2,dtx3l,DTC,1,307,301,0.977,1.0,6.62,6.55,6.51,0.61
binding_go/p9_dtx3l_xl_h20 rep-2,inter,parp9,ART,dtx3l,RRM,1,307,301,1.303,1.33,9.57,9.5,9.36,0.6
binding_go/p9_dtx3l_xl_h20 rep-2,inter,parp9,ART,dtx3l,KH1,1,307,301,2.28,2.33,7.5,7.44,7.25,0.58
binding_go/p9_dtx3l_xl_h20 rep-2,inter,parp9,ART,dtx3l,KH2,1,307,301,3.909,3.99,5.48,5.45,5.54,0.54
binding_go/p9_dtx3l_xl_h20 rep-2,inter,parp9,ART,dtx3l,KH3,1,307,301,6.84,6.98,3.95,3.93,3.91,0.49
binding_go/p9_dtx3l_xl_h20 rep-2,inter,parp9,ART,dtx3l,KH4,1,307,301,17.264,17.61,2.15,2.15,2.01,0.53
binding_go/p9_dtx3l_xl_h20 rep-2,inter,parp9,ART,dtx3l,KH5,1,307,301,10.098,10.3,3.0,2.98,2.83,0.51
binding_go/p9_dtx3l_xl_h20 rep-2,inter,parp9,ART,dtx3l,RING,1,307,301,1.629,1.66,6.05,6.01,5.98,0.56
binding_go/p9_dtx3l_xl_h20 rep-2,inter,parp9,ART,dtx3l,DTC,1,307,301,5.863,5.98,6.81,6.76,6.8,0.55
binding_go/p9_dtx3l_xl_h20 rep-3,intra,parp9,1/2KH1a,parp9,MD1,1,307,307,37.134,37.13,1.42,1.42,1.29,0.51
binding_go/p9_dtx3l_xl_h20 rep-3,intra,parp9,1/2KH1a,parp9,MD2,1,307,307,14.658,14.66,2.29,2.29,2.21,0.57
binding_go/p9_dtx3l_xl_h20 rep-3,intra,parp9,1/2KH1a,parp9,1/2KH1b,1,307,307,100.0,100.0,0.33,0.33,0.33,0.19
binding_go/p9_dtx3l_xl_h20 rep-3,intra,parp9,1/2KH1a,parp9,KH2,1,307,307,40.391,40.39,1.21,1.21,1.17,0.51
binding_go/p9_dtx3l_xl_h20 rep-3,intra,parp9,1/2KH1a,parp9,ART,1,307,307,5.212,5.21,4.57,4.57,4.59,0.53
binding_go/p9_dtx3l_xl_h20 rep-3,intra,parp9,MD1,parp9,MD2,1,307,307,41.694,41.69,1.31,1.31,1.16,0.49
binding_go/p9_dtx3l_xl_h20 rep-3,intra,parp9,MD1,parp9,1/2KH1b,1,307,307,17.264,17.26,1.8,1.8,1.77,0.57
binding_go/p9_dtx3l_xl_h20 rep-3,intra,parp9,MD1,parp9,KH2,1,307,307,9.446,9.45,2.92,2.92,2.99,0.53
binding_go/p9_dtx3l_xl_h20 rep-3,intra,parp9,MD1,parp9,ART,1,307,307,4.235,4.23,5.6,5.6,5.51,0.51
binding_go/p9_dtx3l_xl_h20 rep-3,intra,parp9,MD2,parp9,1/2KH1b,1,307,307,9.121,9.12,2.63,2.63,2.58,0.56
binding_go/p9_dtx3l_xl_h20 rep-3,intra,parp9,MD2,parp9,KH2,1,307,307,10.098,10.1,3.44,3.44,3.5,0.48
binding_go/p9_dtx3l_xl_h20 rep-3,intra,parp9,MD2,parp9,ART,1,307,307,4.235,4.23,6.06,6.06,6.13,0.52
binding_go/p9_dtx3l_xl_h20 rep-3,intra,parp9,1/2KH1b,parp9,KH2,1,307,307,57.98,57.98,0.94,0.94,0.91,0.5
binding_go/p9_dtx3l_xl_h20 rep-3,intra,parp9,1/2KH1b,parp9,ART,1,307,307,4.886,4.89,4.55,4.55,4.63,0.62
binding_go/p9_dtx3l_xl_h20 rep-3,intra,parp9,KH2,parp9,ART,1,307,307,23.453,23.45,1.92,1.92,1.86,0.53
binding_go/p9_dtx3l_xl_h20 rep-3,intra,dtx3l,RRM,dtx3l,KH1,1,307,307,12.378,12.38,3.43,3.43,3.3,0.59
binding_go/p9_dtx3l_xl_h20 rep-3,intra,dtx3l,RRM,dtx3l,KH2,1,307,307,1.303,1.3,6.71,6.71,6.61,0.58
binding_go/p9_dtx3l_xl_h20 rep-3,intra,dtx3l,RRM,dtx3l,KH3,1,307,307,0.651,0.65,7.66,7.66,7.45,0.59
binding_go/p9_dtx3l_xl_h20 rep-3,intra,dtx3l,RRM,dtx3l,KH4,1,307,307,0.326,0.33,8.99,8.99,8.79,0.92
binding_go/p9_dtx3l_xl_h20 rep-3,intra,dtx3l,RRM,dtx3l,KH5,1,307,307,0.651,0.65,10.02,10.02,10.01,0.69
binding_go/p9_dtx3l_xl_h20 rep-3,intra,dtx3l,RRM,dtx3l,RING,1,307,307,0.326,0.33,11.9,11.9,11.93,0.96
binding_go/p9_dtx3l_xl_h20 rep-3,intra,dtx3l,RRM,dtx3l,DTC,1,307,307,1.303,1.3,12.08,12.08,12.57,0.66
binding_go/p9_dtx3l_xl_h20 rep-3,intra,dtx3l,KH1,dtx3l,KH2,1,307,307,9.772,9.77,3.01,3.01,2.93,0.54
binding_go/p9_dtx3l_xl_h20 rep-3,intra,dtx3l,KH1,dtx3l,KH3,1,307,307,3.909,3.91,4.39,4.39,4.27,0.53
binding_go/p9_dtx3l_xl_h20 rep-3,intra,dtx3l,KH1,dtx3l,KH4,1,307,307,1.629,1.63,6.15,6.15,5.97,0.56
binding_go/p9_dtx3l_xl_h20 rep-3,intra,dtx3l,KH1,dtx3l,KH5,1,307,307,1.954,1.95,7.34,7.34,7.37,0.64
binding_go/p9_dtx3l_xl_h20 rep-3,intra,dtx3l,KH1,dtx3l,RING,1,307,307,0.326,0.33,9.51,9.51,9.66,0.69
binding_go/p9_dtx3l_xl_h20 rep-3,intra,dtx3l,KH1,dtx3l,DTC,1,307,307,1.303,1.3,9.96,9.96,10.25,0.61
binding_go/p9_dtx3l_xl_h20 rep-3,intra,dtx3l,KH2,dtx3l,KH3,1,307,307,84.691,84.69,0.8,0.8,0.76,0.52
binding_go/p9_dtx3l_xl_h20 rep-3,intra,dtx3l,KH2,dtx3l,KH4,1,307,307,2.932,2.93,3.28,3.28,3.38,0.61
binding_go/p9_dtx3l_xl_h20 rep-3,intra,dtx3l,KH2,dtx3l,KH5,1,307,307,2.28,2.28,4.82,4.82,5.04,0.6
binding_go/p9_dtx3l_xl_h20 rep-3,intra,dtx3l,KH2,dtx3l,RING,1,307,307,1.303,1.3,7.26,7.26,7.48,0.55
binding_go/p9_dtx3l_xl_h20 rep-3,intra,dtx3l,KH2,dtx3l,DTC,1,307,307,3.583,3.58,7.88,7.88,7.96,0.51
binding_go/p9_dtx3l_xl_h20 rep-3,intra,dtx3l,KH3,dtx3l,KH4,1,307,307,38.111,38.11,1.34,1.34,1.21,0.54
binding_go/p9_dtx3l_xl_h20 rep-3,intra,dtx3l,KH3,dtx3l,KH5,1,307,307,6.515,6.51,3.2,3.2,3.33,0.51
binding_go/p9_dtx3l_xl_h20 rep-3,intra,dtx3l,KH3,dtx3l,RING,1,307,307,0.651,0.65,6.21,6.21,6.06,0.87
binding_go/p9_dtx3l_xl_h20 rep-3,intra,dtx3l,KH3,dtx3l,DTC,1,307,307,2.932,2.93,6.98,6.98,6.96,0.58
binding_go/p9_dtx3l_xl_h20 rep-3,intra,dtx3l,KH4,dtx3l,KH5,1,307,307,92.508,92.51,0.74,0.74,0.71,0.51
binding_go/p9_dtx3l_xl_h20 rep-3,intra,dtx3l,KH4,dtx3l,RING,1,307,307,4.235,4.23,4.71,4.71,4.8,0.57
binding_go/p9_dtx3l_xl_h20 rep-3,intra,dtx3l,KH4,dtx3l,DTC,1,307,307,3.583,3.58,5.77,5.77,5.58,0.54
binding_go/p9_dtx3l_xl_h20 rep-3,intra,dtx3l,KH5,dtx3l,RING,1,307,307,6.515,6.51,3.71,3.71,3.59,0.56
binding_go/p9_dtx3l_xl_h20 rep-3,intra,dtx3l,KH5,dtx3l,DTC,1,307,307,5.212,5.21,4.94,4.94,4.76,0.58
binding_go/p9_dtx3l_xl_h20 rep-3,intra,dtx3l,RING,dtx3l,DTC,1,307,307,100.0,100.0,0.37,0.37,0.37,0.32
binding_go/p9_dtx3l_xl_h20 rep-3,inter,parp9,1/2KH1a,dtx3l,RRM,1,307,307,0.651,0.65,9.7,9.7,9.62,0.91
binding_go/p9_dtx3l_xl_h20 rep-3,inter,parp9,1/2KH1a,dtx3l,KH1,1,307,307,0.977,0.98,7.28,7.28,7.21,0.63
binding_go/p9_dtx3l_xl_h20 rep-3,inter,parp9,1/2KH1a,dtx3l,KH2,1,307,307,2.932,2.93,4.84,4.84,5.03,0.65
binding_go/p9_dtx3l_xl_h20 rep-3,inter,parp9,1/2KH1a,dtx3l,KH3,1,307,307,5.212,5.21,3.39,3.39,3.5,0.51
binding_go/p9_dtx3l_xl_h20 rep-3,inter,parp9,1/2KH1a,dtx3l,KH4,1,307,307,1.629,1.63,3.32,3.32,3.33,0.74
binding_go/p9_dtx3l_xl_h20 rep-3,inter,parp9,1/2KH1a,dtx3l,KH5,1,307,307,2.606,2.61,4.45,4.45,4.66,0.65
binding_go/p9_dtx3l_xl_h20 rep-3,inter,parp9,1/2KH1a,dtx3l,RING,1,307,307,2.28,2.28,6.97,6.97,7.07,0.58
binding_go/p9_dtx3l_xl_h20 rep-3,inter,parp9,1/2KH1a,dtx3l,DTC,1,307,307,3.257,3.26,7.67,7.67,7.65,0.61
binding_go/p9_dtx3l_xl_h20 rep-3,inter,parp9,MD1,dtx3l,RRM,1,307,307,1.954,1.95,10.08,10.08,9.97,0.59
binding_go/p9_dtx3l_xl_h20 rep-3,inter,parp9,MD1,dtx3l,KH1,1,307,307,1.954,1.95,7.91,7.91,7.77,0.64
binding_go/p9_dtx3l_xl_h20 rep-3,inter,parp9,MD1,dtx3l,KH2,1,307,307,4.235,4.23,5.83,5.83,6.02,0.51
binding_go/p9_dtx3l_xl_h20 rep-3,inter,parp9,MD1,dtx3l,KH3,1,307,307,3.257,3.26,4.63,4.63,4.54,0.64
binding_go/p9_dtx3l_xl_h20 rep-3,inter,parp9,MD1,dtx3l,KH4,1,307,307,3.257,3.26,4.61,4.61,4.68,0.55
binding_go/p9_dtx3l_xl_h20 rep-3,inter,parp9,MD1,dtx3l,KH5,1,307,307,4.56,4.56,5.49,5.49,5.45,0.5
binding_go/p9_dtx3l_xl_h20 rep-3,inter,parp9,MD1,dtx3l,RING,1,307,307,0.977,0.98,7.58,7.58,7.54,0.82
binding_go/p9_dtx3l_xl_h20 rep-3,inter,parp9,MD1,dtx3l,DTC,1,307,307,2.606,2.61,8.23,8.23,7.93,0.59
binding_go/p9_dtx3l_xl_h20 rep-3,inter,parp9,MD2,dtx3l,RRM,1,307,307,1.629,1.63,10.24,10.24,10.19,0.6
binding_go/p9_dtx3l_xl_h20 rep-3,inter,parp9,MD2,dtx3l,KH1,1,307,307,3.909,3.91,8.22,8.22,8.08,0.53
binding_go/p9_dtx3l_xl_h20 rep-3,inter,parp9,MD2,dtx3l,KH2,1,307,307,2.606,2.61,6.25,6.25,6.44,0.55
binding_go/p9_dtx3l_xl_h20 rep-3,inter,parp9,MD2,dtx3l,KH3,1,307,307,3.583,3.58,5.16,5.16,5.17,0.57
binding_go/p9_dtx3l_xl_h20 rep-3,inter,parp9,MD2,dtx3l,KH4,1,307,307,1.629,1.63,5.21,5.21,5.26,0.58
binding_go/p9_dtx3l_xl_h20 rep-3,inter,parp9,MD2,dtx3l,KH5,1,307,307,1.629,1.63,6.15,6.15,6.11,0.65
binding_go/p9_dtx3l_xl_h20 rep-3,inter,parp9,MD2,dtx3l,RING,1,307,307,1.629,1.63,8.17,8.17,8.14,0.62
binding_go/p9_dtx3l_xl_h20 rep-3,inter,parp9,MD2,dtx3l,DTC,1,307,307,1.954,1.95,8.73,8.73,8.81,0.58
binding_go/p9_dtx3l_xl_h20 rep-3,inter,parp9,1/2KH1b,dtx3l,RRM,1,307,307,0.0,0.0,9.79,9.79,9.61,1.14
binding_go/p9_dtx3l_xl_h20 rep-3,inter,parp9,1/2KH1b,dtx3l,KH1,1,307,307,0.326,0.33,7.34,7.34,7.28,0.58
binding_go/p9_dtx3l_xl_h20 rep-3,inter,parp9,1/2KH1b,dtx3l,KH2,1,307,307,1.629,1.63,4.86,4.86,5.03,0.56
binding_go/p9_dtx3l_xl_h20 rep-3,inter,parp9,1/2KH1b,dtx3l,KH3,1,307,307,3.909,3.91,3.34,3.34,3.44,0.61
binding_go/p9_dtx3l_xl_h20 rep-3,inter,parp9,1/2KH1b,dtx3l,KH4,1,307,307,1.954,1.95,3.32,3.32,3.41,0.73
binding_go/p9_dtx3l_xl_h20 rep-3,inter,parp9,1/2KH1b,dtx3l,KH5,1,307,307,2.28,2.28,4.52,4.52,4.75,0.74
binding_go/p9_dtx3l_xl_h20 rep-3,inter,parp9,1/2KH1b,dtx3l,RING,1,307,307,0.977,0.98,7.09,7.09,7.08,0.61
binding_go/p9_dtx3l_xl_h20 rep-3,inter,parp9,1/2KH1b,dtx3l,DTC,1,307,307,2.606,2.61,7.78,7.78,8.02,0.57
binding_go/p9_dtx3l_xl_h20 rep-3,inter,parp9,KH2,dtx3l,RRM,1,307,307,1.303,1.3,8.62,8.62,8.47,0.57
binding_go/p9_dtx3l_xl_h20 rep-3,inter,parp9,KH2,dtx3l,KH1,1,307,307,1.629,1.63,5.89,5.89,5.8,0.57
binding_go/p9_dtx3l_xl_h20 rep-3,inter,parp9,KH2,dtx3l,KH2,1,307,307,4.886,4.89,3.17,3.17,3.24,0.56
binding_go/p9_dtx3l_xl_h20 rep-3,inter,parp9,KH2,dtx3l,KH3,1,307,307,37.134,37.13,1.3,1.3,1.28,0.48
binding_go/p9_dtx3l_xl_h20 rep-3,inter,parp9,KH2,dtx3l,KH4,1,307,307,92.182,92.18,0.72,0.72,0.66,0.5
binding_go/p9_dtx3l_xl_h20 rep-3,inter,parp9,KH2,dtx3l,KH5,1,307,307,24.756,24.76,1.97,1.97,1.94,0.54
binding_go/p9_dtx3l_xl_h20 rep-3,inter,parp9,KH2,dtx3l,RING,1,307,307,2.606,2.61,5.15,5.15,4.89,0.56
binding_go/p9_dtx3l_xl_h20 rep-3,inter,parp9,KH2,dtx3l,DTC,1,307,307,4.235,4.23,6.05,6.05,5.89,0.45
binding_go/p9_dtx3l_xl_h20 rep-3,inter,parp9,ART,dtx3l,RRM,1,307,307,1.629,1.63,9.47,9.47,9.53,0.56
binding_go/p9_dtx3l_xl_h20 rep-3,inter,parp9,ART,dtx3l,KH1,1,307,307,3.583,3.58,7.03,7.03,7.06,0.53
binding_go/p9_dtx3l_xl_h20 rep-3,inter,parp9,ART,dtx3l,KH2,1,307,307,3.909,3.91,4.92,4.92,5.06,0.55
binding_go/p9_dtx3l_xl_h20 rep-3,inter,parp9,ART,dtx3l,KH3,1,307,307,8.469,8.47,3.52,3.52,3.56,0.52
binding_go/p9_dtx3l_xl_h20 rep-3,inter,parp9,ART,dtx3l,KH4,1,307,307,21.498,21.5,2.06,2.06,1.95,0.49
binding_go/p9_dtx3l_xl_h20 rep-3,inter,parp9,ART,dtx3l,KH5,1,307,307,10.749,10.75,3.04,3.04,3.04,0.54
binding_go/p9_dtx3l_xl_h20 rep-3,inter,parp9,ART,dtx3l,RING,1,307,307,5.212,5.21,5.72,5.72,5.67,0.51
binding_go/p9_dtx3l_xl_h20 rep-3,inter,parp9,ART,dtx3l,DTC,1,307,307,2.932,2.93,6.45,6.45,6.69,0.57
binding_go/p9_dtx3l_xl_h20 rep-4,intra,parp9,1/2KH1a,parp9,MD1,1,307,307,32.899,32.9,1.44,1.44,1.42,0.54
binding_go/p9_dtx3l_xl_h20 rep-4,intra,parp9,1/2KH1a,parp9,MD2,1,307,307,13.029,13.03,2.45,2.45,2.42,0.55
binding_go/p9_dtx3l_xl_h20 rep-4,intra,parp9,1/2KH1a,parp9,1/2KH1b,1,307,307,100.0,100.0,0.32,0.32,0.33,0.2
binding_go/p9_dtx3l_xl_h20 rep-4,intra,parp9,1/2KH1a,parp9,KH2,1,307,307,43.322,43.32,1.17,1.17,1.09,0.5
binding_go/p9_dtx3l_xl_h20 rep-4,intra,parp9,1/2KH1a,parp9,ART,1,307,307,4.56,4.56,4.33,4.33,4.27,0.6
binding_go/p9_dtx3l_xl_h20 rep-4,intra,parp9,MD1,parp9,MD2,1,307,307,45.277,45.28,1.28,1.28,1.09,0.5
binding_go/p9_dtx3l_xl_h20 rep-4,intra,parp9,MD1,parp9,1/2KH1b,1,307,307,16.938,16.94,1.79,1.79,1.84,0.52
binding_go/p9_dtx3l_xl_h20 rep-4,intra,parp9,MD1,parp9,KH2,1,307,307,10.749,10.75,2.97,2.97,3.05,0.46
binding_go/p9_dtx3l_xl_h20 rep-4,intra,parp9,MD1,parp9,ART,1,307,307,5.863,5.86,5.23,5.23,5.01,0.53
binding_go/p9_dtx3l_xl_h20 rep-4,intra,parp9,MD2,parp9,1/2KH1b,1,307,307,6.84,6.84,2.8,2.8,2.75,0.6
binding_go/p9_dtx3l_xl_h20 rep-4,intra,parp9,MD2,parp9,KH2,1,307,307,5.863,5.86,3.66,3.66,3.68,0.61
binding_go/p9_dtx3l_xl_h20 rep-4,intra,parp9,MD2,parp9,ART,1,307,307,4.56,4.56,6.0,6.0,5.97,0.55
binding_go/p9_dtx3l_xl_h20 rep-4,intra,parp9,1/2KH1b,parp9,KH2,1,307,307,57.329,57.33,0.96,0.96,0.93,0.48
binding_go/p9_dtx3l_xl_h20 rep-4,intra,parp9,1/2KH1b,parp9,ART,1,307,307,5.212,5.21,4.42,4.42,4.41,0.58
binding_go/p9_dtx3l_xl_h20 rep-4,intra,parp9,KH2,parp9,ART,1,307,307,27.362,27.36,1.97,1.97,1.86,0.52
binding_go/p9_dtx3l_xl_h20 rep-4,intra,dtx3l,RRM,dtx3l,KH1,1,307,307,13.029,13.03,3.51,3.51,3.22,0.52
binding_go/p9_dtx3l_xl_h20 rep-4,intra,dtx3l,RRM,dtx3l,KH2,1,307,307,2.932,2.93,6.65,6.65,6.51,0.57
binding_go/p9_dtx3l_xl_h20 rep-4,intra,dtx3l,RRM,dtx3l,KH3,1,307,307,0.977,0.98,7.55,7.55,7.17,0.63
binding_go/p9_dtx3l_xl_h20 rep-4,intra,dtx3l,RRM,dtx3l,KH4,1,307,307,0.326,0.33,8.63,8.63,8.43,0.88
binding_go/p9_dtx3l_xl_h20 rep-4,intra,dtx3l,RRM,dtx3l,KH5,1,307,307,0.326,0.33,9.48,9.48,9.62,0.73
binding_go/p9_dtx3l_xl_h20 rep-4,intra,dtx3l,RRM,dtx3l,RING,1,307,307,0.0,0.0,11.02,11.02,10.54,1.18
binding_go/p9_dtx3l_xl_h20 rep-4,intra,dtx3l,RRM,dtx3l,DTC,1,307,307,0.326,0.33,11.22,11.22,11.01,0.72
binding_go/p9_dtx3l_xl_h20 rep-4,intra,dtx3l,KH1,dtx3l,KH2,1,307,307,11.075,11.07,2.94,2.94,2.92,0.54
binding_go/p9_dtx3l_xl_h20 rep-4,intra,dtx3l,KH1,dtx3l,KH3,1,307,307,4.886,4.89,4.19,4.19,4.14,0.6
binding_go/p9_dtx3l_xl_h20 rep-4,intra,dtx3l,KH1,dtx3l,KH4,1,307,307,2.606,2.61,5.88,5.88,5.84,0.67
binding_go/p9_dtx3l_xl_h20 rep-4,intra,dtx3l,KH1,dtx3l,KH5,1,307,307,1.954,1.95,6.89,6.89,7.1,0.57
binding_go/p9_dtx3l_xl_h20 rep-4,intra,dtx3l,KH1,dtx3l,RING,1,307,307,0.977,0.98,8.94,8.94,8.73,0.55
binding_go/p9_dtx3l_xl_h20 rep-4,intra,dtx3l,KH1,dtx3l,DTC,1,307,307,1.954,1.95,9.51,9.51,9.04,0.56
binding_go/p9_dtx3l_xl_h20 rep-4,intra,dtx3l,KH2,dtx3l,KH3,1,307,307,78.827,78.83,0.82,0.82,0.77,0.53
binding_go/p9_dtx3l_xl_h20 rep-4,intra,dtx3l,KH2,dtx3l,KH4,1,307,307,2.606,2.61,3.43,3.43,3.52,0.63
binding_go/p9_dtx3l_xl_h20 rep-4,intra,dtx3l,KH2,dtx3l,KH5,1,307,307,1.954,1.95,4.77,4.77,5.0,0.58
binding_go/p9_dtx3l_xl_h20 rep-4,intra,dtx3l,KH2,dtx3l,RING,1,307,307,0.977,0.98,7.27,7.27,7.33,0.63
binding_go/p9_dtx3l_xl_h20 rep-4,intra,dtx3l,KH2,dtx3l,DTC,1,307,307,1.954,1.95,8.09,8.09,8.18,0.62
binding_go/p9_dtx3l_xl_h20 rep-4,intra,dtx3l,KH3,dtx3l,KH4,1,307,307,37.785,37.79,1.37,1.37,1.25,0.45
binding_go/p9_dtx3l_xl_h20 rep-4,intra,dtx3l,KH3,dtx3l,KH5,1,307,307,9.772,9.77,3.07,3.07,3.26,0.5
binding_go/p9_dtx3l_xl_h20 rep-4,intra,dtx3l,KH3,dtx3l,RING,1,307,307,0.326,0.33,6.17,6.17,5.98,0.9
binding_go/p9_dtx3l_xl_h20 rep-4,intra,dtx3l,KH3,dtx3l,DTC,1,307,307,1.629,1.63,7.11,7.11,7.11,0.48
binding_go/p9_dtx3l_xl_h20 rep-4,intra,dtx3l,KH4,dtx3l,KH5,1,307,307,92.182,92.18,0.73,0.73,0.69,0.52
binding_go/p9_dtx3l_xl_h20 rep-4,intra,dtx3l,KH4,dtx3l,RING,1,307,307,1.629,1.63,4.63,4.63,4.57,0.61
binding_go/p9_dtx3l_xl_h20 rep-4,intra,dtx3l,KH4,dtx3l,DTC,1,307,307,1.629,1.63,5.76,5.76,5.58,0.61
binding_go/p9_dtx3l_xl_h20 rep-4,intra,dtx3l,KH5,dtx3l,RING,1,307,307,5.537,5.54,3.71,3.71,3.64,0.56
binding_go/p9_dtx3l_xl_h20 rep-4,intra,dtx3l,KH5,dtx3l,DTC,1,307,307,3.583,3.58,5.06,5.06,5.13,0.54
binding_go/p9_dtx3l_xl_h20 rep-4,intra,dtx3l,RING,dtx3l,DTC,1,307,307,100.0,100.0,0.37,0.37,0.37,0.32
binding_go/p9_dtx3l_xl_h20 rep-4,inter,parp9,1/2KH1a,dtx3l,RRM,1,307,301,0.651,0.66,9.6,9.53,8.99,0.63
binding_go/p9_dtx3l_xl_h20 rep-4,inter,parp9,1/2KH1a,dtx3l,KH1,1,307,301,1.629,1.66,7.07,7.05,7.01,0.62
binding_go/p9_dtx3l_xl_h20 rep-4,inter,parp9,1/2KH1a,dtx3l,KH2,1,307,301,2.606,2.66,4.95,4.94,5.03,0.66
binding_go/p9_dtx3l_xl_h20 rep-4,inter,parp9,1/2KH1a,dtx3l,KH3,1,307,301,7.166,7.31,3.44,3.43,3.49,0.53
binding_go/p9_dtx3l_xl_h20 rep-4,inter,parp9,1/2KH1a,dtx3l,KH4,1,307,301,1.303,1.33,3.42,3.4,3.47,0.69
binding_go/p9_dtx3l_xl_h20 rep-4,inter,parp9,1/2KH1a,dtx3l,KH5,1,307,301,4.235,4.32,4.36,4.35,4.41,0.61
binding_go/p9_dtx3l_xl_h20 rep-4,inter,parp9,1/2KH1a,dtx3l,RING,1,307,301,1.303,1.33,6.89,6.92,6.81,0.51
binding_go/p9_dtx3l_xl_h20 rep-4,inter,parp9,1/2KH1a,dtx3l,DTC,1,307,301,2.28,2.33,7.67,7.71,7.64,0.52
binding_go/p9_dtx3l_xl_h20 rep-4,inter,parp9,MD1,dtx3l,RRM,1,307,301,0.326,0.33,9.84,9.8,9.65,0.65
binding_go/p9_dtx3l_xl_h20 rep-4,inter,parp9,MD1,dtx3l,KH1,1,307,301,1.954,1.99,7.66,7.64,7.25,0.55
binding_go/p9_dtx3l_xl_h20 rep-4,inter,parp9,MD1,dtx3l,KH2,1,307,301,3.583,3.65,5.98,5.96,6.15,0.57
binding_go/p9_dtx3l_xl_h20 rep-4,inter,parp9,MD1,dtx3l,KH3,1,307,301,3.583,3.65,4.79,4.77,4.92,0.58
binding_go/p9_dtx3l_xl_h20 rep-4,inter,parp9,MD1,dtx3l,KH4,1,307,301,4.886,4.98,4.78,4.75,4.94,0.56
binding_go/p9_dtx3l_xl_h20 rep-4,inter,parp9,MD1,dtx3l,KH5,1,307,301,5.537,5.65,5.45,5.43,5.45,0.52
binding_go/p9_dtx3l_xl_h20 rep-4,inter,parp9,MD1,dtx3l,RING,1,307,301,2.606,2.66,7.53,7.58,7.41,0.51
binding_go/p9_dtx3l_xl_h20 rep-4,inter,parp9,MD1,dtx3l,DTC,1,307,301,3.257,3.32,8.05,8.1,8.11,0.61
binding_go/p9_dtx3l_xl_h20 rep-4,inter,parp9,MD2,dtx3l,RRM,1,307,301,1.629,1.66,10.36,10.28,10.03,0.6
binding_go/p9_dtx3l_xl_h20 rep-4,inter,parp9,MD2,dtx3l,KH1,1,307,301,2.28,2.33,8.19,8.16,8.03,0.59
binding_go/p9_dtx3l_xl_h20 rep-4,inter,parp9,MD2,dtx3l,KH2,1,307,301,1.954,1.99,6.52,6.5,6.81,0.58
binding_go/p9_dtx3l_xl_h20 rep-4,inter,parp9,MD2,dtx3l,KH3,1,307,301,1.303,1.33,5.44,5.41,5.25,0.58
binding_go/p9_dtx3l_xl_h20 rep-4,inter,parp9,MD2,dtx3l,KH4,1,307,301,1.954,1.99,5.42,5.39,5.38,0.57
binding_go/p9_dtx3l_xl_h20 rep-4,inter,parp9,MD2,dtx3l,KH5,1,307,301,1.629,1.66,6.15,6.14,6.19,0.56
binding_go/p9_dtx3l_xl_h20 rep-4,inter,parp9,MD2,dtx3l,RING,1,307,301,0.651,0.66,8.2,8.28,8.32,0.73
binding_go/p9_dtx3l_xl_h20 rep-4,inter,parp9,MD2,dtx3l,DTC,1,307,301,2.606,2.66,8.65,8.71,9.0,0.58
binding_go/p9_dtx3l_xl_h20 rep-4,inter,parp9,1/2KH1b,dtx3l,RRM,1,307,301,1.629,1.66,9.66,9.6,9.1,0.58
binding_go/p9_dtx3l_xl_h20 rep-4,inter,parp9,1/2KH1b,dtx3l,KH1,1,307,301,0.651,0.66,7.14,7.12,7.01,0.81
binding_go/p9_dtx3l_xl_h20 rep-4,inter,parp9,1/2KH1b,dtx3l,KH2,1,307,301,0.977,1.0,5.0,5.0,5.2,0.71
binding_go/p9_dtx3l_xl_h20 rep-4,inter,parp9,1/2KH1b,dtx3l,KH3,1,307,301,4.235,4.32,3.44,3.43,3.43,0.53
binding_go/p9_dtx3l_xl_h20 rep-4,inter,parp9,1/2KH1b,dtx3l,KH4,1,307,301,0.977,1.0,3.43,3.42,3.52,0.65
binding_go/p9_dtx3l_xl_h20 rep-4,inter,parp9,1/2KH1b,dtx3l,KH5,1,307,301,3.583,3.65,4.38,4.37,4.49,0.59
binding_go/p9_dtx3l_xl_h20 rep-4,inter,parp9,1/2KH1b,dtx3l,RING,1,307,301,0.977,1.0,6.97,6.99,6.77,0.69
binding_go/p9_dtx3l_xl_h20 rep-4,inter,parp9,1/2KH1b,dtx3l,DTC,1,307,301,1.954,1.99,7.78,7.82,7.85,0.6
binding_go/p9_dtx3l_xl_h20 rep-4,inter,parp9,KH2,dtx3l,RRM,1,307,301,0.977,1.0,8.51,8.43,8.3,0.68
binding_go/p9_dtx3l_xl_h20 rep-4,inter,parp9,KH2,dtx3l,KH1,1,307,301,2.606,2.66,5.74,5.72,5.82,0.62
binding_go/p9_dtx3l_xl_h20 rep-4,inter,parp9,KH2,dtx3l,KH2,1,307,301,4.886,4.98,3.32,3.31,3.35,0.54
binding_go/p9_dtx3l_xl_h20 rep-4,inter,parp9,KH2,dtx3l,KH3,1,307,301,35.505,36.21,1.36,1.35,1.32,0.52
binding_go/p9_dtx3l_xl_h20 rep-4,inter,parp9,KH2,dtx3l,KH4,1,307,301,88.599,90.37,0.77,0.76,0.68,0.52
binding_go/p9_dtx3l_xl_h20 rep-4,inter,parp9,KH2,dtx3l,KH5,1,307,301,20.521,20.93,1.98,1.97,1.94,0.5
binding_go/p9_dtx3l_xl_h20 rep-4,inter,parp9,KH2,dtx3l,RING,1,307,301,1.954,1.99,5.22,5.22,5.04,0.51
binding_go/p9_dtx3l_xl_h20 rep-4,inter,parp9,KH2,dtx3l,DTC,1,307,301,4.56,4.65,6.2,6.22,6.18,0.51
binding_go/p9_dtx3l_xl_h20 rep-4,inter,parp9,ART,dtx3l,RRM,1,307,301,1.629,1.66,9.81,9.72,9.85,0.55
binding_go/p9_dtx3l_xl_h20 rep-4,inter,parp9,ART,dtx3l,KH1,1,307,301,3.257,3.32,7.45,7.4,7.53,0.64
binding_go/p9_dtx3l_xl_h20 rep-4,inter,parp9,ART,dtx3l,KH2,1,307,301,4.235,4.32,5.27,5.24,5.37,0.54
binding_go/p9_dtx3l_xl_h20 rep-4,inter,parp9,ART,dtx3l,KH3,1,307,301,8.795,8.97,3.76,3.74,3.8,0.56
binding_go/p9_dtx3l_xl_h20 rep-4,inter,parp9,ART,dtx3l,KH4,1,307,301,20.521,20.93,2.08,2.06,2.0,0.53
binding_go/p9_dtx3l_xl_h20 rep-4,inter,parp9,ART,dtx3l,KH5,1,307,301,11.401,11.63,3.01,3.0,3.0,0.56
binding_go/p9_dtx3l_xl_h20 rep-4,inter,parp9,ART,dtx3l,RING,1,307,301,2.606,2.66,5.61,5.6,5.51,0.55
binding_go/p9_dtx3l_xl_h20 rep-4,inter,parp9,ART,dtx3l,DTC,1,307,301,5.537,5.65,6.39,6.4,6.44,0.5
binding_go/p9_dtx3l_xl_h20 rep-5,intra,parp9,1/2KH1a,parp9,MD1,1,307,307,32.899,32.9,1.44,1.44,1.39,0.47
binding_go/p9_dtx3l_xl_h20 rep-5,intra,parp9,1/2KH1a,parp9,MD2,1,307,307,15.309,15.31,2.27,2.27,2.22,0.53
binding_go/p9_dtx3l_xl_h20 rep-5,intra,parp9,1/2KH1a,parp9,1/2KH1b,1,307,307,100.0,100.0,0.32,0.32,0.33,0.21
binding_go/p9_dtx3l_xl_h20 rep-5,intra,parp9,1/2KH1a,parp9,KH2,1,307,307,46.254,46.25,1.13,1.13,1.05,0.53
binding_go/p9_dtx3l_xl_h20 rep-5,intra,parp9,1/2KH1a,parp9,ART,1,307,307,4.235,4.23,4.45,4.45,4.54,0.6
binding_go/p9_dtx3l_xl_h20 rep-5,intra,parp9,MD1,parp9,MD2,1,307,307,38.762,38.76,1.33,1.33,1.2,0.5
binding_go/p9_dtx3l_xl_h20 rep-5,intra,parp9,MD1,parp9,1/2KH1b,1,307,307,16.287,16.29,1.83,1.83,1.86,0.57
binding_go/p9_dtx3l_xl_h20 rep-5,intra,parp9,MD1,parp9,KH2,1,307,307,10.749,10.75,2.83,2.83,3.0,0.48
binding_go/p9_dtx3l_xl_h20 rep-5,intra,parp9,MD1,parp9,ART,1,307,307,5.212,5.21,5.35,5.35,5.12,0.57
binding_go/p9_dtx3l_xl_h20 rep-5,intra,parp9,MD2,parp9,1/2KH1b,1,307,307,8.143,8.14,2.63,2.63,2.64,0.54
binding_go/p9_dtx3l_xl_h20 rep-5,intra,parp9,MD2,parp9,KH2,1,307,307,11.401,11.4,3.28,3.28,3.49,0.51
binding_go/p9_dtx3l_xl_h20 rep-5,intra,parp9,MD2,parp9,ART,1,307,307,4.56,4.56,5.65,5.65,5.34,0.56
binding_go/p9_dtx3l_xl_h20 rep-5,intra,parp9,1/2KH1b,parp9,KH2,1,307,307,60.912,60.91,0.94,0.94,0.91,0.53
binding_go/p9_dtx3l_xl_h20 rep-5,intra,parp9,1/2KH1b,parp9,ART,1,307,307,3.257,3.26,4.51,4.51,4.69,0.62
binding_go/p9_dtx3l_xl_h20 rep-5,intra,parp9,KH2,parp9,ART,1,307,307,25.081,25.08,1.95,1.95,1.79,0.51
binding_go/p9_dtx3l_xl_h20 rep-5,intra,dtx3l,RRM,dtx3l,KH1,1,307,307,8.795,8.79,3.6,3.6,3.46,0.52
binding_go/p9_dtx3l_xl_h20 rep-5,intra,dtx3l,RRM,dtx3l,KH2,1,307,307,4.886,4.89,6.31,6.31,6.19,0.52
binding_go/p9_dtx3l_xl_h20 rep-5,intra,dtx3l,RRM,dtx3l,KH3,1,307,307,0.326,0.33,7.48,7.48,7.3,0.58
binding_go/p9_dtx3l_xl_h20 rep-5,intra,dtx3l,RRM,dtx3l,KH4,1,307,307,0.0,0.0,9.0,9.0,8.43,1.42
binding_go/p9_dtx3l_xl_h20 rep-5,intra,dtx3l,RRM,dtx3l,KH5,1,307,307,0.0,0.0,9.91,9.91,9.69,1.35
binding_go/p9_dtx3l_xl_h20 rep-5,intra,dtx3l,RRM,dtx3l,RING,1,307,307,0.326,0.33,11.57,11.57,11.28,0.94
binding_go/p9_dtx3l_xl_h20 rep-5,intra,dtx3l,RRM,dtx3l,DTC,1,307,307,0.326,0.33,11.75,11.75,11.75,0.87
binding_go/p9_dtx3l_xl_h20 rep-5,intra,dtx3l,KH1,dtx3l,KH2,1,307,307,11.075,11.07,2.85,2.85,2.84,0.57
binding_go/p9_dtx3l_xl_h20 rep-5,intra,dtx3l,KH1,dtx3l,KH3,1,307,307,3.909,3.91,4.25,4.25,4.16,0.59
binding_go/p9_dtx3l_xl_h20 rep-5,intra,dtx3l,KH1,dtx3l,KH4,1,307,307,1.954,1.95,6.11,6.11,6.19,0.62
binding_go/p9_dtx3l_xl_h20 rep-5,intra,dtx3l,KH1,dtx3l,KH5,1,307,307,0.977,0.98,7.27,7.27,7.23,0.73
binding_go/p9_dtx3l_xl_h20 rep-5,intra,dtx3l,KH1,dtx3l,RING,1,307,307,0.651,0.65,9.48,9.48,9.44,0.64
binding_go/p9_dtx3l_xl_h20 rep-5,intra,dtx3l,KH1,dtx3l,DTC,1,307,307,0.651,0.65,9.88,9.88,9.63,0.56
binding_go/p9_dtx3l_xl_h20 rep-5,intra,dtx3l,KH2,dtx3l,KH3,1,307,307,81.107,81.11,0.82,0.82,0.77,0.51
binding_go/p9_dtx3l_xl_h20 rep-5,intra,dtx3l,KH2,dtx3l,KH4,1,307,307,2.932,2.93,3.46,3.46,3.52,0.57
binding_go/p9_dtx3l_xl_h20 rep-5,intra,dtx3l,KH2,dtx3l,KH5,1,307,307,2.28,2.28,4.81,4.81,4.75,0.57
binding_go/p9_dtx3l_xl_h20 rep-5,intra,dtx3l,KH2,dtx3l,RING,1,307,307,1.303,1.3,7.62,7.62,7.61,0.59
binding_go/p9_dtx3l_xl_h20 rep-5,intra,dtx3l,KH2,dtx3l,DTC,1,307,307,1.629,1.63,8.19,8.19,8.05,0.58
binding_go/p9_dtx3l_xl_h20 rep-5,intra,dtx3l,KH3,dtx3l,KH4,1,307,307,35.179,35.18,1.42,1.42,1.31,0.54
binding_go/p9_dtx3l_xl_h20 rep-5,intra,dtx3l,KH3,dtx3l,KH5,1,307,307,7.818,7.82,3.13,3.13,3.33,0.54
binding_go/p9_dtx3l_xl_h20 rep-5,intra,dtx3l,KH3,dtx3l,RING,1,307,307,0.977,0.98,6.48,6.48,6.44,0.62
binding_go/p9_dtx3l_xl_h20 rep-5,intra,dtx3l,KH3,dtx3l,DTC,1,307,307,1.629,1.63,7.28,7.28,7.44,0.57
binding_go/p9_dtx3l_xl_h20 rep-5,intra,dtx3l,KH4,dtx3l,KH5,1,307,307,93.16,93.16,0.74,0.74,0.69,0.51
binding_go/p9_dtx3l_xl_h20 rep-5,intra,dtx3l,KH4,dtx3l,RING,1,307,307,2.932,2.93,4.86,4.86,4.73,0.6
binding_go/p9_dtx3l_xl_h20 rep-5,intra,dtx3l,KH4,dtx3l,DTC,1,307,307,1.629,1.63,5.92,5.92,6.02,0.58
binding_go/p9_dtx3l_xl_h20 rep-5,intra,dtx3l,KH5,dtx3l,RING,1,307,307,5.212,5.21,3.81,3.81,3.57,0.52
binding_go/p9_dtx3l_xl_h20 rep-5,intra,dtx3l,KH5,dtx3l,DTC,1,307,307,1.629,1.63,5.04,5.04,4.91,0.61
binding_go/p9_dtx3l_xl_h20 rep-5,intra,dtx3l,RING,dtx3l,DTC,1,307,307,100.0,100.0,0.37,0.37,0.37,0.32
binding_go/p9_dtx3l_xl_h20 rep-5,inter,parp9,1/2KH1a,dtx3l,RRM,1,307,298,0.326,0.34,9.42,9.4,9.02,0.72
binding_go/p9_dtx3l_xl_h20 rep-5,inter,parp9,1/2KH1a,dtx3l,KH1,1,307,298,1.629,1.68,6.89,6.89,6.83,0.64
binding_go/p9_dtx3l_xl_h20 rep-5,inter,parp9,1/2KH1a,dtx3l,KH2,1,307,298,2.606,2.68,4.7,4.67,4.61,0.64
binding_go/p9_dtx3l_xl_h20 rep-5,inter,parp9,1/2KH1a,dtx3l,KH3,1,307,298,5.212,5.37,3.32,3.29,3.3,0.56
binding_go/p9_dtx3l_xl_h20 rep-5,inter,parp9,1/2KH1a,dtx3l,KH4,1,307,298,0.977,1.01,3.39,3.37,3.44,0.64
binding_go/p9_dtx3l_xl_h20 rep-5,inter,parp9,1/2KH1a,dtx3l,KH5,1,307,298,3.583,3.69,4.56,4.53,4.68,0.56
binding_go/p9_dtx3l_xl_h20 rep-5,inter,parp9,1/2KH1a,dtx3l,RING,1,307,298,0.326,0.34,7.43,7.42,7.42,1.0
binding_go/p9_dtx3l_xl_h20 rep-5,inter,parp9,1/2KH1a,dtx3l,DTC,1,307,298,2.28,2.35,8.2,8.2,8.13,0.56
binding_go/p9_dtx3l_xl_h20 rep-5,inter,parp9,MD1,dtx3l,RRM,1,307,298,0.977,1.01,9.37,9.36,9.28,0.78
binding_go/p9_dtx3l_xl_h20 rep-5,inter,parp9,MD1,dtx3l,KH1,1,307,298,1.629,1.68,7.26,7.26,7.32,0.59
binding_go/p9_dtx3l_xl_h20 rep-5,inter,parp9,MD1,dtx3l,KH2,1,307,298,5.212,5.37,5.47,5.43,5.47,0.56
binding_go/p9_dtx3l_xl_h20 rep-5,inter,parp9,MD1,dtx3l,KH3,1,307,298,5.212,5.37,4.54,4.5,4.62,0.59
binding_go/p9_dtx3l_xl_h20 rep-5,inter,parp9,MD1,dtx3l,KH4,1,307,298,2.932,3.02,4.7,4.66,4.84,0.58
binding_go/p9_dtx3l_xl_h20 rep-5,inter,parp9,MD1,dtx3l,KH5,1,307,298,3.257,3.36,5.78,5.74,5.83,0.52
binding_go/p9_dtx3l_xl_h20 rep-5,inter,parp9,MD1,dtx3l,RING,1,307,298,0.977,1.01,8.03,8.0,8.06,0.59
binding_go/p9_dtx3l_xl_h20 rep-5,inter,parp9,MD1,dtx3l,DTC,1,307,298,2.28,2.35,8.57,8.57,8.57,0.56
binding_go/p9_dtx3l_xl_h20 rep-5,inter,parp9,MD2,dtx3l,RRM,1,307,298,0.977,1.01,9.82,9.81,9.66,0.58
binding_go/p9_dtx3l_xl_h20 rep-5,inter,parp9,MD2,dtx3l,KH1,1,307,298,2.932,3.02,7.6,7.59,7.45,0.55
binding_go/p9_dtx3l_xl_h20 rep-5,inter,parp9,MD2,dtx3l,KH2,1,307,298,3.257,3.36,5.94,5.88,5.9,0.55
binding_go/p9_dtx3l_xl_h20 rep-5,inter,parp9,MD2,dtx3l,KH3,1,307,298,2.932,3.02,5.02,4.97,4.93,0.58
binding_go/p9_dtx3l_xl_h20 rep-5,inter,parp9,MD2,dtx3l,KH4,1,307,298,1.954,2.01,5.15,5.12,5.14,0.59
binding_go/p9_dtx3l_xl_h20 rep-5,inter,parp9,MD2,dtx3l,KH5,1,307,298,0.977,1.01,6.16,6.1,6.15,0.68
binding_go/p9_dtx3l_xl_h20 rep-5,inter,parp9,MD2,dtx3l,RING,1,307,298,0.977,1.01,8.33,8.29,8.37,0.62
binding_go/p9_dtx3l_xl_h20 rep-5,inter,parp9,MD2,dtx3l,DTC,1,307,298,1.629,1.68,8.82,8.79,8.9,0.61
binding_go/p9_dtx3l_xl_h20 rep-5,inter,parp9,1/2KH1b,dtx3l,RRM,1,307,298,0.0,0.0,9.6,9.58,9.13,1.05
binding_go/p9_dtx3l_xl_h20 rep-5,inter,parp9,1/2KH1b,dtx3l,KH1,1,307,298,0.326,0.34,7.02,7.02,6.93,0.67
binding_go/p9_dtx3l_xl_h20 rep-5,inter,parp9,1/2KH1b,dtx3l,KH2,1,307,298,1.629,1.68,4.76,4.73,4.72,0.68
binding_go/p9_dtx3l_xl_h20 rep-5,inter,parp9,1/2KH1b,dtx3l,KH3,1,307,298,4.886,5.03,3.28,3.25,3.22,0.59
binding_go/p9_dtx3l_xl_h20 rep-5,inter,parp9,1/2KH1b,dtx3l,KH4,1,307,298,0.326,0.34,3.39,3.38,3.45,0.79
binding_go/p9_dtx3l_xl_h20 rep-5,inter,parp9,1/2KH1b,dtx3l,KH5,1,307,298,2.606,2.68,4.6,4.57,4.81,0.6
binding_go/p9_dtx3l_xl_h20 rep-5,inter,parp9,1/2KH1b,dtx3l,RING,1,307,298,0.0,0.0,7.53,7.52,7.5,1.22
binding_go/p9_dtx3l_xl_h20 rep-5,inter,parp9,1/2KH1b,dtx3l,DTC,1,307,298,1.629,1.68,8.31,8.31,8.23,0.75
binding_go/p9_dtx3l_xl_h20 rep-5,inter,parp9,KH2,dtx3l,RRM,1,307,298,0.326,0.34,8.54,8.51,8.27,0.64
binding_go/p9_dtx3l_xl_h20 rep-5,inter,parp9,KH2,dtx3l,KH1,1,307,298,1.629,1.68,5.76,5.76,5.74,0.56
binding_go/p9_dtx3l_xl_h20 rep-5,inter,parp9,KH2,dtx3l,KH2,1,307,298,4.56,4.7,3.18,3.15,3.18,0.55
binding_go/p9_dtx3l_xl_h20 rep-5,inter,parp9,KH2,dtx3l,KH3,1,307,298,40.717,41.95,1.3,1.29,1.17,0.5
binding_go/p9_dtx3l_xl_h20 rep-5,inter,parp9,KH2,dtx3l,KH4,1,307,298,85.993,88.59,0.78,0.76,0.67,0.47
binding_go/p9_dtx3l_xl_h20 rep-5,inter,parp9,KH2,dtx3l,KH5,1,307,298,23.779,24.5,2.0,1.97,1.95,0.52
binding_go/p9_dtx3l_xl_h20 rep-5,inter,parp9,KH2,dtx3l,RING,1,307,298,2.932,3.02,5.56,5.54,5.46,0.59
binding_go/p9_dtx3l_xl_h20 rep-5,inter,parp9,KH2,dtx3l,DTC,1,307,298,2.932,3.02,6.47,6.46,6.34,0.57
binding_go/p9_dtx3l_xl_h20 rep-5,inter,parp9,ART,dtx3l,RRM,1,307,298,1.629,1.68,9.79,9.75,9.27,0.63
binding_go/p9_dtx3l_xl_h20 rep-5,inter,parp9,ART,dtx3l,KH1,1,307,298,2.28,2.35,7.44,7.44,7.49,0.6
binding_go/p9_dtx3l_xl_h20 rep-5,inter,parp9,ART,dtx3l,KH2,1,307,298,4.235,4.36,5.22,5.2,5.21,0.56
binding_go/p9_dtx3l_xl_h20 rep-5,inter,parp9,ART,dtx3l,KH3,1,307,298,5.863,6.04,3.8,3.79,3.84,0.55
binding_go/p9_dtx3l_xl_h20 rep-5,inter,parp9,ART,dtx3l,KH4,1,307,298,19.87,20.47,2.17,2.15,2.08,0.49
binding_go/p9_dtx3l_xl_h20 rep-5,inter,parp9,ART,dtx3l,KH5,1,307,298,10.423,10.74,3.12,3.08,3.09,0.54
binding_go/p9_dtx3l_xl_h20 rep-5,inter,parp9,ART,dtx3l,RING,1,307,298,1.629,1.68,6.03,6.0,5.79,0.55
binding_go/p9_dtx3l_xl_h20 rep-5,inter,parp9,ART,dtx3l,DTC,1,307,298,4.235,4.36,6.79,6.75,6.58,0.48
binding_gotight/p9_dtx3l_got_r15_k100 rep-1,intra,parp9,1/2KH1a,parp9,MD1,1,307,307,37.459,37.46,1.4,1.4,1.31,0.55
binding_gotight/p9_dtx3l_got_r15_k100 rep-1,intra,parp9,1/2KH1a,parp9,MD2,1,307,307,13.355,13.36,2.34,2.34,2.4,0.57
binding_gotight/p9_dtx3l_got_r15_k100 rep-1,intra,parp9,1/2KH1a,parp9,1/2KH1b,1,307,307,100.0,100.0,0.42,0.42,0.42,0.41
binding_gotight/p9_dtx3l_got_r15_k100 rep-1,intra,parp9,1/2KH1a,parp9,KH2,1,307,307,48.208,48.21,1.16,1.16,1.05,0.51
binding_gotight/p9_dtx3l_got_r15_k100 rep-1,intra,parp9,1/2KH1a,parp9,ART,1,307,307,7.166,7.17,4.31,4.31,4.4,0.53
binding_gotight/p9_dtx3l_got_r15_k100 rep-1,intra,parp9,MD1,parp9,MD2,1,307,307,39.739,39.74,1.41,1.41,1.27,0.49
binding_gotight/p9_dtx3l_got_r15_k100 rep-1,intra,parp9,MD1,parp9,1/2KH1b,1,307,307,18.567,18.57,1.78,1.78,1.76,0.54
binding_gotight/p9_dtx3l_got_r15_k100 rep-1,intra,parp9,MD1,parp9,KH2,1,307,307,10.423,10.42,2.8,2.8,2.84,0.55
binding_gotight/p9_dtx3l_got_r15_k100 rep-1,intra,parp9,MD1,parp9,ART,1,307,307,4.886,4.89,5.29,5.29,5.11,0.54
binding_gotight/p9_dtx3l_got_r15_k100 rep-1,intra,parp9,MD2,parp9,1/2KH1b,1,307,307,8.143,8.14,2.69,2.69,2.75,0.58
binding_gotight/p9_dtx3l_got_r15_k100 rep-1,intra,parp9,MD2,parp9,KH2,1,307,307,8.469,8.47,3.38,3.38,3.45,0.55
binding_gotight/p9_dtx3l_got_r15_k100 rep-1,intra,parp9,MD2,parp9,ART,1,307,307,4.235,4.23,5.6,5.6,5.55,0.59
binding_gotight/p9_dtx3l_got_r15_k100 rep-1,intra,parp9,1/2KH1b,parp9,KH2,1,307,307,67.427,67.43,0.9,0.9,0.86,0.54
binding_gotight/p9_dtx3l_got_r15_k100 rep-1,intra,parp9,1/2KH1b,parp9,ART,1,307,307,4.235,4.23,4.36,4.36,4.57,0.56
binding_gotight/p9_dtx3l_got_r15_k100 rep-1,intra,parp9,KH2,parp9,ART,1,307,307,28.664,28.66,1.89,1.89,1.67,0.51
binding_gotight/p9_dtx3l_got_r15_k100 rep-1,intra,dtx3l,RRM,dtx3l,KH1,1,307,307,9.121,9.12,3.58,3.58,3.46,0.55
binding_gotight/p9_dtx3l_got_r15_k100 rep-1,intra,dtx3l,RRM,dtx3l,KH2,1,307,307,3.909,3.91,6.54,6.54,6.31,0.56
binding_gotight/p9_dtx3l_got_r15_k100 rep-1,intra,dtx3l,RRM,dtx3l,KH3,1,307,307,1.629,1.63,7.59,7.59,7.55,0.58
binding_gotight/p9_dtx3l_got_r15_k100 rep-1,intra,dtx3l,RRM,dtx3l,KH4,1,307,307,1.954,1.95,8.78,8.78,8.76,0.6
binding_gotight/p9_dtx3l_got_r15_k100 rep-1,intra,dtx3l,RRM,dtx3l,KH5,1,307,307,1.629,1.63,9.52,9.52,9.63,0.69
binding_gotight/p9_dtx3l_got_r15_k100 rep-1,intra,dtx3l,RRM,dtx3l,RING,1,307,307,0.651,0.65,10.86,10.86,11.07,0.64
binding_gotight/p9_dtx3l_got_r15_k100 rep-1,intra,dtx3l,RRM,dtx3l,DTC,1,307,307,0.651,0.65,10.9,10.9,10.92,0.64
binding_gotight/p9_dtx3l_got_r15_k100 rep-1,intra,dtx3l,KH1,dtx3l,KH2,1,307,307,10.423,10.42,3.08,3.08,3.04,0.55
binding_gotight/p9_dtx3l_got_r15_k100 rep-1,intra,dtx3l,KH1,dtx3l,KH3,1,307,307,4.56,4.56,4.44,4.44,4.36,0.55
binding_gotight/p9_dtx3l_got_r15_k100 rep-1,intra,dtx3l,KH1,dtx3l,KH4,1,307,307,1.303,1.3,6.18,6.18,6.17,0.62
binding_gotight/p9_dtx3l_got_r15_k100 rep-1,intra,dtx3l,KH1,dtx3l,KH5,1,307,307,2.606,2.61,7.05,7.05,7.05,0.64
binding_gotight/p9_dtx3l_got_r15_k100 rep-1,intra,dtx3l,KH1,dtx3l,RING,1,307,307,1.303,1.3,8.88,8.88,8.65,0.6
binding_gotight/p9_dtx3l_got_r15_k100 rep-1,intra,dtx3l,KH1,dtx3l,DTC,1,307,307,2.932,2.93,9.08,9.08,8.9,0.58
binding_gotight/p9_dtx3l_got_r15_k100 rep-1,intra,dtx3l,KH2,dtx3l,KH3,1,307,307,84.365,84.36,0.8,0.8,0.76,0.53
binding_gotight/p9_dtx3l_got_r15_k100 rep-1,intra,dtx3l,KH2,dtx3l,KH4,1,307,307,3.257,3.26,3.36,3.36,3.44,0.6
binding_gotight/p9_dtx3l_got_r15_k100 rep-1,intra,dtx3l,KH2,dtx3l,KH5,1,307,307,2.606,2.61,4.58,4.58,4.76,0.57
binding_gotight/p9_dtx3l_got_r15_k100 rep-1,intra,dtx3l,KH2,dtx3l,RING,1,307,307,1.954,1.95,7.16,7.16,7.14,0.59
binding_gotight/p9_dtx3l_got_r15_k100 rep-1,intra,dtx3l,KH2,dtx3l,DTC,1,307,307,2.28,2.28,7.53,7.53,7.35,0.57
binding_gotight/p9_dtx3l_got_r15_k100 rep-1,intra,dtx3l,KH3,dtx3l,KH4,1,307,307,39.088,39.09,1.3,1.3,1.21,0.53
binding_gotight/p9_dtx3l_got_r15_k100 rep-1,intra,dtx3l,KH3,dtx3l,KH5,1,307,307,10.749,10.75,2.91,2.91,2.88,0.56
binding_gotight/p9_dtx3l_got_r15_k100 rep-1,intra,dtx3l,KH3,dtx3l,RING,1,307,307,3.257,3.26,6.06,6.06,5.93,0.6
binding_gotight/p9_dtx3l_got_r15_k100 rep-1,intra,dtx3l,KH3,dtx3l,DTC,1,307,307,2.28,2.28,6.61,6.61,6.27,0.48
binding_gotight/p9_dtx3l_got_r15_k100 rep-1,intra,dtx3l,KH4,dtx3l,KH5,1,307,307,92.182,92.18,0.76,0.76,0.73,0.49
binding_gotight/p9_dtx3l_got_r15_k100 rep-1,intra,dtx3l,KH4,dtx3l,RING,1,307,307,2.28,2.28,4.78,4.78,4.62,0.59
binding_gotight/p9_dtx3l_got_r15_k100 rep-1,intra,dtx3l,KH4,dtx3l,DTC,1,307,307,4.56,4.56,5.63,5.63,5.5,0.53
binding_gotight/p9_dtx3l_got_r15_k100 rep-1,intra,dtx3l,KH5,dtx3l,RING,1,307,307,2.932,2.93,3.81,3.81,3.75,0.6
binding_gotight/p9_dtx3l_got_r15_k100 rep-1,intra,dtx3l,KH5,dtx3l,DTC,1,307,307,3.909,3.91,4.99,4.99,5.12,0.51
binding_gotight/p9_dtx3l_got_r15_k100 rep-1,intra,dtx3l,RING,dtx3l,DTC,1,307,307,100.0,100.0,0.37,0.37,0.37,0.32
binding_gotight/p9_dtx3l_got_r15_k100 rep-1,inter,parp9,1/2KH1a,dtx3l,RRM,1,307,236,0.651,0.85,11.7,9.77,9.45,0.52
binding_gotight/p9_dtx3l_got_r15_k100 rep-1,inter,parp9,1/2KH1a,dtx3l,KH1,1,307,236,0.0,0.0,9.8,7.15,6.73,1.03
binding_gotight/p9_dtx3l_got_r15_k100 rep-1,inter,parp9,1/2KH1a,dtx3l,KH2,1,307,236,1.629,2.12,8.03,4.65,4.54,0.61
binding_gotight/p9_dtx3l_got_r15_k100 rep-1,inter,parp9,1/2KH1a,dtx3l,KH3,1,307,236,4.235,5.51,6.87,3.04,2.98,0.59
binding_gotight/p9_dtx3l_got_r15_k100 rep-1,inter,parp9,1/2KH1a,dtx3l,KH4,1,307,236,1.303,1.69,6.96,3.32,3.3,0.55
binding_gotight/p9_dtx3l_got_r15_k100 rep-1,inter,parp9,1/2KH1a,dtx3l,KH5,1,307,236,1.954,2.54,7.39,3.95,3.85,0.6
binding_gotight/p9_dtx3l_got_r15_k100 rep-1,inter,parp9,1/2KH1a,dtx3l,RING,1,307,236,0.977,1.27,9.12,6.5,6.22,0.65
binding_gotight/p9_dtx3l_got_r15_k100 rep-1,inter,parp9,1/2KH1a,dtx3l,DTC,1,307,236,2.606,3.39,9.49,7.16,6.84,0.5
binding_gotight/p9_dtx3l_got_r15_k100 rep-1,inter,parp9,MD1,dtx3l,RRM,1,307,236,0.977,1.27,11.59,9.9,9.97,0.65
binding_gotight/p9_dtx3l_got_r15_k100 rep-1,inter,parp9,MD1,dtx3l,KH1,1,307,236,1.954,2.54,9.95,7.62,7.24,0.59
binding_gotight/p9_dtx3l_got_r15_k100 rep-1,inter,parp9,MD1,dtx3l,KH2,1,307,236,4.56,5.93,8.48,5.54,5.54,0.55
binding_gotight/p9_dtx3l_got_r15_k100 rep-1,inter,parp9,MD1,dtx3l,KH3,1,307,236,5.863,7.63,7.65,4.32,4.38,0.55
binding_gotight/p9_dtx3l_got_r15_k100 rep-1,inter,parp9,MD1,dtx3l,KH4,1,307,236,2.28,2.97,7.72,4.54,4.58,0.66
binding_gotight/p9_dtx3l_got_r15_k100 rep-1,inter,parp9,MD1,dtx3l,KH5,1,307,236,4.235,5.51,8.08,5.07,5.02,0.61
binding_gotight/p9_dtx3l_got_r15_k100 rep-1,inter,parp9,MD1,dtx3l,RING,1,307,236,1.303,1.69,9.47,7.03,6.89,0.59
binding_gotight/p9_dtx3l_got_r15_k100 rep-1,inter,parp9,MD1,dtx3l,DTC,1,307,236,1.629,2.12,9.72,7.54,7.41,0.53
binding_gotight/p9_dtx3l_got_r15_k100 rep-1,inter,parp9,MD2,dtx3l,RRM,1,307,236,0.977,1.27,11.8,10.18,10.18,0.66
binding_gotight/p9_dtx3l_got_r15_k100 rep-1,inter,parp9,MD2,dtx3l,KH1,1,307,236,1.303,1.69,10.35,8.04,7.74,0.62
binding_gotight/p9_dtx3l_got_r15_k100 rep-1,inter,parp9,MD2,dtx3l,KH2,1,307,236,1.954,2.54,9.1,6.16,6.17,0.53
binding_gotight/p9_dtx3l_got_r15_k100 rep-1,inter,parp9,MD2,dtx3l,KH3,1,307,236,3.257,4.24,8.29,5.0,5.07,0.55
binding_gotight/p9_dtx3l_got_r15_k100 rep-1,inter,parp9,MD2,dtx3l,KH4,1,307,236,2.606,3.39,8.24,5.07,5.12,0.56
binding_gotight/p9_dtx3l_got_r15_k100 rep-1,inter,parp9,MD2,dtx3l,KH5,1,307,236,3.583,4.66,8.45,5.45,5.33,0.61
binding_gotight/p9_dtx3l_got_r15_k100 rep-1,inter,parp9,MD2,dtx3l,RING,1,307,236,0.651,0.85,9.85,7.36,6.92,0.74
binding_gotight/p9_dtx3l_got_r15_k100 rep-1,inter,parp9,MD2,dtx3l,DTC,1,307,236,2.28,2.97,9.93,7.69,7.47,0.55
binding_gotight/p9_dtx3l_got_r15_k100 rep-1,inter,parp9,1/2KH1b,dtx3l,RRM,1,307,236,0.977,1.27,11.8,9.86,9.5,0.7
binding_gotight/p9_dtx3l_got_r15_k100 rep-1,inter,parp9,1/2KH1b,dtx3l,KH1,1,307,236,0.0,0.0,9.87,7.19,6.7,1.5
binding_gotight/p9_dtx3l_got_r15_k100 rep-1,inter,parp9,1/2KH1b,dtx3l,KH2,1,307,236,1.629,2.12,8.09,4.68,4.72,0.51
binding_gotight/p9_dtx3l_got_r15_k100 rep-1,inter,parp9,1/2KH1b,dtx3l,KH3,1,307,236,3.257,4.24,6.89,3.01,3.02,0.64
binding_gotight/p9_dtx3l_got_r15_k100 rep-1,inter,parp9,1/2KH1b,dtx3l,KH4,1,307,236,0.651,0.85,7.0,3.34,3.41,0.89
binding_gotight/p9_dtx3l_got_r15_k100 rep-1,inter,parp9,1/2KH1b,dtx3l,KH5,1,307,236,2.932,3.81,7.41,3.95,3.88,0.62
binding_gotight/p9_dtx3l_got_r15_k100 rep-1,inter,parp9,1/2KH1b,dtx3l,RING,1,307,236,0.977,1.27,9.25,6.58,6.37,0.54
binding_gotight/p9_dtx3l_got_r15_k100 rep-1,inter,parp9,1/2KH1b,dtx3l,DTC,1,307,236,2.606,3.39,9.63,7.27,6.9,0.6
binding_gotight/p9_dtx3l_got_r15_k100 rep-1,inter,parp9,KH2,dtx3l,RRM,1,307,236,0.326,0.42,10.85,8.78,8.71,0.67
binding_gotight/p9_dtx3l_got_r15_k100 rep-1,inter,parp9,KH2,dtx3l,KH1,1,307,236,0.977,1.27,8.76,5.93,5.87,0.69
binding_gotight/p9_dtx3l_got_r15_k100 rep-1,inter,parp9,KH2,dtx3l,KH2,1,307,236,2.28,2.97,6.69,3.14,3.18,0.55
binding_gotight/p9_dtx3l_got_r15_k100 rep-1,inter,parp9,KH2,dtx3l,KH3,1,307,236,41.694,54.24,5.2,1.07,0.92,0.5
binding_gotight/p9_dtx3l_got_r15_k100 rep-1,inter,parp9,KH2,dtx3l,KH4,1,307,236,71.987,93.64,4.82,0.78,0.66,0.52
binding_gotight/p9_dtx3l_got_r15_k100 rep-1,inter,parp9,KH2,dtx3l,KH5,1,307,236,24.43,31.78,5.54,1.77,1.62,0.52
binding_gotight/p9_dtx3l_got_r15_k100 rep-1,inter,parp9,KH2,dtx3l,RING,1,307,236,2.28,2.97,7.92,5.22,5.1,0.57
binding_gotight/p9_dtx3l_got_r15_k100 rep-1,inter,parp9,KH2,dtx3l,DTC,1,307,236,2.932,3.81,8.35,5.95,5.91,0.58
binding_gotight/p9_dtx3l_got_r15_k100 rep-1,inter,parp9,ART,dtx3l,RRM,1,307,236,0.326,0.42,11.5,9.64,9.42,0.6
binding_gotight/p9_dtx3l_got_r15_k100 rep-1,inter,parp9,ART,dtx3l,KH1,1,307,236,1.303,1.69,9.61,7.19,7.03,0.6
binding_gotight/p9_dtx3l_got_r15_k100 rep-1,inter,parp9,ART,dtx3l,KH2,1,307,236,2.932,3.81,7.82,4.79,5.05,0.58
binding_gotight/p9_dtx3l_got_r15_k100 rep-1,inter,parp9,ART,dtx3l,KH3,1,307,236,8.469,11.02,6.76,3.31,3.44,0.53
binding_gotight/p9_dtx3l_got_r15_k100 rep-1,inter,parp9,ART,dtx3l,KH4,1,307,236,20.195,26.27,5.44,1.85,1.71,0.55
binding_gotight/p9_dtx3l_got_r15_k100 rep-1,inter,parp9,ART,dtx3l,KH5,1,307,236,9.446,12.29,6.26,3.09,3.07,0.54
binding_gotight/p9_dtx3l_got_r15_k100 rep-1,inter,parp9,ART,dtx3l,RING,1,307,236,3.257,4.24,8.16,5.82,5.78,0.55
binding_gotight/p9_dtx3l_got_r15_k100 rep-1,inter,parp9,ART,dtx3l,DTC,1,307,236,4.886,6.36,8.5,6.51,6.4,0.54
binding_gotight/p9_dtx3l_got_r15_k100 rep-2,intra,parp9,1/2KH1a,parp9,MD1,1,307,307,39.739,39.74,1.36,1.36,1.24,0.51
binding_gotight/p9_dtx3l_got_r15_k100 rep-2,intra,parp9,1/2KH1a,parp9,MD2,1,307,307,14.007,14.01,2.38,2.38,2.29,0.54
binding_gotight/p9_dtx3l_got_r15_k100 rep-2,intra,parp9,1/2KH1a,parp9,1/2KH1b,1,307,307,100.0,100.0,0.42,0.42,0.42,0.41
binding_gotight/p9_dtx3l_got_r15_k100 rep-2,intra,parp9,1/2KH1a,parp9,KH2,1,307,307,42.345,42.35,1.2,1.2,1.12,0.49
binding_gotight/p9_dtx3l_got_r15_k100 rep-2,intra,parp9,1/2KH1a,parp9,ART,1,307,307,5.863,5.86,4.11,4.11,4.07,0.55
binding_gotight/p9_dtx3l_got_r15_k100 rep-2,intra,parp9,MD1,parp9,MD2,1,307,307,40.391,40.39,1.38,1.38,1.3,0.44
binding_gotight/p9_dtx3l_got_r15_k100 rep-2,intra,parp9,MD1,parp9,1/2KH1b,1,307,307,21.824,21.82,1.73,1.73,1.72,0.55
binding_gotight/p9_dtx3l_got_r15_k100 rep-2,intra,parp9,MD1,parp9,KH2,1,307,307,11.401,11.4,2.87,2.87,2.99,0.55
binding_gotight/p9_dtx3l_got_r15_k100 rep-2,intra,parp9,MD1,parp9,ART,1,307,307,6.84,6.84,5.13,5.13,5.11,0.48
binding_gotight/p9_dtx3l_got_r15_k100 rep-2,intra,parp9,MD2,parp9,1/2KH1b,1,307,307,6.189,6.19,2.75,2.75,2.69,0.55
binding_gotight/p9_dtx3l_got_r15_k100 rep-2,intra,parp9,MD2,parp9,KH2,1,307,307,8.469,8.47,3.43,3.43,3.38,0.56
binding_gotight/p9_dtx3l_got_r15_k100 rep-2,intra,parp9,MD2,parp9,ART,1,307,307,3.583,3.58,5.69,5.69,5.49,0.58
binding_gotight/p9_dtx3l_got_r15_k100 rep-2,intra,parp9,1/2KH1b,parp9,KH2,1,307,307,59.935,59.93,0.94,0.94,0.9,0.49
binding_gotight/p9_dtx3l_got_r15_k100 rep-2,intra,parp9,1/2KH1b,parp9,ART,1,307,307,6.84,6.84,4.12,4.12,4.09,0.56
binding_gotight/p9_dtx3l_got_r15_k100 rep-2,intra,parp9,KH2,parp9,ART,1,307,307,27.362,27.36,1.79,1.79,1.55,0.5
binding_gotight/p9_dtx3l_got_r15_k100 rep-2,intra,dtx3l,RRM,dtx3l,KH1,1,307,307,10.749,10.75,3.43,3.43,3.26,0.57
binding_gotight/p9_dtx3l_got_r15_k100 rep-2,intra,dtx3l,RRM,dtx3l,KH2,1,307,307,4.56,4.56,6.33,6.33,6.07,0.58
binding_gotight/p9_dtx3l_got_r15_k100 rep-2,intra,dtx3l,RRM,dtx3l,KH3,1,307,307,0.977,0.98,7.48,7.48,7.23,0.56
binding_gotight/p9_dtx3l_got_r15_k100 rep-2,intra,dtx3l,RRM,dtx3l,KH4,1,307,307,0.651,0.65,8.66,8.66,8.61,0.73
binding_gotight/p9_dtx3l_got_r15_k100 rep-2,intra,dtx3l,RRM,dtx3l,KH5,1,307,307,0.326,0.33,9.6,9.6,9.19,0.71
binding_gotight/p9_dtx3l_got_r15_k100 rep-2,intra,dtx3l,RRM,dtx3l,RING,1,307,307,0.326,0.33,11.19,11.19,11.03,0.61
binding_gotight/p9_dtx3l_got_r15_k100 rep-2,intra,dtx3l,RRM,dtx3l,DTC,1,307,307,0.651,0.65,11.29,11.29,11.22,0.71
binding_gotight/p9_dtx3l_got_r15_k100 rep-2,intra,dtx3l,KH1,dtx3l,KH2,1,307,307,11.075,11.07,3.0,3.0,2.89,0.56
binding_gotight/p9_dtx3l_got_r15_k100 rep-2,intra,dtx3l,KH1,dtx3l,KH3,1,307,307,2.28,2.28,4.42,4.42,4.46,0.69
binding_gotight/p9_dtx3l_got_r15_k100 rep-2,intra,dtx3l,KH1,dtx3l,KH4,1,307,307,2.606,2.61,6.01,6.01,6.02,0.53
binding_gotight/p9_dtx3l_got_r15_k100 rep-2,intra,dtx3l,KH1,dtx3l,KH5,1,307,307,1.629,1.63,7.14,7.14,7.09,0.63
binding_gotight/p9_dtx3l_got_r15_k100 rep-2,intra,dtx3l,KH1,dtx3l,RING,1,307,307,0.977,0.98,9.27,9.27,8.95,0.54
binding_gotight/p9_dtx3l_got_r15_k100 rep-2,intra,dtx3l,KH1,dtx3l,DTC,1,307,307,2.606,2.61,9.62,9.62,9.53,0.63
binding_gotight/p9_dtx3l_got_r15_k100 rep-2,intra,dtx3l,KH2,dtx3l,KH3,1,307,307,84.365,84.36,0.79,0.79,0.75,0.53
binding_gotight/p9_dtx3l_got_r15_k100 rep-2,intra,dtx3l,KH2,dtx3l,KH4,1,307,307,2.932,2.93,3.27,3.27,3.34,0.53
binding_gotight/p9_dtx3l_got_r15_k100 rep-2,intra,dtx3l,KH2,dtx3l,KH5,1,307,307,1.954,1.95,4.69,4.69,4.87,0.6
binding_gotight/p9_dtx3l_got_r15_k100 rep-2,intra,dtx3l,KH2,dtx3l,RING,1,307,307,2.28,2.28,7.36,7.36,7.48,0.58
binding_gotight/p9_dtx3l_got_r15_k100 rep-2,intra,dtx3l,KH2,dtx3l,DTC,1,307,307,4.235,4.23,7.89,7.89,8.01,0.53
binding_gotight/p9_dtx3l_got_r15_k100 rep-2,intra,dtx3l,KH3,dtx3l,KH4,1,307,307,43.974,43.97,1.16,1.16,1.1,0.48
binding_gotight/p9_dtx3l_got_r15_k100 rep-2,intra,dtx3l,KH3,dtx3l,KH5,1,307,307,6.189,6.19,2.89,2.89,2.9,0.57
binding_gotight/p9_dtx3l_got_r15_k100 rep-2,intra,dtx3l,KH3,dtx3l,RING,1,307,307,1.954,1.95,6.2,6.2,6.08,0.61
binding_gotight/p9_dtx3l_got_r15_k100 rep-2,intra,dtx3l,KH3,dtx3l,DTC,1,307,307,1.629,1.63,6.95,6.95,6.92,0.6
binding_gotight/p9_dtx3l_got_r15_k100 rep-2,intra,dtx3l,KH4,dtx3l,KH5,1,307,307,93.16,93.16,0.74,0.74,0.71,0.5
binding_gotight/p9_dtx3l_got_r15_k100 rep-2,intra,dtx3l,KH4,dtx3l,RING,1,307,307,2.606,2.61,4.84,4.84,4.99,0.57
binding_gotight/p9_dtx3l_got_r15_k100 rep-2,intra,dtx3l,KH4,dtx3l,DTC,1,307,307,3.583,3.58,5.76,5.76,5.64,0.51
binding_gotight/p9_dtx3l_got_r15_k100 rep-2,intra,dtx3l,KH5,dtx3l,RING,1,307,307,5.212,5.21,3.75,3.75,3.61,0.56
binding_gotight/p9_dtx3l_got_r15_k100 rep-2,intra,dtx3l,KH5,dtx3l,DTC,1,307,307,4.235,4.23,4.9,4.9,4.74,0.56
binding_gotight/p9_dtx3l_got_r15_k100 rep-2,intra,dtx3l,RING,dtx3l,DTC,1,307,307,100.0,100.0,0.37,0.37,0.37,0.31
binding_gotight/p9_dtx3l_got_r15_k100 rep-2,inter,parp9,1/2KH1a,dtx3l,RRM,1,307,302,0.651,0.66,9.54,9.48,9.13,0.55
binding_gotight/p9_dtx3l_got_r15_k100 rep-2,inter,parp9,1/2KH1a,dtx3l,KH1,1,307,302,0.651,0.66,7.06,7.01,6.77,0.92
binding_gotight/p9_dtx3l_got_r15_k100 rep-2,inter,parp9,1/2KH1a,dtx3l,KH2,1,307,302,3.257,3.31,4.68,4.62,4.82,0.6
binding_gotight/p9_dtx3l_got_r15_k100 rep-2,inter,parp9,1/2KH1a,dtx3l,KH3,1,307,302,4.886,4.97,3.12,3.05,3.12,0.55
binding_gotight/p9_dtx3l_got_r15_k100 rep-2,inter,parp9,1/2KH1a,dtx3l,KH4,1,307,302,0.326,0.33,3.41,3.34,3.35,0.95
binding_gotight/p9_dtx3l_got_r15_k100 rep-2,inter,parp9,1/2KH1a,dtx3l,KH5,1,307,302,2.932,2.98,4.14,4.08,4.2,0.57
binding_gotight/p9_dtx3l_got_r15_k100 rep-2,inter,parp9,1/2KH1a,dtx3l,RING,1,307,302,0.977,0.99,7.31,7.25,7.15,0.81
binding_gotight/p9_dtx3l_got_r15_k100 rep-2,inter,parp9,1/2KH1a,dtx3l,DTC,1,307,302,2.932,2.98,8.05,7.98,8.03,0.56
binding_gotight/p9_dtx3l_got_r15_k100 rep-2,inter,parp9,MD1,dtx3l,RRM,1,307,302,1.629,1.66,9.51,9.42,9.25,0.62
binding_gotight/p9_dtx3l_got_r15_k100 rep-2,inter,parp9,MD1,dtx3l,KH1,1,307,302,3.257,3.31,7.32,7.25,7.1,0.54
binding_gotight/p9_dtx3l_got_r15_k100 rep-2,inter,parp9,MD1,dtx3l,KH2,1,307,302,3.583,3.64,5.51,5.44,5.32,0.52
binding_gotight/p9_dtx3l_got_r15_k100 rep-2,inter,parp9,MD1,dtx3l,KH3,1,307,302,4.235,4.3,4.43,4.36,4.39,0.53
binding_gotight/p9_dtx3l_got_r15_k100 rep-2,inter,parp9,MD1,dtx3l,KH4,1,307,302,3.583,3.64,4.72,4.64,4.93,0.62
binding_gotight/p9_dtx3l_got_r15_k100 rep-2,inter,parp9,MD1,dtx3l,KH5,1,307,302,3.583,3.64,5.37,5.3,5.38,0.54
binding_gotight/p9_dtx3l_got_r15_k100 rep-2,inter,parp9,MD1,dtx3l,RING,1,307,302,1.954,1.99,8.07,7.99,7.91,0.58
binding_gotight/p9_dtx3l_got_r15_k100 rep-2,inter,parp9,MD1,dtx3l,DTC,1,307,302,1.629,1.66,8.67,8.58,8.24,0.62
binding_gotight/p9_dtx3l_got_r15_k100 rep-2,inter,parp9,MD2,dtx3l,RRM,1,307,302,1.303,1.32,9.83,9.76,9.73,0.65
binding_gotight/p9_dtx3l_got_r15_k100 rep-2,inter,parp9,MD2,dtx3l,KH1,1,307,302,1.303,1.32,7.8,7.74,7.64,0.58
binding_gotight/p9_dtx3l_got_r15_k100 rep-2,inter,parp9,MD2,dtx3l,KH2,1,307,302,3.583,3.64,5.96,5.92,6.05,0.59
binding_gotight/p9_dtx3l_got_r15_k100 rep-2,inter,parp9,MD2,dtx3l,KH3,1,307,302,2.932,2.98,4.9,4.85,4.81,0.53
binding_gotight/p9_dtx3l_got_r15_k100 rep-2,inter,parp9,MD2,dtx3l,KH4,1,307,302,1.629,1.66,5.24,5.18,5.37,0.63
binding_gotight/p9_dtx3l_got_r15_k100 rep-2,inter,parp9,MD2,dtx3l,KH5,1,307,302,2.28,2.32,5.87,5.82,5.7,0.6
binding_gotight/p9_dtx3l_got_r15_k100 rep-2,inter,parp9,MD2,dtx3l,RING,1,307,302,0.651,0.66,8.56,8.49,8.63,0.56
binding_gotight/p9_dtx3l_got_r15_k100 rep-2,inter,parp9,MD2,dtx3l,DTC,1,307,302,1.303,1.32,9.16,9.09,8.95,0.57
binding_gotight/p9_dtx3l_got_r15_k100 rep-2,inter,parp9,1/2KH1b,dtx3l,RRM,1,307,302,0.326,0.33,9.71,9.66,9.25,0.87
binding_gotight/p9_dtx3l_got_r15_k100 rep-2,inter,parp9,1/2KH1b,dtx3l,KH1,1,307,302,0.651,0.66,7.19,7.14,7.05,0.58
binding_gotight/p9_dtx3l_got_r15_k100 rep-2,inter,parp9,1/2KH1b,dtx3l,KH2,1,307,302,1.303,1.32,4.77,4.72,4.75,0.59
binding_gotight/p9_dtx3l_got_r15_k100 rep-2,inter,parp9,1/2KH1b,dtx3l,KH3,1,307,302,4.235,4.3,3.13,3.07,3.22,0.59
binding_gotight/p9_dtx3l_got_r15_k100 rep-2,inter,parp9,1/2KH1b,dtx3l,KH4,1,307,302,0.0,0.0,3.39,3.32,3.4,1.21
binding_gotight/p9_dtx3l_got_r15_k100 rep-2,inter,parp9,1/2KH1b,dtx3l,KH5,1,307,302,3.909,3.97,4.08,4.02,4.01,0.59
binding_gotight/p9_dtx3l_got_r15_k100 rep-2,inter,parp9,1/2KH1b,dtx3l,RING,1,307,302,1.303,1.32,7.34,7.28,7.18,0.63
binding_gotight/p9_dtx3l_got_r15_k100 rep-2,inter,parp9,1/2KH1b,dtx3l,DTC,1,307,302,1.954,1.99,8.14,8.07,7.97,0.62
binding_gotight/p9_dtx3l_got_r15_k100 rep-2,inter,parp9,KH2,dtx3l,RRM,1,307,302,0.977,0.99,8.56,8.52,8.64,0.69
binding_gotight/p9_dtx3l_got_r15_k100 rep-2,inter,parp9,KH2,dtx3l,KH1,1,307,302,0.977,0.99,5.87,5.85,5.88,0.55
binding_gotight/p9_dtx3l_got_r15_k100 rep-2,inter,parp9,KH2,dtx3l,KH2,1,307,302,3.257,3.31,3.2,3.16,3.17,0.58
binding_gotight/p9_dtx3l_got_r15_k100 rep-2,inter,parp9,KH2,dtx3l,KH3,1,307,302,52.117,52.98,1.1,1.04,0.93,0.51
binding_gotight/p9_dtx3l_got_r15_k100 rep-2,inter,parp9,KH2,dtx3l,KH4,1,307,302,96.743,98.34,0.76,0.68,0.65,0.49
binding_gotight/p9_dtx3l_got_r15_k100 rep-2,inter,parp9,KH2,dtx3l,KH5,1,307,302,31.596,32.12,1.72,1.66,1.51,0.48
binding_gotight/p9_dtx3l_got_r15_k100 rep-2,inter,parp9,KH2,dtx3l,RING,1,307,302,1.954,1.99,5.4,5.33,5.3,0.63
binding_gotight/p9_dtx3l_got_r15_k100 rep-2,inter,parp9,KH2,dtx3l,DTC,1,307,302,4.886,4.97,6.31,6.23,6.23,0.58
binding_gotight/p9_dtx3l_got_r15_k100 rep-2,inter,parp9,ART,dtx3l,RRM,1,307,302,0.977,0.99,9.48,9.46,8.95,0.65
binding_gotight/p9_dtx3l_got_r15_k100 rep-2,inter,parp9,ART,dtx3l,KH1,1,307,302,1.629,1.66,7.28,7.27,7.09,0.56
binding_gotight/p9_dtx3l_got_r15_k100 rep-2,inter,parp9,ART,dtx3l,KH2,1,307,302,2.28,2.32,5.27,5.23,5.55,0.54
binding_gotight/p9_dtx3l_got_r15_k100 rep-2,inter,parp9,ART,dtx3l,KH3,1,307,302,6.189,6.29,3.64,3.59,3.69,0.52
binding_gotight/p9_dtx3l_got_r15_k100 rep-2,inter,parp9,ART,dtx3l,KH4,1,307,302,19.218,19.54,2.08,2.02,1.92,0.52
binding_gotight/p9_dtx3l_got_r15_k100 rep-2,inter,parp9,ART,dtx3l,KH5,1,307,302,16.938,17.22,2.89,2.83,2.83,0.52
binding_gotight/p9_dtx3l_got_r15_k100 rep-2,inter,parp9,ART,dtx3l,RING,1,307,302,1.954,1.99,5.92,5.88,5.74,0.56
binding_gotight/p9_dtx3l_got_r15_k100 rep-2,inter,parp9,ART,dtx3l,DTC,1,307,302,5.537,5.63,6.69,6.65,6.48,0.57
binding_gotight/p9_dtx3l_got_r15_k100 rep-3,intra,parp9,1/2KH1a,parp9,MD1,1,307,307,39.414,39.41,1.34,1.34,1.24,0.52
binding_gotight/p9_dtx3l_got_r15_k100 rep-3,intra,parp9,1/2KH1a,parp9,MD2,1,307,307,11.401,11.4,2.44,2.44,2.42,0.58
binding_gotight/p9_dtx3l_got_r15_k100 rep-3,intra,parp9,1/2KH1a,parp9,1/2KH1b,1,307,307,100.0,100.0,0.42,0.42,0.42,0.41
binding_gotight/p9_dtx3l_got_r15_k100 rep-3,intra,parp9,1/2KH1a,parp9,KH2,1,307,307,42.345,42.35,1.17,1.17,1.15,0.52
binding_gotight/p9_dtx3l_got_r15_k100 rep-3,intra,parp9,1/2KH1a,parp9,ART,1,307,307,6.515,6.51,4.11,4.11,4.12,0.54
binding_gotight/p9_dtx3l_got_r15_k100 rep-3,intra,parp9,MD1,parp9,MD2,1,307,307,44.3,44.3,1.32,1.32,1.14,0.52
binding_gotight/p9_dtx3l_got_r15_k100 rep-3,intra,parp9,MD1,parp9,1/2KH1b,1,307,307,22.801,22.8,1.72,1.72,1.66,0.54
binding_gotight/p9_dtx3l_got_r15_k100 rep-3,intra,parp9,MD1,parp9,KH2,1,307,307,9.121,9.12,2.86,2.86,2.94,0.52
binding_gotight/p9_dtx3l_got_r15_k100 rep-3,intra,parp9,MD1,parp9,ART,1,307,307,5.863,5.86,5.01,5.01,4.95,0.47
binding_gotight/p9_dtx3l_got_r15_k100 rep-3,intra,parp9,MD2,parp9,1/2KH1b,1,307,307,8.143,8.14,2.73,2.73,2.8,0.59
binding_gotight/p9_dtx3l_got_r15_k100 rep-3,intra,parp9,MD2,parp9,KH2,1,307,307,8.143,8.14,3.59,3.59,3.71,0.54
binding_gotight/p9_dtx3l_got_r15_k100 rep-3,intra,parp9,MD2,parp9,ART,1,307,307,3.583,3.58,5.67,5.67,5.6,0.57
binding_gotight/p9_dtx3l_got_r15_k100 rep-3,intra,parp9,1/2KH1b,parp9,KH2,1,307,307,57.98,57.98,0.94,0.94,0.9,0.51
binding_gotight/p9_dtx3l_got_r15_k100 rep-3,intra,parp9,1/2KH1b,parp9,ART,1,307,307,5.212,5.21,4.1,4.1,4.27,0.53
binding_gotight/p9_dtx3l_got_r15_k100 rep-3,intra,parp9,KH2,parp9,ART,1,307,307,29.316,29.32,1.8,1.8,1.71,0.45
binding_gotight/p9_dtx3l_got_r15_k100 rep-3,intra,dtx3l,RRM,dtx3l,KH1,1,307,307,10.098,10.1,3.38,3.38,3.04,0.55
binding_gotight/p9_dtx3l_got_r15_k100 rep-3,intra,dtx3l,RRM,dtx3l,KH2,1,307,307,2.28,2.28,6.56,6.56,6.41,0.56
binding_gotight/p9_dtx3l_got_r15_k100 rep-3,intra,dtx3l,RRM,dtx3l,KH3,1,307,307,0.651,0.65,7.44,7.44,7.19,0.65
binding_gotight/p9_dtx3l_got_r15_k100 rep-3,intra,dtx3l,RRM,dtx3l,KH4,1,307,307,1.629,1.63,8.36,8.36,8.26,0.57
binding_gotight/p9_dtx3l_got_r15_k100 rep-3,intra,dtx3l,RRM,dtx3l,KH5,1,307,307,0.651,0.65,9.36,9.36,9.15,0.59
binding_gotight/p9_dtx3l_got_r15_k100 rep-3,intra,dtx3l,RRM,dtx3l,RING,1,307,307,0.651,0.65,10.87,10.87,11.15,0.85
binding_gotight/p9_dtx3l_got_r15_k100 rep-3,intra,dtx3l,RRM,dtx3l,DTC,1,307,307,0.651,0.65,11.06,11.06,10.83,0.6
binding_gotight/p9_dtx3l_got_r15_k100 rep-3,intra,dtx3l,KH1,dtx3l,KH2,1,307,307,12.704,12.7,3.01,3.01,2.95,0.52
binding_gotight/p9_dtx3l_got_r15_k100 rep-3,intra,dtx3l,KH1,dtx3l,KH3,1,307,307,3.909,3.91,4.25,4.25,4.2,0.53
binding_gotight/p9_dtx3l_got_r15_k100 rep-3,intra,dtx3l,KH1,dtx3l,KH4,1,307,307,1.629,1.63,5.64,5.64,5.49,0.57
binding_gotight/p9_dtx3l_got_r15_k100 rep-3,intra,dtx3l,KH1,dtx3l,KH5,1,307,307,1.629,1.63,6.93,6.93,6.99,0.62
binding_gotight/p9_dtx3l_got_r15_k100 rep-3,intra,dtx3l,KH1,dtx3l,RING,1,307,307,0.651,0.65,8.98,8.98,8.93,0.63
binding_gotight/p9_dtx3l_got_r15_k100 rep-3,intra,dtx3l,KH1,dtx3l,DTC,1,307,307,2.28,2.28,9.34,9.34,9.5,0.49
binding_gotight/p9_dtx3l_got_r15_k100 rep-3,intra,dtx3l,KH2,dtx3l,KH3,1,307,307,82.736,82.74,0.81,0.81,0.77,0.53
binding_gotight/p9_dtx3l_got_r15_k100 rep-3,intra,dtx3l,KH2,dtx3l,KH4,1,307,307,2.28,2.28,3.14,3.14,3.22,0.57
binding_gotight/p9_dtx3l_got_r15_k100 rep-3,intra,dtx3l,KH2,dtx3l,KH5,1,307,307,3.257,3.26,4.7,4.7,4.9,0.61
binding_gotight/p9_dtx3l_got_r15_k100 rep-3,intra,dtx3l,KH2,dtx3l,RING,1,307,307,2.606,2.61,7.26,7.26,7.27,0.57
binding_gotight/p9_dtx3l_got_r15_k100 rep-3,intra,dtx3l,KH2,dtx3l,DTC,1,307,307,2.28,2.28,7.85,7.85,7.92,0.55
binding_gotight/p9_dtx3l_got_r15_k100 rep-3,intra,dtx3l,KH3,dtx3l,KH4,1,307,307,43.322,43.32,1.15,1.15,1.07,0.46
binding_gotight/p9_dtx3l_got_r15_k100 rep-3,intra,dtx3l,KH3,dtx3l,KH5,1,307,307,5.863,5.86,3.05,3.05,3.13,0.51
binding_gotight/p9_dtx3l_got_r15_k100 rep-3,intra,dtx3l,KH3,dtx3l,RING,1,307,307,1.954,1.95,6.21,6.21,6.1,0.72
binding_gotight/p9_dtx3l_got_r15_k100 rep-3,intra,dtx3l,KH3,dtx3l,DTC,1,307,307,3.257,3.26,6.97,6.97,6.89,0.58
binding_gotight/p9_dtx3l_got_r15_k100 rep-3,intra,dtx3l,KH4,dtx3l,KH5,1,307,307,90.879,90.88,0.75,0.75,0.73,0.49
binding_gotight/p9_dtx3l_got_r15_k100 rep-3,intra,dtx3l,KH4,dtx3l,RING,1,307,307,2.606,2.61,4.83,4.83,4.89,0.58
binding_gotight/p9_dtx3l_got_r15_k100 rep-3,intra,dtx3l,KH4,dtx3l,DTC,1,307,307,4.56,4.56,5.86,5.86,5.74,0.54
binding_gotight/p9_dtx3l_got_r15_k100 rep-3,intra,dtx3l,KH5,dtx3l,RING,1,307,307,3.583,3.58,3.85,3.85,3.75,0.57
binding_gotight/p9_dtx3l_got_r15_k100 rep-3,intra,dtx3l,KH5,dtx3l,DTC,1,307,307,2.606,2.61,5.15,5.15,5.05,0.55
binding_gotight/p9_dtx3l_got_r15_k100 rep-3,intra,dtx3l,RING,dtx3l,DTC,1,307,307,100.0,100.0,0.37,0.37,0.37,0.32
binding_gotight/p9_dtx3l_got_r15_k100 rep-3,inter,parp9,1/2KH1a,dtx3l,RRM,1,307,305,0.977,0.98,9.68,9.71,9.49,0.53
binding_gotight/p9_dtx3l_got_r15_k100 rep-3,inter,parp9,1/2KH1a,dtx3l,KH1,1,307,305,0.0,0.0,7.19,7.2,7.22,1.01
binding_gotight/p9_dtx3l_got_r15_k100 rep-3,inter,parp9,1/2KH1a,dtx3l,KH2,1,307,305,2.28,2.3,4.85,4.85,4.87,0.62
binding_gotight/p9_dtx3l_got_r15_k100 rep-3,inter,parp9,1/2KH1a,dtx3l,KH3,1,307,305,4.886,4.92,3.2,3.19,3.33,0.55
binding_gotight/p9_dtx3l_got_r15_k100 rep-3,inter,parp9,1/2KH1a,dtx3l,KH4,1,307,305,0.326,0.33,3.37,3.36,3.38,0.78
binding_gotight/p9_dtx3l_got_r15_k100 rep-3,inter,parp9,1/2KH1a,dtx3l,KH5,1,307,305,5.212,5.25,4.2,4.18,4.36,0.61
binding_gotight/p9_dtx3l_got_r15_k100 rep-3,inter,parp9,1/2KH1a,dtx3l,RING,1,307,305,2.28,2.3,6.89,6.88,6.8,0.62
binding_gotight/p9_dtx3l_got_r15_k100 rep-3,inter,parp9,1/2KH1a,dtx3l,DTC,1,307,305,2.932,2.95,7.62,7.62,7.52,0.5
binding_gotight/p9_dtx3l_got_r15_k100 rep-3,inter,parp9,MD1,dtx3l,RRM,1,307,305,1.629,1.64,10.06,10.08,10.14,0.58
binding_gotight/p9_dtx3l_got_r15_k100 rep-3,inter,parp9,MD1,dtx3l,KH1,1,307,305,3.257,3.28,7.85,7.85,7.91,0.54
binding_gotight/p9_dtx3l_got_r15_k100 rep-3,inter,parp9,MD1,dtx3l,KH2,1,307,305,2.932,2.95,5.88,5.87,6.1,0.55
binding_gotight/p9_dtx3l_got_r15_k100 rep-3,inter,parp9,MD1,dtx3l,KH3,1,307,305,0.977,0.98,4.63,4.62,4.69,0.64
binding_gotight/p9_dtx3l_got_r15_k100 rep-3,inter,parp9,MD1,dtx3l,KH4,1,307,305,0.977,0.98,4.68,4.67,4.8,0.51
binding_gotight/p9_dtx3l_got_r15_k100 rep-3,inter,parp9,MD1,dtx3l,KH5,1,307,305,2.28,2.3,5.3,5.29,5.41,0.63
binding_gotight/p9_dtx3l_got_r15_k100 rep-3,inter,parp9,MD1,dtx3l,RING,1,307,305,1.303,1.31,7.49,7.49,7.35,0.62
binding_gotight/p9_dtx3l_got_r15_k100 rep-3,inter,parp9,MD1,dtx3l,DTC,1,307,305,2.606,2.62,8.12,8.11,7.82,0.54
binding_gotight/p9_dtx3l_got_r15_k100 rep-3,inter,parp9,MD2,dtx3l,RRM,1,307,305,2.28,2.3,10.12,10.13,10.24,0.58
binding_gotight/p9_dtx3l_got_r15_k100 rep-3,inter,parp9,MD2,dtx3l,KH1,1,307,305,3.257,3.28,8.07,8.06,8.13,0.57
binding_gotight/p9_dtx3l_got_r15_k100 rep-3,inter,parp9,MD2,dtx3l,KH2,1,307,305,0.651,0.66,6.37,6.36,6.46,0.57
binding_gotight/p9_dtx3l_got_r15_k100 rep-3,inter,parp9,MD2,dtx3l,KH3,1,307,305,2.606,2.62,5.28,5.27,5.48,0.59
binding_gotight/p9_dtx3l_got_r15_k100 rep-3,inter,parp9,MD2,dtx3l,KH4,1,307,305,2.28,2.3,5.36,5.35,5.6,0.59
binding_gotight/p9_dtx3l_got_r15_k100 rep-3,inter,parp9,MD2,dtx3l,KH5,1,307,305,1.303,1.31,6.02,6.02,5.71,0.52
binding_gotight/p9_dtx3l_got_r15_k100 rep-3,inter,parp9,MD2,dtx3l,RING,1,307,305,0.651,0.66,8.09,8.09,8.26,0.67
binding_gotight/p9_dtx3l_got_r15_k100 rep-3,inter,parp9,MD2,dtx3l,DTC,1,307,305,2.606,2.62,8.63,8.62,8.59,0.49
binding_gotight/p9_dtx3l_got_r15_k100 rep-3,inter,parp9,1/2KH1b,dtx3l,RRM,1,307,305,0.977,0.98,9.73,9.76,9.59,0.59
binding_gotight/p9_dtx3l_got_r15_k100 rep-3,inter,parp9,1/2KH1b,dtx3l,KH1,1,307,305,0.651,0.66,7.25,7.26,7.18,0.71
binding_gotight/p9_dtx3l_got_r15_k100 rep-3,inter,parp9,1/2KH1b,dtx3l,KH2,1,307,305,1.629,1.64,4.91,4.9,4.99,0.61
binding_gotight/p9_dtx3l_got_r15_k100 rep-3,inter,parp9,1/2KH1b,dtx3l,KH3,1,307,305,2.28,2.3,3.17,3.17,3.29,0.65
binding_gotight/p9_dtx3l_got_r15_k100 rep-3,inter,parp9,1/2KH1b,dtx3l,KH4,1,307,305,0.326,0.33,3.36,3.35,3.4,0.89
binding_gotight/p9_dtx3l_got_r15_k100 rep-3,inter,parp9,1/2KH1b,dtx3l,KH5,1,307,305,5.537,5.57,4.18,4.17,4.38,0.62
binding_gotight/p9_dtx3l_got_r15_k100 rep-3,inter,parp9,1/2KH1b,dtx3l,RING,1,307,305,2.28,2.3,6.94,6.93,7.01,0.74
binding_gotight/p9_dtx3l_got_r15_k100 rep-3,inter,parp9,1/2KH1b,dtx3l,DTC,1,307,305,1.303,1.31,7.69,7.68,7.73,0.59
binding_gotight/p9_dtx3l_got_r15_k100 rep-3,inter,parp9,KH2,dtx3l,RRM,1,307,305,0.977,0.98,8.32,8.35,8.27,0.58
binding_gotight/p9_dtx3l_got_r15_k100 rep-3,inter,parp9,KH2,dtx3l,KH1,1,307,305,1.629,1.64,5.61,5.62,5.44,0.54
binding_gotight/p9_dtx3l_got_r15_k100 rep-3,inter,parp9,KH2,dtx3l,KH2,1,307,305,2.932,2.95,3.15,3.14,3.18,0.55
binding_gotight/p9_dtx3l_got_r15_k100 rep-3,inter,parp9,KH2,dtx3l,KH3,1,307,305,53.746,54.1,1.04,1.04,0.96,0.51
binding_gotight/p9_dtx3l_got_r15_k100 rep-3,inter,parp9,KH2,dtx3l,KH4,1,307,305,93.811,94.43,0.71,0.71,0.67,0.46
binding_gotight/p9_dtx3l_got_r15_k100 rep-3,inter,parp9,KH2,dtx3l,KH5,1,307,305,26.384,26.56,1.77,1.77,1.72,0.52
binding_gotight/p9_dtx3l_got_r15_k100 rep-3,inter,parp9,KH2,dtx3l,RING,1,307,305,2.606,2.62,5.19,5.19,4.99,0.57
binding_gotight/p9_dtx3l_got_r15_k100 rep-3,inter,parp9,KH2,dtx3l,DTC,1,307,305,4.886,4.92,6.06,6.05,6.05,0.51
binding_gotight/p9_dtx3l_got_r15_k100 rep-3,inter,parp9,ART,dtx3l,RRM,1,307,305,1.303,1.31,9.18,9.21,9.09,0.6
binding_gotight/p9_dtx3l_got_r15_k100 rep-3,inter,parp9,ART,dtx3l,KH1,1,307,305,1.629,1.64,6.88,6.89,7.01,0.64
binding_gotight/p9_dtx3l_got_r15_k100 rep-3,inter,parp9,ART,dtx3l,KH2,1,307,305,5.863,5.9,4.8,4.8,4.92,0.52
binding_gotight/p9_dtx3l_got_r15_k100 rep-3,inter,parp9,ART,dtx3l,KH3,1,307,305,10.098,10.16,3.4,3.4,3.5,0.54
binding_gotight/p9_dtx3l_got_r15_k100 rep-3,inter,parp9,ART,dtx3l,KH4,1,307,305,24.104,24.26,1.95,1.95,1.96,0.54
binding_gotight/p9_dtx3l_got_r15_k100 rep-3,inter,parp9,ART,dtx3l,KH5,1,307,305,16.938,17.05,2.84,2.84,2.87,0.51
binding_gotight/p9_dtx3l_got_r15_k100 rep-3,inter,parp9,ART,dtx3l,RING,1,307,305,1.954,1.97,5.77,5.76,5.68,0.59
binding_gotight/p9_dtx3l_got_r15_k100 rep-3,inter,parp9,ART,dtx3l,DTC,1,307,305,5.863,5.9,6.57,6.56,6.48,0.5
binding_gotight/p9_dtx3l_got_r15_k100 rep-4,intra,parp9,1/2KH1a,parp9,MD1,1,307,307,38.436,38.44,1.37,1.37,1.18,0.52
binding_gotight/p9_dtx3l_got_r15_k100 rep-4,intra,parp9,1/2KH1a,parp9,MD2,1,307,307,14.658,14.66,2.33,2.33,2.38,0.55
binding_gotight/p9_dtx3l_got_r15_k100 rep-4,intra,parp9,1/2KH1a,parp9,1/2KH1b,1,307,307,100.0,100.0,0.42,0.42,0.42,0.41
binding_gotight/p9_dtx3l_got_r15_k100 rep-4,intra,parp9,1/2KH1a,parp9,KH2,1,307,307,51.14,51.14,1.13,1.13,0.99,0.54
binding_gotight/p9_dtx3l_got_r15_k100 rep-4,intra,parp9,1/2KH1a,parp9,ART,1,307,307,6.189,6.19,4.22,4.22,4.17,0.51
binding_gotight/p9_dtx3l_got_r15_k100 rep-4,intra,parp9,MD1,parp9,MD2,1,307,307,41.694,41.69,1.35,1.35,1.24,0.49
binding_gotight/p9_dtx3l_got_r15_k100 rep-4,intra,parp9,MD1,parp9,1/2KH1b,1,307,307,20.195,20.2,1.73,1.73,1.67,0.55
binding_gotight/p9_dtx3l_got_r15_k100 rep-4,intra,parp9,MD1,parp9,KH2,1,307,307,9.121,9.12,2.84,2.84,2.9,0.51
binding_gotight/p9_dtx3l_got_r15_k100 rep-4,intra,parp9,MD1,parp9,ART,1,307,307,6.84,6.84,4.93,4.93,5.07,0.55
binding_gotight/p9_dtx3l_got_r15_k100 rep-4,intra,parp9,MD2,parp9,1/2KH1b,1,307,307,12.052,12.05,2.59,2.59,2.67,0.56
binding_gotight/p9_dtx3l_got_r15_k100 rep-4,intra,parp9,MD2,parp9,KH2,1,307,307,10.749,10.75,3.37,3.37,3.34,0.54
binding_gotight/p9_dtx3l_got_r15_k100 rep-4,intra,parp9,MD2,parp9,ART,1,307,307,5.212,5.21,5.68,5.68,5.51,0.53
binding_gotight/p9_dtx3l_got_r15_k100 rep-4,intra,parp9,1/2KH1b,parp9,KH2,1,307,307,61.889,61.89,0.92,0.92,0.89,0.51
binding_gotight/p9_dtx3l_got_r15_k100 rep-4,intra,parp9,1/2KH1b,parp9,ART,1,307,307,6.84,6.84,4.31,4.31,4.32,0.55
binding_gotight/p9_dtx3l_got_r15_k100 rep-4,intra,parp9,KH2,parp9,ART,1,307,307,29.967,29.97,1.92,1.92,1.75,0.49
binding_gotight/p9_dtx3l_got_r15_k100 rep-4,intra,dtx3l,RRM,dtx3l,KH1,1,307,307,9.772,9.77,3.46,3.46,3.22,0.54
binding_gotight/p9_dtx3l_got_r15_k100 rep-4,intra,dtx3l,RRM,dtx3l,KH2,1,307,307,3.257,3.26,6.66,6.66,6.6,0.52
binding_gotight/p9_dtx3l_got_r15_k100 rep-4,intra,dtx3l,RRM,dtx3l,KH3,1,307,307,0.651,0.65,7.39,7.39,7.01,0.75
binding_gotight/p9_dtx3l_got_r15_k100 rep-4,intra,dtx3l,RRM,dtx3l,KH4,1,307,307,0.651,0.65,8.48,8.48,8.05,0.61
binding_gotight/p9_dtx3l_got_r15_k100 rep-4,intra,dtx3l,RRM,dtx3l,KH5,1,307,307,0.977,0.98,9.19,9.19,8.83,0.78
binding_gotight/p9_dtx3l_got_r15_k100 rep-4,intra,dtx3l,RRM,dtx3l,RING,1,307,307,0.326,0.33,10.61,10.61,10.32,0.69
binding_gotight/p9_dtx3l_got_r15_k100 rep-4,intra,dtx3l,RRM,dtx3l,DTC,1,307,307,0.977,0.98,10.6,10.6,10.22,0.6
binding_gotight/p9_dtx3l_got_r15_k100 rep-4,intra,dtx3l,KH1,dtx3l,KH2,1,307,307,8.143,8.14,3.01,3.01,2.96,0.57
binding_gotight/p9_dtx3l_got_r15_k100 rep-4,intra,dtx3l,KH1,dtx3l,KH3,1,307,307,2.932,2.93,4.1,4.1,4.12,0.63
binding_gotight/p9_dtx3l_got_r15_k100 rep-4,intra,dtx3l,KH1,dtx3l,KH4,1,307,307,3.257,3.26,5.75,5.75,5.9,0.55
binding_gotight/p9_dtx3l_got_r15_k100 rep-4,intra,dtx3l,KH1,dtx3l,KH5,1,307,307,3.257,3.26,6.69,6.69,6.73,0.55
binding_gotight/p9_dtx3l_got_r15_k100 rep-4,intra,dtx3l,KH1,dtx3l,RING,1,307,307,2.28,2.28,8.46,8.46,8.25,0.61
binding_gotight/p9_dtx3l_got_r15_k100 rep-4,intra,dtx3l,KH1,dtx3l,DTC,1,307,307,4.235,4.23,8.69,8.69,8.61,0.54
binding_gotight/p9_dtx3l_got_r15_k100 rep-4,intra,dtx3l,KH2,dtx3l,KH3,1,307,307,81.759,81.76,0.8,0.8,0.75,0.53
binding_gotight/p9_dtx3l_got_r15_k100 rep-4,intra,dtx3l,KH2,dtx3l,KH4,1,307,307,4.235,4.23,3.39,3.39,3.39,0.58
binding_gotight/p9_dtx3l_got_r15_k100 rep-4,intra,dtx3l,KH2,dtx3l,KH5,1,307,307,2.932,2.93,4.54,4.54,4.71,0.55
binding_gotight/p9_dtx3l_got_r15_k100 rep-4,intra,dtx3l,KH2,dtx3l,RING,1,307,307,3.583,3.58,6.83,6.83,6.67,0.55
binding_gotight/p9_dtx3l_got_r15_k100 rep-4,intra,dtx3l,KH2,dtx3l,DTC,1,307,307,4.56,4.56,7.23,7.23,7.41,0.48
binding_gotight/p9_dtx3l_got_r15_k100 rep-4,intra,dtx3l,KH3,dtx3l,KH4,1,307,307,31.27,31.27,1.6,1.6,1.43,0.52
binding_gotight/p9_dtx3l_got_r15_k100 rep-4,intra,dtx3l,KH3,dtx3l,KH5,1,307,307,11.401,11.4,3.09,3.09,3.1,0.48
binding_gotight/p9_dtx3l_got_r15_k100 rep-4,intra,dtx3l,KH3,dtx3l,RING,1,307,307,2.606,2.61,5.85,5.85,5.89,0.58
binding_gotight/p9_dtx3l_got_r15_k100 rep-4,intra,dtx3l,KH3,dtx3l,DTC,1,307,307,4.886,4.89,6.4,6.4,6.4,0.52
binding_gotight/p9_dtx3l_got_r15_k100 rep-4,intra,dtx3l,KH4,dtx3l,KH5,1,307,307,94.137,94.14,0.74,0.74,0.7,0.48
binding_gotight/p9_dtx3l_got_r15_k100 rep-4,intra,dtx3l,KH4,dtx3l,RING,1,307,307,2.932,2.93,4.57,4.57,4.46,0.58
binding_gotight/p9_dtx3l_got_r15_k100 rep-4,intra,dtx3l,KH4,dtx3l,DTC,1,307,307,5.863,5.86,5.43,5.43,5.23,0.54
binding_gotight/p9_dtx3l_got_r15_k100 rep-4,intra,dtx3l,KH5,dtx3l,RING,1,307,307,4.886,4.89,3.71,3.71,3.61,0.6
binding_gotight/p9_dtx3l_got_r15_k100 rep-4,intra,dtx3l,KH5,dtx3l,DTC,1,307,307,6.84,6.84,4.73,4.73,4.44,0.58
binding_gotight/p9_dtx3l_got_r15_k100 rep-4,intra,dtx3l,RING,dtx3l,DTC,1,307,307,100.0,100.0,0.37,0.37,0.37,0.32
binding_gotight/p9_dtx3l_got_r15_k100 rep-4,inter,parp9,1/2KH1a,dtx3l,RRM,1,307,41,0.0,0.0,17.37,9.68,10.15,2.67
binding_gotight/p9_dtx3l_got_r15_k100 rep-4,inter,parp9,1/2KH1a,dtx3l,KH1,1,307,41,0.0,0.0,17.39,8.04,8.09,1.86
binding_gotight/p9_dtx3l_got_r15_k100 rep-4,inter,parp9,1/2KH1a,dtx3l,KH2,1,307,41,0.0,0.0,17.32,6.16,5.25,1.06
binding_gotight/p9_dtx3l_got_r15_k100 rep-4,inter,parp9,1/2KH1a,dtx3l,KH3,1,307,41,0.0,0.0,17.37,4.65,3.82,1.11
binding_gotight/p9_dtx3l_got_r15_k100 rep-4,inter,parp9,1/2KH1a,dtx3l,KH4,1,307,41,0.326,2.44,17.02,4.56,3.67,0.98
binding_gotight/p9_dtx3l_got_r15_k100 rep-4,inter,parp9,1/2KH1a,dtx3l,KH5,1,307,41,1.954,14.63,17.11,4.39,3.53,0.64
binding_gotight/p9_dtx3l_got_r15_k100 rep-4,inter,parp9,1/2KH1a,dtx3l,RING,1,307,41,0.326,2.44,17.58,6.7,5.87,0.74
binding_gotight/p9_dtx3l_got_r15_k100 rep-4,inter,parp9,1/2KH1a,dtx3l,DTC,1,307,41,0.326,2.44,17.22,7.28,7.13,0.64
binding_gotight/p9_dtx3l_got_r15_k100 rep-4,inter,parp9,MD1,dtx3l,RRM,1,307,41,0.651,4.88,16.78,10.03,10.83,0.6
binding_gotight/p9_dtx3l_got_r15_k100 rep-4,inter,parp9,MD1,dtx3l,KH1,1,307,41,0.0,0.0,17.0,8.82,8.51,1.64
binding_gotight/p9_dtx3l_got_r15_k100 rep-4,inter,parp9,MD1,dtx3l,KH2,1,307,41,0.0,0.0,16.92,6.92,6.49,2.03
binding_gotight/p9_dtx3l_got_r15_k100 rep-4,inter,parp9,MD1,dtx3l,KH3,1,307,41,0.0,0.0,16.91,5.77,5.6,1.1
binding_gotight/p9_dtx3l_got_r15_k100 rep-4,inter,parp9,MD1,dtx3l,KH4,1,307,41,1.303,9.76,16.46,5.64,5.47,0.43
binding_gotight/p9_dtx3l_got_r15_k100 rep-4,inter,parp9,MD1,dtx3l,KH5,1,307,41,0.977,7.32,16.62,5.52,5.23,0.58
binding_gotight/p9_dtx3l_got_r15_k100 rep-4,inter,parp9,MD1,dtx3l,RING,1,307,41,0.0,0.0,17.01,7.51,6.83,1.84
binding_gotight/p9_dtx3l_got_r15_k100 rep-4,inter,parp9,MD1,dtx3l,DTC,1,307,41,0.0,0.0,16.59,7.91,6.99,1.74
binding_gotight/p9_dtx3l_got_r15_k100 rep-4,inter,parp9,MD2,dtx3l,RRM,1,307,41,0.651,4.88,16.4,9.9,9.51,0.59
binding_gotight/p9_dtx3l_got_r15_k100 rep-4,inter,parp9,MD2,dtx3l,KH1,1,307,41,0.326,2.44,16.51,8.3,9.35,0.73
binding_gotight/p9_dtx3l_got_r15_k100 rep-4,inter,parp9,MD2,dtx3l,KH2,1,307,41,0.326,2.44,16.58,6.93,6.73,0.74
binding_gotight/p9_dtx3l_got_r15_k100 rep-4,inter,parp9,MD2,dtx3l,KH3,1,307,41,0.0,0.0,16.7,5.7,5.42,2.37
binding_gotight/p9_dtx3l_got_r15_k100 rep-4,inter,parp9,MD2,dtx3l,KH4,1,307,41,0.0,0.0,16.44,5.66,6.04,1.0
binding_gotight/p9_dtx3l_got_r15_k100 rep-4,inter,parp9,MD2,dtx3l,KH5,1,307,41,0.326,2.44,16.67,5.82,5.46,0.73
binding_gotight/p9_dtx3l_got_r15_k100 rep-4,inter,parp9,MD2,dtx3l,RING,1,307,41,0.326,2.44,17.04,7.94,8.03,0.95
binding_gotight/p9_dtx3l_got_r15_k100 rep-4,inter,parp9,MD2,dtx3l,DTC,1,307,41,0.0,0.0,16.74,8.29,8.26,1.3
binding_gotight/p9_dtx3l_got_r15_k100 rep-4,inter,parp9,1/2KH1b,dtx3l,RRM,1,307,41,0.0,0.0,17.52,9.86,9.91,2.05
binding_gotight/p9_dtx3l_got_r15_k100 rep-4,inter,parp9,1/2KH1b,dtx3l,KH1,1,307,41,0.0,0.0,17.52,8.15,8.37,2.26
binding_gotight/p9_dtx3l_got_r15_k100 rep-4,inter,parp9,1/2KH1b,dtx3l,KH2,1,307,41,0.0,0.0,17.47,6.33,5.43,1.57
binding_gotight/p9_dtx3l_got_r15_k100 rep-4,inter,parp9,1/2KH1b,dtx3l,KH3,1,307,41,0.326,2.44,17.52,4.64,3.88,0.99
binding_gotight/p9_dtx3l_got_r15_k100 rep-4,inter,parp9,1/2KH1b,dtx3l,KH4,1,307,41,0.0,0.0,17.12,4.53,3.64,1.98
binding_gotight/p9_dtx3l_got_r15_k100 rep-4,inter,parp9,1/2KH1b,dtx3l,KH5,1,307,41,0.651,4.88,17.23,4.41,3.23,0.61
binding_gotight/p9_dtx3l_got_r15_k100 rep-4,inter,parp9,1/2KH1b,dtx3l,RING,1,307,41,0.0,0.0,17.72,6.71,6.3,1.58
binding_gotight/p9_dtx3l_got_r15_k100 rep-4,inter,parp9,1/2KH1b,dtx3l,DTC,1,307,41,0.977,7.32,17.35,7.3,6.88,0.62
binding_gotight/p9_dtx3l_got_r15_k100 rep-4,inter,parp9,KH2,dtx3l,RRM,1,307,41,0.0,0.0,16.74,8.58,8.24,2.02
binding_gotight/p9_dtx3l_got_r15_k100 rep-4,inter,parp9,KH2,dtx3l,KH1,1,307,41,0.0,0.0,16.66,6.81,7.28,2.43
binding_gotight/p9_dtx3l_got_r15_k100 rep-4,inter,parp9,KH2,dtx3l,KH2,1,307,41,0.0,0.0,16.58,4.99,3.77,1.56
binding_gotight/p9_dtx3l_got_r15_k100 rep-4,inter,parp9,KH2,dtx3l,KH3,1,307,41,3.909,29.27,16.56,2.76,1.29,0.47
binding_gotight/p9_dtx3l_got_r15_k100 rep-4,inter,parp9,KH2,dtx3l,KH4,1,307,41,11.401,85.37,16.1,2.2,0.65,0.56
binding_gotight/p9_dtx3l_got_r15_k100 rep-4,inter,parp9,KH2,dtx3l,KH5,1,307,41,5.537,41.46,16.34,2.94,1.24,0.53
binding_gotight/p9_dtx3l_got_r15_k100 rep-4,inter,parp9,KH2,dtx3l,RING,1,307,41,0.651,4.88,16.83,5.95,5.02,0.6
binding_gotight/p9_dtx3l_got_r15_k100 rep-4,inter,parp9,KH2,dtx3l,DTC,1,307,41,0.651,4.88,16.46,6.52,5.8,0.6
binding_gotight/p9_dtx3l_got_r15_k100 rep-4,inter,parp9,ART,dtx3l,RRM,1,307,41,0.0,0.0,16.26,10.07,10.34,2.54
binding_gotight/p9_dtx3l_got_r15_k100 rep-4,inter,parp9,ART,dtx3l,KH1,1,307,41,0.326,2.44,16.17,8.33,8.46,0.8
binding_gotight/p9_dtx3l_got_r15_k100 rep-4,inter,parp9,ART,dtx3l,KH2,1,307,41,0.0,0.0,16.27,6.7,5.75,1.3
binding_gotight/p9_dtx3l_got_r15_k100 rep-4,inter,parp9,ART,dtx3l,KH3,1,307,41,0.326,2.44,16.23,4.95,3.99,0.64
binding_gotight/p9_dtx3l_got_r15_k100 rep-4,inter,parp9,ART,dtx3l,KH4,1,307,41,3.257,24.39,15.69,3.6,2.3,0.57
binding_gotight/p9_dtx3l_got_r15_k100 rep-4,inter,parp9,ART,dtx3l,KH5,1,307,41,0.651,4.88,16.02,4.9,3.84,0.76
binding_gotight/p9_dtx3l_got_r15_k100 rep-4,inter,parp9,ART,dtx3l,RING,1,307,41,0.326,2.44,16.39,7.59,7.22,0.84
binding_gotight/p9_dtx3l_got_r15_k100 rep-4,inter,parp9,ART,dtx3l,DTC,1,307,41,0.0,0.0,16.08,7.94,6.99,1.07
binding_gotight/p9_dtx3l_got_r15_k100 rep-5,intra,parp9,1/2KH1a,parp9,MD1,1,307,307,37.459,37.46,1.35,1.35,1.22,0.5
binding_gotight/p9_dtx3l_got_r15_k100 rep-5,intra,parp9,1/2KH1a,parp9,MD2,1,307,307,14.984,14.98,2.3,2.3,2.25,0.52
binding_gotight/p9_dtx3l_got_r15_k100 rep-5,intra,parp9,1/2KH1a,parp9,1/2KH1b,1,307,307,100.0,100.0,0.42,0.42,0.42,0.41
binding_gotight/p9_dtx3l_got_r15_k100 rep-5,intra,parp9,1/2KH1a,parp9,KH2,1,307,307,40.065,40.07,1.23,1.23,1.19,0.5
binding_gotight/p9_dtx3l_got_r15_k100 rep-5,intra,parp9,1/2KH1a,parp9,ART,1,307,307,5.212,5.21,4.3,4.3,4.43,0.56
binding_gotight/p9_dtx3l_got_r15_k100 rep-5,intra,parp9,MD1,parp9,MD2,1,307,307,39.739,39.74,1.36,1.36,1.18,0.51
binding_gotight/p9_dtx3l_got_r15_k100 rep-5,intra,parp9,MD1,parp9,1/2KH1b,1,307,307,19.87,19.87,1.72,1.72,1.68,0.55
binding_gotight/p9_dtx3l_got_r15_k100 rep-5,intra,parp9,MD1,parp9,KH2,1,307,307,10.098,10.1,2.91,2.91,2.99,0.49
binding_gotight/p9_dtx3l_got_r15_k100 rep-5,intra,parp9,MD1,parp9,ART,1,307,307,7.492,7.49,5.26,5.26,5.21,0.49
binding_gotight/p9_dtx3l_got_r15_k100 rep-5,intra,parp9,MD2,parp9,1/2KH1b,1,307,307,12.052,12.05,2.63,2.63,2.59,0.55
binding_gotight/p9_dtx3l_got_r15_k100 rep-5,intra,parp9,MD2,parp9,KH2,1,307,307,8.143,8.14,3.42,3.42,3.36,0.55
binding_gotight/p9_dtx3l_got_r15_k100 rep-5,intra,parp9,MD2,parp9,ART,1,307,307,4.886,4.89,5.55,5.55,5.45,0.56
binding_gotight/p9_dtx3l_got_r15_k100 rep-5,intra,parp9,1/2KH1b,parp9,KH2,1,307,307,57.329,57.33,0.94,0.94,0.93,0.54
binding_gotight/p9_dtx3l_got_r15_k100 rep-5,intra,parp9,1/2KH1b,parp9,ART,1,307,307,5.537,5.54,4.31,4.31,4.53,0.65
binding_gotight/p9_dtx3l_got_r15_k100 rep-5,intra,parp9,KH2,parp9,ART,1,307,307,27.362,27.36,1.79,1.79,1.62,0.53
binding_gotight/p9_dtx3l_got_r15_k100 rep-5,intra,dtx3l,RRM,dtx3l,KH1,1,307,307,8.143,8.14,3.68,3.68,3.47,0.55
binding_gotight/p9_dtx3l_got_r15_k100 rep-5,intra,dtx3l,RRM,dtx3l,KH2,1,307,307,2.606,2.61,6.74,6.74,6.73,0.53
binding_gotight/p9_dtx3l_got_r15_k100 rep-5,intra,dtx3l,RRM,dtx3l,KH3,1,307,307,0.977,0.98,7.56,7.56,7.47,0.76
binding_gotight/p9_dtx3l_got_r15_k100 rep-5,intra,dtx3l,RRM,dtx3l,KH4,1,307,307,0.326,0.33,8.63,8.63,8.03,0.98
binding_gotight/p9_dtx3l_got_r15_k100 rep-5,intra,dtx3l,RRM,dtx3l,KH5,1,307,307,0.977,0.98,9.46,9.46,8.55,0.69
binding_gotight/p9_dtx3l_got_r15_k100 rep-5,intra,dtx3l,RRM,dtx3l,RING,1,307,307,0.326,0.33,11.49,11.49,11.23,0.59
binding_gotight/p9_dtx3l_got_r15_k100 rep-5,intra,dtx3l,RRM,dtx3l,DTC,1,307,307,0.651,0.65,11.64,11.64,11.53,0.74
binding_gotight/p9_dtx3l_got_r15_k100 rep-5,intra,dtx3l,KH1,dtx3l,KH2,1,307,307,10.423,10.42,2.9,2.9,2.67,0.57
binding_gotight/p9_dtx3l_got_r15_k100 rep-5,intra,dtx3l,KH1,dtx3l,KH3,1,307,307,6.189,6.19,4.07,4.07,4.01,0.56
binding_gotight/p9_dtx3l_got_r15_k100 rep-5,intra,dtx3l,KH1,dtx3l,KH4,1,307,307,1.629,1.63,5.64,5.64,5.35,0.62
binding_gotight/p9_dtx3l_got_r15_k100 rep-5,intra,dtx3l,KH1,dtx3l,KH5,1,307,307,1.303,1.3,6.72,6.72,6.24,0.66
binding_gotight/p9_dtx3l_got_r15_k100 rep-5,intra,dtx3l,KH1,dtx3l,RING,1,307,307,0.651,0.65,9.18,9.18,9.09,0.82
binding_gotight/p9_dtx3l_got_r15_k100 rep-5,intra,dtx3l,KH1,dtx3l,DTC,1,307,307,0.977,0.98,9.54,9.54,9.42,0.56
binding_gotight/p9_dtx3l_got_r15_k100 rep-5,intra,dtx3l,KH2,dtx3l,KH3,1,307,307,81.759,81.76,0.8,0.8,0.77,0.52
binding_gotight/p9_dtx3l_got_r15_k100 rep-5,intra,dtx3l,KH2,dtx3l,KH4,1,307,307,3.583,3.58,3.22,3.22,3.22,0.61
binding_gotight/p9_dtx3l_got_r15_k100 rep-5,intra,dtx3l,KH2,dtx3l,KH5,1,307,307,6.189,6.19,4.54,4.54,4.84,0.56
binding_gotight/p9_dtx3l_got_r15_k100 rep-5,intra,dtx3l,KH2,dtx3l,RING,1,307,307,1.629,1.63,7.46,7.46,7.19,0.78
binding_gotight/p9_dtx3l_got_r15_k100 rep-5,intra,dtx3l,KH2,dtx3l,DTC,1,307,307,1.303,1.3,7.93,7.93,7.62,0.68
binding_gotight/p9_dtx3l_got_r15_k100 rep-5,intra,dtx3l,KH3,dtx3l,KH4,1,307,307,43.322,43.32,1.15,1.15,1.08,0.52
binding_gotight/p9_dtx3l_got_r15_k100 rep-5,intra,dtx3l,KH3,dtx3l,KH5,1,307,307,10.749,10.75,2.78,2.78,2.84,0.55
binding_gotight/p9_dtx3l_got_r15_k100 rep-5,intra,dtx3l,KH3,dtx3l,RING,1,307,307,0.977,0.98,6.21,6.21,6.05,0.58
binding_gotight/p9_dtx3l_got_r15_k100 rep-5,intra,dtx3l,KH3,dtx3l,DTC,1,307,307,0.651,0.65,6.89,6.89,6.61,0.54
binding_gotight/p9_dtx3l_got_r15_k100 rep-5,intra,dtx3l,KH4,dtx3l,KH5,1,307,307,91.857,91.86,0.75,0.75,0.73,0.47
binding_gotight/p9_dtx3l_got_r15_k100 rep-5,intra,dtx3l,KH4,dtx3l,RING,1,307,307,3.909,3.91,4.83,4.83,4.96,0.59
binding_gotight/p9_dtx3l_got_r15_k100 rep-5,intra,dtx3l,KH4,dtx3l,DTC,1,307,307,1.954,1.95,5.73,5.73,5.65,0.57
binding_gotight/p9_dtx3l_got_r15_k100 rep-5,intra,dtx3l,KH5,dtx3l,RING,1,307,307,2.606,2.61,3.78,3.78,3.66,0.55
binding_gotight/p9_dtx3l_got_r15_k100 rep-5,intra,dtx3l,KH5,dtx3l,DTC,1,307,307,5.537,5.54,4.94,4.94,4.75,0.48
binding_gotight/p9_dtx3l_got_r15_k100 rep-5,intra,dtx3l,RING,dtx3l,DTC,1,307,307,100.0,100.0,0.37,0.37,0.37,0.32
binding_gotight/p9_dtx3l_got_r15_k100 rep-5,inter,parp9,1/2KH1a,dtx3l,RRM,1,307,297,0.651,0.67,9.08,8.96,8.83,0.58
binding_gotight/p9_dtx3l_got_r15_k100 rep-5,inter,parp9,1/2KH1a,dtx3l,KH1,1,307,297,2.606,2.69,6.51,6.38,6.46,0.63
binding_gotight/p9_dtx3l_got_r15_k100 rep-5,inter,parp9,1/2KH1a,dtx3l,KH2,1,307,297,4.235,4.38,4.77,4.62,4.8,0.57
binding_gotight/p9_dtx3l_got_r15_k100 rep-5,inter,parp9,1/2KH1a,dtx3l,KH3,1,307,297,5.537,5.72,3.33,3.12,3.18,0.54
binding_gotight/p9_dtx3l_got_r15_k100 rep-5,inter,parp9,1/2KH1a,dtx3l,KH4,1,307,297,0.977,1.01,3.64,3.43,3.5,0.59
binding_gotight/p9_dtx3l_got_r15_k100 rep-5,inter,parp9,1/2KH1a,dtx3l,KH5,1,307,297,5.537,5.72,4.29,4.09,4.09,0.63
binding_gotight/p9_dtx3l_got_r15_k100 rep-5,inter,parp9,1/2KH1a,dtx3l,RING,1,307,297,0.977,1.01,7.22,7.06,7.03,0.59
binding_gotight/p9_dtx3l_got_r15_k100 rep-5,inter,parp9,1/2KH1a,dtx3l,DTC,1,307,297,1.629,1.68,7.86,7.74,7.62,0.72
binding_gotight/p9_dtx3l_got_r15_k100 rep-5,inter,parp9,MD1,dtx3l,RRM,1,307,297,1.954,2.02,9.37,9.22,8.96,0.58
binding_gotight/p9_dtx3l_got_r15_k100 rep-5,inter,parp9,MD1,dtx3l,KH1,1,307,297,3.257,3.37,7.26,7.1,7.34,0.49
binding_gotight/p9_dtx3l_got_r15_k100 rep-5,inter,parp9,MD1,dtx3l,KH2,1,307,297,3.257,3.37,5.85,5.69,5.7,0.56
binding_gotight/p9_dtx3l_got_r15_k100 rep-5,inter,parp9,MD1,dtx3l,KH3,1,307,297,1.954,2.02,4.74,4.53,4.52,0.58
binding_gotight/p9_dtx3l_got_r15_k100 rep-5,inter,parp9,MD1,dtx3l,KH4,1,307,297,1.303,1.35,5.01,4.79,4.98,0.59
binding_gotight/p9_dtx3l_got_r15_k100 rep-5,inter,parp9,MD1,dtx3l,KH5,1,307,297,4.56,4.71,5.54,5.32,5.34,0.53
binding_gotight/p9_dtx3l_got_r15_k100 rep-5,inter,parp9,MD1,dtx3l,RING,1,307,297,0.326,0.34,8.0,7.82,7.57,0.76
binding_gotight/p9_dtx3l_got_r15_k100 rep-5,inter,parp9,MD1,dtx3l,DTC,1,307,297,1.954,2.02,8.45,8.3,8.01,0.61
binding_gotight/p9_dtx3l_got_r15_k100 rep-5,inter,parp9,MD2,dtx3l,RRM,1,307,297,0.977,1.01,9.79,9.64,9.16,0.67
binding_gotight/p9_dtx3l_got_r15_k100 rep-5,inter,parp9,MD2,dtx3l,KH1,1,307,297,1.954,2.02,7.65,7.5,7.5,0.68
binding_gotight/p9_dtx3l_got_r15_k100 rep-5,inter,parp9,MD2,dtx3l,KH2,1,307,297,2.28,2.36,6.24,6.11,6.36,0.54
binding_gotight/p9_dtx3l_got_r15_k100 rep-5,inter,parp9,MD2,dtx3l,KH3,1,307,297,1.954,2.02,5.19,5.01,5.04,0.73
binding_gotight/p9_dtx3l_got_r15_k100 rep-5,inter,parp9,MD2,dtx3l,KH4,1,307,297,1.303,1.35,5.5,5.33,5.23,0.56
binding_gotight/p9_dtx3l_got_r15_k100 rep-5,inter,parp9,MD2,dtx3l,KH5,1,307,297,2.606,2.69,6.08,5.92,5.96,0.55
binding_gotight/p9_dtx3l_got_r15_k100 rep-5,inter,parp9,MD2,dtx3l,RING,1,307,297,0.977,1.01,8.41,8.3,8.11,0.61
binding_gotight/p9_dtx3l_got_r15_k100 rep-5,inter,parp9,MD2,dtx3l,DTC,1,307,297,0.977,1.01,8.81,8.73,8.32,0.53
binding_gotight/p9_dtx3l_got_r15_k100 rep-5,inter,parp9,1/2KH1b,dtx3l,RRM,1,307,297,0.977,1.01,9.15,9.03,8.95,0.74
binding_gotight/p9_dtx3l_got_r15_k100 rep-5,inter,parp9,1/2KH1b,dtx3l,KH1,1,307,297,2.28,2.36,6.54,6.4,6.61,0.61
binding_gotight/p9_dtx3l_got_r15_k100 rep-5,inter,parp9,1/2KH1b,dtx3l,KH2,1,307,297,2.932,3.03,4.75,4.58,4.7,0.67
binding_gotight/p9_dtx3l_got_r15_k100 rep-5,inter,parp9,1/2KH1b,dtx3l,KH3,1,307,297,4.56,4.71,3.23,3.0,3.06,0.6
binding_gotight/p9_dtx3l_got_r15_k100 rep-5,inter,parp9,1/2KH1b,dtx3l,KH4,1,307,297,0.326,0.34,3.64,3.42,3.42,0.67
binding_gotight/p9_dtx3l_got_r15_k100 rep-5,inter,parp9,1/2KH1b,dtx3l,KH5,1,307,297,4.235,4.38,4.26,4.04,4.17,0.56
binding_gotight/p9_dtx3l_got_r15_k100 rep-5,inter,parp9,1/2KH1b,dtx3l,RING,1,307,297,0.651,0.67,7.27,7.1,7.04,0.7
binding_gotight/p9_dtx3l_got_r15_k100 rep-5,inter,parp9,1/2KH1b,dtx3l,DTC,1,307,297,0.651,0.67,7.9,7.78,7.81,0.64
binding_gotight/p9_dtx3l_got_r15_k100 rep-5,inter,parp9,KH2,dtx3l,RRM,1,307,297,2.932,3.03,8.23,8.08,8.02,0.65
binding_gotight/p9_dtx3l_got_r15_k100 rep-5,inter,parp9,KH2,dtx3l,KH1,1,307,297,3.909,4.04,5.26,5.1,4.93,0.61
binding_gotight/p9_dtx3l_got_r15_k100 rep-5,inter,parp9,KH2,dtx3l,KH2,1,307,297,6.189,6.4,3.16,2.96,3.1,0.55
binding_gotight/p9_dtx3l_got_r15_k100 rep-5,inter,parp9,KH2,dtx3l,KH3,1,307,297,59.935,61.95,1.26,0.99,0.87,0.52
binding_gotight/p9_dtx3l_got_r15_k100 rep-5,inter,parp9,KH2,dtx3l,KH4,1,307,297,91.205,94.28,1.03,0.75,0.66,0.53
binding_gotight/p9_dtx3l_got_r15_k100 rep-5,inter,parp9,KH2,dtx3l,KH5,1,307,297,30.293,31.31,1.93,1.67,1.59,0.52
binding_gotight/p9_dtx3l_got_r15_k100 rep-5,inter,parp9,KH2,dtx3l,RING,1,307,297,4.235,4.38,5.42,5.23,5.16,0.53
binding_gotight/p9_dtx3l_got_r15_k100 rep-5,inter,parp9,KH2,dtx3l,DTC,1,307,297,2.606,2.69,6.15,6.0,5.89,0.55
binding_gotight/p9_dtx3l_got_r15_k100 rep-5,inter,parp9,ART,dtx3l,RRM,1,307,297,0.977,1.01,9.28,9.14,8.97,0.69
binding_gotight/p9_dtx3l_got_r15_k100 rep-5,inter,parp9,ART,dtx3l,KH1,1,307,297,4.235,4.38,6.74,6.6,6.52,0.55
binding_gotight/p9_dtx3l_got_r15_k100 rep-5,inter,parp9,ART,dtx3l,KH2,1,307,297,6.189,6.4,5.02,4.85,5.11,0.55
binding_gotight/p9_dtx3l_got_r15_k100 rep-5,inter,parp9,ART,dtx3l,KH3,1,307,297,6.515,6.73,3.62,3.4,3.45,0.55
binding_gotight/p9_dtx3l_got_r15_k100 rep-5,inter,parp9,ART,dtx3l,KH4,1,307,297,21.173,21.89,2.22,1.96,1.94,0.53
binding_gotight/p9_dtx3l_got_r15_k100 rep-5,inter,parp9,ART,dtx3l,KH5,1,307,297,12.052,12.46,3.21,2.99,3.11,0.55
binding_gotight/p9_dtx3l_got_r15_k100 rep-5,inter,parp9,ART,dtx3l,RING,1,307,297,1.629,1.68,6.05,5.87,5.51,0.54
binding_gotight/p9_dtx3l_got_r15_k100 rep-5,inter,parp9,ART,dtx3l,DTC,1,307,297,3.257,3.37,6.71,6.54,6.32,0.54
