model,kind,chain_i,domain_i,chain_j,domain_j,n_rep,n_frames,n_bound_frames,pct_contact,pct_contact_bound,mean_min_nm,mean_min_bound_nm,median_min_bound_nm,closest_nm
binding/p9_dtx3l_docked,inter,parp9,1/2KH1a,dtx3l,RRM,5,1535,95,0.13,2.11,16.65,10.1,9.8,0.61
binding/p9_dtx3l_docked,inter,parp9,1/2KH1a,dtx3l,KH1,5,1535,95,0.0,0.0,16.49,8.65,7.96,1.36
binding/p9_dtx3l_docked,inter,parp9,1/2KH1a,dtx3l,KH2,5,1535,95,0.065,1.05,16.5,8.27,7.45,0.98
binding/p9_dtx3l_docked,inter,parp9,1/2KH1a,dtx3l,KH3,5,1535,95,0.0,0.0,16.62,8.37,6.83,1.33
binding/p9_dtx3l_docked,inter,parp9,1/2KH1a,dtx3l,KH4,5,1535,95,0.13,2.11,16.37,8.48,7.75,0.8
binding/p9_dtx3l_docked,inter,parp9,1/2KH1a,dtx3l,KH5,5,1535,95,0.0,0.0,16.5,8.66,7.45,1.4
binding/p9_dtx3l_docked,inter,parp9,1/2KH1a,dtx3l,RING,5,1535,95,0.065,1.05,16.54,9.26,8.08,0.94
binding/p9_dtx3l_docked,inter,parp9,1/2KH1a,dtx3l,DTC,5,1535,95,0.195,3.16,16.01,9.48,9.01,0.63
binding/p9_dtx3l_docked,inter,parp9,MD1,dtx3l,RRM,5,1535,95,0.521,8.42,15.78,8.69,8.64,0.57
binding/p9_dtx3l_docked,inter,parp9,MD1,dtx3l,KH1,5,1535,95,0.717,11.58,15.71,7.4,6.47,0.58
binding/p9_dtx3l_docked,inter,parp9,MD1,dtx3l,KH2,5,1535,95,0.521,8.42,15.71,7.2,5.96,0.54
binding/p9_dtx3l_docked,inter,parp9,MD1,dtx3l,KH3,5,1535,95,0.391,6.32,15.82,7.35,6.42,0.64
binding/p9_dtx3l_docked,inter,parp9,MD1,dtx3l,KH4,5,1535,95,0.261,4.21,15.56,7.65,6.35,0.6
binding/p9_dtx3l_docked,inter,parp9,MD1,dtx3l,KH5,5,1535,95,0.326,5.26,15.72,7.96,7.17,0.71
binding/p9_dtx3l_docked,inter,parp9,MD1,dtx3l,RING,5,1535,95,0.261,4.21,15.8,8.8,7.96,0.52
binding/p9_dtx3l_docked,inter,parp9,MD1,dtx3l,DTC,5,1535,95,0.13,2.11,15.28,9.05,8.88,0.6
binding/p9_dtx3l_docked,inter,parp9,MD2,dtx3l,RRM,5,1535,95,0.13,2.11,15.79,9.1,7.93,0.52
binding/p9_dtx3l_docked,inter,parp9,MD2,dtx3l,KH1,5,1535,95,0.195,3.16,15.77,7.97,7.13,0.66
binding/p9_dtx3l_docked,inter,parp9,MD2,dtx3l,KH2,5,1535,95,0.195,3.16,15.73,7.59,7.17,0.59
binding/p9_dtx3l_docked,inter,parp9,MD2,dtx3l,KH3,5,1535,95,0.261,4.21,15.84,7.71,7.15,0.7
binding/p9_dtx3l_docked,inter,parp9,MD2,dtx3l,KH4,5,1535,95,0.326,5.26,15.54,8.06,7.33,0.61
binding/p9_dtx3l_docked,inter,parp9,MD2,dtx3l,KH5,5,1535,95,0.195,3.16,15.67,8.31,7.72,0.64
binding/p9_dtx3l_docked,inter,parp9,MD2,dtx3l,RING,5,1535,95,0.065,1.05,15.77,9.02,8.56,0.85
binding/p9_dtx3l_docked,inter,parp9,MD2,dtx3l,DTC,5,1535,95,0.521,8.42,15.28,9.16,9.29,0.54
binding/p9_dtx3l_docked,inter,parp9,1/2KH1b,dtx3l,RRM,5,1535,95,0.13,2.11,16.81,10.28,9.97,0.81
binding/p9_dtx3l_docked,inter,parp9,1/2KH1b,dtx3l,KH1,5,1535,95,0.0,0.0,16.65,8.81,8.35,1.44
binding/p9_dtx3l_docked,inter,parp9,1/2KH1b,dtx3l,KH2,5,1535,95,0.0,0.0,16.66,8.45,7.63,1.3
binding/p9_dtx3l_docked,inter,parp9,1/2KH1b,dtx3l,KH3,5,1535,95,0.0,0.0,16.78,8.55,7.05,1.74
binding/p9_dtx3l_docked,inter,parp9,1/2KH1b,dtx3l,KH4,5,1535,95,0.065,1.05,16.52,8.64,7.99,0.75
binding/p9_dtx3l_docked,inter,parp9,1/2KH1b,dtx3l,KH5,5,1535,95,0.065,1.05,16.65,8.8,7.72,0.99
binding/p9_dtx3l_docked,inter,parp9,1/2KH1b,dtx3l,RING,5,1535,95,0.0,0.0,16.68,9.37,8.43,1.58
binding/p9_dtx3l_docked,inter,parp9,1/2KH1b,dtx3l,DTC,5,1535,95,0.326,5.26,16.14,9.59,8.89,0.63
binding/p9_dtx3l_docked,inter,parp9,KH2,dtx3l,RRM,5,1535,95,0.261,4.21,16.18,9.74,9.22,0.75
binding/p9_dtx3l_docked,inter,parp9,KH2,dtx3l,KH1,5,1535,95,0.13,2.11,16.03,8.5,8.05,0.57
binding/p9_dtx3l_docked,inter,parp9,KH2,dtx3l,KH2,5,1535,95,0.065,1.05,15.98,8.1,7.7,0.61
binding/p9_dtx3l_docked,inter,parp9,KH2,dtx3l,KH3,5,1535,95,0.065,1.05,16.1,8.17,7.42,0.66
binding/p9_dtx3l_docked,inter,parp9,KH2,dtx3l,KH4,5,1535,95,0.195,3.16,15.84,8.07,7.68,0.77
binding/p9_dtx3l_docked,inter,parp9,KH2,dtx3l,KH5,5,1535,95,0.326,5.26,16.0,8.24,7.56,0.58
binding/p9_dtx3l_docked,inter,parp9,KH2,dtx3l,RING,5,1535,95,0.195,3.16,15.99,8.58,7.63,0.54
binding/p9_dtx3l_docked,inter,parp9,KH2,dtx3l,DTC,5,1535,95,0.456,7.37,15.47,8.73,7.37,0.66
binding/p9_dtx3l_docked,inter,parp9,ART,dtx3l,RRM,5,1535,95,0.326,5.26,15.84,10.3,11.66,0.6
binding/p9_dtx3l_docked,inter,parp9,ART,dtx3l,KH1,5,1535,95,0.261,4.21,15.66,9.29,9.16,0.54
binding/p9_dtx3l_docked,inter,parp9,ART,dtx3l,KH2,5,1535,95,0.261,4.21,15.65,8.72,8.9,0.55
binding/p9_dtx3l_docked,inter,parp9,ART,dtx3l,KH3,5,1535,95,0.195,3.16,15.78,8.67,8.57,0.68
binding/p9_dtx3l_docked,inter,parp9,ART,dtx3l,KH4,5,1535,95,0.326,5.26,15.6,8.7,8.2,0.57
binding/p9_dtx3l_docked,inter,parp9,ART,dtx3l,KH5,5,1535,95,0.391,6.32,15.76,8.66,7.74,0.72
binding/p9_dtx3l_docked,inter,parp9,ART,dtx3l,RING,5,1535,95,0.326,5.26,15.73,9.06,9.23,0.68
binding/p9_dtx3l_docked,inter,parp9,ART,dtx3l,DTC,5,1535,95,0.586,9.47,15.19,9.17,8.28,0.52
binding/ternary_docked,inter,parp14,RRM1,parp9,1/2KH1a,20,6140,561,0.147,1.6,17.07,12.52,12.82,0.55
binding/ternary_docked,inter,parp14,RRM1,parp9,MD1,20,6140,561,0.244,2.67,16.29,11.94,12.02,0.6
binding/ternary_docked,inter,parp14,RRM1,parp9,MD2,20,6140,561,0.195,2.14,16.32,12.02,12.43,0.54
binding/ternary_docked,inter,parp14,RRM1,parp9,1/2KH1b,20,6140,561,0.065,0.71,17.25,12.7,13.08,0.66
binding/ternary_docked,inter,parp14,RRM1,parp9,KH2,20,6140,561,0.212,2.32,16.54,12.06,12.32,0.51
binding/ternary_docked,inter,parp14,RRM1,parp9,ART,20,6140,561,0.179,1.96,16.07,11.68,11.84,0.61
binding/ternary_docked,inter,parp14,RRM2,parp9,1/2KH1a,20,6140,561,0.049,0.53,17.23,11.71,11.68,0.89
binding/ternary_docked,inter,parp14,RRM2,parp9,MD1,20,6140,561,0.244,2.67,16.42,11.04,10.91,0.51
binding/ternary_docked,inter,parp14,RRM2,parp9,MD2,20,6140,561,0.277,3.03,16.47,11.13,11.09,0.54
binding/ternary_docked,inter,parp14,RRM2,parp9,1/2KH1b,20,6140,561,0.0,0.0,17.4,11.9,11.77,1.17
binding/ternary_docked,inter,parp14,RRM2,parp9,KH2,20,6140,561,0.098,1.07,16.71,11.27,11.47,0.64
binding/ternary_docked,inter,parp14,RRM2,parp9,ART,20,6140,561,0.423,4.63,16.24,10.85,10.97,0.5
binding/ternary_docked,inter,parp14,RRM3,parp9,1/2KH1a,20,6140,561,0.098,1.07,17.19,11.54,11.21,0.58
binding/ternary_docked,inter,parp14,RRM3,parp9,MD1,20,6140,561,0.212,2.32,16.39,10.86,10.78,0.45
binding/ternary_docked,inter,parp14,RRM3,parp9,MD2,20,6140,561,0.212,2.32,16.42,11.0,11.06,0.56
binding/ternary_docked,inter,parp14,RRM3,parp9,1/2KH1b,20,6140,561,0.065,0.71,17.36,11.74,11.41,0.59
binding/ternary_docked,inter,parp14,RRM3,parp9,KH2,20,6140,561,0.261,2.85,16.66,11.06,10.66,0.56
binding/ternary_docked,inter,parp14,RRM3,parp9,ART,20,6140,561,0.277,3.03,16.2,10.71,10.61,0.52
binding/ternary_docked,inter,parp14,KH1,parp9,1/2KH1a,20,6140,561,0.065,0.71,17.13,11.0,10.49,0.53
binding/ternary_docked,inter,parp14,KH1,parp9,MD1,20,6140,561,0.261,2.85,16.3,10.27,10.14,0.5
binding/ternary_docked,inter,parp14,KH1,parp9,MD2,20,6140,561,0.212,2.32,16.34,10.5,10.38,0.57
binding/ternary_docked,inter,parp14,KH1,parp9,1/2KH1b,20,6140,561,0.114,1.25,17.3,11.22,10.79,0.66
binding/ternary_docked,inter,parp14,KH1,parp9,KH2,20,6140,561,0.179,1.96,16.6,10.55,10.42,0.51
binding/ternary_docked,inter,parp14,KH1,parp9,ART,20,6140,561,0.212,2.32,16.14,10.32,10.31,0.54
binding/ternary_docked,inter,parp14,KH2,parp9,1/2KH1a,20,6140,561,0.049,0.53,17.23,10.77,10.12,0.57
binding/ternary_docked,inter,parp14,KH2,parp9,MD1,20,6140,561,0.261,2.85,16.4,9.96,9.64,0.59
binding/ternary_docked,inter,parp14,KH2,parp9,MD2,20,6140,561,0.147,1.6,16.45,10.25,10.1,0.56
binding/ternary_docked,inter,parp14,KH2,parp9,1/2KH1b,20,6140,561,0.065,0.71,17.41,10.99,10.57,0.66
binding/ternary_docked,inter,parp14,KH2,parp9,KH2,20,6140,561,0.13,1.43,16.71,10.35,10.09,0.64
binding/ternary_docked,inter,parp14,KH2,parp9,ART,20,6140,561,0.228,2.5,16.25,10.19,9.82,0.59
binding/ternary_docked,inter,parp14,KH3,parp9,1/2KH1a,20,6140,561,0.016,0.18,17.33,10.64,10.37,0.76
binding/ternary_docked,inter,parp14,KH3,parp9,MD1,20,6140,561,0.244,2.67,16.48,9.76,9.48,0.53
binding/ternary_docked,inter,parp14,KH3,parp9,MD2,20,6140,561,0.195,2.14,16.55,10.19,10.07,0.57
binding/ternary_docked,inter,parp14,KH3,parp9,1/2KH1b,20,6140,561,0.049,0.53,17.51,10.87,10.4,0.68
binding/ternary_docked,inter,parp14,KH3,parp9,KH2,20,6140,561,0.147,1.6,16.81,10.27,9.98,0.55
binding/ternary_docked,inter,parp14,KH3,parp9,ART,20,6140,561,0.326,3.57,16.35,10.2,10.02,0.51
binding/ternary_docked,inter,parp14,KH4,parp9,1/2KH1a,20,6140,561,0.033,0.36,17.36,10.2,9.86,0.67
binding/ternary_docked,inter,parp14,KH4,parp9,MD1,20,6140,561,0.293,3.21,16.49,9.34,9.15,0.54
binding/ternary_docked,inter,parp14,KH4,parp9,MD2,20,6140,561,0.098,1.07,16.57,9.82,9.62,0.65
binding/ternary_docked,inter,parp14,KH4,parp9,1/2KH1b,20,6140,561,0.016,0.18,17.54,10.42,10.14,0.61
binding/ternary_docked,inter,parp14,KH4,parp9,KH2,20,6140,561,0.081,0.89,16.84,9.87,9.49,0.62
binding/ternary_docked,inter,parp14,KH4,parp9,ART,20,6140,561,0.244,2.67,16.36,9.86,9.64,0.53
binding/ternary_docked,inter,parp14,KH5,parp9,1/2KH1a,20,6140,561,0.065,0.71,17.2,9.79,9.62,0.57
binding/ternary_docked,inter,parp14,KH5,parp9,MD1,20,6140,561,0.163,1.78,16.34,8.97,8.68,0.59
binding/ternary_docked,inter,parp14,KH5,parp9,MD2,20,6140,561,0.13,1.43,16.42,9.46,9.26,0.57
binding/ternary_docked,inter,parp14,KH5,parp9,1/2KH1b,20,6140,561,0.049,0.53,17.38,10.01,9.84,0.73
binding/ternary_docked,inter,parp14,KH5,parp9,KH2,20,6140,561,0.114,1.25,16.69,9.45,9.09,0.59
binding/ternary_docked,inter,parp14,KH5,parp9,ART,20,6140,561,0.195,2.14,16.2,9.56,9.27,0.55
binding/ternary_docked,inter,parp14,KH6,parp9,1/2KH1a,20,6140,561,0.065,0.71,17.27,9.87,9.4,0.58
binding/ternary_docked,inter,parp14,KH6,parp9,MD1,20,6140,561,0.13,1.43,16.41,9.08,8.63,0.52
binding/ternary_docked,inter,parp14,KH6,parp9,MD2,20,6140,561,0.114,1.25,16.48,9.54,9.11,0.58
binding/ternary_docked,inter,parp14,KH6,parp9,1/2KH1b,20,6140,561,0.081,0.89,17.46,10.1,9.64,0.62
binding/ternary_docked,inter,parp14,KH6,parp9,KH2,20,6140,561,0.049,0.53,16.75,9.51,9.09,0.61
binding/ternary_docked,inter,parp14,KH6,parp9,ART,20,6140,561,0.13,1.43,16.24,9.7,9.25,0.58
binding/ternary_docked,inter,parp14,1/2KH7a,parp9,1/2KH1a,20,6140,561,0.065,0.71,17.44,10.12,9.68,0.57
binding/ternary_docked,inter,parp14,1/2KH7a,parp9,MD1,20,6140,561,0.179,1.96,16.57,9.34,8.36,0.56
binding/ternary_docked,inter,parp14,1/2KH7a,parp9,MD2,20,6140,561,0.114,1.25,16.63,9.77,9.01,0.52
binding/ternary_docked,inter,parp14,1/2KH7a,parp9,1/2KH1b,20,6140,561,0.065,0.71,17.62,10.35,9.81,0.65
binding/ternary_docked,inter,parp14,1/2KH7a,parp9,KH2,20,6140,561,0.049,0.53,16.9,9.7,9.2,0.59
binding/ternary_docked,inter,parp14,1/2KH7a,parp9,ART,20,6140,561,0.065,0.71,16.39,9.86,9.32,0.57
binding/ternary_docked,inter,parp14,MD1,parp9,1/2KH1a,20,6140,561,0.147,1.6,16.58,9.76,9.14,0.73
binding/ternary_docked,inter,parp14,MD1,parp9,MD1,20,6140,561,0.326,3.57,15.68,8.95,8.17,0.56
binding/ternary_docked,inter,parp14,MD1,parp9,MD2,20,6140,561,0.358,3.92,15.78,9.35,8.67,0.53
binding/ternary_docked,inter,parp14,MD1,parp9,1/2KH1b,20,6140,561,0.081,0.89,16.76,9.99,9.36,0.57
binding/ternary_docked,inter,parp14,MD1,parp9,KH2,20,6140,561,0.309,3.39,16.06,9.41,9.09,0.5
binding/ternary_docked,inter,parp14,MD1,parp9,ART,20,6140,561,0.326,3.57,15.52,9.55,9.3,0.48
binding/ternary_docked,inter,parp14,MD2,parp9,1/2KH1a,20,6140,561,0.033,0.36,16.59,10.41,9.89,0.93
binding/ternary_docked,inter,parp14,MD2,parp9,MD1,20,6140,561,0.456,4.99,15.7,9.51,9.21,0.47
binding/ternary_docked,inter,parp14,MD2,parp9,MD2,20,6140,561,0.293,3.21,15.82,9.91,9.49,0.53
binding/ternary_docked,inter,parp14,MD2,parp9,1/2KH1b,20,6140,561,0.033,0.36,16.77,10.66,10.21,0.65
binding/ternary_docked,inter,parp14,MD2,parp9,KH2,20,6140,561,0.261,2.85,16.08,10.02,9.87,0.53
binding/ternary_docked,inter,parp14,MD2,parp9,ART,20,6140,561,0.472,5.17,15.56,9.97,9.75,0.5
binding/ternary_docked,inter,parp14,MD3,parp9,1/2KH1a,20,6140,561,0.065,0.71,16.64,10.45,9.87,0.63
binding/ternary_docked,inter,parp14,MD3,parp9,MD1,20,6140,561,0.358,3.92,15.77,9.68,9.51,0.57
binding/ternary_docked,inter,parp14,MD3,parp9,MD2,20,6140,561,0.423,4.63,15.87,10.05,9.32,0.55
binding/ternary_docked,inter,parp14,MD3,parp9,1/2KH1b,20,6140,561,0.081,0.89,16.82,10.68,10.06,0.54
binding/ternary_docked,inter,parp14,MD3,parp9,KH2,20,6140,561,0.195,2.14,16.11,10.04,9.25,0.52
binding/ternary_docked,inter,parp14,MD3,parp9,ART,20,6140,561,0.309,3.39,15.65,10.15,10.01,0.53
binding/ternary_docked,inter,parp14,1/2KH7b,parp9,1/2KH1a,20,6140,561,0.016,0.18,17.56,10.23,9.78,0.63
binding/ternary_docked,inter,parp14,1/2KH7b,parp9,MD1,20,6140,561,0.163,1.78,16.69,9.46,8.58,0.62
binding/ternary_docked,inter,parp14,1/2KH7b,parp9,MD2,20,6140,561,0.098,1.07,16.75,9.89,9.07,0.67
binding/ternary_docked,inter,parp14,1/2KH7b,parp9,1/2KH1b,20,6140,561,0.049,0.53,17.74,10.46,9.95,0.62
binding/ternary_docked,inter,parp14,1/2KH7b,parp9,KH2,20,6140,561,0.016,0.18,17.01,9.8,9.29,0.89
binding/ternary_docked,inter,parp14,1/2KH7b,parp9,ART,20,6140,561,0.049,0.53,16.51,9.97,9.5,0.71
binding/ternary_docked,inter,parp14,KH8,parp9,1/2KH1a,20,6140,561,0.065,0.71,16.93,9.98,9.46,0.57
binding/ternary_docked,inter,parp14,KH8,parp9,MD1,20,6140,561,0.212,2.32,16.07,9.22,8.41,0.54
binding/ternary_docked,inter,parp14,KH8,parp9,MD2,20,6140,561,0.195,2.14,16.09,9.59,8.96,0.52
binding/ternary_docked,inter,parp14,KH8,parp9,1/2KH1b,20,6140,561,0.065,0.71,17.11,10.2,9.71,0.61
binding/ternary_docked,inter,parp14,KH8,parp9,KH2,20,6140,561,0.195,2.14,16.38,9.53,9.05,0.62
binding/ternary_docked,inter,parp14,KH8,parp9,ART,20,6140,561,0.261,2.85,15.87,9.66,9.5,0.55
binding/ternary_docked,inter,parp14,WWE,parp9,1/2KH1a,20,6140,561,0.049,0.53,17.18,11.11,10.87,0.65
binding/ternary_docked,inter,parp14,WWE,parp9,MD1,20,6140,561,0.179,1.96,16.33,10.37,10.01,0.53
binding/ternary_docked,inter,parp14,WWE,parp9,MD2,20,6140,561,0.212,2.32,16.33,10.62,10.23,0.56
binding/ternary_docked,inter,parp14,WWE,parp9,1/2KH1b,20,6140,561,0.081,0.89,17.36,11.31,11.13,0.6
binding/ternary_docked,inter,parp14,WWE,parp9,KH2,20,6140,561,0.163,1.78,16.65,10.67,10.72,0.5
binding/ternary_docked,inter,parp14,WWE,parp9,ART,20,6140,561,0.277,3.03,16.13,10.75,10.93,0.58
binding/ternary_docked,inter,parp14,ART,parp9,1/2KH1a,20,6140,561,0.195,2.14,16.38,10.57,10.32,0.56
binding/ternary_docked,inter,parp14,ART,parp9,MD1,20,6140,561,0.44,4.81,15.54,9.84,9.85,0.46
binding/ternary_docked,inter,parp14,ART,parp9,MD2,20,6140,561,0.358,3.92,15.58,10.06,9.99,0.55
binding/ternary_docked,inter,parp14,ART,parp9,1/2KH1b,20,6140,561,0.195,2.14,16.56,10.77,10.29,0.59
binding/ternary_docked,inter,parp14,ART,parp9,KH2,20,6140,561,0.244,2.67,15.84,10.12,9.95,0.59
binding/ternary_docked,inter,parp14,ART,parp9,ART,20,6140,561,0.603,6.6,15.37,10.18,9.94,0.48
binding/ternary_docked,inter,parp14,RRM1,dtx3l,RRM,20,6140,966,0.13,0.83,16.38,14.3,14.8,0.6
binding/ternary_docked,inter,parp14,RRM1,dtx3l,KH1,20,6140,966,0.147,0.93,16.33,13.79,14.15,0.58
binding/ternary_docked,inter,parp14,RRM1,dtx3l,KH2,20,6140,966,0.195,1.24,16.3,13.5,13.62,0.5
binding/ternary_docked,inter,parp14,RRM1,dtx3l,KH3,20,6140,966,0.081,0.52,16.41,13.53,13.64,0.58
binding/ternary_docked,inter,parp14,RRM1,dtx3l,KH4,20,6140,966,0.212,1.35,16.15,13.08,13.18,0.56
binding/ternary_docked,inter,parp14,RRM1,dtx3l,KH5,20,6140,966,0.228,1.45,16.25,13.11,13.24,0.61
binding/ternary_docked,inter,parp14,RRM1,dtx3l,RING,20,6140,966,0.212,1.35,16.18,12.96,12.95,0.57
binding/ternary_docked,inter,parp14,RRM1,dtx3l,DTC,20,6140,966,0.375,2.38,15.69,12.52,12.53,0.51
binding/ternary_docked,inter,parp14,RRM2,dtx3l,RRM,20,6140,966,0.147,0.93,16.57,14.03,14.51,0.47
binding/ternary_docked,inter,parp14,RRM2,dtx3l,KH1,20,6140,966,0.114,0.72,16.5,13.43,13.68,0.57
binding/ternary_docked,inter,parp14,RRM2,dtx3l,KH2,20,6140,966,0.163,1.04,16.42,12.92,13.1,0.51
binding/ternary_docked,inter,parp14,RRM2,dtx3l,KH3,20,6140,966,0.179,1.14,16.51,12.86,12.85,0.6
binding/ternary_docked,inter,parp14,RRM2,dtx3l,KH4,20,6140,966,0.13,0.83,16.24,12.45,12.31,0.55
binding/ternary_docked,inter,parp14,RRM2,dtx3l,KH5,20,6140,966,0.13,0.83,16.35,12.52,12.26,0.59
binding/ternary_docked,inter,parp14,RRM2,dtx3l,RING,20,6140,966,0.163,1.04,16.31,12.33,12.23,0.53
binding/ternary_docked,inter,parp14,RRM2,dtx3l,DTC,20,6140,966,0.554,3.52,15.8,11.9,11.85,0.49
binding/ternary_docked,inter,parp14,RRM3,dtx3l,RRM,20,6140,966,0.195,1.24,16.49,13.96,14.82,0.58
binding/ternary_docked,inter,parp14,RRM3,dtx3l,KH1,20,6140,966,0.13,0.83,16.41,13.31,13.51,0.6
binding/ternary_docked,inter,parp14,RRM3,dtx3l,KH2,20,6140,966,0.147,0.93,16.32,12.77,13.05,0.57
binding/ternary_docked,inter,parp14,RRM3,dtx3l,KH3,20,6140,966,0.147,0.93,16.4,12.69,13.11,0.57
binding/ternary_docked,inter,parp14,RRM3,dtx3l,KH4,20,6140,966,0.228,1.45,16.13,12.24,12.23,0.59
binding/ternary_docked,inter,parp14,RRM3,dtx3l,KH5,20,6140,966,0.212,1.35,16.24,12.29,12.37,0.53
binding/ternary_docked,inter,parp14,RRM3,dtx3l,RING,20,6140,966,0.179,1.14,16.21,12.13,12.15,0.6
binding/ternary_docked,inter,parp14,RRM3,dtx3l,DTC,20,6140,966,0.521,3.31,15.69,11.69,11.58,0.53
binding/ternary_docked,inter,parp14,KH1,dtx3l,RRM,20,6140,966,0.098,0.62,16.51,13.57,13.92,0.74
binding/ternary_docked,inter,parp14,KH1,dtx3l,KH1,20,6140,966,0.179,1.14,16.39,12.85,12.9,0.55
binding/ternary_docked,inter,parp14,KH1,dtx3l,KH2,20,6140,966,0.163,1.04,16.29,12.34,12.23,0.58
binding/ternary_docked,inter,parp14,KH1,dtx3l,KH3,20,6140,966,0.016,0.1,16.35,12.23,12.28,0.63
binding/ternary_docked,inter,parp14,KH1,dtx3l,KH4,20,6140,966,0.179,1.14,16.08,11.81,11.62,0.55
binding/ternary_docked,inter,parp14,KH1,dtx3l,KH5,20,6140,966,0.098,0.62,16.2,11.86,11.55,0.59
binding/ternary_docked,inter,parp14,KH1,dtx3l,RING,20,6140,966,0.049,0.31,16.14,11.67,11.35,0.71
binding/ternary_docked,inter,parp14,KH1,dtx3l,DTC,20,6140,966,0.375,2.38,15.62,11.2,11.18,0.54
binding/ternary_docked,inter,parp14,KH2,dtx3l,RRM,20,6140,966,0.065,0.41,16.62,13.4,13.57,0.68
binding/ternary_docked,inter,parp14,KH2,dtx3l,KH1,20,6140,966,0.081,0.52,16.48,12.59,12.64,0.57
binding/ternary_docked,inter,parp14,KH2,dtx3l,KH2,20,6140,966,0.065,0.41,16.37,12.09,12.09,0.64
binding/ternary_docked,inter,parp14,KH2,dtx3l,KH3,20,6140,966,0.114,0.72,16.44,11.96,11.98,0.58
binding/ternary_docked,inter,parp14,KH2,dtx3l,KH4,20,6140,966,0.114,0.72,16.15,11.49,11.3,0.56
binding/ternary_docked,inter,parp14,KH2,dtx3l,KH5,20,6140,966,0.163,1.04,16.26,11.56,11.43,0.62
binding/ternary_docked,inter,parp14,KH2,dtx3l,RING,20,6140,966,0.081,0.52,16.18,11.35,11.05,0.66
binding/ternary_docked,inter,parp14,KH2,dtx3l,DTC,20,6140,966,0.244,1.55,15.67,10.92,10.91,0.52
binding/ternary_docked,inter,parp14,KH3,dtx3l,RRM,20,6140,966,0.195,1.24,16.72,13.33,13.66,0.49
binding/ternary_docked,inter,parp14,KH3,dtx3l,KH1,20,6140,966,0.163,1.04,16.56,12.43,12.72,0.61
binding/ternary_docked,inter,parp14,KH3,dtx3l,KH2,20,6140,966,0.147,0.93,16.45,11.94,11.98,0.55
binding/ternary_docked,inter,parp14,KH3,dtx3l,KH3,20,6140,966,0.065,0.41,16.5,11.76,11.94,0.55
binding/ternary_docked,inter,parp14,KH3,dtx3l,KH4,20,6140,966,0.114,0.72,16.2,11.25,11.05,0.55
binding/ternary_docked,inter,parp14,KH3,dtx3l,KH5,20,6140,966,0.098,0.62,16.3,11.32,11.27,0.7
binding/ternary_docked,inter,parp14,KH3,dtx3l,RING,20,6140,966,0.212,1.35,16.21,11.1,11.26,0.55
binding/ternary_docked,inter,parp14,KH3,dtx3l,DTC,20,6140,966,0.423,2.69,15.7,10.73,10.75,0.52
binding/ternary_docked,inter,parp14,KH4,dtx3l,RRM,20,6140,966,0.114,0.72,16.71,12.99,13.18,0.55
binding/ternary_docked,inter,parp14,KH4,dtx3l,KH1,20,6140,966,0.065,0.41,16.5,11.98,12.11,0.62
binding/ternary_docked,inter,parp14,KH4,dtx3l,KH2,20,6140,966,0.163,1.04,16.37,11.4,11.4,0.58
binding/ternary_docked,inter,parp14,KH4,dtx3l,KH3,20,6140,966,0.049,0.31,16.41,11.21,11.12,0.56
binding/ternary_docked,inter,parp14,KH4,dtx3l,KH4,20,6140,966,0.114,0.72,16.08,10.65,10.44,0.62
binding/ternary_docked,inter,parp14,KH4,dtx3l,KH5,20,6140,966,0.163,1.04,16.18,10.67,10.57,0.51
binding/ternary_docked,inter,parp14,KH4,dtx3l,RING,20,6140,966,0.147,0.93,16.11,10.49,10.38,0.61
binding/ternary_docked,inter,parp14,KH4,dtx3l,DTC,20,6140,966,0.342,2.17,15.6,10.17,10.0,0.49
binding/ternary_docked,inter,parp14,KH5,dtx3l,RRM,20,6140,966,0.098,0.62,16.52,12.59,12.55,0.59
binding/ternary_docked,inter,parp14,KH5,dtx3l,KH1,20,6140,966,0.163,1.04,16.29,11.48,11.31,0.54
binding/ternary_docked,inter,parp14,KH5,dtx3l,KH2,20,6140,966,0.098,0.62,16.16,10.83,10.75,0.62
binding/ternary_docked,inter,parp14,KH5,dtx3l,KH3,20,6140,966,0.033,0.21,16.21,10.64,10.3,0.67
binding/ternary_docked,inter,parp14,KH5,dtx3l,KH4,20,6140,966,0.114,0.72,15.86,10.05,9.6,0.59
binding/ternary_docked,inter,parp14,KH5,dtx3l,KH5,20,6140,966,0.147,0.93,15.95,10.04,9.71,0.56
binding/ternary_docked,inter,parp14,KH5,dtx3l,RING,20,6140,966,0.049,0.31,15.9,9.93,9.45,0.63
binding/ternary_docked,inter,parp14,KH5,dtx3l,DTC,20,6140,966,0.326,2.07,15.42,9.67,9.39,0.59
binding/ternary_docked,inter,parp14,KH6,dtx3l,RRM,20,6140,966,0.098,0.62,16.52,12.31,12.43,0.67
binding/ternary_docked,inter,parp14,KH6,dtx3l,KH1,20,6140,966,0.081,0.52,16.28,11.12,10.83,0.65
binding/ternary_docked,inter,parp14,KH6,dtx3l,KH2,20,6140,966,0.212,1.35,16.17,10.46,10.14,0.54
binding/ternary_docked,inter,parp14,KH6,dtx3l,KH3,20,6140,966,0.081,0.52,16.24,10.25,9.77,0.58
binding/ternary_docked,inter,parp14,KH6,dtx3l,KH4,20,6140,966,0.049,0.31,15.9,9.68,9.13,0.58
binding/ternary_docked,inter,parp14,KH6,dtx3l,KH5,20,6140,966,0.098,0.62,15.98,9.66,8.92,0.67
binding/ternary_docked,inter,parp14,KH6,dtx3l,RING,20,6140,966,0.033,0.21,15.91,9.59,8.66,0.69
binding/ternary_docked,inter,parp14,KH6,dtx3l,DTC,20,6140,966,0.195,1.24,15.46,9.4,8.76,0.54
binding/ternary_docked,inter,parp14,1/2KH7a,dtx3l,RRM,20,6140,966,0.049,0.31,16.63,12.36,12.31,0.85
binding/ternary_docked,inter,parp14,1/2KH7a,dtx3l,KH1,20,6140,966,0.016,0.1,16.4,11.11,10.82,0.76
binding/ternary_docked,inter,parp14,1/2KH7a,dtx3l,KH2,20,6140,966,0.081,0.52,16.3,10.4,9.96,0.65
binding/ternary_docked,inter,parp14,1/2KH7a,dtx3l,KH3,20,6140,966,0.065,0.41,16.38,10.2,9.62,0.53
binding/ternary_docked,inter,parp14,1/2KH7a,dtx3l,KH4,20,6140,966,0.016,0.1,16.06,9.65,8.93,0.62
binding/ternary_docked,inter,parp14,1/2KH7a,dtx3l,KH5,20,6140,966,0.049,0.31,16.12,9.6,8.6,0.64
binding/ternary_docked,inter,parp14,1/2KH7a,dtx3l,RING,20,6140,966,0.081,0.52,16.02,9.48,8.31,0.58
binding/ternary_docked,inter,parp14,1/2KH7a,dtx3l,DTC,20,6140,966,0.342,2.17,15.58,9.35,8.56,0.5
binding/ternary_docked,inter,parp14,MD1,dtx3l,RRM,20,6140,966,0.163,1.04,15.78,11.52,11.58,0.52
binding/ternary_docked,inter,parp14,MD1,dtx3l,KH1,20,6140,966,0.44,2.8,15.55,10.29,10.08,0.56
binding/ternary_docked,inter,parp14,MD1,dtx3l,KH2,20,6140,966,0.407,2.59,15.44,9.59,9.34,0.46
binding/ternary_docked,inter,parp14,MD1,dtx3l,KH3,20,6140,966,0.358,2.28,15.53,9.36,8.8,0.48
binding/ternary_docked,inter,parp14,MD1,dtx3l,KH4,20,6140,966,0.228,1.45,15.2,8.85,8.09,0.55
binding/ternary_docked,inter,parp14,MD1,dtx3l,KH5,20,6140,966,0.342,2.17,15.3,8.81,7.91,0.52
binding/ternary_docked,inter,parp14,MD1,dtx3l,RING,20,6140,966,0.179,1.14,15.26,8.96,8.09,0.59
binding/ternary_docked,inter,parp14,MD1,dtx3l,DTC,20,6140,966,0.684,4.35,14.83,8.87,8.22,0.49
binding/ternary_docked,inter,parp14,MD2,dtx3l,RRM,20,6140,966,0.391,2.48,15.66,11.62,11.79,0.51
binding/ternary_docked,inter,parp14,MD2,dtx3l,KH1,20,6140,966,0.342,2.17,15.48,10.39,10.15,0.59
binding/ternary_docked,inter,parp14,MD2,dtx3l,KH2,20,6140,966,0.472,3.0,15.36,9.65,9.32,0.48
binding/ternary_docked,inter,parp14,MD2,dtx3l,KH3,20,6140,966,0.489,3.11,15.46,9.39,8.79,0.5
binding/ternary_docked,inter,parp14,MD2,dtx3l,KH4,20,6140,966,0.635,4.04,15.16,8.82,7.77,0.53
binding/ternary_docked,inter,parp14,MD2,dtx3l,KH5,20,6140,966,0.782,4.97,15.21,8.73,7.55,0.53
binding/ternary_docked,inter,parp14,MD2,dtx3l,RING,20,6140,966,0.293,1.86,15.2,9.01,7.62,0.55
binding/ternary_docked,inter,parp14,MD2,dtx3l,DTC,20,6140,966,0.733,4.66,14.78,8.91,7.93,0.51
binding/ternary_docked,inter,parp14,MD3,dtx3l,RRM,20,6140,966,0.244,1.55,15.7,11.3,11.29,0.52
binding/ternary_docked,inter,parp14,MD3,dtx3l,KH1,20,6140,966,0.277,1.76,15.48,10.03,9.55,0.54
binding/ternary_docked,inter,parp14,MD3,dtx3l,KH2,20,6140,966,0.423,2.69,15.34,9.22,8.52,0.53
binding/ternary_docked,inter,parp14,MD3,dtx3l,KH3,20,6140,966,0.391,2.48,15.4,8.89,7.7,0.53
binding/ternary_docked,inter,parp14,MD3,dtx3l,KH4,20,6140,966,0.879,5.59,15.08,8.18,6.81,0.49
binding/ternary_docked,inter,parp14,MD3,dtx3l,KH5,20,6140,966,1.433,9.11,15.11,7.97,6.83,0.56
binding/ternary_docked,inter,parp14,MD3,dtx3l,RING,20,6140,966,1.759,11.18,14.98,7.76,6.7,0.53
binding/ternary_docked,inter,parp14,MD3,dtx3l,DTC,20,6140,966,1.287,8.18,14.61,7.92,6.16,0.47
binding/ternary_docked,inter,parp14,1/2KH7b,dtx3l,RRM,20,6140,966,0.033,0.21,16.76,12.5,12.57,0.75
binding/ternary_docked,inter,parp14,1/2KH7b,dtx3l,KH1,20,6140,966,0.065,0.41,16.54,11.28,10.99,0.64
binding/ternary_docked,inter,parp14,1/2KH7b,dtx3l,KH2,20,6140,966,0.114,0.72,16.43,10.56,10.13,0.59
binding/ternary_docked,inter,parp14,1/2KH7b,dtx3l,KH3,20,6140,966,0.065,0.41,16.51,10.36,9.84,0.58
binding/ternary_docked,inter,parp14,1/2KH7b,dtx3l,KH4,20,6140,966,0.0,0.0,16.19,9.8,9.11,1.01
binding/ternary_docked,inter,parp14,1/2KH7b,dtx3l,KH5,20,6140,966,0.065,0.41,16.26,9.77,8.86,0.59
binding/ternary_docked,inter,parp14,1/2KH7b,dtx3l,RING,20,6140,966,0.098,0.62,16.16,9.65,8.64,0.57
binding/ternary_docked,inter,parp14,1/2KH7b,dtx3l,DTC,20,6140,966,0.293,1.86,15.71,9.5,8.77,0.54
binding/ternary_docked,inter,parp14,KH8,dtx3l,RRM,20,6140,966,0.098,0.62,16.19,12.17,12.19,0.61
binding/ternary_docked,inter,parp14,KH8,dtx3l,KH1,20,6140,966,0.147,0.93,16.02,11.1,10.94,0.51
binding/ternary_docked,inter,parp14,KH8,dtx3l,KH2,20,6140,966,0.114,0.72,15.91,10.45,10.1,0.59
binding/ternary_docked,inter,parp14,KH8,dtx3l,KH3,20,6140,966,0.0,0.0,15.99,10.26,9.92,1.05
binding/ternary_docked,inter,parp14,KH8,dtx3l,KH4,20,6140,966,0.098,0.62,15.69,9.71,8.94,0.55
binding/ternary_docked,inter,parp14,KH8,dtx3l,KH5,20,6140,966,0.228,1.45,15.76,9.67,8.82,0.55
binding/ternary_docked,inter,parp14,KH8,dtx3l,RING,20,6140,966,0.147,0.93,15.66,9.55,8.87,0.56
binding/ternary_docked,inter,parp14,KH8,dtx3l,DTC,20,6140,966,0.456,2.9,15.21,9.42,8.91,0.55
binding/ternary_docked,inter,parp14,WWE,dtx3l,RRM,20,6140,966,0.13,0.83,16.52,12.94,12.93,0.64
binding/ternary_docked,inter,parp14,WWE,dtx3l,KH1,20,6140,966,0.13,0.83,16.4,12.08,11.91,0.53
binding/ternary_docked,inter,parp14,WWE,dtx3l,KH2,20,6140,966,0.081,0.52,16.33,11.57,11.48,0.57
binding/ternary_docked,inter,parp14,WWE,dtx3l,KH3,20,6140,966,0.049,0.31,16.41,11.44,11.13,0.61
binding/ternary_docked,inter,parp14,WWE,dtx3l,KH4,20,6140,966,0.049,0.31,16.11,10.95,10.74,0.67
binding/ternary_docked,inter,parp14,WWE,dtx3l,KH5,20,6140,966,0.081,0.52,16.22,10.97,10.59,0.63
binding/ternary_docked,inter,parp14,WWE,dtx3l,RING,20,6140,966,0.033,0.21,16.12,10.91,10.55,0.61
binding/ternary_docked,inter,parp14,WWE,dtx3l,DTC,20,6140,966,0.228,1.45,15.68,10.74,10.3,0.51
binding/ternary_docked,inter,parp14,ART,dtx3l,RRM,20,6140,966,0.293,1.86,15.77,12.39,12.68,0.56
binding/ternary_docked,inter,parp14,ART,dtx3l,KH1,20,6140,966,0.244,1.55,15.69,11.67,11.81,0.55
binding/ternary_docked,inter,parp14,ART,dtx3l,KH2,20,6140,966,0.375,2.38,15.66,11.23,11.43,0.52
binding/ternary_docked,inter,parp14,ART,dtx3l,KH3,20,6140,966,0.358,2.28,15.75,11.17,11.19,0.48
binding/ternary_docked,inter,parp14,ART,dtx3l,KH4,20,6140,966,0.407,2.59,15.45,10.75,10.6,0.51
binding/ternary_docked,inter,parp14,ART,dtx3l,KH5,20,6140,966,0.13,0.83,15.54,10.79,10.5,0.55
binding/ternary_docked,inter,parp14,ART,dtx3l,RING,20,6140,966,0.277,1.76,15.49,10.75,10.85,0.53
binding/ternary_docked,inter,parp14,ART,dtx3l,DTC,20,6140,966,0.668,4.24,15.04,10.58,10.5,0.48
binding/ternary_docked,inter,parp9,1/2KH1a,dtx3l,RRM,20,6140,264,0.114,2.65,17.22,10.45,10.11,0.62
binding/ternary_docked,inter,parp9,1/2KH1a,dtx3l,KH1,20,6140,264,0.065,1.52,17.31,9.24,8.77,0.53
binding/ternary_docked,inter,parp9,1/2KH1a,dtx3l,KH2,20,6140,264,0.049,1.14,17.35,8.62,8.4,0.56
binding/ternary_docked,inter,parp9,1/2KH1a,dtx3l,KH3,20,6140,264,0.0,0.0,17.5,8.5,8.38,1.26
binding/ternary_docked,inter,parp9,1/2KH1a,dtx3l,KH4,20,6140,264,0.065,1.52,17.25,8.1,7.8,0.89
binding/ternary_docked,inter,parp9,1/2KH1a,dtx3l,KH5,20,6140,264,0.081,1.89,17.42,8.25,7.75,0.63
binding/ternary_docked,inter,parp9,1/2KH1a,dtx3l,RING,20,6140,264,0.098,2.27,17.39,8.66,7.75,0.59
binding/ternary_docked,inter,parp9,1/2KH1a,dtx3l,DTC,20,6140,264,0.195,4.55,16.85,8.56,7.82,0.61
binding/ternary_docked,inter,parp9,MD1,dtx3l,RRM,20,6140,264,0.179,4.17,16.43,9.76,9.66,0.56
binding/ternary_docked,inter,parp9,MD1,dtx3l,KH1,20,6140,264,0.163,3.79,16.49,8.64,7.86,0.57
binding/ternary_docked,inter,parp9,MD1,dtx3l,KH2,20,6140,264,0.195,4.55,16.57,8.05,7.56,0.57
binding/ternary_docked,inter,parp9,MD1,dtx3l,KH3,20,6140,264,0.114,2.65,16.71,7.89,7.47,0.6
binding/ternary_docked,inter,parp9,MD1,dtx3l,KH4,20,6140,264,0.293,6.82,16.46,7.48,6.88,0.48
binding/ternary_docked,inter,parp9,MD1,dtx3l,KH5,20,6140,264,0.179,4.17,16.64,7.66,7.08,0.56
binding/ternary_docked,inter,parp9,MD1,dtx3l,RING,20,6140,264,0.098,2.27,16.59,8.17,7.67,0.56
binding/ternary_docked,inter,parp9,MD1,dtx3l,DTC,20,6140,264,0.358,8.33,16.04,7.99,7.2,0.52
binding/ternary_docked,inter,parp9,MD2,dtx3l,RRM,20,6140,264,0.261,6.06,16.34,9.97,9.7,0.51
binding/ternary_docked,inter,parp9,MD2,dtx3l,KH1,20,6140,264,0.147,3.41,16.4,8.93,8.05,0.59
binding/ternary_docked,inter,parp9,MD2,dtx3l,KH2,20,6140,264,0.179,4.17,16.47,8.36,7.98,0.6
binding/ternary_docked,inter,parp9,MD2,dtx3l,KH3,20,6140,264,0.098,2.27,16.64,8.25,7.94,0.64
binding/ternary_docked,inter,parp9,MD2,dtx3l,KH4,20,6140,264,0.163,3.79,16.38,7.85,7.24,0.55
binding/ternary_docked,inter,parp9,MD2,dtx3l,KH5,20,6140,264,0.228,5.3,16.55,8.06,7.41,0.59
binding/ternary_docked,inter,parp9,MD2,dtx3l,RING,20,6140,264,0.098,2.27,16.53,8.44,7.42,0.57
binding/ternary_docked,inter,parp9,MD2,dtx3l,DTC,20,6140,264,0.277,6.44,15.97,8.3,7.4,0.55
binding/ternary_docked,inter,parp9,1/2KH1b,dtx3l,RRM,20,6140,264,0.098,2.27,17.39,10.6,10.28,0.57
binding/ternary_docked,inter,parp9,1/2KH1b,dtx3l,KH1,20,6140,264,0.033,0.76,17.47,9.41,9.25,0.58
binding/ternary_docked,inter,parp9,1/2KH1b,dtx3l,KH2,20,6140,264,0.049,1.14,17.51,8.79,8.59,0.68
binding/ternary_docked,inter,parp9,1/2KH1b,dtx3l,KH3,20,6140,264,0.0,0.0,17.66,8.68,8.52,1.1
binding/ternary_docked,inter,parp9,1/2KH1b,dtx3l,KH4,20,6140,264,0.033,0.76,17.42,8.3,7.99,0.72
binding/ternary_docked,inter,parp9,1/2KH1b,dtx3l,KH5,20,6140,264,0.065,1.52,17.59,8.46,7.78,0.67
binding/ternary_docked,inter,parp9,1/2KH1b,dtx3l,RING,20,6140,264,0.049,1.14,17.55,8.87,8.0,0.58
binding/ternary_docked,inter,parp9,1/2KH1b,dtx3l,DTC,20,6140,264,0.179,4.17,17.01,8.75,8.25,0.61
binding/ternary_docked,inter,parp9,KH2,dtx3l,RRM,20,6140,264,0.147,3.41,16.68,10.12,9.72,0.61
binding/ternary_docked,inter,parp9,KH2,dtx3l,KH1,20,6140,264,0.195,4.55,16.73,8.75,8.7,0.6
binding/ternary_docked,inter,parp9,KH2,dtx3l,KH2,20,6140,264,0.179,4.17,16.8,8.07,7.81,0.56
binding/ternary_docked,inter,parp9,KH2,dtx3l,KH3,20,6140,264,0.049,1.14,16.94,7.96,7.61,0.58
binding/ternary_docked,inter,parp9,KH2,dtx3l,KH4,20,6140,264,0.163,3.79,16.7,7.58,6.86,0.59
binding/ternary_docked,inter,parp9,KH2,dtx3l,KH5,20,6140,264,0.114,2.65,16.89,7.75,7.31,0.59
binding/ternary_docked,inter,parp9,KH2,dtx3l,RING,20,6140,264,0.081,1.89,16.84,8.2,7.64,0.54
binding/ternary_docked,inter,parp9,KH2,dtx3l,DTC,20,6140,264,0.309,7.2,16.3,8.1,7.32,0.55
binding/ternary_docked,inter,parp9,ART,dtx3l,RRM,20,6140,264,0.179,4.17,16.32,10.69,11.22,0.55
binding/ternary_docked,inter,parp9,ART,dtx3l,KH1,20,6140,264,0.212,4.92,16.36,9.43,9.27,0.58
binding/ternary_docked,inter,parp9,ART,dtx3l,KH2,20,6140,264,0.147,3.41,16.4,8.69,8.48,0.59
binding/ternary_docked,inter,parp9,ART,dtx3l,KH3,20,6140,264,0.114,2.65,16.54,8.48,8.07,0.6
binding/ternary_docked,inter,parp9,ART,dtx3l,KH4,20,6140,264,0.195,4.55,16.34,8.14,7.74,0.6
binding/ternary_docked,inter,parp9,ART,dtx3l,KH5,20,6140,264,0.147,3.41,16.53,8.3,7.95,0.53
binding/ternary_docked,inter,parp9,ART,dtx3l,RING,20,6140,264,0.179,4.17,16.46,8.77,8.6,0.58
binding/ternary_docked,inter,parp9,ART,dtx3l,DTC,20,6140,264,0.505,11.74,15.92,8.49,8.32,0.54
binding_gotight/p9_dtx3l_got_r15_k100,inter,parp9,1/2KH1a,dtx3l,RRM,5,1535,1181,0.586,0.76,11.47,9.47,9.17,0.52
binding_gotight/p9_dtx3l_got_r15_k100,inter,parp9,1/2KH1a,dtx3l,KH1,5,1535,1181,0.651,0.85,9.59,6.96,6.77,0.63
binding_gotight/p9_dtx3l_got_r15_k100,inter,parp9,1/2KH1a,dtx3l,KH2,5,1535,1181,2.28,2.96,7.93,4.74,4.79,0.57
binding_gotight/p9_dtx3l_got_r15_k100,inter,parp9,1/2KH1a,dtx3l,KH3,5,1535,1181,3.909,5.08,6.78,3.16,3.19,0.54
binding_gotight/p9_dtx3l_got_r15_k100,inter,parp9,1/2KH1a,dtx3l,KH4,5,1535,1181,0.651,0.85,6.88,3.4,3.4,0.55
binding_gotight/p9_dtx3l_got_r15_k100,inter,parp9,1/2KH1a,dtx3l,KH5,5,1535,1181,3.518,4.57,7.43,4.09,4.08,0.57
binding_gotight/p9_dtx3l_got_r15_k100,inter,parp9,1/2KH1a,dtx3l,RING,5,1535,1181,1.107,1.44,9.63,6.94,6.86,0.59
binding_gotight/p9_dtx3l_got_r15_k100,inter,parp9,1/2KH1a,dtx3l,DTC,5,1535,1181,2.085,2.71,10.05,7.64,7.5,0.5
binding_gotight/p9_dtx3l_got_r15_k100,inter,parp9,MD1,dtx3l,RRM,5,1535,1181,1.368,1.78,11.46,9.66,9.48,0.58
binding_gotight/p9_dtx3l_got_r15_k100,inter,parp9,MD1,dtx3l,KH1,5,1535,1181,2.345,3.05,9.88,7.5,7.44,0.49
binding_gotight/p9_dtx3l_got_r15_k100,inter,parp9,MD1,dtx3l,KH2,5,1535,1181,2.866,3.73,8.53,5.69,5.66,0.52
binding_gotight/p9_dtx3l_got_r15_k100,inter,parp9,MD1,dtx3l,KH3,5,1535,1181,2.606,3.39,7.67,4.51,4.53,0.53
binding_gotight/p9_dtx3l_got_r15_k100,inter,parp9,MD1,dtx3l,KH4,5,1535,1181,1.889,2.46,7.72,4.7,4.87,0.43
binding_gotight/p9_dtx3l_got_r15_k100,inter,parp9,MD1,dtx3l,KH5,5,1535,1181,3.127,4.06,8.18,5.26,5.31,0.53
binding_gotight/p9_dtx3l_got_r15_k100,inter,parp9,MD1,dtx3l,RING,5,1535,1181,0.977,1.27,10.01,7.61,7.41,0.58
binding_gotight/p9_dtx3l_got_r15_k100,inter,parp9,MD1,dtx3l,DTC,5,1535,1181,1.564,2.03,10.31,8.16,7.93,0.53
binding_gotight/p9_dtx3l_got_r15_k100,inter,parp9,MD2,dtx3l,RRM,5,1535,1181,1.238,1.61,11.59,9.91,9.69,0.58
binding_gotight/p9_dtx3l_got_r15_k100,inter,parp9,MD2,dtx3l,KH1,5,1535,1181,1.629,2.12,10.08,7.84,7.77,0.57
binding_gotight/p9_dtx3l_got_r15_k100,inter,parp9,MD2,dtx3l,KH2,5,1535,1181,1.759,2.29,8.85,6.16,6.27,0.53
binding_gotight/p9_dtx3l_got_r15_k100,inter,parp9,MD2,dtx3l,KH3,5,1535,1181,2.15,2.79,8.07,5.06,5.1,0.53
binding_gotight/p9_dtx3l_got_r15_k100,inter,parp9,MD2,dtx3l,KH4,5,1535,1181,1.564,2.03,8.16,5.26,5.35,0.56
binding_gotight/p9_dtx3l_got_r15_k100,inter,parp9,MD2,dtx3l,KH5,5,1535,1181,2.02,2.62,8.62,5.82,5.69,0.52
binding_gotight/p9_dtx3l_got_r15_k100,inter,parp9,MD2,dtx3l,RING,5,1535,1181,0.651,0.85,10.39,8.09,8.1,0.56
binding_gotight/p9_dtx3l_got_r15_k100,inter,parp9,MD2,dtx3l,DTC,5,1535,1181,1.433,1.86,10.65,8.57,8.36,0.49
binding_gotight/p9_dtx3l_got_r15_k100,inter,parp9,1/2KH1b,dtx3l,RRM,5,1535,1181,0.651,0.85,11.58,9.57,9.28,0.59
binding_gotight/p9_dtx3l_got_r15_k100,inter,parp9,1/2KH1b,dtx3l,KH1,5,1535,1181,0.717,0.93,9.67,7.03,6.88,0.58
binding_gotight/p9_dtx3l_got_r15_k100,inter,parp9,1/2KH1b,dtx3l,KH2,5,1535,1181,1.498,1.95,8.0,4.78,4.8,0.51
binding_gotight/p9_dtx3l_got_r15_k100,inter,parp9,1/2KH1b,dtx3l,KH3,5,1535,1181,2.932,3.81,6.79,3.12,3.18,0.59
binding_gotight/p9_dtx3l_got_r15_k100,inter,parp9,1/2KH1b,dtx3l,KH4,5,1535,1181,0.261,0.34,6.9,3.4,3.41,0.67
binding_gotight/p9_dtx3l_got_r15_k100,inter,parp9,1/2KH1b,dtx3l,KH5,5,1535,1181,3.453,4.49,7.43,4.07,4.09,0.56
binding_gotight/p9_dtx3l_got_r15_k100,inter,parp9,1/2KH1b,dtx3l,RING,5,1535,1181,1.042,1.35,9.7,6.99,6.94,0.54
binding_gotight/p9_dtx3l_got_r15_k100,inter,parp9,1/2KH1b,dtx3l,DTC,5,1535,1181,1.498,1.95,10.14,7.71,7.65,0.59
binding_gotight/p9_dtx3l_got_r15_k100,inter,parp9,KH2,dtx3l,RRM,5,1535,1181,1.042,1.35,10.54,8.42,8.37,0.58
binding_gotight/p9_dtx3l_got_r15_k100,inter,parp9,KH2,dtx3l,KH1,5,1535,1181,1.498,1.95,8.43,5.65,5.46,0.54
binding_gotight/p9_dtx3l_got_r15_k100,inter,parp9,KH2,dtx3l,KH2,5,1535,1181,2.932,3.81,6.56,3.16,3.18,0.55
binding_gotight/p9_dtx3l_got_r15_k100,inter,parp9,KH2,dtx3l,KH3,5,1535,1181,42.28,54.95,5.03,1.09,0.93,0.47
binding_gotight/p9_dtx3l_got_r15_k100,inter,parp9,KH2,dtx3l,KH4,5,1535,1181,73.029,94.92,4.68,0.78,0.66,0.46
binding_gotight/p9_dtx3l_got_r15_k100,inter,parp9,KH2,dtx3l,KH5,5,1535,1181,23.648,30.74,5.46,1.75,1.6,0.48
binding_gotight/p9_dtx3l_got_r15_k100,inter,parp9,KH2,dtx3l,RING,5,1535,1181,2.345,3.05,8.15,5.27,5.13,0.53
binding_gotight/p9_dtx3l_got_r15_k100,inter,parp9,KH2,dtx3l,DTC,5,1535,1181,3.192,4.15,8.66,6.08,6.03,0.51
binding_gotight/p9_dtx3l_got_r15_k100,inter,parp9,ART,dtx3l,RRM,5,1535,1181,0.717,0.93,11.14,9.37,9.12,0.6
binding_gotight/p9_dtx3l_got_r15_k100,inter,parp9,ART,dtx3l,KH1,5,1535,1181,1.824,2.37,9.34,7.02,6.94,0.55
binding_gotight/p9_dtx3l_got_r15_k100,inter,parp9,ART,dtx3l,KH2,5,1535,1181,3.453,4.49,7.84,4.99,5.22,0.52
binding_gotight/p9_dtx3l_got_r15_k100,inter,parp9,ART,dtx3l,KH3,5,1535,1181,6.319,8.21,6.73,3.49,3.54,0.52
binding_gotight/p9_dtx3l_got_r15_k100,inter,parp9,ART,dtx3l,KH4,5,1535,1181,17.59,22.86,5.48,2.01,1.91,0.52
binding_gotight/p9_dtx3l_got_r15_k100,inter,parp9,ART,dtx3l,KH5,5,1535,1181,11.205,14.56,6.25,3.0,2.98,0.51
binding_gotight/p9_dtx3l_got_r15_k100,inter,parp9,ART,dtx3l,RING,5,1535,1181,1.824,2.37,8.46,5.9,5.7,0.54
binding_gotight/p9_dtx3l_got_r15_k100,inter,parp9,ART,dtx3l,DTC,5,1535,1181,3.909,5.08,8.91,6.62,6.48,0.5
HyRes matched docked,inter,parp9,1/2KH1a,dtx3l,RRM,3,912,912,22.368,22.37,1.62,1.62,1.77,0.33
HyRes matched docked,inter,parp9,1/2KH1a,dtx3l,KH1,3,912,912,15.57,15.57,2.39,2.39,1.86,0.5
HyRes matched docked,inter,parp9,1/2KH1a,dtx3l,KH2,3,912,912,3.289,3.29,2.51,2.51,2.4,0.58
HyRes matched docked,inter,parp9,1/2KH1a,dtx3l,KH3,3,912,912,44.408,44.41,1.59,1.59,1.05,0.62
HyRes matched docked,inter,parp9,1/2KH1a,dtx3l,KH4,3,912,912,0.0,0.0,2.57,2.57,2.57,1.9
HyRes matched docked,inter,parp9,1/2KH1a,dtx3l,KH5,3,912,912,0.0,0.0,3.37,3.37,3.42,2.1
HyRes matched docked,inter,parp9,1/2KH1a,dtx3l,RING,3,912,912,18.86,18.86,2.61,2.61,2.81,0.37
HyRes matched docked,inter,parp9,1/2KH1a,dtx3l,DTC,3,912,912,39.254,39.25,1.94,1.94,1.15,0.39
HyRes matched docked,inter,parp9,MD1,dtx3l,RRM,3,912,912,18.64,18.64,2.14,2.14,2.12,0.42
HyRes matched docked,inter,parp9,MD1,dtx3l,KH1,3,912,912,24.89,24.89,1.31,1.31,1.3,0.41
HyRes matched docked,inter,parp9,MD1,dtx3l,KH2,3,912,912,79.605,79.61,0.82,0.82,0.69,0.38
HyRes matched docked,inter,parp9,MD1,dtx3l,KH3,3,912,912,61.513,61.51,1.03,1.03,0.92,0.44
HyRes matched docked,inter,parp9,MD1,dtx3l,KH4,3,912,912,23.136,23.14,2.77,2.77,3.42,0.52
HyRes matched docked,inter,parp9,MD1,dtx3l,KH5,3,912,912,12.171,12.17,3.34,3.34,3.96,0.69
HyRes matched docked,inter,parp9,MD1,dtx3l,RING,3,912,912,51.206,51.21,1.54,1.54,0.96,0.38
HyRes matched docked,inter,parp9,MD1,dtx3l,DTC,3,912,912,94.518,94.52,0.65,0.65,0.63,0.33
HyRes matched docked,inter,parp9,MD2,dtx3l,RRM,3,912,912,6.689,6.69,2.35,2.35,2.13,0.49
HyRes matched docked,inter,parp9,MD2,dtx3l,KH1,3,912,912,65.022,65.02,1.73,1.73,0.78,0.41
HyRes matched docked,inter,parp9,MD2,dtx3l,KH2,3,912,912,39.803,39.8,1.93,1.93,1.23,0.44
HyRes matched docked,inter,parp9,MD2,dtx3l,KH3,3,912,912,0.0,0.0,2.89,2.89,2.49,1.18
HyRes matched docked,inter,parp9,MD2,dtx3l,KH4,3,912,912,0.0,0.0,4.79,4.79,4.94,2.61
HyRes matched docked,inter,parp9,MD2,dtx3l,KH5,3,912,912,0.0,0.0,5.95,5.95,6.36,2.21
HyRes matched docked,inter,parp9,MD2,dtx3l,RING,3,912,912,0.0,0.0,4.85,4.85,5.02,1.65
HyRes matched docked,inter,parp9,MD2,dtx3l,DTC,3,912,912,19.079,19.08,3.21,3.21,3.72,0.41
HyRes matched docked,inter,parp9,1/2KH1b,dtx3l,RRM,3,912,912,10.307,10.31,1.88,1.88,1.96,0.46
HyRes matched docked,inter,parp9,1/2KH1b,dtx3l,KH1,3,912,912,0.548,0.55,3.23,3.23,2.94,0.67
HyRes matched docked,inter,parp9,1/2KH1b,dtx3l,KH2,3,912,912,0.0,0.0,3.58,3.58,3.5,1.47
HyRes matched docked,inter,parp9,1/2KH1b,dtx3l,KH3,3,912,912,0.658,0.66,2.27,2.27,2.11,0.83
HyRes matched docked,inter,parp9,1/2KH1b,dtx3l,KH4,3,912,912,0.0,0.0,2.8,2.8,2.8,1.15
HyRes matched docked,inter,parp9,1/2KH1b,dtx3l,KH5,3,912,912,0.0,0.0,3.79,3.79,3.74,1.44
HyRes matched docked,inter,parp9,1/2KH1b,dtx3l,RING,3,912,912,10.746,10.75,2.82,2.82,2.47,0.52
HyRes matched docked,inter,parp9,1/2KH1b,dtx3l,DTC,3,912,912,62.39,62.39,2.15,2.15,0.78,0.39
HyRes matched docked,inter,parp9,KH2,dtx3l,RRM,3,912,912,92.763,92.76,0.72,0.72,0.68,0.4
HyRes matched docked,inter,parp9,KH2,dtx3l,KH1,3,912,912,18.531,18.53,1.96,1.96,2.0,0.39
HyRes matched docked,inter,parp9,KH2,dtx3l,KH2,3,912,912,0.768,0.77,2.53,2.53,2.59,0.74
HyRes matched docked,inter,parp9,KH2,dtx3l,KH3,3,912,912,93.64,93.64,0.69,0.69,0.64,0.4
HyRes matched docked,inter,parp9,KH2,dtx3l,KH4,3,912,912,100.0,100.0,0.54,0.54,0.54,0.38
HyRes matched docked,inter,parp9,KH2,dtx3l,KH5,3,912,912,98.246,98.25,0.69,0.69,0.68,0.39
HyRes matched docked,inter,parp9,KH2,dtx3l,RING,3,912,912,11.513,11.51,1.62,1.62,1.63,0.45
HyRes matched docked,inter,parp9,KH2,dtx3l,DTC,3,912,912,0.439,0.44,2.26,2.26,2.3,0.9
HyRes matched docked,inter,parp9,ART,dtx3l,RRM,3,912,912,18.531,18.53,2.38,2.38,2.72,0.4
HyRes matched docked,inter,parp9,ART,dtx3l,KH1,3,912,912,0.11,0.11,3.63,3.63,3.8,0.9
HyRes matched docked,inter,parp9,ART,dtx3l,KH2,3,912,912,0.0,0.0,4.63,4.63,4.7,3.05
HyRes matched docked,inter,parp9,ART,dtx3l,KH3,3,912,912,0.0,0.0,2.74,2.74,2.69,1.13
HyRes matched docked,inter,parp9,ART,dtx3l,KH4,3,912,912,99.89,99.89,0.65,0.65,0.65,0.38
HyRes matched docked,inter,parp9,ART,dtx3l,KH5,3,912,912,87.5,87.5,0.85,0.85,0.82,0.57
HyRes matched docked,inter,parp9,ART,dtx3l,RING,3,912,912,34.43,34.43,1.47,1.47,1.54,0.48
HyRes matched docked,inter,parp9,ART,dtx3l,DTC,3,912,912,38.048,38.05,1.76,1.76,1.43,0.38
HyRes matched separated,inter,parp9,1/2KH1a,dtx3l,RRM,3,912,669,7.127,9.72,6.53,2.7,2.47,0.5
HyRes matched separated,inter,parp9,1/2KH1a,dtx3l,KH1,3,912,669,0.0,0.0,8.99,6.0,5.9,3.1
HyRes matched separated,inter,parp9,1/2KH1a,dtx3l,KH2,3,912,669,0.0,0.0,7.89,4.79,4.08,1.56
HyRes matched separated,inter,parp9,1/2KH1a,dtx3l,KH3,3,912,669,0.0,0.0,8.0,4.67,4.62,1.39
HyRes matched separated,inter,parp9,1/2KH1a,dtx3l,KH4,3,912,669,0.0,0.0,7.71,4.13,3.76,1.2
HyRes matched separated,inter,parp9,1/2KH1a,dtx3l,KH5,3,912,669,0.0,0.0,7.95,4.54,3.19,1.51
HyRes matched separated,inter,parp9,1/2KH1a,dtx3l,RING,3,912,669,0.11,0.15,8.33,4.96,4.35,0.88
HyRes matched separated,inter,parp9,1/2KH1a,dtx3l,DTC,3,912,669,1.206,1.64,7.85,4.43,4.38,0.63
HyRes matched separated,inter,parp9,MD1,dtx3l,RRM,3,912,669,55.373,75.49,5.26,1.27,0.66,0.42
HyRes matched separated,inter,parp9,MD1,dtx3l,KH1,3,912,669,0.0,0.0,6.6,3.02,2.91,1.26
HyRes matched separated,inter,parp9,MD1,dtx3l,KH2,3,912,669,28.18,38.42,5.92,2.44,2.78,0.43
HyRes matched separated,inter,parp9,MD1,dtx3l,KH3,3,912,669,31.908,43.5,5.63,1.75,1.85,0.42
HyRes matched separated,inter,parp9,MD1,dtx3l,KH4,3,912,669,41.557,56.65,5.7,1.67,0.7,0.4
HyRes matched separated,inter,parp9,MD1,dtx3l,KH5,3,912,669,31.031,42.3,6.17,2.43,1.88,0.48
HyRes matched separated,inter,parp9,MD1,dtx3l,RING,3,912,669,12.939,17.64,6.45,2.76,2.02,0.4
HyRes matched separated,inter,parp9,MD1,dtx3l,DTC,3,912,669,26.425,36.02,5.65,1.72,1.57,0.35
HyRes matched separated,inter,parp9,MD2,dtx3l,RRM,3,912,669,0.768,1.05,6.82,3.36,3.55,0.71
HyRes matched separated,inter,parp9,MD2,dtx3l,KH1,3,912,669,0.11,0.15,8.05,5.05,5.22,0.84
HyRes matched separated,inter,parp9,MD2,dtx3l,KH2,3,912,669,7.566,10.31,7.47,4.43,4.29,0.48
HyRes matched separated,inter,parp9,MD2,dtx3l,KH3,3,912,669,0.439,0.6,7.31,3.99,4.05,0.93
HyRes matched separated,inter,parp9,MD2,dtx3l,KH4,3,912,669,19.737,26.91,6.22,2.55,2.93,0.34
HyRes matched separated,inter,parp9,MD2,dtx3l,KH5,3,912,669,14.254,19.43,7.0,3.59,2.12,0.59
HyRes matched separated,inter,parp9,MD2,dtx3l,RING,3,912,669,26.974,36.77,6.66,3.18,2.19,0.39
HyRes matched separated,inter,parp9,MD2,dtx3l,DTC,3,912,669,2.522,3.44,6.33,2.84,2.78,0.55
HyRes matched separated,inter,parp9,1/2KH1b,dtx3l,RRM,3,912,669,11.513,15.7,6.43,2.45,2.18,0.42
HyRes matched separated,inter,parp9,1/2KH1b,dtx3l,KH1,3,912,669,0.0,0.0,8.87,5.68,5.68,2.55
HyRes matched separated,inter,parp9,1/2KH1b,dtx3l,KH2,3,912,669,0.0,0.0,7.71,4.4,3.83,1.23
HyRes matched separated,inter,parp9,1/2KH1b,dtx3l,KH3,3,912,669,0.0,0.0,8.04,4.57,4.41,2.55
HyRes matched separated,inter,parp9,1/2KH1b,dtx3l,KH4,3,912,669,0.0,0.0,7.76,4.04,4.05,2.04
HyRes matched separated,inter,parp9,1/2KH1b,dtx3l,KH5,3,912,669,0.0,0.0,7.98,4.43,3.43,1.45
HyRes matched separated,inter,parp9,1/2KH1b,dtx3l,RING,3,912,669,0.0,0.0,8.32,4.77,4.74,1.46
HyRes matched separated,inter,parp9,1/2KH1b,dtx3l,DTC,3,912,669,0.329,0.45,7.75,4.11,4.07,0.78
HyRes matched separated,inter,parp9,KH2,dtx3l,RRM,3,912,669,16.667,22.72,6.04,2.38,1.89,0.48
HyRes matched separated,inter,parp9,KH2,dtx3l,KH1,3,912,669,3.618,4.93,7.28,3.95,3.59,0.74
HyRes matched separated,inter,parp9,KH2,dtx3l,KH2,3,912,669,0.0,0.0,6.81,3.69,3.54,1.28
HyRes matched separated,inter,parp9,KH2,dtx3l,KH3,3,912,669,0.0,0.0,7.46,4.26,4.17,1.57
HyRes matched separated,inter,parp9,KH2,dtx3l,KH4,3,912,669,11.513,15.7,6.47,2.69,2.55,0.41
HyRes matched separated,inter,parp9,KH2,dtx3l,KH5,3,912,669,19.298,26.31,6.41,2.78,3.31,0.49
HyRes matched separated,inter,parp9,KH2,dtx3l,RING,3,912,669,11.513,15.7,6.39,2.6,2.39,0.55
HyRes matched separated,inter,parp9,KH2,dtx3l,DTC,3,912,669,28.07,38.27,6.43,2.69,2.44,0.32
HyRes matched separated,inter,parp9,ART,dtx3l,RRM,3,912,669,29.825,40.66,5.68,2.03,1.83,0.4
HyRes matched separated,inter,parp9,ART,dtx3l,KH1,3,912,669,3.18,4.33,6.48,3.11,2.7,0.45
HyRes matched separated,inter,parp9,ART,dtx3l,KH2,3,912,669,27.193,37.07,5.73,2.37,2.78,0.44
HyRes matched separated,inter,parp9,ART,dtx3l,KH3,3,912,669,6.689,9.12,6.14,2.67,2.86,0.49
HyRes matched separated,inter,parp9,ART,dtx3l,KH4,3,912,669,25.987,35.43,5.65,1.77,1.7,0.38
HyRes matched separated,inter,parp9,ART,dtx3l,KH5,3,912,669,27.522,37.52,5.7,2.03,1.97,0.42
HyRes matched separated,inter,parp9,ART,dtx3l,RING,3,912,669,13.158,17.94,6.12,2.45,2.79,0.45
HyRes matched separated,inter,parp9,ART,dtx3l,DTC,3,912,669,35.197,47.98,5.78,2.0,1.05,0.44
binding/dtx3l_homo,inter,dtx3l,RRM,dtx3l,RRM,5,1250,47,0.0,0.0,16.63,12.32,13.32,1.4
binding/dtx3l_homo,inter,dtx3l,RRM,dtx3l,KH1,5,1250,47,0.08,2.13,16.75,11.42,11.45,0.62
binding/dtx3l_homo,inter,dtx3l,RRM,dtx3l,KH2,5,1250,47,0.08,2.13,16.95,12.08,12.51,0.53
binding/dtx3l_homo,inter,dtx3l,RRM,dtx3l,KH3,5,1250,47,0.08,2.13,17.1,12.34,12.96,0.78
binding/dtx3l_homo,inter,dtx3l,RRM,dtx3l,KH4,5,1250,47,0.16,4.26,16.92,11.95,12.59,0.78
binding/dtx3l_homo,inter,dtx3l,RRM,dtx3l,KH5,5,1250,47,0.08,2.13,16.97,12.59,12.89,0.61
binding/dtx3l_homo,inter,dtx3l,RRM,dtx3l,RING,5,1250,47,0.0,0.0,16.86,12.08,11.94,1.21
binding/dtx3l_homo,inter,dtx3l,RRM,dtx3l,DTC,5,1250,47,0.24,6.38,16.29,11.16,11.53,0.51
binding/dtx3l_homo,inter,dtx3l,KH1,dtx3l,RRM,5,1250,47,0.08,2.13,16.71,11.07,11.44,0.77
binding/dtx3l_homo,inter,dtx3l,KH1,dtx3l,KH1,5,1250,47,0.16,4.26,16.75,10.31,10.5,0.57
binding/dtx3l_homo,inter,dtx3l,KH1,dtx3l,KH2,5,1250,47,0.08,2.13,16.96,10.84,10.43,0.55
binding/dtx3l_homo,inter,dtx3l,KH1,dtx3l,KH3,5,1250,47,0.0,0.0,17.12,11.02,11.11,2.5
binding/dtx3l_homo,inter,dtx3l,KH1,dtx3l,KH4,5,1250,47,0.0,0.0,16.93,10.85,10.93,1.83
binding/dtx3l_homo,inter,dtx3l,KH1,dtx3l,KH5,5,1250,47,0.0,0.0,17.05,11.61,11.3,2.68
binding/dtx3l_homo,inter,dtx3l,KH1,dtx3l,RING,5,1250,47,0.08,2.13,16.87,10.66,10.05,0.66
binding/dtx3l_homo,inter,dtx3l,KH1,dtx3l,DTC,5,1250,47,0.0,0.0,16.29,9.98,9.52,1.1
binding/dtx3l_homo,inter,dtx3l,KH2,dtx3l,RRM,5,1250,47,0.08,2.13,16.82,10.26,10.36,0.66
binding/dtx3l_homo,inter,dtx3l,KH2,dtx3l,KH1,5,1250,47,0.16,4.26,16.87,9.81,9.15,0.67
binding/dtx3l_homo,inter,dtx3l,KH2,dtx3l,KH2,5,1250,47,0.0,0.0,16.97,10.3,9.99,1.56
binding/dtx3l_homo,inter,dtx3l,KH2,dtx3l,KH3,5,1250,47,0.08,2.13,17.12,10.5,10.22,0.68
binding/dtx3l_homo,inter,dtx3l,KH2,dtx3l,KH4,5,1250,47,0.08,2.13,16.99,10.39,10.68,0.93
binding/dtx3l_homo,inter,dtx3l,KH2,dtx3l,KH5,5,1250,47,0.08,2.13,17.13,10.93,10.46,0.65
binding/dtx3l_homo,inter,dtx3l,KH2,dtx3l,RING,5,1250,47,0.0,0.0,16.98,10.54,9.4,2.15
binding/dtx3l_homo,inter,dtx3l,KH2,dtx3l,DTC,5,1250,47,0.32,8.51,16.46,9.98,9.99,0.76
binding/dtx3l_homo,inter,dtx3l,KH3,dtx3l,RRM,5,1250,47,0.08,2.13,17.04,10.06,9.12,0.65
binding/dtx3l_homo,inter,dtx3l,KH3,dtx3l,KH1,5,1250,47,0.16,4.26,17.08,9.35,8.25,0.6
binding/dtx3l_homo,inter,dtx3l,KH3,dtx3l,KH2,5,1250,47,0.0,0.0,17.17,10.06,9.54,2.22
binding/dtx3l_homo,inter,dtx3l,KH3,dtx3l,KH3,5,1250,47,0.0,0.0,17.34,10.22,9.64,1.92
binding/dtx3l_homo,inter,dtx3l,KH3,dtx3l,KH4,5,1250,47,0.0,0.0,17.19,10.21,9.29,1.53
binding/dtx3l_homo,inter,dtx3l,KH3,dtx3l,KH5,5,1250,47,0.0,0.0,17.31,10.65,11.16,1.47
binding/dtx3l_homo,inter,dtx3l,KH3,dtx3l,RING,5,1250,47,0.16,4.26,17.19,10.46,9.72,0.84
binding/dtx3l_homo,inter,dtx3l,KH3,dtx3l,DTC,5,1250,47,0.16,4.26,16.7,10.06,9.58,0.71
binding/dtx3l_homo,inter,dtx3l,KH4,dtx3l,RRM,5,1250,47,0.24,6.38,16.91,9.46,9.4,0.58
binding/dtx3l_homo,inter,dtx3l,KH4,dtx3l,KH1,5,1250,47,0.0,0.0,16.91,9.11,7.53,1.54
binding/dtx3l_homo,inter,dtx3l,KH4,dtx3l,KH2,5,1250,47,0.08,2.13,16.95,9.68,8.44,0.73
binding/dtx3l_homo,inter,dtx3l,KH4,dtx3l,KH3,5,1250,47,0.0,0.0,17.09,9.94,9.16,1.0
binding/dtx3l_homo,inter,dtx3l,KH4,dtx3l,KH4,5,1250,47,0.0,0.0,16.95,9.86,9.1,1.36
binding/dtx3l_homo,inter,dtx3l,KH4,dtx3l,KH5,5,1250,47,0.0,0.0,17.09,10.31,10.04,1.38
binding/dtx3l_homo,inter,dtx3l,KH4,dtx3l,RING,5,1250,47,0.24,6.38,17.0,10.5,9.7,0.66
binding/dtx3l_homo,inter,dtx3l,KH4,dtx3l,DTC,5,1250,47,0.08,2.13,16.53,10.04,9.51,0.94
binding/dtx3l_homo,inter,dtx3l,KH5,dtx3l,RRM,5,1250,47,0.16,4.26,17.14,9.33,7.51,0.55
binding/dtx3l_homo,inter,dtx3l,KH5,dtx3l,KH1,5,1250,47,0.16,4.26,17.12,9.14,8.26,0.67
binding/dtx3l_homo,inter,dtx3l,KH5,dtx3l,KH2,5,1250,47,0.0,0.0,17.18,9.98,8.97,1.78
binding/dtx3l_homo,inter,dtx3l,KH5,dtx3l,KH3,5,1250,47,0.0,0.0,17.36,10.43,9.76,2.41
binding/dtx3l_homo,inter,dtx3l,KH5,dtx3l,KH4,5,1250,47,0.0,0.0,17.19,10.65,9.46,2.7
binding/dtx3l_homo,inter,dtx3l,KH5,dtx3l,KH5,5,1250,47,0.0,0.0,17.33,11.07,11.35,1.96
binding/dtx3l_homo,inter,dtx3l,KH5,dtx3l,RING,5,1250,47,0.08,2.13,17.27,11.32,10.39,0.91
binding/dtx3l_homo,inter,dtx3l,KH5,dtx3l,DTC,5,1250,47,0.0,0.0,16.78,11.04,10.24,1.49
binding/dtx3l_homo,inter,dtx3l,RING,dtx3l,RRM,5,1250,47,0.16,4.26,16.94,9.7,8.68,0.66
binding/dtx3l_homo,inter,dtx3l,RING,dtx3l,KH1,5,1250,47,0.08,2.13,16.93,9.14,9.64,0.9
binding/dtx3l_homo,inter,dtx3l,RING,dtx3l,KH2,5,1250,47,0.08,2.13,17.1,9.57,9.18,0.76
binding/dtx3l_homo,inter,dtx3l,RING,dtx3l,KH3,5,1250,47,0.0,0.0,17.28,9.93,9.74,2.24
binding/dtx3l_homo,inter,dtx3l,RING,dtx3l,KH4,5,1250,47,0.0,0.0,17.06,9.94,10.49,1.03
binding/dtx3l_homo,inter,dtx3l,RING,dtx3l,KH5,5,1250,47,0.0,0.0,17.26,10.52,10.45,2.1
binding/dtx3l_homo,inter,dtx3l,RING,dtx3l,RING,5,1250,47,0.0,0.0,17.15,10.7,11.26,1.49
binding/dtx3l_homo,inter,dtx3l,RING,dtx3l,DTC,5,1250,47,0.08,2.13,16.6,10.5,11.74,0.65
binding/dtx3l_homo,inter,dtx3l,DTC,dtx3l,RRM,5,1250,47,0.24,6.38,16.48,9.7,10.02,0.65
binding/dtx3l_homo,inter,dtx3l,DTC,dtx3l,KH1,5,1250,47,0.4,10.64,16.42,8.96,8.93,0.56
binding/dtx3l_homo,inter,dtx3l,DTC,dtx3l,KH2,5,1250,47,0.08,2.13,16.63,9.31,10.22,0.56
binding/dtx3l_homo,inter,dtx3l,DTC,dtx3l,KH3,5,1250,47,0.08,2.13,16.82,9.58,9.94,0.74
binding/dtx3l_homo,inter,dtx3l,DTC,dtx3l,KH4,5,1250,47,0.16,4.26,16.59,9.56,10.27,0.62
binding/dtx3l_homo,inter,dtx3l,DTC,dtx3l,KH5,5,1250,47,0.16,4.26,16.78,10.24,10.57,0.57
binding/dtx3l_homo,inter,dtx3l,DTC,dtx3l,RING,5,1250,47,0.16,4.26,16.67,10.54,11.37,0.72
binding/dtx3l_homo,inter,dtx3l,DTC,dtx3l,DTC,5,1250,47,0.32,8.51,16.13,10.34,11.79,0.56
binding/dtx3l_homo_docked,inter,dtx3l,RRM,dtx3l,RRM,5,1250,62,0.08,1.61,16.97,11.95,12.45,0.9
binding/dtx3l_homo_docked,inter,dtx3l,RRM,dtx3l,KH1,5,1250,62,0.16,3.23,16.98,10.76,10.39,0.56
binding/dtx3l_homo_docked,inter,dtx3l,RRM,dtx3l,KH2,5,1250,62,0.16,3.23,16.89,10.53,9.85,0.58
binding/dtx3l_homo_docked,inter,dtx3l,RRM,dtx3l,KH3,5,1250,62,0.24,4.84,17.03,10.33,9.86,0.56
binding/dtx3l_homo_docked,inter,dtx3l,RRM,dtx3l,KH4,5,1250,62,0.08,1.61,16.87,10.16,9.85,0.64
binding/dtx3l_homo_docked,inter,dtx3l,RRM,dtx3l,KH5,5,1250,62,0.16,3.23,17.04,10.49,10.86,0.63
binding/dtx3l_homo_docked,inter,dtx3l,RRM,dtx3l,RING,5,1250,62,0.08,1.61,16.83,9.91,10.15,0.62
binding/dtx3l_homo_docked,inter,dtx3l,RRM,dtx3l,DTC,5,1250,62,0.16,3.23,16.36,9.73,9.5,0.52
binding/dtx3l_homo_docked,inter,dtx3l,KH1,dtx3l,RRM,5,1250,62,0.08,1.61,17.03,11.6,11.66,0.82
binding/dtx3l_homo_docked,inter,dtx3l,KH1,dtx3l,KH1,5,1250,62,0.0,0.0,17.05,10.51,9.07,1.37
binding/dtx3l_homo_docked,inter,dtx3l,KH1,dtx3l,KH2,5,1250,62,0.08,1.61,17.01,9.67,8.95,0.73
binding/dtx3l_homo_docked,inter,dtx3l,KH1,dtx3l,KH3,5,1250,62,0.32,6.45,17.12,9.27,9.51,0.63
binding/dtx3l_homo_docked,inter,dtx3l,KH1,dtx3l,KH4,5,1250,62,0.08,1.61,16.95,9.17,9.45,0.92
binding/dtx3l_homo_docked,inter,dtx3l,KH1,dtx3l,KH5,5,1250,62,0.24,4.84,17.11,9.3,9.53,0.67
binding/dtx3l_homo_docked,inter,dtx3l,KH1,dtx3l,RING,5,1250,62,0.0,0.0,16.86,8.86,7.6,1.58
binding/dtx3l_homo_docked,inter,dtx3l,KH1,dtx3l,DTC,5,1250,62,0.24,4.84,16.43,8.69,7.41,0.59
binding/dtx3l_homo_docked,inter,dtx3l,KH2,dtx3l,RRM,5,1250,62,0.08,1.61,16.88,10.42,9.75,0.66
binding/dtx3l_homo_docked,inter,dtx3l,KH2,dtx3l,KH1,5,1250,62,0.24,4.84,16.98,9.6,9.29,0.71
binding/dtx3l_homo_docked,inter,dtx3l,KH2,dtx3l,KH2,5,1250,62,0.08,1.61,17.03,9.13,8.04,0.55
binding/dtx3l_homo_docked,inter,dtx3l,KH2,dtx3l,KH3,5,1250,62,0.24,4.84,17.18,8.82,7.24,0.56
binding/dtx3l_homo_docked,inter,dtx3l,KH2,dtx3l,KH4,5,1250,62,0.16,3.23,17.03,9.18,9.35,0.64
binding/dtx3l_homo_docked,inter,dtx3l,KH2,dtx3l,KH5,5,1250,62,0.08,1.61,17.22,9.35,9.24,0.7
binding/dtx3l_homo_docked,inter,dtx3l,KH2,dtx3l,RING,5,1250,62,0.0,0.0,17.01,8.85,8.13,1.06
binding/dtx3l_homo_docked,inter,dtx3l,KH2,dtx3l,DTC,5,1250,62,0.24,4.84,16.5,8.44,7.09,0.6
binding/dtx3l_homo_docked,inter,dtx3l,KH3,dtx3l,RRM,5,1250,62,0.0,0.0,17.03,10.18,9.87,1.08
binding/dtx3l_homo_docked,inter,dtx3l,KH3,dtx3l,KH1,5,1250,62,0.16,3.23,17.15,9.37,8.57,0.73
binding/dtx3l_homo_docked,inter,dtx3l,KH3,dtx3l,KH2,5,1250,62,0.0,0.0,17.22,9.16,7.89,1.09
binding/dtx3l_homo_docked,inter,dtx3l,KH3,dtx3l,KH3,5,1250,62,0.08,1.61,17.36,8.99,7.57,0.59
binding/dtx3l_homo_docked,inter,dtx3l,KH3,dtx3l,KH4,5,1250,62,0.0,0.0,17.26,9.44,9.1,1.58
binding/dtx3l_homo_docked,inter,dtx3l,KH3,dtx3l,KH5,5,1250,62,0.08,1.61,17.4,9.63,9.41,0.9
binding/dtx3l_homo_docked,inter,dtx3l,KH3,dtx3l,RING,5,1250,62,0.08,1.61,17.26,8.97,8.05,0.81
binding/dtx3l_homo_docked,inter,dtx3l,KH3,dtx3l,DTC,5,1250,62,0.24,4.84,16.75,8.5,7.68,0.68
binding/dtx3l_homo_docked,inter,dtx3l,KH4,dtx3l,RRM,5,1250,62,0.08,1.61,16.84,10.01,9.46,0.62
binding/dtx3l_homo_docked,inter,dtx3l,KH4,dtx3l,KH1,5,1250,62,0.24,4.84,16.98,9.3,9.06,0.61
binding/dtx3l_homo_docked,inter,dtx3l,KH4,dtx3l,KH2,5,1250,62,0.0,0.0,17.05,9.25,8.58,1.18
binding/dtx3l_homo_docked,inter,dtx3l,KH4,dtx3l,KH3,5,1250,62,0.0,0.0,17.2,9.13,8.43,1.78
binding/dtx3l_homo_docked,inter,dtx3l,KH4,dtx3l,KH4,5,1250,62,0.0,0.0,17.04,9.65,9.35,1.06
binding/dtx3l_homo_docked,inter,dtx3l,KH4,dtx3l,KH5,5,1250,62,0.08,1.61,17.17,9.93,9.41,0.9
binding/dtx3l_homo_docked,inter,dtx3l,KH4,dtx3l,RING,5,1250,62,0.08,1.61,17.0,9.33,9.13,0.7
binding/dtx3l_homo_docked,inter,dtx3l,KH4,dtx3l,DTC,5,1250,62,0.24,4.84,16.51,8.87,8.71,0.66
binding/dtx3l_homo_docked,inter,dtx3l,KH5,dtx3l,RRM,5,1250,62,0.08,1.61,17.04,10.6,9.68,0.87
binding/dtx3l_homo_docked,inter,dtx3l,KH5,dtx3l,KH1,5,1250,62,0.16,3.23,17.21,9.89,9.64,0.56
binding/dtx3l_homo_docked,inter,dtx3l,KH5,dtx3l,KH2,5,1250,62,0.08,1.61,17.37,9.86,9.52,0.76
binding/dtx3l_homo_docked,inter,dtx3l,KH5,dtx3l,KH3,5,1250,62,0.08,1.61,17.44,9.62,9.1,0.91
binding/dtx3l_homo_docked,inter,dtx3l,KH5,dtx3l,KH4,5,1250,62,0.0,0.0,17.28,10.08,9.44,1.82
binding/dtx3l_homo_docked,inter,dtx3l,KH5,dtx3l,KH5,5,1250,62,0.0,0.0,17.4,10.35,9.08,1.15
binding/dtx3l_homo_docked,inter,dtx3l,KH5,dtx3l,RING,5,1250,62,0.0,0.0,17.28,9.74,9.29,1.09
binding/dtx3l_homo_docked,inter,dtx3l,KH5,dtx3l,DTC,5,1250,62,0.0,0.0,16.74,9.25,8.37,1.07
binding/dtx3l_homo_docked,inter,dtx3l,RING,dtx3l,RRM,5,1250,62,0.16,3.23,17.02,10.63,10.88,0.96
binding/dtx3l_homo_docked,inter,dtx3l,RING,dtx3l,KH1,5,1250,62,0.08,1.61,17.23,10.27,10.23,0.58
binding/dtx3l_homo_docked,inter,dtx3l,RING,dtx3l,KH2,5,1250,62,0.0,0.0,17.3,10.12,9.11,1.75
binding/dtx3l_homo_docked,inter,dtx3l,RING,dtx3l,KH3,5,1250,62,0.08,1.61,17.36,9.85,9.69,0.69
binding/dtx3l_homo_docked,inter,dtx3l,RING,dtx3l,KH4,5,1250,62,0.0,0.0,17.14,10.08,10.6,2.01
binding/dtx3l_homo_docked,inter,dtx3l,RING,dtx3l,KH5,5,1250,62,0.08,1.61,17.25,10.29,10.55,0.81
binding/dtx3l_homo_docked,inter,dtx3l,RING,dtx3l,RING,5,1250,62,0.08,1.61,17.09,9.74,9.08,0.92
binding/dtx3l_homo_docked,inter,dtx3l,RING,dtx3l,DTC,5,1250,62,0.24,4.84,16.59,9.48,9.91,0.5
binding/dtx3l_homo_docked,inter,dtx3l,DTC,dtx3l,RRM,5,1250,62,0.16,3.23,16.48,10.78,11.24,0.63
binding/dtx3l_homo_docked,inter,dtx3l,DTC,dtx3l,KH1,5,1250,62,0.16,3.23,16.66,10.43,10.11,0.58
binding/dtx3l_homo_docked,inter,dtx3l,DTC,dtx3l,KH2,5,1250,62,0.16,3.23,16.78,10.17,10.18,0.67
binding/dtx3l_homo_docked,inter,dtx3l,DTC,dtx3l,KH3,5,1250,62,0.24,4.84,16.83,9.82,9.89,0.56
binding/dtx3l_homo_docked,inter,dtx3l,DTC,dtx3l,KH4,5,1250,62,0.16,3.23,16.59,10.02,10.16,0.57
binding/dtx3l_homo_docked,inter,dtx3l,DTC,dtx3l,KH5,5,1250,62,0.24,4.84,16.74,10.19,9.85,0.6
binding/dtx3l_homo_docked,inter,dtx3l,DTC,dtx3l,RING,5,1250,62,0.16,3.23,16.62,9.56,8.86,0.7
binding/dtx3l_homo_docked,inter,dtx3l,DTC,dtx3l,DTC,5,1250,62,0.48,9.68,16.09,9.34,9.86,0.56
binding/p9_homo,inter,parp9,1/2KH1a,parp9,1/2KH1a,5,1250,51,0.0,0.0,17.09,7.7,7.12,1.18
binding/p9_homo,inter,parp9,1/2KH1a,parp9,MD1,5,1250,51,0.24,5.88,16.18,7.45,6.68,0.62
binding/p9_homo,inter,parp9,1/2KH1a,parp9,MD2,5,1250,51,0.08,1.96,16.34,7.72,7.2,0.64
binding/p9_homo,inter,parp9,1/2KH1a,parp9,1/2KH1b,5,1250,51,0.0,0.0,17.29,7.84,7.66,2.07
binding/p9_homo,inter,parp9,1/2KH1a,parp9,KH2,5,1250,51,0.0,0.0,16.61,6.56,6.53,1.51
binding/p9_homo,inter,parp9,1/2KH1a,parp9,ART,5,1250,51,0.08,1.96,16.2,6.5,5.54,0.69
binding/p9_homo,inter,parp9,MD1,parp9,1/2KH1a,5,1250,51,0.32,7.84,16.18,6.54,5.67,0.69
binding/p9_homo,inter,parp9,MD1,parp9,MD1,5,1250,51,0.32,7.84,15.3,6.17,4.75,0.68
binding/p9_homo,inter,parp9,MD1,parp9,MD2,5,1250,51,0.32,7.84,15.4,6.61,6.46,0.51
binding/p9_homo,inter,parp9,MD1,parp9,1/2KH1b,5,1250,51,0.16,3.92,16.39,6.66,6.03,0.67
binding/p9_homo,inter,parp9,MD1,parp9,KH2,5,1250,51,0.4,9.8,15.72,5.63,5.77,0.54
binding/p9_homo,inter,parp9,MD1,parp9,ART,5,1250,51,0.64,15.69,15.33,5.9,4.95,0.54
binding/p9_homo,inter,parp9,MD2,parp9,1/2KH1a,5,1250,51,0.24,5.88,16.31,7.18,7.25,0.73
binding/p9_homo,inter,parp9,MD2,parp9,MD1,5,1250,51,0.32,7.84,15.47,6.93,6.56,0.61
binding/p9_homo,inter,parp9,MD2,parp9,MD2,5,1250,51,0.16,3.92,15.58,7.23,5.99,0.76
binding/p9_homo,inter,parp9,MD2,parp9,1/2KH1b,5,1250,51,0.24,5.88,16.52,7.35,7.48,0.69
binding/p9_homo,inter,parp9,MD2,parp9,KH2,5,1250,51,0.48,11.76,15.8,6.32,6.43,0.56
binding/p9_homo,inter,parp9,MD2,parp9,ART,5,1250,51,0.4,9.8,15.38,6.36,5.92,0.61
binding/p9_homo,inter,parp9,1/2KH1b,parp9,1/2KH1a,5,1250,51,0.08,1.96,17.25,7.85,7.28,0.65
binding/p9_homo,inter,parp9,1/2KH1b,parp9,MD1,5,1250,51,0.16,3.92,16.34,7.61,7.41,0.59
binding/p9_homo,inter,parp9,1/2KH1b,parp9,MD2,5,1250,51,0.0,0.0,16.48,7.88,7.57,1.06
binding/p9_homo,inter,parp9,1/2KH1b,parp9,1/2KH1b,5,1250,51,0.0,0.0,17.44,8.0,7.5,1.9
binding/p9_homo,inter,parp9,1/2KH1b,parp9,KH2,5,1250,51,0.0,0.0,16.75,6.66,6.72,1.83
binding/p9_homo,inter,parp9,1/2KH1b,parp9,ART,5,1250,51,0.08,1.96,16.36,6.66,5.99,0.99
binding/p9_homo,inter,parp9,KH2,parp9,1/2KH1a,5,1250,51,0.24,5.88,16.59,7.4,7.62,0.62
binding/p9_homo,inter,parp9,KH2,parp9,MD1,5,1250,51,0.32,7.84,15.72,7.2,6.99,0.56
binding/p9_homo,inter,parp9,KH2,parp9,MD2,5,1250,51,0.32,7.84,15.85,7.46,7.16,0.57
binding/p9_homo,inter,parp9,KH2,parp9,1/2KH1b,5,1250,51,0.08,1.96,16.78,7.59,7.56,0.74
binding/p9_homo,inter,parp9,KH2,parp9,KH2,5,1250,51,0.32,7.84,16.05,6.29,6.15,0.65
binding/p9_homo,inter,parp9,KH2,parp9,ART,5,1250,51,0.08,1.96,15.65,6.0,5.59,0.62
binding/p9_homo,inter,parp9,ART,parp9,1/2KH1a,5,1250,51,0.16,3.92,16.38,7.82,7.86,0.67
binding/p9_homo,inter,parp9,ART,parp9,MD1,5,1250,51,0.16,3.92,15.56,7.46,6.93,0.62
binding/p9_homo,inter,parp9,ART,parp9,MD2,5,1250,51,0.4,9.8,15.55,7.64,6.89,0.58
binding/p9_homo,inter,parp9,ART,parp9,1/2KH1b,5,1250,51,0.08,1.96,16.57,8.06,8.46,0.99
binding/p9_homo,inter,parp9,ART,parp9,KH2,5,1250,51,0.24,5.88,15.77,6.78,6.52,0.52
binding/p9_homo,inter,parp9,ART,parp9,ART,5,1250,51,0.56,13.73,15.31,6.68,6.73,0.59
binding/p14_dtx3l,inter,parp14,RRM1,dtx3l,RRM,5,1250,156,0.16,1.28,16.39,13.87,14.77,0.59
binding/p14_dtx3l,inter,parp14,RRM1,dtx3l,KH1,5,1250,156,0.24,1.92,16.27,13.55,13.23,0.56
binding/p14_dtx3l,inter,parp14,RRM1,dtx3l,KH2,5,1250,156,0.32,2.56,16.29,13.15,13.76,0.5
binding/p14_dtx3l,inter,parp14,RRM1,dtx3l,KH3,5,1250,156,0.0,0.0,16.46,13.33,13.7,1.02
binding/p14_dtx3l,inter,parp14,RRM1,dtx3l,KH4,5,1250,156,0.32,2.56,16.35,13.21,13.69,0.66
binding/p14_dtx3l,inter,parp14,RRM1,dtx3l,KH5,5,1250,156,0.0,0.0,16.45,12.99,13.46,1.57
binding/p14_dtx3l,inter,parp14,RRM1,dtx3l,RING,5,1250,156,0.24,1.92,16.41,12.71,12.86,0.57
binding/p14_dtx3l,inter,parp14,RRM1,dtx3l,DTC,5,1250,156,0.4,3.21,15.88,12.27,11.79,0.59
binding/p14_dtx3l,inter,parp14,RRM2,dtx3l,RRM,5,1250,156,0.0,0.0,16.29,12.9,13.66,1.38
binding/p14_dtx3l,inter,parp14,RRM2,dtx3l,KH1,5,1250,156,0.08,0.64,16.22,12.53,12.12,0.92
binding/p14_dtx3l,inter,parp14,RRM2,dtx3l,KH2,5,1250,156,0.32,2.56,16.3,12.14,12.43,0.61
binding/p14_dtx3l,inter,parp14,RRM2,dtx3l,KH3,5,1250,156,0.16,1.28,16.46,12.08,11.76,0.63
binding/p14_dtx3l,inter,parp14,RRM2,dtx3l,KH4,5,1250,156,0.08,0.64,16.28,11.84,11.19,0.7
binding/p14_dtx3l,inter,parp14,RRM2,dtx3l,KH5,5,1250,156,0.16,1.28,16.41,11.6,11.03,0.63
binding/p14_dtx3l,inter,parp14,RRM2,dtx3l,RING,5,1250,156,0.4,3.21,16.32,11.24,11.26,0.57
binding/p14_dtx3l,inter,parp14,RRM2,dtx3l,DTC,5,1250,156,0.64,5.13,15.81,10.97,11.16,0.53
binding/p14_dtx3l,inter,parp14,RRM3,dtx3l,RRM,5,1250,156,0.16,1.28,16.19,12.52,13.1,0.65
binding/p14_dtx3l,inter,parp14,RRM3,dtx3l,KH1,5,1250,156,0.08,0.64,16.12,12.02,11.78,0.61
binding/p14_dtx3l,inter,parp14,RRM3,dtx3l,KH2,5,1250,156,0.56,4.49,16.27,11.6,11.55,0.68
binding/p14_dtx3l,inter,parp14,RRM3,dtx3l,KH3,5,1250,156,0.16,1.28,16.41,11.57,11.34,0.86
binding/p14_dtx3l,inter,parp14,RRM3,dtx3l,KH4,5,1250,156,0.08,0.64,16.2,11.4,11.06,0.87
binding/p14_dtx3l,inter,parp14,RRM3,dtx3l,KH5,5,1250,156,0.16,1.28,16.3,11.23,10.99,0.63
binding/p14_dtx3l,inter,parp14,RRM3,dtx3l,RING,5,1250,156,0.24,1.92,16.21,10.83,10.24,0.53
binding/p14_dtx3l,inter,parp14,RRM3,dtx3l,DTC,5,1250,156,0.8,6.41,15.73,10.6,10.69,0.48
binding/p14_dtx3l,inter,parp14,KH1,dtx3l,RRM,5,1250,156,0.24,1.92,16.19,12.25,12.93,0.59
binding/p14_dtx3l,inter,parp14,KH1,dtx3l,KH1,5,1250,156,0.08,0.64,16.15,12.04,11.95,0.67
binding/p14_dtx3l,inter,parp14,KH1,dtx3l,KH2,5,1250,156,0.24,1.92,16.32,11.38,11.9,0.72
binding/p14_dtx3l,inter,parp14,KH1,dtx3l,KH3,5,1250,156,0.0,0.0,16.39,11.32,11.21,1.16
binding/p14_dtx3l,inter,parp14,KH1,dtx3l,KH4,5,1250,156,0.16,1.28,16.19,11.01,10.53,0.76
binding/p14_dtx3l,inter,parp14,KH1,dtx3l,KH5,5,1250,156,0.24,1.92,16.28,10.82,10.25,0.69
binding/p14_dtx3l,inter,parp14,KH1,dtx3l,RING,5,1250,156,0.0,0.0,16.15,10.48,9.19,1.06
binding/p14_dtx3l,inter,parp14,KH1,dtx3l,DTC,5,1250,156,0.4,3.21,15.56,10.1,9.49,0.61
binding/p14_dtx3l,inter,parp14,KH2,dtx3l,RRM,5,1250,156,0.24,1.92,16.18,12.08,12.01,0.84
binding/p14_dtx3l,inter,parp14,KH2,dtx3l,KH1,5,1250,156,0.08,0.64,16.22,11.79,11.4,0.6
binding/p14_dtx3l,inter,parp14,KH2,dtx3l,KH2,5,1250,156,0.24,1.92,16.4,11.11,11.29,0.52
binding/p14_dtx3l,inter,parp14,KH2,dtx3l,KH3,5,1250,156,0.16,1.28,16.44,10.98,10.49,0.58
binding/p14_dtx3l,inter,parp14,KH2,dtx3l,KH4,5,1250,156,0.08,0.64,16.19,10.76,9.69,0.61
binding/p14_dtx3l,inter,parp14,KH2,dtx3l,KH5,5,1250,156,0.0,0.0,16.29,10.62,9.66,1.06
binding/p14_dtx3l,inter,parp14,KH2,dtx3l,RING,5,1250,156,0.08,0.64,16.15,10.28,9.77,0.77
binding/p14_dtx3l,inter,parp14,KH2,dtx3l,DTC,5,1250,156,0.24,1.92,15.53,9.88,9.09,0.71
binding/p14_dtx3l,inter,parp14,KH3,dtx3l,RRM,5,1250,156,0.24,1.92,16.51,12.38,13.07,0.55
binding/p14_dtx3l,inter,parp14,KH3,dtx3l,KH1,5,1250,156,0.24,1.92,16.52,12.01,12.33,0.56
binding/p14_dtx3l,inter,parp14,KH3,dtx3l,KH2,5,1250,156,0.08,0.64,16.68,11.34,11.36,0.58
binding/p14_dtx3l,inter,parp14,KH3,dtx3l,KH3,5,1250,156,0.16,1.28,16.75,11.25,10.95,0.57
binding/p14_dtx3l,inter,parp14,KH3,dtx3l,KH4,5,1250,156,0.08,0.64,16.49,11.18,10.44,0.54
binding/p14_dtx3l,inter,parp14,KH3,dtx3l,KH5,5,1250,156,0.08,0.64,16.63,11.12,9.99,0.61
binding/p14_dtx3l,inter,parp14,KH3,dtx3l,RING,5,1250,156,0.4,3.21,16.45,10.62,10.05,0.61
binding/p14_dtx3l,inter,parp14,KH3,dtx3l,DTC,5,1250,156,0.8,6.41,15.83,10.13,9.92,0.53
binding/p14_dtx3l,inter,parp14,KH4,dtx3l,RRM,5,1250,156,0.24,1.92,16.47,12.31,12.87,0.59
binding/p14_dtx3l,inter,parp14,KH4,dtx3l,KH1,5,1250,156,0.16,1.28,16.5,11.9,12.39,0.6
binding/p14_dtx3l,inter,parp14,KH4,dtx3l,KH2,5,1250,156,0.08,0.64,16.7,11.21,11.11,0.6
binding/p14_dtx3l,inter,parp14,KH4,dtx3l,KH3,5,1250,156,0.08,0.64,16.78,11.11,10.92,0.56
binding/p14_dtx3l,inter,parp14,KH4,dtx3l,KH4,5,1250,156,0.0,0.0,16.52,11.06,10.77,1.21
binding/p14_dtx3l,inter,parp14,KH4,dtx3l,KH5,5,1250,156,0.16,1.28,16.63,11.05,10.66,0.59
binding/p14_dtx3l,inter,parp14,KH4,dtx3l,RING,5,1250,156,0.08,0.64,16.45,10.4,9.83,0.96
binding/p14_dtx3l,inter,parp14,KH4,dtx3l,DTC,5,1250,156,0.4,3.21,15.87,9.97,9.63,0.57
binding/p14_dtx3l,inter,parp14,KH5,dtx3l,RRM,5,1250,156,0.24,1.92,16.29,12.0,12.13,0.58
binding/p14_dtx3l,inter,parp14,KH5,dtx3l,KH1,5,1250,156,0.08,0.64,16.32,11.64,12.13,0.58
binding/p14_dtx3l,inter,parp14,KH5,dtx3l,KH2,5,1250,156,0.16,1.28,16.55,10.89,10.8,0.6
binding/p14_dtx3l,inter,parp14,KH5,dtx3l,KH3,5,1250,156,0.0,0.0,16.65,10.93,10.91,1.55
binding/p14_dtx3l,inter,parp14,KH5,dtx3l,KH4,5,1250,156,0.08,0.64,16.38,10.9,10.59,0.56
binding/p14_dtx3l,inter,parp14,KH5,dtx3l,KH5,5,1250,156,0.08,0.64,16.51,10.98,10.6,0.58
binding/p14_dtx3l,inter,parp14,KH5,dtx3l,RING,5,1250,156,0.08,0.64,16.31,10.34,10.15,0.79
binding/p14_dtx3l,inter,parp14,KH5,dtx3l,DTC,5,1250,156,0.4,3.21,15.76,9.96,9.58,0.55
binding/p14_dtx3l,inter,parp14,KH6,dtx3l,RRM,5,1250,156,0.0,0.0,16.44,12.11,12.02,1.38
binding/p14_dtx3l,inter,parp14,KH6,dtx3l,KH1,5,1250,156,0.0,0.0,16.52,11.82,12.25,1.85
binding/p14_dtx3l,inter,parp14,KH6,dtx3l,KH2,5,1250,156,0.08,0.64,16.71,11.11,10.99,0.71
binding/p14_dtx3l,inter,parp14,KH6,dtx3l,KH3,5,1250,156,0.16,1.28,16.84,11.27,11.1,0.56
binding/p14_dtx3l,inter,parp14,KH6,dtx3l,KH4,5,1250,156,0.0,0.0,16.6,11.27,10.74,1.17
binding/p14_dtx3l,inter,parp14,KH6,dtx3l,KH5,5,1250,156,0.0,0.0,16.72,11.4,11.39,1.53
binding/p14_dtx3l,inter,parp14,KH6,dtx3l,RING,5,1250,156,0.0,0.0,16.47,10.88,10.7,2.52
binding/p14_dtx3l,inter,parp14,KH6,dtx3l,DTC,5,1250,156,0.08,0.64,15.91,10.46,9.99,0.59
binding/p14_dtx3l,inter,parp14,1/2KH7a,dtx3l,RRM,5,1250,156,0.16,1.28,16.74,12.78,12.53,0.74
binding/p14_dtx3l,inter,parp14,1/2KH7a,dtx3l,KH1,5,1250,156,0.0,0.0,16.78,12.38,11.88,1.74
binding/p14_dtx3l,inter,parp14,1/2KH7a,dtx3l,KH2,5,1250,156,0.08,0.64,16.93,11.8,11.32,0.58
binding/p14_dtx3l,inter,parp14,1/2KH7a,dtx3l,KH3,5,1250,156,0.16,1.28,17.12,12.04,11.67,0.6
binding/p14_dtx3l,inter,parp14,1/2KH7a,dtx3l,KH4,5,1250,156,0.0,0.0,16.93,12.08,11.65,2.4
binding/p14_dtx3l,inter,parp14,1/2KH7a,dtx3l,KH5,5,1250,156,0.0,0.0,17.07,12.26,12.15,2.64
binding/p14_dtx3l,inter,parp14,1/2KH7a,dtx3l,RING,5,1250,156,0.0,0.0,16.76,11.64,11.3,1.54
binding/p14_dtx3l,inter,parp14,1/2KH7a,dtx3l,DTC,5,1250,156,0.16,1.28,16.2,11.15,11.12,0.58
binding/p14_dtx3l,inter,parp14,MD1,dtx3l,RRM,5,1250,156,0.16,1.28,15.9,12.59,12.11,0.7
binding/p14_dtx3l,inter,parp14,MD1,dtx3l,KH1,5,1250,156,0.16,1.28,15.93,12.04,12.13,0.58
binding/p14_dtx3l,inter,parp14,MD1,dtx3l,KH2,5,1250,156,0.32,2.56,16.12,11.48,11.12,0.59
binding/p14_dtx3l,inter,parp14,MD1,dtx3l,KH3,5,1250,156,0.24,1.92,16.37,11.72,10.93,0.79
binding/p14_dtx3l,inter,parp14,MD1,dtx3l,KH4,5,1250,156,0.0,0.0,16.17,11.76,11.37,1.29
binding/p14_dtx3l,inter,parp14,MD1,dtx3l,KH5,5,1250,156,0.08,0.64,16.29,11.91,11.5,0.63
binding/p14_dtx3l,inter,parp14,MD1,dtx3l,RING,5,1250,156,0.0,0.0,16.0,11.27,10.57,1.7
binding/p14_dtx3l,inter,parp14,MD1,dtx3l,DTC,5,1250,156,0.48,3.85,15.42,10.72,10.21,0.5
binding/p14_dtx3l,inter,parp14,MD2,dtx3l,RRM,5,1250,156,0.0,0.0,15.79,12.88,13.39,1.67
binding/p14_dtx3l,inter,parp14,MD2,dtx3l,KH1,5,1250,156,0.4,3.21,15.86,12.45,12.99,0.5
binding/p14_dtx3l,inter,parp14,MD2,dtx3l,KH2,5,1250,156,0.48,3.85,16.06,11.86,11.7,0.65
binding/p14_dtx3l,inter,parp14,MD2,dtx3l,KH3,5,1250,156,0.16,1.28,16.29,12.13,11.79,0.65
binding/p14_dtx3l,inter,parp14,MD2,dtx3l,KH4,5,1250,156,0.32,2.56,16.14,12.27,12.29,0.62
binding/p14_dtx3l,inter,parp14,MD2,dtx3l,KH5,5,1250,156,0.4,3.21,16.23,12.44,12.73,0.54
binding/p14_dtx3l,inter,parp14,MD2,dtx3l,RING,5,1250,156,0.24,1.92,15.93,11.8,11.98,0.65
binding/p14_dtx3l,inter,parp14,MD2,dtx3l,DTC,5,1250,156,0.8,6.41,15.4,11.23,11.61,0.61
binding/p14_dtx3l,inter,parp14,MD3,dtx3l,RRM,5,1250,156,0.08,0.64,16.12,12.91,12.98,0.54
binding/p14_dtx3l,inter,parp14,MD3,dtx3l,KH1,5,1250,156,0.24,1.92,16.17,12.42,12.55,0.62
binding/p14_dtx3l,inter,parp14,MD3,dtx3l,KH2,5,1250,156,0.0,0.0,16.3,12.14,12.27,1.5
binding/p14_dtx3l,inter,parp14,MD3,dtx3l,KH3,5,1250,156,0.08,0.64,16.52,12.39,12.43,0.75
binding/p14_dtx3l,inter,parp14,MD3,dtx3l,KH4,5,1250,156,0.08,0.64,16.34,12.44,12.61,0.98
binding/p14_dtx3l,inter,parp14,MD3,dtx3l,KH5,5,1250,156,0.08,0.64,16.44,12.53,13.05,0.69
binding/p14_dtx3l,inter,parp14,MD3,dtx3l,RING,5,1250,156,0.0,0.0,16.24,12.14,11.83,1.19
binding/p14_dtx3l,inter,parp14,MD3,dtx3l,DTC,5,1250,156,0.56,4.49,15.63,11.62,11.76,0.57
binding/p14_dtx3l,inter,parp14,1/2KH7b,dtx3l,RRM,5,1250,156,0.16,1.28,16.84,12.8,12.55,0.68
binding/p14_dtx3l,inter,parp14,1/2KH7b,dtx3l,KH1,5,1250,156,0.0,0.0,16.9,12.41,11.74,1.31
binding/p14_dtx3l,inter,parp14,1/2KH7b,dtx3l,KH2,5,1250,156,0.0,0.0,17.06,11.83,11.5,1.12
binding/p14_dtx3l,inter,parp14,1/2KH7b,dtx3l,KH3,5,1250,156,0.08,0.64,17.24,12.07,11.61,0.58
binding/p14_dtx3l,inter,parp14,1/2KH7b,dtx3l,KH4,5,1250,156,0.0,0.0,17.04,12.11,11.78,2.22
binding/p14_dtx3l,inter,parp14,1/2KH7b,dtx3l,KH5,5,1250,156,0.0,0.0,17.19,12.29,12.21,3.69
binding/p14_dtx3l,inter,parp14,1/2KH7b,dtx3l,RING,5,1250,156,0.0,0.0,16.87,11.68,11.37,1.21
binding/p14_dtx3l,inter,parp14,1/2KH7b,dtx3l,DTC,5,1250,156,0.16,1.28,16.31,11.18,11.18,0.84
binding/p14_dtx3l,inter,parp14,KH8,dtx3l,RRM,5,1250,156,0.24,1.92,16.4,12.63,12.33,0.76
binding/p14_dtx3l,inter,parp14,KH8,dtx3l,KH1,5,1250,156,0.0,0.0,16.33,12.29,12.31,1.65
binding/p14_dtx3l,inter,parp14,KH8,dtx3l,KH2,5,1250,156,0.08,0.64,16.5,11.87,11.35,0.72
binding/p14_dtx3l,inter,parp14,KH8,dtx3l,KH3,5,1250,156,0.0,0.0,16.71,12.16,11.93,1.34
binding/p14_dtx3l,inter,parp14,KH8,dtx3l,KH4,5,1250,156,0.0,0.0,16.53,12.16,12.26,1.22
binding/p14_dtx3l,inter,parp14,KH8,dtx3l,KH5,5,1250,156,0.08,0.64,16.65,12.33,12.36,0.62
binding/p14_dtx3l,inter,parp14,KH8,dtx3l,RING,5,1250,156,0.16,1.28,16.44,11.72,11.67,0.64
binding/p14_dtx3l,inter,parp14,KH8,dtx3l,DTC,5,1250,156,0.16,1.28,15.83,11.21,11.26,0.62
binding/p14_dtx3l,inter,parp14,WWE,dtx3l,RRM,5,1250,156,0.16,1.28,16.76,13.32,13.78,0.63
binding/p14_dtx3l,inter,parp14,WWE,dtx3l,KH1,5,1250,156,0.16,1.28,16.67,13.09,12.88,0.61
binding/p14_dtx3l,inter,parp14,WWE,dtx3l,KH2,5,1250,156,0.24,1.92,16.81,12.63,12.86,0.65
binding/p14_dtx3l,inter,parp14,WWE,dtx3l,KH3,5,1250,156,0.16,1.28,17.0,12.84,13.49,0.65
binding/p14_dtx3l,inter,parp14,WWE,dtx3l,KH4,5,1250,156,0.08,0.64,16.78,12.87,12.96,0.63
binding/p14_dtx3l,inter,parp14,WWE,dtx3l,KH5,5,1250,156,0.0,0.0,16.9,13.1,13.33,1.56
binding/p14_dtx3l,inter,parp14,WWE,dtx3l,RING,5,1250,156,0.08,0.64,16.77,12.56,12.71,0.66
binding/p14_dtx3l,inter,parp14,WWE,dtx3l,DTC,5,1250,156,0.24,1.92,16.22,11.94,12.31,0.81
binding/p14_dtx3l,inter,parp14,ART,dtx3l,RRM,5,1250,156,0.56,4.49,16.05,12.85,12.5,0.68
binding/p14_dtx3l,inter,parp14,ART,dtx3l,KH1,5,1250,156,0.24,1.92,15.96,12.49,12.2,0.59
binding/p14_dtx3l,inter,parp14,ART,dtx3l,KH2,5,1250,156,0.4,3.21,16.05,12.12,12.2,0.5
binding/p14_dtx3l,inter,parp14,ART,dtx3l,KH3,5,1250,156,0.0,0.0,16.21,12.37,11.95,1.38
binding/p14_dtx3l,inter,parp14,ART,dtx3l,KH4,5,1250,156,0.08,0.64,16.04,12.43,12.88,0.55
binding/p14_dtx3l,inter,parp14,ART,dtx3l,KH5,5,1250,156,0.16,1.28,16.18,12.6,12.8,0.6
binding/p14_dtx3l,inter,parp14,ART,dtx3l,RING,5,1250,156,0.16,1.28,16.05,12.15,11.9,0.55
binding/p14_dtx3l,inter,parp14,ART,dtx3l,DTC,5,1250,156,0.56,4.49,15.48,11.6,11.54,0.56
binding/p14_dtx3l_docked,inter,parp14,RRM1,dtx3l,RRM,5,1250,114,0.16,1.75,16.6,12.44,11.92,0.54
binding/p14_dtx3l_docked,inter,parp14,RRM1,dtx3l,KH1,5,1250,114,0.4,4.39,16.68,11.63,11.74,0.64
binding/p14_dtx3l_docked,inter,parp14,RRM1,dtx3l,KH2,5,1250,114,0.16,1.75,16.78,11.81,12.01,0.65
binding/p14_dtx3l_docked,inter,parp14,RRM1,dtx3l,KH3,5,1250,114,0.16,1.75,16.92,11.84,11.54,0.63
binding/p14_dtx3l_docked,inter,parp14,RRM1,dtx3l,KH4,5,1250,114,0.16,1.75,16.76,11.84,11.61,0.64
binding/p14_dtx3l_docked,inter,parp14,RRM1,dtx3l,KH5,5,1250,114,0.0,0.0,16.92,12.35,12.44,1.18
binding/p14_dtx3l_docked,inter,parp14,RRM1,dtx3l,RING,5,1250,114,0.0,0.0,16.92,13.04,14.06,1.45
binding/p14_dtx3l_docked,inter,parp14,RRM1,dtx3l,DTC,5,1250,114,0.56,6.14,16.38,12.66,12.93,0.52
binding/p14_dtx3l_docked,inter,parp14,RRM2,dtx3l,RRM,5,1250,114,0.16,1.75,16.63,12.13,12.05,0.59
binding/p14_dtx3l_docked,inter,parp14,RRM2,dtx3l,KH1,5,1250,114,0.16,1.75,16.81,11.34,10.9,0.57
binding/p14_dtx3l_docked,inter,parp14,RRM2,dtx3l,KH2,5,1250,114,0.08,0.88,16.93,11.66,11.14,0.67
binding/p14_dtx3l_docked,inter,parp14,RRM2,dtx3l,KH3,5,1250,114,0.16,1.75,17.09,11.64,11.65,0.58
binding/p14_dtx3l_docked,inter,parp14,RRM2,dtx3l,KH4,5,1250,114,0.0,0.0,16.98,11.62,12.21,1.29
binding/p14_dtx3l_docked,inter,parp14,RRM2,dtx3l,KH5,5,1250,114,0.16,1.75,17.14,11.85,12.19,0.6
binding/p14_dtx3l_docked,inter,parp14,RRM2,dtx3l,RING,5,1250,114,0.0,0.0,17.03,12.39,12.65,1.68
binding/p14_dtx3l_docked,inter,parp14,RRM2,dtx3l,DTC,5,1250,114,0.4,4.39,16.48,12.02,12.31,0.54
binding/p14_dtx3l_docked,inter,parp14,RRM3,dtx3l,RRM,5,1250,114,0.16,1.75,16.71,12.19,12.13,0.55
binding/p14_dtx3l_docked,inter,parp14,RRM3,dtx3l,KH1,5,1250,114,0.0,0.0,16.84,11.23,10.44,1.15
binding/p14_dtx3l_docked,inter,parp14,RRM3,dtx3l,KH2,5,1250,114,0.08,0.88,16.92,11.62,11.58,0.68
binding/p14_dtx3l_docked,inter,parp14,RRM3,dtx3l,KH3,5,1250,114,0.08,0.88,17.07,11.7,11.81,0.62
binding/p14_dtx3l_docked,inter,parp14,RRM3,dtx3l,KH4,5,1250,114,0.24,2.63,16.96,11.59,11.85,0.59
binding/p14_dtx3l_docked,inter,parp14,RRM3,dtx3l,KH5,5,1250,114,0.16,1.75,17.07,11.84,11.97,0.67
binding/p14_dtx3l_docked,inter,parp14,RRM3,dtx3l,RING,5,1250,114,0.32,3.51,17.01,12.47,12.61,0.55
binding/p14_dtx3l_docked,inter,parp14,RRM3,dtx3l,DTC,5,1250,114,0.24,2.63,16.5,12.14,12.24,0.59
binding/p14_dtx3l_docked,inter,parp14,KH1,dtx3l,RRM,5,1250,114,0.32,3.51,16.78,11.96,12.38,0.5
binding/p14_dtx3l_docked,inter,parp14,KH1,dtx3l,KH1,5,1250,114,0.32,3.51,16.97,11.06,10.21,0.59
binding/p14_dtx3l_docked,inter,parp14,KH1,dtx3l,KH2,5,1250,114,0.0,0.0,17.0,11.21,10.91,1.36
binding/p14_dtx3l_docked,inter,parp14,KH1,dtx3l,KH3,5,1250,114,0.0,0.0,17.15,11.21,10.27,1.29
binding/p14_dtx3l_docked,inter,parp14,KH1,dtx3l,KH4,5,1250,114,0.16,1.75,17.02,11.2,11.22,0.63
binding/p14_dtx3l_docked,inter,parp14,KH1,dtx3l,KH5,5,1250,114,0.0,0.0,17.1,11.41,11.59,1.17
binding/p14_dtx3l_docked,inter,parp14,KH1,dtx3l,RING,5,1250,114,0.0,0.0,17.06,12.0,12.03,1.8
binding/p14_dtx3l_docked,inter,parp14,KH1,dtx3l,DTC,5,1250,114,0.0,0.0,16.54,11.63,12.24,1.18
binding/p14_dtx3l_docked,inter,parp14,KH2,dtx3l,RRM,5,1250,114,0.16,1.75,16.98,11.84,12.24,0.53
binding/p14_dtx3l_docked,inter,parp14,KH2,dtx3l,KH1,5,1250,114,0.0,0.0,17.11,10.84,10.64,1.34
binding/p14_dtx3l_docked,inter,parp14,KH2,dtx3l,KH2,5,1250,114,0.0,0.0,17.19,10.98,10.7,1.58
binding/p14_dtx3l_docked,inter,parp14,KH2,dtx3l,KH3,5,1250,114,0.0,0.0,17.34,11.04,11.2,1.64
binding/p14_dtx3l_docked,inter,parp14,KH2,dtx3l,KH4,5,1250,114,0.0,0.0,17.23,11.12,11.22,1.74
binding/p14_dtx3l_docked,inter,parp14,KH2,dtx3l,KH5,5,1250,114,0.08,0.88,17.31,11.48,11.4,0.7
binding/p14_dtx3l_docked,inter,parp14,KH2,dtx3l,RING,5,1250,114,0.0,0.0,17.25,11.87,11.84,1.1
binding/p14_dtx3l_docked,inter,parp14,KH2,dtx3l,DTC,5,1250,114,0.08,0.88,16.71,11.47,11.14,0.66
binding/p14_dtx3l_docked,inter,parp14,KH3,dtx3l,RRM,5,1250,114,0.08,0.88,17.12,11.99,11.77,0.66
binding/p14_dtx3l_docked,inter,parp14,KH3,dtx3l,KH1,5,1250,114,0.0,0.0,17.2,10.98,10.07,2.5
binding/p14_dtx3l_docked,inter,parp14,KH3,dtx3l,KH2,5,1250,114,0.16,1.75,17.28,11.1,10.4,0.63
binding/p14_dtx3l_docked,inter,parp14,KH3,dtx3l,KH3,5,1250,114,0.16,1.75,17.44,11.12,10.75,0.72
binding/p14_dtx3l_docked,inter,parp14,KH3,dtx3l,KH4,5,1250,114,0.0,0.0,17.28,11.15,10.99,1.18
binding/p14_dtx3l_docked,inter,parp14,KH3,dtx3l,KH5,5,1250,114,0.08,0.88,17.47,11.57,12.27,0.67
binding/p14_dtx3l_docked,inter,parp14,KH3,dtx3l,RING,5,1250,114,0.08,0.88,17.37,11.94,11.98,0.73
binding/p14_dtx3l_docked,inter,parp14,KH3,dtx3l,DTC,5,1250,114,0.16,1.75,16.87,11.52,11.1,0.59
binding/p14_dtx3l_docked,inter,parp14,KH4,dtx3l,RRM,5,1250,114,0.08,0.88,17.14,11.78,11.83,0.69
binding/p14_dtx3l_docked,inter,parp14,KH4,dtx3l,KH1,5,1250,114,0.08,0.88,17.16,10.65,10.3,0.65
binding/p14_dtx3l_docked,inter,parp14,KH4,dtx3l,KH2,5,1250,114,0.0,0.0,17.23,10.75,10.22,2.47
binding/p14_dtx3l_docked,inter,parp14,KH4,dtx3l,KH3,5,1250,114,0.08,0.88,17.37,10.79,10.18,0.68
binding/p14_dtx3l_docked,inter,parp14,KH4,dtx3l,KH4,5,1250,114,0.0,0.0,17.16,10.73,10.1,1.99
binding/p14_dtx3l_docked,inter,parp14,KH4,dtx3l,KH5,5,1250,114,0.16,1.75,17.36,11.17,11.06,0.81
binding/p14_dtx3l_docked,inter,parp14,KH4,dtx3l,RING,5,1250,114,0.08,0.88,17.27,11.41,11.1,0.84
binding/p14_dtx3l_docked,inter,parp14,KH4,dtx3l,DTC,5,1250,114,0.08,0.88,16.79,11.04,10.78,0.63
binding/p14_dtx3l_docked,inter,parp14,KH5,dtx3l,RRM,5,1250,114,0.0,0.0,17.01,11.58,11.76,1.08
binding/p14_dtx3l_docked,inter,parp14,KH5,dtx3l,KH1,5,1250,114,0.16,1.75,17.0,10.31,10.13,0.63
binding/p14_dtx3l_docked,inter,parp14,KH5,dtx3l,KH2,5,1250,114,0.16,1.75,17.06,10.3,9.43,0.52
binding/p14_dtx3l_docked,inter,parp14,KH5,dtx3l,KH3,5,1250,114,0.08,0.88,17.14,10.25,10.07,0.68
binding/p14_dtx3l_docked,inter,parp14,KH5,dtx3l,KH4,5,1250,114,0.0,0.0,16.95,10.17,10.0,1.59
binding/p14_dtx3l_docked,inter,parp14,KH5,dtx3l,KH5,5,1250,114,0.0,0.0,17.13,10.58,10.28,1.42
binding/p14_dtx3l_docked,inter,parp14,KH5,dtx3l,RING,5,1250,114,0.0,0.0,17.07,10.94,10.75,1.77
binding/p14_dtx3l_docked,inter,parp14,KH5,dtx3l,DTC,5,1250,114,0.08,0.88,16.59,10.54,10.72,0.57
binding/p14_dtx3l_docked,inter,parp14,KH6,dtx3l,RRM,5,1250,114,0.24,2.63,17.17,11.87,12.1,0.55
binding/p14_dtx3l_docked,inter,parp14,KH6,dtx3l,KH1,5,1250,114,0.16,1.75,17.13,10.55,10.29,0.6
binding/p14_dtx3l_docked,inter,parp14,KH6,dtx3l,KH2,5,1250,114,0.24,2.63,17.14,10.45,9.58,0.65
binding/p14_dtx3l_docked,inter,parp14,KH6,dtx3l,KH3,5,1250,114,0.08,0.88,17.22,10.37,9.96,0.65
binding/p14_dtx3l_docked,inter,parp14,KH6,dtx3l,KH4,5,1250,114,0.0,0.0,16.98,10.11,9.82,1.72
binding/p14_dtx3l_docked,inter,parp14,KH6,dtx3l,KH5,5,1250,114,0.0,0.0,17.11,10.42,10.61,1.04
binding/p14_dtx3l_docked,inter,parp14,KH6,dtx3l,RING,5,1250,114,0.08,0.88,17.1,10.85,10.58,0.99
binding/p14_dtx3l_docked,inter,parp14,KH6,dtx3l,DTC,5,1250,114,0.08,0.88,16.6,10.46,10.56,0.6
binding/p14_dtx3l_docked,inter,parp14,1/2KH7a,dtx3l,RRM,5,1250,114,0.08,0.88,17.35,12.44,12.93,0.87
binding/p14_dtx3l_docked,inter,parp14,1/2KH7a,dtx3l,KH1,5,1250,114,0.08,0.88,17.29,11.28,11.38,0.62
binding/p14_dtx3l_docked,inter,parp14,1/2KH7a,dtx3l,KH2,5,1250,114,0.0,0.0,17.33,11.0,10.77,1.34
binding/p14_dtx3l_docked,inter,parp14,1/2KH7a,dtx3l,KH3,5,1250,114,0.0,0.0,17.36,10.85,10.71,1.49
binding/p14_dtx3l_docked,inter,parp14,1/2KH7a,dtx3l,KH4,5,1250,114,0.0,0.0,17.01,10.39,9.76,2.04
binding/p14_dtx3l_docked,inter,parp14,1/2KH7a,dtx3l,KH5,5,1250,114,0.08,0.88,17.14,10.69,10.16,0.67
binding/p14_dtx3l_docked,inter,parp14,1/2KH7a,dtx3l,RING,5,1250,114,0.08,0.88,17.05,11.04,10.95,0.58
binding/p14_dtx3l_docked,inter,parp14,1/2KH7a,dtx3l,DTC,5,1250,114,0.08,0.88,16.55,10.61,11.01,0.99
binding/p14_dtx3l_docked,inter,parp14,MD1,dtx3l,RRM,5,1250,114,0.08,0.88,16.64,12.09,12.33,0.81
binding/p14_dtx3l_docked,inter,parp14,MD1,dtx3l,KH1,5,1250,114,0.4,4.39,16.58,10.76,10.17,0.69
binding/p14_dtx3l_docked,inter,parp14,MD1,dtx3l,KH2,5,1250,114,0.24,2.63,16.55,10.46,10.67,0.57
binding/p14_dtx3l_docked,inter,parp14,MD1,dtx3l,KH3,5,1250,114,0.08,0.88,16.64,10.24,9.49,0.66
binding/p14_dtx3l_docked,inter,parp14,MD1,dtx3l,KH4,5,1250,114,0.16,1.75,16.34,9.79,9.47,0.67
binding/p14_dtx3l_docked,inter,parp14,MD1,dtx3l,KH5,5,1250,114,0.16,1.75,16.44,10.17,10.3,0.6
binding/p14_dtx3l_docked,inter,parp14,MD1,dtx3l,RING,5,1250,114,0.08,0.88,16.35,10.64,10.49,0.62
binding/p14_dtx3l_docked,inter,parp14,MD1,dtx3l,DTC,5,1250,114,0.32,3.51,15.85,10.17,9.9,0.62
binding/p14_dtx3l_docked,inter,parp14,MD2,dtx3l,RRM,5,1250,114,0.16,1.75,16.59,12.3,12.86,0.61
binding/p14_dtx3l_docked,inter,parp14,MD2,dtx3l,KH1,5,1250,114,0.08,0.88,16.56,11.11,11.01,0.64
binding/p14_dtx3l_docked,inter,parp14,MD2,dtx3l,KH2,5,1250,114,0.16,1.75,16.67,10.98,10.32,0.69
binding/p14_dtx3l_docked,inter,parp14,MD2,dtx3l,KH3,5,1250,114,0.0,0.0,16.72,10.79,10.28,1.4
binding/p14_dtx3l_docked,inter,parp14,MD2,dtx3l,KH4,5,1250,114,0.16,1.75,16.39,10.43,10.09,0.65
binding/p14_dtx3l_docked,inter,parp14,MD2,dtx3l,KH5,5,1250,114,0.08,0.88,16.5,10.83,10.64,0.74
binding/p14_dtx3l_docked,inter,parp14,MD2,dtx3l,RING,5,1250,114,0.08,0.88,16.41,11.35,10.75,0.76
binding/p14_dtx3l_docked,inter,parp14,MD2,dtx3l,DTC,5,1250,114,0.4,4.39,15.86,10.82,10.35,0.58
binding/p14_dtx3l_docked,inter,parp14,MD3,dtx3l,RRM,5,1250,114,0.0,0.0,16.75,12.35,12.3,1.54
binding/p14_dtx3l_docked,inter,parp14,MD3,dtx3l,KH1,5,1250,114,0.16,1.75,16.71,11.06,10.61,0.64
binding/p14_dtx3l_docked,inter,parp14,MD3,dtx3l,KH2,5,1250,114,0.16,1.75,16.71,10.8,10.64,0.55
binding/p14_dtx3l_docked,inter,parp14,MD3,dtx3l,KH3,5,1250,114,0.16,1.75,16.73,10.57,9.68,0.81
binding/p14_dtx3l_docked,inter,parp14,MD3,dtx3l,KH4,5,1250,114,0.24,2.63,16.42,10.42,10.07,0.56
binding/p14_dtx3l_docked,inter,parp14,MD3,dtx3l,KH5,5,1250,114,0.32,3.51,16.54,10.95,10.79,0.63
binding/p14_dtx3l_docked,inter,parp14,MD3,dtx3l,RING,5,1250,114,0.08,0.88,16.48,11.37,11.55,0.66
binding/p14_dtx3l_docked,inter,parp14,MD3,dtx3l,DTC,5,1250,114,0.4,4.39,15.91,10.81,10.92,0.6
binding/p14_dtx3l_docked,inter,parp14,1/2KH7b,dtx3l,RRM,5,1250,114,0.08,0.88,17.45,12.53,12.69,0.6
binding/p14_dtx3l_docked,inter,parp14,1/2KH7b,dtx3l,KH1,5,1250,114,0.16,1.75,17.38,11.35,11.09,0.62
binding/p14_dtx3l_docked,inter,parp14,1/2KH7b,dtx3l,KH2,5,1250,114,0.0,0.0,17.42,11.09,10.88,1.88
binding/p14_dtx3l_docked,inter,parp14,1/2KH7b,dtx3l,KH3,5,1250,114,0.0,0.0,17.48,10.96,10.76,1.29
binding/p14_dtx3l_docked,inter,parp14,1/2KH7b,dtx3l,KH4,5,1250,114,0.0,0.0,17.13,10.53,9.88,2.01
binding/p14_dtx3l_docked,inter,parp14,1/2KH7b,dtx3l,KH5,5,1250,114,0.08,0.88,17.26,10.82,10.18,0.79
binding/p14_dtx3l_docked,inter,parp14,1/2KH7b,dtx3l,RING,5,1250,114,0.16,1.75,17.19,11.17,11.01,0.7
binding/p14_dtx3l_docked,inter,parp14,1/2KH7b,dtx3l,DTC,5,1250,114,0.0,0.0,16.68,10.74,11.25,1.29
binding/p14_dtx3l_docked,inter,parp14,KH8,dtx3l,RRM,5,1250,114,0.0,0.0,16.78,12.41,12.34,1.64
binding/p14_dtx3l_docked,inter,parp14,KH8,dtx3l,KH1,5,1250,114,0.08,0.88,16.68,11.21,11.11,0.57
binding/p14_dtx3l_docked,inter,parp14,KH8,dtx3l,KH2,5,1250,114,0.0,0.0,16.74,10.97,10.78,1.71
binding/p14_dtx3l_docked,inter,parp14,KH8,dtx3l,KH3,5,1250,114,0.08,0.88,16.75,10.69,10.28,0.77
binding/p14_dtx3l_docked,inter,parp14,KH8,dtx3l,KH4,5,1250,114,0.0,0.0,16.39,10.14,10.17,1.27
binding/p14_dtx3l_docked,inter,parp14,KH8,dtx3l,KH5,5,1250,114,0.08,0.88,16.47,10.39,9.5,0.89
binding/p14_dtx3l_docked,inter,parp14,KH8,dtx3l,RING,5,1250,114,0.16,1.75,16.33,10.76,9.96,0.61
binding/p14_dtx3l_docked,inter,parp14,KH8,dtx3l,DTC,5,1250,114,0.16,1.75,15.84,10.44,10.63,0.68
binding/p14_dtx3l_docked,inter,parp14,WWE,dtx3l,RRM,5,1250,114,0.0,0.0,16.99,13.37,12.73,1.66
binding/p14_dtx3l_docked,inter,parp14,WWE,dtx3l,KH1,5,1250,114,0.08,0.88,16.9,12.36,12.33,0.73
binding/p14_dtx3l_docked,inter,parp14,WWE,dtx3l,KH2,5,1250,114,0.0,0.0,16.98,12.16,12.13,1.29
binding/p14_dtx3l_docked,inter,parp14,WWE,dtx3l,KH3,5,1250,114,0.16,1.75,16.97,11.8,12.1,0.54
binding/p14_dtx3l_docked,inter,parp14,WWE,dtx3l,KH4,5,1250,114,0.16,1.75,16.57,11.07,11.59,0.64
binding/p14_dtx3l_docked,inter,parp14,WWE,dtx3l,KH5,5,1250,114,0.16,1.75,16.65,11.35,11.41,0.56
binding/p14_dtx3l_docked,inter,parp14,WWE,dtx3l,RING,5,1250,114,0.08,0.88,16.49,11.61,11.39,0.62
binding/p14_dtx3l_docked,inter,parp14,WWE,dtx3l,DTC,5,1250,114,0.08,0.88,15.97,11.23,11.18,0.63
binding/p14_dtx3l_docked,inter,parp14,ART,dtx3l,RRM,5,1250,114,0.16,1.75,16.27,12.78,13.19,0.65
binding/p14_dtx3l_docked,inter,parp14,ART,dtx3l,KH1,5,1250,114,0.08,0.88,16.19,11.65,11.38,0.59
binding/p14_dtx3l_docked,inter,parp14,ART,dtx3l,KH2,5,1250,114,0.24,2.63,16.3,11.5,11.61,0.56
binding/p14_dtx3l_docked,inter,parp14,ART,dtx3l,KH3,5,1250,114,0.24,2.63,16.34,11.37,11.29,0.66
binding/p14_dtx3l_docked,inter,parp14,ART,dtx3l,KH4,5,1250,114,0.4,4.39,15.88,10.45,10.28,0.64
binding/p14_dtx3l_docked,inter,parp14,ART,dtx3l,KH5,5,1250,114,0.24,2.63,15.96,10.68,10.21,0.56
binding/p14_dtx3l_docked,inter,parp14,ART,dtx3l,RING,5,1250,114,0.0,0.0,15.8,11.13,10.83,1.5
binding/p14_dtx3l_docked,inter,parp14,ART,dtx3l,DTC,5,1250,114,0.16,1.75,15.27,10.85,10.25,0.55
binding/p14_p9,inter,parp14,RRM1,parp9,1/2KH1a,5,1250,114,0.0,0.0,17.21,13.43,13.68,1.4
binding/p14_p9,inter,parp14,RRM1,parp9,MD1,5,1250,114,0.24,2.63,16.37,12.37,12.69,0.62
binding/p14_p9,inter,parp14,RRM1,parp9,MD2,5,1250,114,0.32,3.51,16.42,12.69,13.23,0.58
binding/p14_p9,inter,parp14,RRM1,parp9,1/2KH1b,5,1250,114,0.0,0.0,17.39,13.58,13.92,1.32
binding/p14_p9,inter,parp14,RRM1,parp9,KH2,5,1250,114,0.16,1.75,16.67,12.8,12.72,0.74
binding/p14_p9,inter,parp14,RRM1,parp9,ART,5,1250,114,0.24,2.63,16.07,12.47,12.68,0.73
binding/p14_p9,inter,parp14,RRM2,parp9,1/2KH1a,5,1250,114,0.0,0.0,17.5,12.24,11.38,2.11
binding/p14_p9,inter,parp14,RRM2,parp9,MD1,5,1250,114,0.08,0.88,16.69,11.57,11.58,0.59
binding/p14_p9,inter,parp14,RRM2,parp9,MD2,5,1250,114,0.24,2.63,16.69,11.53,11.01,0.68
binding/p14_p9,inter,parp14,RRM2,parp9,1/2KH1b,5,1250,114,0.0,0.0,17.66,12.36,11.57,2.21
binding/p14_p9,inter,parp14,RRM2,parp9,KH2,5,1250,114,0.0,0.0,17.0,11.55,10.96,1.05
binding/p14_p9,inter,parp14,RRM2,parp9,ART,5,1250,114,0.4,4.39,16.54,11.41,11.08,0.61
binding/p14_p9,inter,parp14,RRM3,parp9,1/2KH1a,5,1250,114,0.08,0.88,17.48,12.19,11.89,0.94
binding/p14_p9,inter,parp14,RRM3,parp9,MD1,5,1250,114,0.24,2.63,16.62,11.45,11.7,0.61
binding/p14_p9,inter,parp14,RRM3,parp9,MD2,5,1250,114,0.32,3.51,16.65,11.48,10.64,0.56
binding/p14_p9,inter,parp14,RRM3,parp9,1/2KH1b,5,1250,114,0.08,0.88,17.65,12.32,11.58,0.58
binding/p14_p9,inter,parp14,RRM3,parp9,KH2,5,1250,114,0.08,0.88,16.95,11.62,10.27,0.68
binding/p14_p9,inter,parp14,RRM3,parp9,ART,5,1250,114,0.56,6.14,16.45,11.37,10.92,0.51
binding/p14_p9,inter,parp14,KH1,parp9,1/2KH1a,5,1250,114,0.08,0.88,17.37,11.6,10.3,0.7
binding/p14_p9,inter,parp14,KH1,parp9,MD1,5,1250,114,0.24,2.63,16.6,11.0,10.94,0.58
binding/p14_p9,inter,parp14,KH1,parp9,MD2,5,1250,114,0.08,0.88,16.59,11.01,9.95,0.68
binding/p14_p9,inter,parp14,KH1,parp9,1/2KH1b,5,1250,114,0.16,1.75,17.53,11.67,10.65,0.72
binding/p14_p9,inter,parp14,KH1,parp9,KH2,5,1250,114,0.08,0.88,16.84,10.76,10.43,0.87
binding/p14_p9,inter,parp14,KH1,parp9,ART,5,1250,114,0.16,1.75,16.4,10.81,9.93,0.58
binding/p14_p9,inter,parp14,KH2,parp9,1/2KH1a,5,1250,114,0.0,0.0,17.38,11.45,11.29,1.14
binding/p14_p9,inter,parp14,KH2,parp9,MD1,5,1250,114,0.16,1.75,16.58,10.79,10.78,0.74
binding/p14_p9,inter,parp14,KH2,parp9,MD2,5,1250,114,0.08,0.88,16.54,10.79,10.38,0.58
binding/p14_p9,inter,parp14,KH2,parp9,1/2KH1b,5,1250,114,0.0,0.0,17.54,11.52,11.34,1.01
binding/p14_p9,inter,parp14,KH2,parp9,KH2,5,1250,114,0.08,0.88,16.85,10.56,10.34,0.61
binding/p14_p9,inter,parp14,KH2,parp9,ART,5,1250,114,0.16,1.75,16.38,10.67,10.69,0.83
binding/p14_p9,inter,parp14,KH3,parp9,1/2KH1a,5,1250,114,0.16,1.75,17.56,11.59,12.37,0.54
binding/p14_p9,inter,parp14,KH3,parp9,MD1,5,1250,114,0.56,6.14,16.72,10.8,11.26,0.58
binding/p14_p9,inter,parp14,KH3,parp9,MD2,5,1250,114,0.48,5.26,16.75,10.77,11.18,0.6
binding/p14_p9,inter,parp14,KH3,parp9,1/2KH1b,5,1250,114,0.08,0.88,17.74,11.71,12.31,0.66
binding/p14_p9,inter,parp14,KH3,parp9,KH2,5,1250,114,0.0,0.0,17.04,10.71,10.54,1.43
binding/p14_p9,inter,parp14,KH3,parp9,ART,5,1250,114,0.24,2.63,16.49,10.83,11.01,0.6
binding/p14_p9,inter,parp14,KH4,parp9,1/2KH1a,5,1250,114,0.08,0.88,17.53,11.2,11.07,0.58
binding/p14_p9,inter,parp14,KH4,parp9,MD1,5,1250,114,0.16,1.75,16.73,10.35,10.21,0.58
binding/p14_p9,inter,parp14,KH4,parp9,MD2,5,1250,114,0.24,2.63,16.68,10.31,11.05,0.66
binding/p14_p9,inter,parp14,KH4,parp9,1/2KH1b,5,1250,114,0.0,0.0,17.7,11.33,11.13,1.37
binding/p14_p9,inter,parp14,KH4,parp9,KH2,5,1250,114,0.08,0.88,16.99,10.29,10.28,0.7
binding/p14_p9,inter,parp14,KH4,parp9,ART,5,1250,114,0.32,3.51,16.44,10.35,10.58,0.56
binding/p14_p9,inter,parp14,KH5,parp9,1/2KH1a,5,1250,114,0.0,0.0,17.29,10.5,9.73,1.93
binding/p14_p9,inter,parp14,KH5,parp9,MD1,5,1250,114,0.0,0.0,16.5,9.65,9.21,1.2
binding/p14_p9,inter,parp14,KH5,parp9,MD2,5,1250,114,0.08,0.88,16.43,9.71,10.15,0.66
binding/p14_p9,inter,parp14,KH5,parp9,1/2KH1b,5,1250,114,0.0,0.0,17.46,10.64,10.11,2.12
binding/p14_p9,inter,parp14,KH5,parp9,KH2,5,1250,114,0.08,0.88,16.72,9.62,9.17,0.63
binding/p14_p9,inter,parp14,KH5,parp9,ART,5,1250,114,0.24,2.63,16.18,9.74,9.99,0.56
binding/p14_p9,inter,parp14,KH6,parp9,1/2KH1a,5,1250,114,0.0,0.0,17.26,10.12,9.41,1.55
binding/p14_p9,inter,parp14,KH6,parp9,MD1,5,1250,114,0.0,0.0,16.46,9.3,8.44,1.75
binding/p14_p9,inter,parp14,KH6,parp9,MD2,5,1250,114,0.24,2.63,16.4,9.42,8.88,0.58
binding/p14_p9,inter,parp14,KH6,parp9,1/2KH1b,5,1250,114,0.0,0.0,17.44,10.26,9.52,1.73
binding/p14_p9,inter,parp14,KH6,parp9,KH2,5,1250,114,0.0,0.0,16.73,9.24,8.57,1.72
binding/p14_p9,inter,parp14,KH6,parp9,ART,5,1250,114,0.08,0.88,16.17,9.39,9.1,0.89
binding/p14_p9,inter,parp14,1/2KH7a,parp9,1/2KH1a,5,1250,114,0.08,0.88,17.36,10.11,9.88,0.69
binding/p14_p9,inter,parp14,1/2KH7a,parp9,MD1,5,1250,114,0.08,0.88,16.49,9.25,8.48,0.98
binding/p14_p9,inter,parp14,1/2KH7a,parp9,MD2,5,1250,114,0.08,0.88,16.46,9.52,9.15,0.81
binding/p14_p9,inter,parp14,1/2KH7a,parp9,1/2KH1b,5,1250,114,0.08,0.88,17.53,10.23,9.96,0.65
binding/p14_p9,inter,parp14,1/2KH7a,parp9,KH2,5,1250,114,0.0,0.0,16.83,9.32,8.71,1.5
binding/p14_p9,inter,parp14,1/2KH7a,parp9,ART,5,1250,114,0.24,2.63,16.25,9.42,8.81,0.63
binding/p14_p9,inter,parp14,MD1,parp9,1/2KH1a,5,1250,114,0.16,1.75,16.39,8.91,8.52,0.71
binding/p14_p9,inter,parp14,MD1,parp9,MD1,5,1250,114,0.48,5.26,15.64,8.08,7.11,0.52
binding/p14_p9,inter,parp14,MD1,parp9,MD2,5,1250,114,0.24,2.63,15.52,8.26,7.47,0.62
binding/p14_p9,inter,parp14,MD1,parp9,1/2KH1b,5,1250,114,0.32,3.51,16.56,9.04,8.28,0.67
binding/p14_p9,inter,parp14,MD1,parp9,KH2,5,1250,114,0.56,6.14,15.83,8.3,8.04,0.53
binding/p14_p9,inter,parp14,MD1,parp9,ART,5,1250,114,0.4,4.39,15.2,8.57,8.1,0.61
binding/p14_p9,inter,parp14,MD2,parp9,1/2KH1a,5,1250,114,0.16,1.75,16.28,9.67,8.91,0.86
binding/p14_p9,inter,parp14,MD2,parp9,MD1,5,1250,114,0.56,6.14,15.42,8.61,8.78,0.59
binding/p14_p9,inter,parp14,MD2,parp9,MD2,5,1250,114,0.72,7.89,15.33,8.71,8.26,0.55
binding/p14_p9,inter,parp14,MD2,parp9,1/2KH1b,5,1250,114,0.32,3.51,16.46,9.84,9.23,0.64
binding/p14_p9,inter,parp14,MD2,parp9,KH2,5,1250,114,0.4,4.39,15.77,8.9,8.45,0.57
binding/p14_p9,inter,parp14,MD2,parp9,ART,5,1250,114,0.32,3.51,15.24,8.99,8.91,0.58
binding/p14_p9,inter,parp14,MD3,parp9,1/2KH1a,5,1250,114,0.08,0.88,16.4,9.65,9.41,0.73
binding/p14_p9,inter,parp14,MD3,parp9,MD1,5,1250,114,0.32,3.51,15.56,8.72,8.24,0.6
binding/p14_p9,inter,parp14,MD3,parp9,MD2,5,1250,114,0.0,0.0,15.49,8.94,8.14,1.11
binding/p14_p9,inter,parp14,MD3,parp9,1/2KH1b,5,1250,114,0.0,0.0,16.58,9.81,9.24,1.11
binding/p14_p9,inter,parp14,MD3,parp9,KH2,5,1250,114,0.08,0.88,15.88,9.01,8.39,0.91
binding/p14_p9,inter,parp14,MD3,parp9,ART,5,1250,114,0.16,1.75,15.38,9.05,8.42,0.53
binding/p14_p9,inter,parp14,1/2KH7b,parp9,1/2KH1a,5,1250,114,0.08,0.88,17.48,10.32,10.0,0.59
binding/p14_p9,inter,parp14,1/2KH7b,parp9,MD1,5,1250,114,0.0,0.0,16.62,9.42,8.79,1.36
binding/p14_p9,inter,parp14,1/2KH7b,parp9,MD2,5,1250,114,0.08,0.88,16.59,9.73,9.41,0.88
binding/p14_p9,inter,parp14,1/2KH7b,parp9,1/2KH1b,5,1250,114,0.08,0.88,17.65,10.45,10.22,0.67
binding/p14_p9,inter,parp14,1/2KH7b,parp9,KH2,5,1250,114,0.0,0.0,16.96,9.52,8.86,1.73
binding/p14_p9,inter,parp14,1/2KH7b,parp9,ART,5,1250,114,0.08,0.88,16.37,9.62,8.65,0.99
binding/p14_p9,inter,parp14,KH8,parp9,1/2KH1a,5,1250,114,0.16,1.75,16.95,10.18,9.81,0.61
binding/p14_p9,inter,parp14,KH8,parp9,MD1,5,1250,114,0.08,0.88,16.09,9.21,8.32,0.66
binding/p14_p9,inter,parp14,KH8,parp9,MD2,5,1250,114,0.0,0.0,16.05,9.71,9.08,1.86
binding/p14_p9,inter,parp14,KH8,parp9,1/2KH1b,5,1250,114,0.08,0.88,17.12,10.27,9.99,0.73
binding/p14_p9,inter,parp14,KH8,parp9,KH2,5,1250,114,0.24,2.63,16.37,9.43,9.18,0.64
binding/p14_p9,inter,parp14,KH8,parp9,ART,5,1250,114,0.16,1.75,15.8,9.56,8.93,0.61
binding/p14_p9,inter,parp14,WWE,parp9,1/2KH1a,5,1250,114,0.0,0.0,17.25,11.27,10.9,1.11
binding/p14_p9,inter,parp14,WWE,parp9,MD1,5,1250,114,0.08,0.88,16.46,10.26,9.96,0.75
binding/p14_p9,inter,parp14,WWE,parp9,MD2,5,1250,114,0.16,1.75,16.38,10.71,10.62,0.7
binding/p14_p9,inter,parp14,WWE,parp9,1/2KH1b,5,1250,114,0.0,0.0,17.43,11.38,11.36,1.01
binding/p14_p9,inter,parp14,WWE,parp9,KH2,5,1250,114,0.32,3.51,16.61,10.49,10.26,0.59
binding/p14_p9,inter,parp14,WWE,parp9,ART,5,1250,114,0.24,2.63,16.13,10.56,10.55,0.53
binding/p14_p9,inter,parp14,ART,parp9,1/2KH1a,5,1250,114,0.4,4.39,16.55,10.85,11.38,0.55
binding/p14_p9,inter,parp14,ART,parp9,MD1,5,1250,114,0.32,3.51,15.76,9.88,9.85,0.55
binding/p14_p9,inter,parp14,ART,parp9,MD2,5,1250,114,0.32,3.51,15.69,10.39,10.34,0.57
binding/p14_p9,inter,parp14,ART,parp9,1/2KH1b,5,1250,114,0.24,2.63,16.72,10.93,11.34,0.67
binding/p14_p9,inter,parp14,ART,parp9,KH2,5,1250,114,0.4,4.39,15.89,10.26,10.64,0.63
binding/p14_p9,inter,parp14,ART,parp9,ART,5,1250,114,0.72,7.89,15.39,10.39,10.42,0.5
binding/p14_p9_docked,inter,parp14,RRM1,parp9,1/2KH1a,5,1250,107,0.0,0.0,17.19,12.84,12.73,1.7
binding/p14_p9_docked,inter,parp14,RRM1,parp9,MD1,5,1250,107,0.32,3.74,16.19,11.71,12.02,0.57
binding/p14_p9_docked,inter,parp14,RRM1,parp9,MD2,5,1250,107,0.0,0.0,16.27,12.51,13.63,2.53
binding/p14_p9_docked,inter,parp14,RRM1,parp9,1/2KH1b,5,1250,107,0.0,0.0,17.36,13.04,12.59,1.41
binding/p14_p9_docked,inter,parp14,RRM1,parp9,KH2,5,1250,107,0.0,0.0,16.74,12.75,13.47,1.19
binding/p14_p9_docked,inter,parp14,RRM1,parp9,ART,5,1250,107,0.16,1.87,16.33,12.96,13.73,0.59
binding/p14_p9_docked,inter,parp14,RRM2,parp9,1/2KH1a,5,1250,107,0.0,0.0,17.31,11.66,11.14,1.35
binding/p14_p9_docked,inter,parp14,RRM2,parp9,MD1,5,1250,107,0.16,1.87,16.45,10.81,10.77,0.91
binding/p14_p9_docked,inter,parp14,RRM2,parp9,MD2,5,1250,107,0.16,1.87,16.37,11.41,11.48,0.59
binding/p14_p9_docked,inter,parp14,RRM2,parp9,1/2KH1b,5,1250,107,0.0,0.0,17.47,11.78,11.18,1.36
binding/p14_p9_docked,inter,parp14,RRM2,parp9,KH2,5,1250,107,0.08,0.93,16.8,11.18,11.54,0.79
binding/p14_p9_docked,inter,parp14,RRM2,parp9,ART,5,1250,107,0.32,3.74,16.41,11.57,12.25,0.54
binding/p14_p9_docked,inter,parp14,RRM3,parp9,1/2KH1a,5,1250,107,0.0,0.0,17.23,11.24,10.83,1.8
binding/p14_p9_docked,inter,parp14,RRM3,parp9,MD1,5,1250,107,0.32,3.74,16.35,10.47,10.0,0.67
binding/p14_p9_docked,inter,parp14,RRM3,parp9,MD2,5,1250,107,0.16,1.87,16.31,11.14,10.53,0.88
binding/p14_p9_docked,inter,parp14,RRM3,parp9,1/2KH1b,5,1250,107,0.08,0.93,17.4,11.33,11.0,0.99
binding/p14_p9_docked,inter,parp14,RRM3,parp9,KH2,5,1250,107,0.24,2.8,16.73,10.74,10.44,0.66
binding/p14_p9_docked,inter,parp14,RRM3,parp9,ART,5,1250,107,0.24,2.8,16.34,11.12,11.6,0.58
binding/p14_p9_docked,inter,parp14,KH1,parp9,1/2KH1a,5,1250,107,0.08,0.93,17.21,10.49,9.39,0.68
binding/p14_p9_docked,inter,parp14,KH1,parp9,MD1,5,1250,107,0.24,2.8,16.29,9.61,9.35,0.57
binding/p14_p9_docked,inter,parp14,KH1,parp9,MD2,5,1250,107,0.24,2.8,16.17,10.07,9.49,0.58
binding/p14_p9_docked,inter,parp14,KH1,parp9,1/2KH1b,5,1250,107,0.0,0.0,17.37,10.59,9.6,1.19
binding/p14_p9_docked,inter,parp14,KH1,parp9,KH2,5,1250,107,0.16,1.87,16.7,9.96,9.29,0.7
binding/p14_p9_docked,inter,parp14,KH1,parp9,ART,5,1250,107,0.24,2.8,16.35,10.32,10.05,0.58
binding/p14_p9_docked,inter,parp14,KH2,parp9,1/2KH1a,5,1250,107,0.0,0.0,17.22,9.94,8.89,1.21
binding/p14_p9_docked,inter,parp14,KH2,parp9,MD1,5,1250,107,0.24,2.8,16.31,8.89,8.31,0.6
binding/p14_p9_docked,inter,parp14,KH2,parp9,MD2,5,1250,107,0.0,0.0,16.09,9.32,8.35,1.33
binding/p14_p9_docked,inter,parp14,KH2,parp9,1/2KH1b,5,1250,107,0.0,0.0,17.38,10.06,9.14,1.52
binding/p14_p9_docked,inter,parp14,KH2,parp9,KH2,5,1250,107,0.08,0.93,16.69,9.51,9.08,0.85
binding/p14_p9_docked,inter,parp14,KH2,parp9,ART,5,1250,107,0.16,1.87,16.37,10.03,9.55,0.69
binding/p14_p9_docked,inter,parp14,KH3,parp9,1/2KH1a,5,1250,107,0.24,2.8,17.18,9.76,9.41,0.65
binding/p14_p9_docked,inter,parp14,KH3,parp9,MD1,5,1250,107,0.48,5.61,16.3,8.75,7.74,0.57
binding/p14_p9_docked,inter,parp14,KH3,parp9,MD2,5,1250,107,0.08,0.93,16.08,9.19,7.97,0.81
binding/p14_p9_docked,inter,parp14,KH3,parp9,1/2KH1b,5,1250,107,0.0,0.0,17.35,9.91,9.47,1.15
binding/p14_p9_docked,inter,parp14,KH3,parp9,KH2,5,1250,107,0.0,0.0,16.68,9.46,9.17,1.01
binding/p14_p9_docked,inter,parp14,KH3,parp9,ART,5,1250,107,0.08,0.93,16.46,10.02,9.65,0.88
binding/p14_p9_docked,inter,parp14,KH4,parp9,1/2KH1a,5,1250,107,0.0,0.0,17.09,9.37,9.05,1.1
binding/p14_p9_docked,inter,parp14,KH4,parp9,MD1,5,1250,107,0.32,3.74,16.21,8.32,7.67,0.56
binding/p14_p9_docked,inter,parp14,KH4,parp9,MD2,5,1250,107,0.32,3.74,16.02,8.71,8.45,0.6
binding/p14_p9_docked,inter,parp14,KH4,parp9,1/2KH1b,5,1250,107,0.08,0.93,17.26,9.52,8.72,0.64
binding/p14_p9_docked,inter,parp14,KH4,parp9,KH2,5,1250,107,0.0,0.0,16.64,9.1,8.0,1.56
binding/p14_p9_docked,inter,parp14,KH4,parp9,ART,5,1250,107,0.08,0.93,16.38,9.53,8.64,0.9
binding/p14_p9_docked,inter,parp14,KH5,parp9,1/2KH1a,5,1250,107,0.0,0.0,16.9,8.89,8.14,2.04
binding/p14_p9_docked,inter,parp14,KH5,parp9,MD1,5,1250,107,0.32,3.74,16.04,7.93,7.56,0.59
binding/p14_p9_docked,inter,parp14,KH5,parp9,MD2,5,1250,107,0.32,3.74,15.86,8.21,7.7,0.59
binding/p14_p9_docked,inter,parp14,KH5,parp9,1/2KH1b,5,1250,107,0.0,0.0,17.08,9.02,8.54,1.72
binding/p14_p9_docked,inter,parp14,KH5,parp9,KH2,5,1250,107,0.0,0.0,16.48,8.61,7.75,1.82
binding/p14_p9_docked,inter,parp14,KH5,parp9,ART,5,1250,107,0.08,0.93,16.21,9.06,8.29,0.8
binding/p14_p9_docked,inter,parp14,KH6,parp9,1/2KH1a,5,1250,107,0.0,0.0,16.89,8.83,9.13,1.78
binding/p14_p9_docked,inter,parp14,KH6,parp9,MD1,5,1250,107,0.16,1.87,16.02,7.99,7.07,0.59
binding/p14_p9_docked,inter,parp14,KH6,parp9,MD2,5,1250,107,0.08,0.93,15.87,8.11,7.95,0.72
binding/p14_p9_docked,inter,parp14,KH6,parp9,1/2KH1b,5,1250,107,0.0,0.0,17.07,8.97,9.01,2.01
binding/p14_p9_docked,inter,parp14,KH6,parp9,KH2,5,1250,107,0.0,0.0,16.44,8.45,8.14,1.09
binding/p14_p9_docked,inter,parp14,KH6,parp9,ART,5,1250,107,0.08,0.93,16.17,8.93,8.29,0.67
binding/p14_p9_docked,inter,parp14,1/2KH7a,parp9,1/2KH1a,5,1250,107,0.0,0.0,17.0,8.87,9.04,1.69
binding/p14_p9_docked,inter,parp14,1/2KH7a,parp9,MD1,5,1250,107,0.0,0.0,16.08,8.16,7.68,1.29
binding/p14_p9_docked,inter,parp14,1/2KH7a,parp9,MD2,5,1250,107,0.08,0.93,15.92,8.14,7.95,0.88
binding/p14_p9_docked,inter,parp14,1/2KH7a,parp9,1/2KH1b,5,1250,107,0.0,0.0,17.18,9.01,9.09,1.74
binding/p14_p9_docked,inter,parp14,1/2KH7a,parp9,KH2,5,1250,107,0.0,0.0,16.51,8.4,8.11,1.39
binding/p14_p9_docked,inter,parp14,1/2KH7a,parp9,ART,5,1250,107,0.0,0.0,16.25,8.87,8.36,1.03
binding/p14_p9_docked,inter,parp14,MD1,parp9,1/2KH1a,5,1250,107,0.24,2.8,16.2,8.23,7.64,0.58
binding/p14_p9_docked,inter,parp14,MD1,parp9,MD1,5,1250,107,0.64,7.48,15.31,7.44,7.27,0.52
binding/p14_p9_docked,inter,parp14,MD1,parp9,MD2,5,1250,107,0.48,5.61,15.17,7.42,7.39,0.61
binding/p14_p9_docked,inter,parp14,MD1,parp9,1/2KH1b,5,1250,107,0.24,2.8,16.38,8.35,7.68,0.6
binding/p14_p9_docked,inter,parp14,MD1,parp9,KH2,5,1250,107,0.4,4.67,15.74,7.74,7.48,0.59
binding/p14_p9_docked,inter,parp14,MD1,parp9,ART,5,1250,107,0.64,7.48,15.46,7.97,7.9,0.57
binding/p14_p9_docked,inter,parp14,MD2,parp9,1/2KH1a,5,1250,107,0.08,0.93,16.42,9.36,9.23,0.89
binding/p14_p9_docked,inter,parp14,MD2,parp9,MD1,5,1250,107,0.32,3.74,15.58,8.66,7.93,0.49
binding/p14_p9_docked,inter,parp14,MD2,parp9,MD2,5,1250,107,0.32,3.74,15.43,8.55,7.62,0.7
binding/p14_p9_docked,inter,parp14,MD2,parp9,1/2KH1b,5,1250,107,0.08,0.93,16.59,9.5,8.93,0.76
binding/p14_p9_docked,inter,parp14,MD2,parp9,KH2,5,1250,107,0.08,0.93,15.9,8.79,7.88,0.56
binding/p14_p9_docked,inter,parp14,MD2,parp9,ART,5,1250,107,0.24,2.8,15.53,9.13,8.83,0.54
binding/p14_p9_docked,inter,parp14,MD3,parp9,1/2KH1a,5,1250,107,0.0,0.0,16.61,10.22,9.72,2.13
binding/p14_p9_docked,inter,parp14,MD3,parp9,MD1,5,1250,107,0.0,0.0,15.7,9.37,8.56,2.19
binding/p14_p9_docked,inter,parp14,MD3,parp9,MD2,5,1250,107,0.16,1.87,15.54,9.18,8.99,0.55
binding/p14_p9_docked,inter,parp14,MD3,parp9,1/2KH1b,5,1250,107,0.0,0.0,16.79,10.31,9.63,1.9
binding/p14_p9_docked,inter,parp14,MD3,parp9,KH2,5,1250,107,0.08,0.93,16.05,9.57,9.07,0.63
binding/p14_p9_docked,inter,parp14,MD3,parp9,ART,5,1250,107,0.16,1.87,15.73,9.63,9.62,0.61
binding/p14_p9_docked,inter,parp14,1/2KH7b,parp9,1/2KH1a,5,1250,107,0.0,0.0,17.12,9.03,9.02,1.66
binding/p14_p9_docked,inter,parp14,1/2KH7b,parp9,MD1,5,1250,107,0.08,0.93,16.2,8.27,7.63,0.88
binding/p14_p9_docked,inter,parp14,1/2KH7b,parp9,MD2,5,1250,107,0.08,0.93,16.04,8.26,8.12,0.65
binding/p14_p9_docked,inter,parp14,1/2KH7b,parp9,1/2KH1b,5,1250,107,0.0,0.0,17.3,9.18,9.05,1.98
binding/p14_p9_docked,inter,parp14,1/2KH7b,parp9,KH2,5,1250,107,0.08,0.93,16.63,8.58,8.66,0.79
binding/p14_p9_docked,inter,parp14,1/2KH7b,parp9,ART,5,1250,107,0.08,0.93,16.39,9.06,8.52,0.91
binding/p14_p9_docked,inter,parp14,KH8,parp9,1/2KH1a,5,1250,107,0.0,0.0,16.49,9.01,9.05,1.08
binding/p14_p9_docked,inter,parp14,KH8,parp9,MD1,5,1250,107,0.24,2.8,15.55,8.32,7.84,0.78
binding/p14_p9_docked,inter,parp14,KH8,parp9,MD2,5,1250,107,0.24,2.8,15.33,8.14,7.8,0.64
binding/p14_p9_docked,inter,parp14,KH8,parp9,1/2KH1b,5,1250,107,0.08,0.93,16.67,9.14,8.78,0.82
binding/p14_p9_docked,inter,parp14,KH8,parp9,KH2,5,1250,107,0.0,0.0,15.98,8.57,8.09,1.36
binding/p14_p9_docked,inter,parp14,KH8,parp9,ART,5,1250,107,0.16,1.87,15.72,8.95,8.76,0.65
binding/p14_p9_docked,inter,parp14,WWE,parp9,1/2KH1a,5,1250,107,0.16,1.87,16.71,10.29,10.11,0.66
binding/p14_p9_docked,inter,parp14,WWE,parp9,MD1,5,1250,107,0.08,0.93,15.8,9.52,9.59,0.59
binding/p14_p9_docked,inter,parp14,WWE,parp9,MD2,5,1250,107,0.32,3.74,15.63,9.39,8.95,0.56
binding/p14_p9_docked,inter,parp14,WWE,parp9,1/2KH1b,5,1250,107,0.16,1.87,16.89,10.41,10.2,0.59
binding/p14_p9_docked,inter,parp14,WWE,parp9,KH2,5,1250,107,0.16,1.87,16.19,9.84,9.55,0.73
binding/p14_p9_docked,inter,parp14,WWE,parp9,ART,5,1250,107,0.16,1.87,15.94,10.14,9.68,0.5
binding/p14_p9_docked,inter,parp14,ART,parp9,1/2KH1a,5,1250,107,0.08,0.93,15.92,9.86,10.11,0.6
binding/p14_p9_docked,inter,parp14,ART,parp9,MD1,5,1250,107,0.64,7.48,15.08,9.05,9.11,0.55
binding/p14_p9_docked,inter,parp14,ART,parp9,MD2,5,1250,107,0.24,2.8,14.88,8.87,8.1,0.47
binding/p14_p9_docked,inter,parp14,ART,parp9,1/2KH1b,5,1250,107,0.08,0.93,16.09,9.97,10.54,0.94
binding/p14_p9_docked,inter,parp14,ART,parp9,KH2,5,1250,107,0.32,3.74,15.37,9.31,8.83,0.63
binding/p14_p9_docked,inter,parp14,ART,parp9,ART,5,1250,107,0.32,3.74,15.11,9.74,8.95,0.57
binding/ternary,inter,parp14,RRM1,parp9,1/2KH1a,5,1250,138,0.16,1.45,17.14,13.03,13.23,0.62
binding/ternary,inter,parp14,RRM1,parp9,MD1,5,1250,138,0.4,3.62,16.32,12.14,12.38,0.43
binding/ternary,inter,parp14,RRM1,parp9,MD2,5,1250,138,0.08,0.72,16.56,12.57,13.38,0.63
binding/ternary,inter,parp14,RRM1,parp9,1/2KH1b,5,1250,138,0.0,0.0,17.32,13.3,13.55,1.12
binding/ternary,inter,parp14,RRM1,parp9,KH2,5,1250,138,0.16,1.45,16.58,12.81,12.79,0.61
binding/ternary,inter,parp14,RRM1,parp9,ART,5,1250,138,0.08,0.72,16.06,12.59,12.27,1.0
binding/ternary,inter,parp14,RRM2,parp9,1/2KH1a,5,1250,138,0.0,0.0,17.23,12.11,11.64,1.22
binding/ternary,inter,parp14,RRM2,parp9,MD1,5,1250,138,0.64,5.8,16.43,11.22,11.42,0.5
binding/ternary,inter,parp14,RRM2,parp9,MD2,5,1250,138,0.4,3.62,16.61,11.55,12.0,0.57
binding/ternary,inter,parp14,RRM2,parp9,1/2KH1b,5,1250,138,0.0,0.0,17.41,12.35,11.72,1.22
binding/ternary,inter,parp14,RRM2,parp9,KH2,5,1250,138,0.16,1.45,16.68,11.96,11.34,0.66
binding/ternary,inter,parp14,RRM2,parp9,ART,5,1250,138,0.16,1.45,16.21,11.82,11.29,0.56
binding/ternary,inter,parp14,RRM3,parp9,1/2KH1a,5,1250,138,0.08,0.72,17.18,11.86,12.34,0.75
binding/ternary,inter,parp14,RRM3,parp9,MD1,5,1250,138,0.4,3.62,16.32,10.92,10.68,0.61
binding/ternary,inter,parp14,RRM3,parp9,MD2,5,1250,138,0.4,3.62,16.5,11.4,11.83,0.57
binding/ternary,inter,parp14,RRM3,parp9,1/2KH1b,5,1250,138,0.16,1.45,17.35,12.1,12.69,0.63
binding/ternary,inter,parp14,RRM3,parp9,KH2,5,1250,138,0.08,0.72,16.59,11.72,12.15,0.66
binding/ternary,inter,parp14,RRM3,parp9,ART,5,1250,138,0.16,1.45,16.1,11.57,11.26,0.66
binding/ternary,inter,parp14,KH1,parp9,1/2KH1a,5,1250,138,0.08,0.72,17.11,11.17,10.9,0.91
binding/ternary,inter,parp14,KH1,parp9,MD1,5,1250,138,0.08,0.72,16.22,10.38,9.76,0.7
binding/ternary,inter,parp14,KH1,parp9,MD2,5,1250,138,0.16,1.45,16.39,10.88,10.55,0.64
binding/ternary,inter,parp14,KH1,parp9,1/2KH1b,5,1250,138,0.08,0.72,17.29,11.42,11.33,0.93
binding/ternary,inter,parp14,KH1,parp9,KH2,5,1250,138,0.0,0.0,16.51,10.86,10.74,1.0
binding/ternary,inter,parp14,KH1,parp9,ART,5,1250,138,0.24,2.17,15.97,10.76,9.94,0.64
binding/ternary,inter,parp14,KH2,parp9,1/2KH1a,5,1250,138,0.0,0.0,17.0,10.58,10.74,1.17
binding/ternary,inter,parp14,KH2,parp9,MD1,5,1250,138,0.08,0.72,16.15,9.85,9.45,0.9
binding/ternary,inter,parp14,KH2,parp9,MD2,5,1250,138,0.08,0.72,16.29,10.35,10.48,0.65
binding/ternary,inter,parp14,KH2,parp9,1/2KH1b,5,1250,138,0.08,0.72,17.17,10.82,11.03,0.93
binding/ternary,inter,parp14,KH2,parp9,KH2,5,1250,138,0.24,2.17,16.4,10.2,10.45,0.58
binding/ternary,inter,parp14,KH2,parp9,ART,5,1250,138,0.16,1.45,15.84,10.07,9.82,0.66
binding/ternary,inter,parp14,KH3,parp9,1/2KH1a,5,1250,138,0.0,0.0,17.12,10.35,10.35,1.23
binding/ternary,inter,parp14,KH3,parp9,MD1,5,1250,138,0.32,2.9,16.32,9.65,9.59,0.56
binding/ternary,inter,parp14,KH3,parp9,MD2,5,1250,138,0.32,2.9,16.47,10.15,9.71,0.61
binding/ternary,inter,parp14,KH3,parp9,1/2KH1b,5,1250,138,0.0,0.0,17.29,10.57,10.93,1.25
binding/ternary,inter,parp14,KH3,parp9,KH2,5,1250,138,0.24,2.17,16.52,9.87,9.74,0.58
binding/ternary,inter,parp14,KH3,parp9,ART,5,1250,138,0.72,6.52,15.95,9.65,9.36,0.59
binding/ternary,inter,parp14,KH4,parp9,1/2KH1a,5,1250,138,0.24,2.17,17.15,9.93,9.24,0.51
binding/ternary,inter,parp14,KH4,parp9,MD1,5,1250,138,0.24,2.17,16.33,9.27,8.53,0.54
binding/ternary,inter,parp14,KH4,parp9,MD2,5,1250,138,0.24,2.17,16.44,9.77,10.01,0.73
binding/ternary,inter,parp14,KH4,parp9,1/2KH1b,5,1250,138,0.08,0.72,17.3,10.11,9.35,0.56
binding/ternary,inter,parp14,KH4,parp9,KH2,5,1250,138,0.32,2.9,16.51,9.28,8.87,0.56
binding/ternary,inter,parp14,KH4,parp9,ART,5,1250,138,0.88,7.97,15.92,9.07,8.52,0.57
binding/ternary,inter,parp14,KH5,parp9,1/2KH1a,5,1250,138,0.16,1.45,16.98,9.53,9.29,0.54
binding/ternary,inter,parp14,KH5,parp9,MD1,5,1250,138,0.32,2.9,16.16,8.88,8.31,0.58
binding/ternary,inter,parp14,KH5,parp9,MD2,5,1250,138,0.08,0.72,16.22,9.42,9.42,0.59
binding/ternary,inter,parp14,KH5,parp9,1/2KH1b,5,1250,138,0.08,0.72,17.15,9.75,9.14,0.75
binding/ternary,inter,parp14,KH5,parp9,KH2,5,1250,138,0.16,1.45,16.35,8.83,8.45,0.72
binding/ternary,inter,parp14,KH5,parp9,ART,5,1250,138,0.64,5.8,15.77,8.57,7.77,0.57
binding/ternary,inter,parp14,KH6,parp9,1/2KH1a,5,1250,138,0.24,2.17,17.04,9.68,9.31,0.79
binding/ternary,inter,parp14,KH6,parp9,MD1,5,1250,138,0.24,2.17,16.19,9.05,8.93,0.67
binding/ternary,inter,parp14,KH6,parp9,MD2,5,1250,138,0.16,1.45,16.32,9.65,9.45,0.58
binding/ternary,inter,parp14,KH6,parp9,1/2KH1b,5,1250,138,0.08,0.72,17.22,9.9,9.76,0.7
binding/ternary,inter,parp14,KH6,parp9,KH2,5,1250,138,0.08,0.72,16.47,8.94,8.31,0.76
binding/ternary,inter,parp14,KH6,parp9,ART,5,1250,138,0.24,2.17,15.92,8.58,7.54,0.54
binding/ternary,inter,parp14,1/2KH7a,parp9,1/2KH1a,5,1250,138,0.08,0.72,17.11,9.91,9.23,0.95
binding/ternary,inter,parp14,1/2KH7a,parp9,MD1,5,1250,138,0.08,0.72,16.27,9.27,8.95,0.66
binding/ternary,inter,parp14,1/2KH7a,parp9,MD2,5,1250,138,0.08,0.72,16.42,9.94,9.4,0.8
binding/ternary,inter,parp14,1/2KH7a,parp9,1/2KH1b,5,1250,138,0.0,0.0,17.3,10.11,9.57,1.06
binding/ternary,inter,parp14,1/2KH7a,parp9,KH2,5,1250,138,0.16,1.45,16.59,9.09,9.26,0.66
binding/ternary,inter,parp14,1/2KH7a,parp9,ART,5,1250,138,0.16,1.45,16.12,8.73,7.46,0.66
binding/ternary,inter,parp14,MD1,parp9,1/2KH1a,5,1250,138,0.32,2.9,16.46,9.47,8.37,0.6
binding/ternary,inter,parp14,MD1,parp9,MD1,5,1250,138,0.24,2.17,15.59,8.86,8.23,0.6
binding/ternary,inter,parp14,MD1,parp9,MD2,5,1250,138,0.4,3.62,15.69,9.31,8.49,0.59
binding/ternary,inter,parp14,MD1,parp9,1/2KH1b,5,1250,138,0.4,3.62,16.64,9.67,8.82,0.66
binding/ternary,inter,parp14,MD1,parp9,KH2,5,1250,138,0.16,1.45,15.95,8.81,8.3,0.69
binding/ternary,inter,parp14,MD1,parp9,ART,5,1250,138,0.48,4.35,15.51,8.46,7.69,0.53
binding/ternary,inter,parp14,MD2,parp9,1/2KH1a,5,1250,138,0.0,0.0,16.52,9.89,9.18,1.54
binding/ternary,inter,parp14,MD2,parp9,MD1,5,1250,138,0.4,3.62,15.59,9.39,8.63,0.6
binding/ternary,inter,parp14,MD2,parp9,MD2,5,1250,138,0.4,3.62,15.64,9.5,9.04,0.67
binding/ternary,inter,parp14,MD2,parp9,1/2KH1b,5,1250,138,0.0,0.0,16.72,10.09,9.13,1.09
binding/ternary,inter,parp14,MD2,parp9,KH2,5,1250,138,0.16,1.45,16.0,9.13,8.5,0.61
binding/ternary,inter,parp14,MD2,parp9,ART,5,1250,138,0.56,5.07,15.59,8.94,8.35,0.57
binding/ternary,inter,parp14,MD3,parp9,1/2KH1a,5,1250,138,0.24,2.17,16.57,9.94,9.13,0.62
binding/ternary,inter,parp14,MD3,parp9,MD1,5,1250,138,0.32,2.9,15.67,9.57,9.28,0.56
binding/ternary,inter,parp14,MD3,parp9,MD2,5,1250,138,0.32,2.9,15.81,10.05,9.57,0.58
binding/ternary,inter,parp14,MD3,parp9,1/2KH1b,5,1250,138,0.16,1.45,16.75,10.1,9.54,0.79
binding/ternary,inter,parp14,MD3,parp9,KH2,5,1250,138,0.32,2.9,16.04,9.06,8.39,0.57
binding/ternary,inter,parp14,MD3,parp9,ART,5,1250,138,0.56,5.07,15.62,8.9,8.03,0.5
binding/ternary,inter,parp14,1/2KH7b,parp9,1/2KH1a,5,1250,138,0.08,0.72,17.23,10.02,9.34,0.83
binding/ternary,inter,parp14,1/2KH7b,parp9,MD1,5,1250,138,0.08,0.72,16.37,9.39,9.21,0.57
binding/ternary,inter,parp14,1/2KH7b,parp9,MD2,5,1250,138,0.08,0.72,16.53,10.05,9.72,0.76
binding/ternary,inter,parp14,1/2KH7b,parp9,1/2KH1b,5,1250,138,0.08,0.72,17.41,10.23,9.81,0.77
binding/ternary,inter,parp14,1/2KH7b,parp9,KH2,5,1250,138,0.24,2.17,16.71,9.23,9.28,0.84
binding/ternary,inter,parp14,1/2KH7b,parp9,ART,5,1250,138,0.24,2.17,16.22,8.85,7.68,0.68
binding/ternary,inter,parp14,KH8,parp9,1/2KH1a,5,1250,138,0.0,0.0,16.51,9.81,9.6,1.74
binding/ternary,inter,parp14,KH8,parp9,MD1,5,1250,138,0.08,0.72,15.71,9.27,8.93,0.61
binding/ternary,inter,parp14,KH8,parp9,MD2,5,1250,138,0.16,1.45,15.88,9.92,9.96,0.73
binding/ternary,inter,parp14,KH8,parp9,1/2KH1b,5,1250,138,0.0,0.0,16.69,10.01,9.85,1.98
binding/ternary,inter,parp14,KH8,parp9,KH2,5,1250,138,0.48,4.35,16.0,8.99,8.93,0.71
binding/ternary,inter,parp14,KH8,parp9,ART,5,1250,138,0.48,4.35,15.58,8.69,8.11,0.6
binding/ternary,inter,parp14,WWE,parp9,1/2KH1a,5,1250,138,0.16,1.45,16.66,10.67,10.59,0.67
binding/ternary,inter,parp14,WWE,parp9,MD1,5,1250,138,0.24,2.17,15.85,10.16,9.74,0.69
binding/ternary,inter,parp14,WWE,parp9,MD2,5,1250,138,0.08,0.72,16.06,10.78,10.59,0.66
binding/ternary,inter,parp14,WWE,parp9,1/2KH1b,5,1250,138,0.08,0.72,16.84,10.84,10.67,0.89
binding/ternary,inter,parp14,WWE,parp9,KH2,5,1250,138,0.4,3.62,16.19,9.92,10.4,0.62
binding/ternary,inter,parp14,WWE,parp9,ART,5,1250,138,0.4,3.62,15.81,9.63,9.54,0.53
binding/ternary,inter,parp14,ART,parp9,1/2KH1a,5,1250,138,0.24,2.17,15.93,10.45,10.68,0.58
binding/ternary,inter,parp14,ART,parp9,MD1,5,1250,138,0.72,6.52,15.11,9.7,9.34,0.58
binding/ternary,inter,parp14,ART,parp9,MD2,5,1250,138,0.56,5.07,15.21,10.24,9.98,0.56
binding/ternary,inter,parp14,ART,parp9,1/2KH1b,5,1250,138,0.24,2.17,16.11,10.62,11.31,0.53
binding/ternary,inter,parp14,ART,parp9,KH2,5,1250,138,0.56,5.07,15.47,9.77,9.79,0.53
binding/ternary,inter,parp14,ART,parp9,ART,5,1250,138,0.56,5.07,15.09,9.45,9.21,0.56
binding/ternary,inter,parp14,RRM1,dtx3l,RRM,5,1250,94,0.08,1.06,16.92,12.61,12.83,0.89
binding/ternary,inter,parp14,RRM1,dtx3l,KH1,5,1250,94,0.16,2.13,17.01,11.93,11.66,0.61
binding/ternary,inter,parp14,RRM1,dtx3l,KH2,5,1250,94,0.32,4.26,17.1,11.87,11.39,0.53
binding/ternary,inter,parp14,RRM1,dtx3l,KH3,5,1250,94,0.4,5.32,17.34,12.07,12.42,0.58
binding/ternary,inter,parp14,RRM1,dtx3l,KH4,5,1250,94,0.16,2.13,17.11,11.96,12.25,0.61
binding/ternary,inter,parp14,RRM1,dtx3l,KH5,5,1250,94,0.0,0.0,17.17,12.34,12.4,1.28
binding/ternary,inter,parp14,RRM1,dtx3l,RING,5,1250,94,0.08,1.06,17.07,12.82,13.27,0.79
binding/ternary,inter,parp14,RRM1,dtx3l,DTC,5,1250,94,0.08,1.06,16.53,11.96,12.6,0.59
binding/ternary,inter,parp14,RRM2,dtx3l,RRM,5,1250,94,0.0,0.0,17.05,13.4,14.64,1.65
binding/ternary,inter,parp14,RRM2,dtx3l,KH1,5,1250,94,0.08,1.06,17.2,12.88,13.29,0.96
binding/ternary,inter,parp14,RRM2,dtx3l,KH2,5,1250,94,0.32,4.26,17.27,12.44,12.88,0.57
binding/ternary,inter,parp14,RRM2,dtx3l,KH3,5,1250,94,0.0,0.0,17.52,12.7,12.92,1.06
binding/ternary,inter,parp14,RRM2,dtx3l,KH4,5,1250,94,0.0,0.0,17.36,12.48,12.79,1.64
binding/ternary,inter,parp14,RRM2,dtx3l,KH5,5,1250,94,0.08,1.06,17.4,12.45,12.4,0.69
binding/ternary,inter,parp14,RRM2,dtx3l,RING,5,1250,94,0.0,0.0,17.23,12.61,12.88,1.4
binding/ternary,inter,parp14,RRM2,dtx3l,DTC,5,1250,94,0.24,3.19,16.73,12.03,12.53,0.59
binding/ternary,inter,parp14,RRM3,dtx3l,RRM,5,1250,94,0.08,1.06,16.99,13.24,13.9,0.7
binding/ternary,inter,parp14,RRM3,dtx3l,KH1,5,1250,94,0.0,0.0,17.14,12.77,12.59,2.28
binding/ternary,inter,parp14,RRM3,dtx3l,KH2,5,1250,94,0.0,0.0,17.2,12.3,12.48,1.26
binding/ternary,inter,parp14,RRM3,dtx3l,KH3,5,1250,94,0.0,0.0,17.43,12.45,12.26,1.99
binding/ternary,inter,parp14,RRM3,dtx3l,KH4,5,1250,94,0.0,0.0,17.22,12.1,12.14,1.43
binding/ternary,inter,parp14,RRM3,dtx3l,KH5,5,1250,94,0.08,1.06,17.3,12.1,12.33,0.72
binding/ternary,inter,parp14,RRM3,dtx3l,RING,5,1250,94,0.16,2.13,17.11,12.51,12.39,0.63
binding/ternary,inter,parp14,RRM3,dtx3l,DTC,5,1250,94,0.16,2.13,16.59,11.85,11.9,0.66
binding/ternary,inter,parp14,KH1,dtx3l,RRM,5,1250,94,0.08,1.06,16.97,12.31,12.41,0.68
binding/ternary,inter,parp14,KH1,dtx3l,KH1,5,1250,94,0.0,0.0,17.15,11.93,11.38,2.26
binding/ternary,inter,parp14,KH1,dtx3l,KH2,5,1250,94,0.16,2.13,17.22,11.77,12.25,0.61
binding/ternary,inter,parp14,KH1,dtx3l,KH3,5,1250,94,0.0,0.0,17.41,11.91,12.27,2.77
binding/ternary,inter,parp14,KH1,dtx3l,KH4,5,1250,94,0.16,2.13,17.16,11.56,11.9,0.59
binding/ternary,inter,parp14,KH1,dtx3l,KH5,5,1250,94,0.16,2.13,17.25,11.63,11.72,0.72
binding/ternary,inter,parp14,KH1,dtx3l,RING,5,1250,94,0.08,1.06,17.06,11.91,11.98,0.85
binding/ternary,inter,parp14,KH1,dtx3l,DTC,5,1250,94,0.32,4.26,16.51,11.24,11.31,0.63
binding/ternary,inter,parp14,KH2,dtx3l,RRM,5,1250,94,0.0,0.0,16.92,12.27,12.35,1.24
binding/ternary,inter,parp14,KH2,dtx3l,KH1,5,1250,94,0.0,0.0,17.18,11.89,11.78,3.12
binding/ternary,inter,parp14,KH2,dtx3l,KH2,5,1250,94,0.08,1.06,17.19,11.71,12.08,0.71
binding/ternary,inter,parp14,KH2,dtx3l,KH3,5,1250,94,0.0,0.0,17.38,11.74,12.29,2.04
binding/ternary,inter,parp14,KH2,dtx3l,KH4,5,1250,94,0.0,0.0,17.17,11.34,11.57,1.87
binding/ternary,inter,parp14,KH2,dtx3l,KH5,5,1250,94,0.16,2.13,17.24,11.46,11.93,0.59
binding/ternary,inter,parp14,KH2,dtx3l,RING,5,1250,94,0.08,1.06,17.13,11.7,11.91,0.76
binding/ternary,inter,parp14,KH2,dtx3l,DTC,5,1250,94,0.24,3.19,16.51,11.12,11.22,0.53
binding/ternary,inter,parp14,KH3,dtx3l,RRM,5,1250,94,0.16,2.13,17.23,12.6,12.7,0.82
binding/ternary,inter,parp14,KH3,dtx3l,KH1,5,1250,94,0.0,0.0,17.46,12.48,11.86,3.42
binding/ternary,inter,parp14,KH3,dtx3l,KH2,5,1250,94,0.0,0.0,17.45,12.25,11.93,2.96
binding/ternary,inter,parp14,KH3,dtx3l,KH3,5,1250,94,0.0,0.0,17.63,12.25,12.26,2.7
binding/ternary,inter,parp14,KH3,dtx3l,KH4,5,1250,94,0.0,0.0,17.42,11.77,11.3,2.42
binding/ternary,inter,parp14,KH3,dtx3l,KH5,5,1250,94,0.08,1.06,17.52,11.73,11.36,0.85
binding/ternary,inter,parp14,KH3,dtx3l,RING,5,1250,94,0.16,2.13,17.36,11.93,11.32,0.72
binding/ternary,inter,parp14,KH3,dtx3l,DTC,5,1250,94,0.16,2.13,16.75,11.44,11.6,0.57
binding/ternary,inter,parp14,KH4,dtx3l,RRM,5,1250,94,0.0,0.0,17.26,12.2,12.57,1.12
binding/ternary,inter,parp14,KH4,dtx3l,KH1,5,1250,94,0.08,1.06,17.56,12.02,11.39,0.59
binding/ternary,inter,parp14,KH4,dtx3l,KH2,5,1250,94,0.0,0.0,17.52,11.88,12.13,1.42
binding/ternary,inter,parp14,KH4,dtx3l,KH3,5,1250,94,0.0,0.0,17.71,11.86,11.85,2.85
binding/ternary,inter,parp14,KH4,dtx3l,KH4,5,1250,94,0.0,0.0,17.52,11.46,11.29,2.45
binding/ternary,inter,parp14,KH4,dtx3l,KH5,5,1250,94,0.0,0.0,17.62,11.4,10.93,1.56
binding/ternary,inter,parp14,KH4,dtx3l,RING,5,1250,94,0.0,0.0,17.47,11.71,11.68,1.4
binding/ternary,inter,parp14,KH4,dtx3l,DTC,5,1250,94,0.24,3.19,16.88,11.24,11.22,0.57
binding/ternary,inter,parp14,KH5,dtx3l,RRM,5,1250,94,0.16,2.13,17.15,11.64,12.42,0.67
binding/ternary,inter,parp14,KH5,dtx3l,KH1,5,1250,94,0.08,1.06,17.48,11.62,11.75,0.87
binding/ternary,inter,parp14,KH5,dtx3l,KH2,5,1250,94,0.08,1.06,17.45,11.46,12.05,0.61
binding/ternary,inter,parp14,KH5,dtx3l,KH3,5,1250,94,0.0,0.0,17.63,11.49,11.52,1.17
binding/ternary,inter,parp14,KH5,dtx3l,KH4,5,1250,94,0.0,0.0,17.41,11.13,10.71,1.27
binding/ternary,inter,parp14,KH5,dtx3l,KH5,5,1250,94,0.0,0.0,17.52,11.01,11.14,1.26
binding/ternary,inter,parp14,KH5,dtx3l,RING,5,1250,94,0.08,1.06,17.38,11.4,11.42,0.63
binding/ternary,inter,parp14,KH5,dtx3l,DTC,5,1250,94,0.16,2.13,16.79,10.93,10.92,0.77
binding/ternary,inter,parp14,KH6,dtx3l,RRM,5,1250,94,0.24,3.19,17.32,11.73,11.77,0.62
binding/ternary,inter,parp14,KH6,dtx3l,KH1,5,1250,94,0.08,1.06,17.68,11.89,11.47,0.85
binding/ternary,inter,parp14,KH6,dtx3l,KH2,5,1250,94,0.0,0.0,17.66,11.62,11.94,1.38
binding/ternary,inter,parp14,KH6,dtx3l,KH3,5,1250,94,0.0,0.0,17.84,11.72,11.93,1.9
binding/ternary,inter,parp14,KH6,dtx3l,KH4,5,1250,94,0.0,0.0,17.58,11.44,11.18,1.16
binding/ternary,inter,parp14,KH6,dtx3l,KH5,5,1250,94,0.0,0.0,17.71,11.36,11.07,1.4
binding/ternary,inter,parp14,KH6,dtx3l,RING,5,1250,94,0.0,0.0,17.64,11.83,11.35,1.62
binding/ternary,inter,parp14,KH6,dtx3l,DTC,5,1250,94,0.08,1.06,17.02,11.26,10.67,0.91
binding/ternary,inter,parp14,1/2KH7a,dtx3l,RRM,5,1250,94,0.08,1.06,17.54,12.1,11.93,0.63
binding/ternary,inter,parp14,1/2KH7a,dtx3l,KH1,5,1250,94,0.0,0.0,17.89,12.1,11.62,2.17
binding/ternary,inter,parp14,1/2KH7a,dtx3l,KH2,5,1250,94,0.16,2.13,17.85,11.86,12.09,0.83
binding/ternary,inter,parp14,1/2KH7a,dtx3l,KH3,5,1250,94,0.08,1.06,18.01,11.89,11.78,0.8
binding/ternary,inter,parp14,1/2KH7a,dtx3l,KH4,5,1250,94,0.0,0.0,17.74,11.6,11.59,1.41
binding/ternary,inter,parp14,1/2KH7a,dtx3l,KH5,5,1250,94,0.0,0.0,17.88,11.64,11.54,2.4
binding/ternary,inter,parp14,1/2KH7a,dtx3l,RING,5,1250,94,0.0,0.0,17.84,12.02,11.03,2.17
binding/ternary,inter,parp14,1/2KH7a,dtx3l,DTC,5,1250,94,0.16,2.13,17.23,11.43,10.85,0.85
binding/ternary,inter,parp14,MD1,dtx3l,RRM,5,1250,94,0.32,4.26,16.64,11.33,11.17,0.62
binding/ternary,inter,parp14,MD1,dtx3l,KH1,5,1250,94,0.08,1.06,17.02,11.39,11.42,0.61
binding/ternary,inter,parp14,MD1,dtx3l,KH2,5,1250,94,0.08,1.06,16.93,11.31,11.45,0.73
binding/ternary,inter,parp14,MD1,dtx3l,KH3,5,1250,94,0.24,3.19,17.12,11.25,11.76,0.64
binding/ternary,inter,parp14,MD1,dtx3l,KH4,5,1250,94,0.24,3.19,16.89,11.0,11.05,0.61
binding/ternary,inter,parp14,MD1,dtx3l,KH5,5,1250,94,0.24,3.19,17.0,11.03,11.61,0.6
binding/ternary,inter,parp14,MD1,dtx3l,RING,5,1250,94,0.0,0.0,17.01,11.75,10.87,1.48
binding/ternary,inter,parp14,MD1,dtx3l,DTC,5,1250,94,0.16,2.13,16.36,11.12,10.05,0.62
binding/ternary,inter,parp14,MD2,dtx3l,RRM,5,1250,94,0.16,2.13,16.7,12.05,11.48,0.66
binding/ternary,inter,parp14,MD2,dtx3l,KH1,5,1250,94,0.16,2.13,16.92,12.08,12.09,0.86
binding/ternary,inter,parp14,MD2,dtx3l,KH2,5,1250,94,0.24,3.19,16.81,11.97,12.11,0.65
binding/ternary,inter,parp14,MD2,dtx3l,KH3,5,1250,94,0.16,2.13,17.0,12.09,11.7,0.95
binding/ternary,inter,parp14,MD2,dtx3l,KH4,5,1250,94,0.24,3.19,16.78,11.84,12.94,0.65
binding/ternary,inter,parp14,MD2,dtx3l,KH5,5,1250,94,0.16,2.13,16.94,11.95,12.74,0.6
binding/ternary,inter,parp14,MD2,dtx3l,RING,5,1250,94,0.08,1.06,16.9,12.11,12.22,0.57
binding/ternary,inter,parp14,MD2,dtx3l,DTC,5,1250,94,0.56,7.45,16.31,11.64,12.02,0.48
binding/ternary,inter,parp14,MD3,dtx3l,RRM,5,1250,94,0.0,0.0,16.97,12.51,12.09,1.15
binding/ternary,inter,parp14,MD3,dtx3l,KH1,5,1250,94,0.08,1.06,17.17,12.62,12.27,0.84
binding/ternary,inter,parp14,MD3,dtx3l,KH2,5,1250,94,0.16,2.13,17.13,12.64,12.15,0.94
binding/ternary,inter,parp14,MD3,dtx3l,KH3,5,1250,94,0.0,0.0,17.28,12.6,12.91,1.41
binding/ternary,inter,parp14,MD3,dtx3l,KH4,5,1250,94,0.0,0.0,17.0,12.24,12.72,1.7
binding/ternary,inter,parp14,MD3,dtx3l,KH5,5,1250,94,0.0,0.0,17.12,12.3,12.44,1.08
binding/ternary,inter,parp14,MD3,dtx3l,RING,5,1250,94,0.08,1.06,17.09,12.37,11.85,0.76
binding/ternary,inter,parp14,MD3,dtx3l,DTC,5,1250,94,0.16,2.13,16.53,11.88,11.59,0.66
binding/ternary,inter,parp14,1/2KH7b,dtx3l,RRM,5,1250,94,0.08,1.06,17.63,12.19,11.99,0.77
binding/ternary,inter,parp14,1/2KH7b,dtx3l,KH1,5,1250,94,0.0,0.0,18.0,12.23,11.9,1.82
binding/ternary,inter,parp14,1/2KH7b,dtx3l,KH2,5,1250,94,0.08,1.06,17.96,12.01,12.33,0.93
binding/ternary,inter,parp14,1/2KH7b,dtx3l,KH3,5,1250,94,0.08,1.06,18.12,12.05,12.07,0.69
binding/ternary,inter,parp14,1/2KH7b,dtx3l,KH4,5,1250,94,0.0,0.0,17.85,11.77,11.75,2.48
binding/ternary,inter,parp14,1/2KH7b,dtx3l,KH5,5,1250,94,0.0,0.0,17.99,11.83,11.52,2.64
binding/ternary,inter,parp14,1/2KH7b,dtx3l,RING,5,1250,94,0.0,0.0,17.95,12.17,11.15,2.87
binding/ternary,inter,parp14,1/2KH7b,dtx3l,DTC,5,1250,94,0.08,1.06,17.33,11.57,10.92,0.84
binding/ternary,inter,parp14,KH8,dtx3l,RRM,5,1250,94,0.16,2.13,17.0,11.72,11.28,0.61
binding/ternary,inter,parp14,KH8,dtx3l,KH1,5,1250,94,0.08,1.06,17.4,11.69,12.12,0.56
binding/ternary,inter,parp14,KH8,dtx3l,KH2,5,1250,94,0.08,1.06,17.34,11.72,11.79,0.67
binding/ternary,inter,parp14,KH8,dtx3l,KH3,5,1250,94,0.08,1.06,17.52,11.79,11.94,0.87
binding/ternary,inter,parp14,KH8,dtx3l,KH4,5,1250,94,0.08,1.06,17.28,11.37,11.67,0.66
binding/ternary,inter,parp14,KH8,dtx3l,KH5,5,1250,94,0.0,0.0,17.37,11.48,10.83,1.81
binding/ternary,inter,parp14,KH8,dtx3l,RING,5,1250,94,0.0,0.0,17.37,11.67,10.95,2.0
binding/ternary,inter,parp14,KH8,dtx3l,DTC,5,1250,94,0.0,0.0,16.75,11.08,9.73,1.0
binding/ternary,inter,parp14,WWE,dtx3l,RRM,5,1250,94,0.24,3.19,17.14,12.28,12.32,0.73
binding/ternary,inter,parp14,WWE,dtx3l,KH1,5,1250,94,0.24,3.19,17.58,12.24,13.0,0.69
binding/ternary,inter,parp14,WWE,dtx3l,KH2,5,1250,94,0.0,0.0,17.57,12.49,12.61,1.84
binding/ternary,inter,parp14,WWE,dtx3l,KH3,5,1250,94,0.0,0.0,17.78,12.6,13.2,1.16
binding/ternary,inter,parp14,WWE,dtx3l,KH4,5,1250,94,0.0,0.0,17.6,12.39,12.82,1.27
binding/ternary,inter,parp14,WWE,dtx3l,KH5,5,1250,94,0.0,0.0,17.67,12.43,11.95,1.32
binding/ternary,inter,parp14,WWE,dtx3l,RING,5,1250,94,0.24,3.19,17.64,12.53,12.9,0.57
binding/ternary,inter,parp14,WWE,dtx3l,DTC,5,1250,94,0.16,2.13,17.02,11.95,11.8,0.71
binding/ternary,inter,parp14,ART,dtx3l,RRM,5,1250,94,0.56,7.45,16.53,11.49,12.16,0.53
binding/ternary,inter,parp14,ART,dtx3l,KH1,5,1250,94,0.48,6.38,16.84,11.43,11.71,0.59
binding/ternary,inter,parp14,ART,dtx3l,KH2,5,1250,94,0.24,3.19,16.81,11.65,12.02,0.44
binding/ternary,inter,parp14,ART,dtx3l,KH3,5,1250,94,0.08,1.06,17.01,11.75,12.2,0.76
binding/ternary,inter,parp14,ART,dtx3l,KH4,5,1250,94,0.08,1.06,16.81,11.54,11.28,0.66
binding/ternary,inter,parp14,ART,dtx3l,KH5,5,1250,94,0.08,1.06,16.89,11.61,11.0,0.62
binding/ternary,inter,parp14,ART,dtx3l,RING,5,1250,94,0.24,3.19,16.82,11.85,11.64,0.59
binding/ternary,inter,parp14,ART,dtx3l,DTC,5,1250,94,0.48,6.38,16.2,11.16,10.59,0.58
binding/ternary,inter,parp9,1/2KH1a,dtx3l,RRM,5,1250,75,0.16,2.67,16.47,9.65,7.82,0.61
binding/ternary,inter,parp9,1/2KH1a,dtx3l,KH1,5,1250,75,0.08,1.33,16.43,8.67,7.88,0.93
binding/ternary,inter,parp9,1/2KH1a,dtx3l,KH2,5,1250,75,0.0,0.0,16.45,8.87,8.77,1.27
binding/ternary,inter,parp9,1/2KH1a,dtx3l,KH3,5,1250,75,0.0,0.0,16.7,8.95,8.9,2.51
binding/ternary,inter,parp9,1/2KH1a,dtx3l,KH4,5,1250,75,0.08,1.33,16.49,8.82,8.61,0.69
binding/ternary,inter,parp9,1/2KH1a,dtx3l,KH5,5,1250,75,0.0,0.0,16.63,9.32,9.13,2.29
binding/ternary,inter,parp9,1/2KH1a,dtx3l,RING,5,1250,75,0.08,1.33,16.6,9.62,9.8,0.68
binding/ternary,inter,parp9,1/2KH1a,dtx3l,DTC,5,1250,75,0.24,4.0,16.09,9.4,10.26,0.71
binding/ternary,inter,parp9,MD1,dtx3l,RRM,5,1250,75,0.32,5.33,15.68,8.72,8.0,0.66
binding/ternary,inter,parp9,MD1,dtx3l,KH1,5,1250,75,0.16,2.67,15.62,7.88,7.89,0.79
binding/ternary,inter,parp9,MD1,dtx3l,KH2,5,1250,75,0.24,4.0,15.69,7.83,7.54,0.62
binding/ternary,inter,parp9,MD1,dtx3l,KH3,5,1250,75,0.16,2.67,15.87,8.11,7.7,0.78
binding/ternary,inter,parp9,MD1,dtx3l,KH4,5,1250,75,0.08,1.33,15.65,8.21,7.65,0.62
binding/ternary,inter,parp9,MD1,dtx3l,KH5,5,1250,75,0.32,5.33,15.8,8.63,7.98,0.63
binding/ternary,inter,parp9,MD1,dtx3l,RING,5,1250,75,0.08,1.33,15.76,8.72,7.89,0.97
binding/ternary,inter,parp9,MD1,dtx3l,DTC,5,1250,75,0.16,2.67,15.27,8.52,7.49,0.61
binding/ternary,inter,parp9,MD2,dtx3l,RRM,5,1250,75,0.64,10.67,15.58,8.75,7.92,0.6
binding/ternary,inter,parp9,MD2,dtx3l,KH1,5,1250,75,0.16,2.67,15.61,7.85,6.85,0.78
binding/ternary,inter,parp9,MD2,dtx3l,KH2,5,1250,75,0.24,4.0,15.71,7.8,7.75,0.57
binding/ternary,inter,parp9,MD2,dtx3l,KH3,5,1250,75,0.32,5.33,15.88,7.92,7.86,0.53
binding/ternary,inter,parp9,MD2,dtx3l,KH4,5,1250,75,0.4,6.67,15.66,7.93,7.16,0.53
binding/ternary,inter,parp9,MD2,dtx3l,KH5,5,1250,75,0.4,6.67,15.84,8.41,8.22,0.6
binding/ternary,inter,parp9,MD2,dtx3l,RING,5,1250,75,0.24,4.0,15.82,8.42,8.07,0.51
binding/ternary,inter,parp9,MD2,dtx3l,DTC,5,1250,75,0.56,9.33,15.32,8.12,7.4,0.53
binding/ternary,inter,parp9,1/2KH1b,dtx3l,RRM,5,1250,75,0.24,4.0,16.64,9.81,8.09,0.57
binding/ternary,inter,parp9,1/2KH1b,dtx3l,KH1,5,1250,75,0.0,0.0,16.6,8.88,7.94,1.86
binding/ternary,inter,parp9,1/2KH1b,dtx3l,KH2,5,1250,75,0.08,1.33,16.63,9.1,9.15,0.82
binding/ternary,inter,parp9,1/2KH1b,dtx3l,KH3,5,1250,75,0.0,0.0,16.89,9.22,9.15,2.69
binding/ternary,inter,parp9,1/2KH1b,dtx3l,KH4,5,1250,75,0.08,1.33,16.68,9.04,8.44,0.7
binding/ternary,inter,parp9,1/2KH1b,dtx3l,KH5,5,1250,75,0.0,0.0,16.81,9.56,9.7,2.23
binding/ternary,inter,parp9,1/2KH1b,dtx3l,RING,5,1250,75,0.08,1.33,16.77,9.91,9.74,0.73
binding/ternary,inter,parp9,1/2KH1b,dtx3l,DTC,5,1250,75,0.08,1.33,16.26,9.69,10.39,0.66
binding/ternary,inter,parp9,KH2,dtx3l,RRM,5,1250,75,0.16,2.67,15.96,9.32,7.83,0.65
binding/ternary,inter,parp9,KH2,dtx3l,KH1,5,1250,75,0.32,5.33,15.92,8.39,8.08,0.57
binding/ternary,inter,parp9,KH2,dtx3l,KH2,5,1250,75,0.16,2.67,15.95,8.58,8.22,0.67
binding/ternary,inter,parp9,KH2,dtx3l,KH3,5,1250,75,0.0,0.0,16.16,8.57,8.24,2.56
binding/ternary,inter,parp9,KH2,dtx3l,KH4,5,1250,75,0.08,1.33,15.95,8.46,7.55,0.67
binding/ternary,inter,parp9,KH2,dtx3l,KH5,5,1250,75,0.16,2.67,16.12,9.08,8.42,0.94
binding/ternary,inter,parp9,KH2,dtx3l,RING,5,1250,75,0.08,1.33,16.06,9.51,9.07,0.83
binding/ternary,inter,parp9,KH2,dtx3l,DTC,5,1250,75,0.32,5.33,15.52,9.21,9.29,0.6
binding/ternary,inter,parp9,ART,dtx3l,RRM,5,1250,75,0.32,5.33,15.58,9.46,8.74,0.5
binding/ternary,inter,parp9,ART,dtx3l,KH1,5,1250,75,0.16,2.67,15.59,8.65,8.98,0.65
binding/ternary,inter,parp9,ART,dtx3l,KH2,5,1250,75,0.32,5.33,15.59,8.9,8.98,0.6
binding/ternary,inter,parp9,ART,dtx3l,KH3,5,1250,75,0.24,4.0,15.8,9.01,8.62,0.61
binding/ternary,inter,parp9,ART,dtx3l,KH4,5,1250,75,0.24,4.0,15.57,8.84,9.21,0.62
binding/ternary,inter,parp9,ART,dtx3l,KH5,5,1250,75,0.24,4.0,15.76,9.54,9.62,0.58
binding/ternary,inter,parp9,ART,dtx3l,RING,5,1250,75,0.08,1.33,15.67,9.87,9.78,0.75
binding/ternary,inter,parp9,ART,dtx3l,DTC,5,1250,75,0.56,9.33,15.17,9.55,8.62,0.51
binding/p14_homo,inter,parp14,RRM1,parp14,RRM1,5,1250,222,0.4,2.25,16.91,14.86,15.37,0.65
binding/p14_homo,inter,parp14,RRM1,parp14,RRM2,5,1250,222,0.08,0.45,16.83,14.88,14.99,0.55
binding/p14_homo,inter,parp14,RRM1,parp14,RRM3,5,1250,222,0.08,0.45,16.78,14.85,15.09,0.76
binding/p14_homo,inter,parp14,RRM1,parp14,KH1,5,1250,222,0.16,0.9,16.75,14.62,14.6,0.81
binding/p14_homo,inter,parp14,RRM1,parp14,KH2,5,1250,222,0.0,0.0,16.69,14.3,14.25,1.94
binding/p14_homo,inter,parp14,RRM1,parp14,KH3,5,1250,222,0.08,0.45,16.9,14.14,14.37,0.56
binding/p14_homo,inter,parp14,RRM1,parp14,KH4,5,1250,222,0.24,1.35,16.96,13.89,14.31,0.7
binding/p14_homo,inter,parp14,RRM1,parp14,KH5,5,1250,222,0.16,0.9,16.82,13.63,13.95,0.55
binding/p14_homo,inter,parp14,RRM1,parp14,KH6,5,1250,222,0.0,0.0,16.99,13.89,14.3,1.02
binding/p14_homo,inter,parp14,RRM1,parp14,1/2KH7a,5,1250,222,0.0,0.0,17.14,14.16,14.47,1.51
binding/p14_homo,inter,parp14,RRM1,parp14,MD1,5,1250,222,0.16,0.9,16.41,13.67,14.09,0.7
binding/p14_homo,inter,parp14,RRM1,parp14,MD2,5,1250,222,0.24,1.35,16.43,14.07,14.75,0.49
binding/p14_homo,inter,parp14,RRM1,parp14,MD3,5,1250,222,0.72,4.05,16.36,13.66,13.97,0.55
binding/p14_homo,inter,parp14,RRM1,parp14,1/2KH7b,5,1250,222,0.0,0.0,17.26,14.25,14.56,1.27
binding/p14_homo,inter,parp14,RRM1,parp14,KH8,5,1250,222,0.32,1.8,16.57,13.63,14.15,0.65
binding/p14_homo,inter,parp14,RRM1,parp14,WWE,5,1250,222,0.0,0.0,16.77,14.0,14.85,1.82
binding/p14_homo,inter,parp14,RRM1,parp14,ART,5,1250,222,0.24,1.35,16.07,13.35,13.79,0.61
binding/p14_homo,inter,parp14,RRM2,parp14,RRM1,5,1250,222,0.24,1.35,17.11,15.0,15.03,0.64
binding/p14_homo,inter,parp14,RRM2,parp14,RRM2,5,1250,222,0.08,0.45,17.11,14.85,15.17,0.65
binding/p14_homo,inter,parp14,RRM2,parp14,RRM3,5,1250,222,0.24,1.35,17.04,14.62,15.15,0.56
binding/p14_homo,inter,parp14,RRM2,parp14,KH1,5,1250,222,0.0,0.0,17.06,14.48,14.89,1.01
binding/p14_homo,inter,parp14,RRM2,parp14,KH2,5,1250,222,0.08,0.45,16.96,14.17,14.28,0.94
binding/p14_homo,inter,parp14,RRM2,parp14,KH3,5,1250,222,0.0,0.0,17.11,14.07,14.23,1.54
binding/p14_homo,inter,parp14,RRM2,parp14,KH4,5,1250,222,0.0,0.0,17.17,13.82,13.98,1.05
binding/p14_homo,inter,parp14,RRM2,parp14,KH5,5,1250,222,0.08,0.45,16.97,13.43,13.28,0.61
binding/p14_homo,inter,parp14,RRM2,parp14,KH6,5,1250,222,0.08,0.45,17.03,13.39,13.65,0.57
binding/p14_homo,inter,parp14,RRM2,parp14,1/2KH7a,5,1250,222,0.16,0.9,17.17,13.58,13.61,0.62
binding/p14_homo,inter,parp14,RRM2,parp14,MD1,5,1250,222,0.4,2.25,16.41,13.0,13.51,0.48
binding/p14_homo,inter,parp14,RRM2,parp14,MD2,5,1250,222,0.08,0.45,16.43,13.12,13.92,0.5
binding/p14_homo,inter,parp14,RRM2,parp14,MD3,5,1250,222,0.48,2.7,16.35,12.98,13.27,0.5
binding/p14_homo,inter,parp14,RRM2,parp14,1/2KH7b,5,1250,222,0.08,0.45,17.3,13.73,13.62,0.56
binding/p14_homo,inter,parp14,RRM2,parp14,KH8,5,1250,222,0.08,0.45,16.67,13.26,13.41,0.71
binding/p14_homo,inter,parp14,RRM2,parp14,WWE,5,1250,222,0.16,0.9,16.9,13.9,14.47,0.59
binding/p14_homo,inter,parp14,RRM2,parp14,ART,5,1250,222,0.16,0.9,16.27,13.25,13.71,0.61
binding/p14_homo,inter,parp14,RRM3,parp14,RRM1,5,1250,222,0.08,0.45,17.1,14.94,15.3,0.53
binding/p14_homo,inter,parp14,RRM3,parp14,RRM2,5,1250,222,0.08,0.45,17.05,14.77,15.19,0.91
binding/p14_homo,inter,parp14,RRM3,parp14,RRM3,5,1250,222,0.08,0.45,16.99,14.52,14.65,0.52
binding/p14_homo,inter,parp14,RRM3,parp14,KH1,5,1250,222,0.08,0.45,17.0,14.42,14.72,0.62
binding/p14_homo,inter,parp14,RRM3,parp14,KH2,5,1250,222,0.08,0.45,16.9,14.13,14.51,0.61
binding/p14_homo,inter,parp14,RRM3,parp14,KH3,5,1250,222,0.0,0.0,17.07,14.0,14.05,1.69
binding/p14_homo,inter,parp14,RRM3,parp14,KH4,5,1250,222,0.0,0.0,17.11,13.73,13.98,1.9
binding/p14_homo,inter,parp14,RRM3,parp14,KH5,5,1250,222,0.08,0.45,16.91,13.31,13.39,0.74
binding/p14_homo,inter,parp14,RRM3,parp14,KH6,5,1250,222,0.0,0.0,16.97,13.37,13.24,1.75
binding/p14_homo,inter,parp14,RRM3,parp14,1/2KH7a,5,1250,222,0.0,0.0,17.15,13.63,13.6,1.88
binding/p14_homo,inter,parp14,RRM3,parp14,MD1,5,1250,222,0.24,1.35,16.34,12.97,13.52,0.67
binding/p14_homo,inter,parp14,RRM3,parp14,MD2,5,1250,222,0.24,1.35,16.3,13.04,13.38,0.59
binding/p14_homo,inter,parp14,RRM3,parp14,MD3,5,1250,222,0.24,1.35,16.27,12.94,13.41,0.59
binding/p14_homo,inter,parp14,RRM3,parp14,1/2KH7b,5,1250,222,0.0,0.0,17.27,13.76,13.94,2.21
binding/p14_homo,inter,parp14,RRM3,parp14,KH8,5,1250,222,0.0,0.0,16.65,13.37,13.59,1.24
binding/p14_homo,inter,parp14,RRM3,parp14,WWE,5,1250,222,0.0,0.0,16.88,13.95,14.17,1.29
binding/p14_homo,inter,parp14,RRM3,parp14,ART,5,1250,222,0.4,2.25,16.26,13.29,13.46,0.57
binding/p14_homo,inter,parp14,KH1,parp14,RRM1,5,1250,222,0.08,0.45,16.97,14.7,14.88,0.58
binding/p14_homo,inter,parp14,KH1,parp14,RRM2,5,1250,222,0.0,0.0,16.9,14.44,14.83,1.63
binding/p14_homo,inter,parp14,KH1,parp14,RRM3,5,1250,222,0.0,0.0,16.82,14.27,14.58,2.76
binding/p14_homo,inter,parp14,KH1,parp14,KH1,5,1250,222,0.08,0.45,16.79,14.03,14.45,0.99
binding/p14_homo,inter,parp14,KH1,parp14,KH2,5,1250,222,0.08,0.45,16.67,13.75,14.63,0.64
binding/p14_homo,inter,parp14,KH1,parp14,KH3,5,1250,222,0.08,0.45,16.84,13.79,14.45,0.62
binding/p14_homo,inter,parp14,KH1,parp14,KH4,5,1250,222,0.08,0.45,16.88,13.5,13.78,0.56
binding/p14_homo,inter,parp14,KH1,parp14,KH5,5,1250,222,0.24,1.35,16.72,13.23,12.98,0.59
binding/p14_homo,inter,parp14,KH1,parp14,KH6,5,1250,222,0.0,0.0,16.85,13.34,13.22,1.51
binding/p14_homo,inter,parp14,KH1,parp14,1/2KH7a,5,1250,222,0.0,0.0,17.04,13.55,13.17,1.16
binding/p14_homo,inter,parp14,KH1,parp14,MD1,5,1250,222,0.08,0.45,16.23,12.81,12.8,0.62
binding/p14_homo,inter,parp14,KH1,parp14,MD2,5,1250,222,0.4,2.25,16.26,12.87,13.17,0.63
binding/p14_homo,inter,parp14,KH1,parp14,MD3,5,1250,222,0.16,0.9,16.27,12.88,12.74,0.62
binding/p14_homo,inter,parp14,KH1,parp14,1/2KH7b,5,1250,222,0.08,0.45,17.15,13.66,13.03,0.63
binding/p14_homo,inter,parp14,KH1,parp14,KH8,5,1250,222,0.0,0.0,16.57,13.19,13.37,1.99
binding/p14_homo,inter,parp14,KH1,parp14,WWE,5,1250,222,0.08,0.45,16.89,13.84,13.97,0.87
binding/p14_homo,inter,parp14,KH1,parp14,ART,5,1250,222,0.16,0.9,16.21,13.09,13.08,0.83
binding/p14_homo,inter,parp14,KH2,parp14,RRM1,5,1250,222,0.0,0.0,16.86,14.26,14.45,1.11
binding/p14_homo,inter,parp14,KH2,parp14,RRM2,5,1250,222,0.08,0.45,16.87,14.12,13.73,0.81
binding/p14_homo,inter,parp14,KH2,parp14,RRM3,5,1250,222,0.0,0.0,16.78,13.92,13.9,2.66
binding/p14_homo,inter,parp14,KH2,parp14,KH1,5,1250,222,0.08,0.45,16.77,13.68,14.13,0.78
binding/p14_homo,inter,parp14,KH2,parp14,KH2,5,1250,222,0.0,0.0,16.68,13.42,14.09,1.26
binding/p14_homo,inter,parp14,KH2,parp14,KH3,5,1250,222,0.08,0.45,16.81,13.5,14.31,0.87
binding/p14_homo,inter,parp14,KH2,parp14,KH4,5,1250,222,0.16,0.9,16.84,13.25,13.59,0.63
binding/p14_homo,inter,parp14,KH2,parp14,KH5,5,1250,222,0.0,0.0,16.7,12.94,13.13,1.07
binding/p14_homo,inter,parp14,KH2,parp14,KH6,5,1250,222,0.0,0.0,16.87,13.12,13.0,1.43
binding/p14_homo,inter,parp14,KH2,parp14,1/2KH7a,5,1250,222,0.16,0.9,17.04,13.35,13.15,0.77
binding/p14_homo,inter,parp14,KH2,parp14,MD1,5,1250,222,0.16,0.9,16.17,12.55,12.1,0.69
binding/p14_homo,inter,parp14,KH2,parp14,MD2,5,1250,222,0.24,1.35,16.31,12.87,12.83,0.6
binding/p14_homo,inter,parp14,KH2,parp14,MD3,5,1250,222,0.16,0.9,16.25,12.71,12.83,0.67
binding/p14_homo,inter,parp14,KH2,parp14,1/2KH7b,5,1250,222,0.08,0.45,17.15,13.44,13.1,0.56
binding/p14_homo,inter,parp14,KH2,parp14,KH8,5,1250,222,0.0,0.0,16.57,12.99,12.8,1.74
binding/p14_homo,inter,parp14,KH2,parp14,WWE,5,1250,222,0.0,0.0,16.9,13.65,13.85,1.78
binding/p14_homo,inter,parp14,KH2,parp14,ART,5,1250,222,0.32,1.8,16.17,12.77,12.84,0.64
binding/p14_homo,inter,parp14,KH3,parp14,RRM1,5,1250,222,0.16,0.9,16.93,14.18,14.23,0.58
binding/p14_homo,inter,parp14,KH3,parp14,RRM2,5,1250,222,0.16,0.9,17.04,13.89,13.8,0.57
binding/p14_homo,inter,parp14,KH3,parp14,RRM3,5,1250,222,0.08,0.45,16.96,13.81,13.95,0.88
binding/p14_homo,inter,parp14,KH3,parp14,KH1,5,1250,222,0.32,1.8,16.97,13.59,14.23,0.56
binding/p14_homo,inter,parp14,KH3,parp14,KH2,5,1250,222,0.16,0.9,16.92,13.51,13.84,0.62
binding/p14_homo,inter,parp14,KH3,parp14,KH3,5,1250,222,0.08,0.45,17.08,13.63,13.83,0.57
binding/p14_homo,inter,parp14,KH3,parp14,KH4,5,1250,222,0.08,0.45,17.04,13.34,13.55,0.9
binding/p14_homo,inter,parp14,KH3,parp14,KH5,5,1250,222,0.08,0.45,16.89,13.04,13.21,0.68
binding/p14_homo,inter,parp14,KH3,parp14,KH6,5,1250,222,0.08,0.45,17.06,13.24,13.38,0.78
binding/p14_homo,inter,parp14,KH3,parp14,1/2KH7a,5,1250,222,0.08,0.45,17.26,13.57,13.64,0.63
binding/p14_homo,inter,parp14,KH3,parp14,MD1,5,1250,222,0.16,0.9,16.44,12.8,12.53,0.6
binding/p14_homo,inter,parp14,KH3,parp14,MD2,5,1250,222,0.24,1.35,16.52,13.07,13.02,0.67
binding/p14_homo,inter,parp14,KH3,parp14,MD3,5,1250,222,0.16,0.9,16.45,12.88,13.22,0.64
binding/p14_homo,inter,parp14,KH3,parp14,1/2KH7b,5,1250,222,0.0,0.0,17.37,13.66,13.89,1.47
binding/p14_homo,inter,parp14,KH3,parp14,KH8,5,1250,222,0.08,0.45,16.8,13.18,13.31,0.63
binding/p14_homo,inter,parp14,KH3,parp14,WWE,5,1250,222,0.0,0.0,17.13,13.74,14.15,1.62
binding/p14_homo,inter,parp14,KH3,parp14,ART,5,1250,222,0.56,3.15,16.37,12.96,13.16,0.5
binding/p14_homo,inter,parp14,KH4,parp14,RRM1,5,1250,222,0.16,0.9,16.9,13.97,13.76,0.8
binding/p14_homo,inter,parp14,KH4,parp14,RRM2,5,1250,222,0.16,0.9,16.92,13.52,13.51,0.54
binding/p14_homo,inter,parp14,KH4,parp14,RRM3,5,1250,222,0.08,0.45,16.86,13.5,13.63,0.68
binding/p14_homo,inter,parp14,KH4,parp14,KH1,5,1250,222,0.24,1.35,16.89,13.31,13.62,0.67
binding/p14_homo,inter,parp14,KH4,parp14,KH2,5,1250,222,0.08,0.45,16.87,13.31,13.59,0.72
binding/p14_homo,inter,parp14,KH4,parp14,KH3,5,1250,222,0.16,0.9,17.03,13.45,13.6,0.63
binding/p14_homo,inter,parp14,KH4,parp14,KH4,5,1250,222,0.0,0.0,17.05,13.26,13.44,1.97
binding/p14_homo,inter,parp14,KH4,parp14,KH5,5,1250,222,0.0,0.0,16.93,12.98,12.97,2.53
binding/p14_homo,inter,parp14,KH4,parp14,KH6,5,1250,222,0.0,0.0,17.12,13.16,13.28,2.15
binding/p14_homo,inter,parp14,KH4,parp14,1/2KH7a,5,1250,222,0.0,0.0,17.33,13.48,13.64,1.41
binding/p14_homo,inter,parp14,KH4,parp14,MD1,5,1250,222,0.16,0.9,16.52,12.65,12.97,0.56
binding/p14_homo,inter,parp14,KH4,parp14,MD2,5,1250,222,0.08,0.45,16.54,12.94,12.95,0.56
binding/p14_homo,inter,parp14,KH4,parp14,MD3,5,1250,222,0.24,1.35,16.5,12.71,12.74,0.62
binding/p14_homo,inter,parp14,KH4,parp14,1/2KH7b,5,1250,222,0.0,0.0,17.45,13.56,14.02,1.23
binding/p14_homo,inter,parp14,KH4,parp14,KH8,5,1250,222,0.08,0.45,16.87,13.1,13.74,0.69
binding/p14_homo,inter,parp14,KH4,parp14,WWE,5,1250,222,0.0,0.0,17.18,13.65,14.06,1.85
binding/p14_homo,inter,parp14,KH4,parp14,ART,5,1250,222,0.24,1.35,16.38,12.93,13.11,0.57
binding/p14_homo,inter,parp14,KH5,parp14,RRM1,5,1250,222,0.0,0.0,16.68,13.67,13.79,1.11
binding/p14_homo,inter,parp14,KH5,parp14,RRM2,5,1250,222,0.08,0.45,16.64,13.09,13.06,0.65
binding/p14_homo,inter,parp14,KH5,parp14,RRM3,5,1250,222,0.24,1.35,16.61,13.1,13.64,0.54
binding/p14_homo,inter,parp14,KH5,parp14,KH1,5,1250,222,0.4,2.25,16.66,12.96,12.71,0.63
binding/p14_homo,inter,parp14,KH5,parp14,KH2,5,1250,222,0.08,0.45,16.64,12.93,13.04,0.84
binding/p14_homo,inter,parp14,KH5,parp14,KH3,5,1250,222,0.0,0.0,16.83,13.14,13.36,2.07
binding/p14_homo,inter,parp14,KH5,parp14,KH4,5,1250,222,0.0,0.0,16.89,13.0,13.01,2.45
binding/p14_homo,inter,parp14,KH5,parp14,KH5,5,1250,222,0.0,0.0,16.81,12.79,12.88,1.33
binding/p14_homo,inter,parp14,KH5,parp14,KH6,5,1250,222,0.0,0.0,17.02,12.95,13.22,1.24
binding/p14_homo,inter,parp14,KH5,parp14,1/2KH7a,5,1250,222,0.0,0.0,17.25,13.25,13.05,2.26
binding/p14_homo,inter,parp14,KH5,parp14,MD1,5,1250,222,0.16,0.9,16.45,12.4,12.66,0.63
binding/p14_homo,inter,parp14,KH5,parp14,MD2,5,1250,222,0.24,1.35,16.4,12.68,12.69,0.63
binding/p14_homo,inter,parp14,KH5,parp14,MD3,5,1250,222,0.16,0.9,16.39,12.5,13.12,0.79
binding/p14_homo,inter,parp14,KH5,parp14,1/2KH7b,5,1250,222,0.0,0.0,17.38,13.34,13.27,2.5
binding/p14_homo,inter,parp14,KH5,parp14,KH8,5,1250,222,0.24,1.35,16.76,12.82,13.17,0.57
binding/p14_homo,inter,parp14,KH5,parp14,WWE,5,1250,222,0.08,0.45,17.06,13.43,13.79,0.81
binding/p14_homo,inter,parp14,KH5,parp14,ART,5,1250,222,0.32,1.8,16.25,12.69,12.8,0.57
binding/p14_homo,inter,parp14,KH6,parp14,RRM1,5,1250,222,0.0,0.0,16.82,13.73,13.92,2.17
binding/p14_homo,inter,parp14,KH6,parp14,RRM2,5,1250,222,0.08,0.45,16.73,13.06,12.95,0.59
binding/p14_homo,inter,parp14,KH6,parp14,RRM3,5,1250,222,0.08,0.45,16.71,13.14,12.97,0.93
binding/p14_homo,inter,parp14,KH6,parp14,KH1,5,1250,222,0.08,0.45,16.74,12.98,12.69,1.0
binding/p14_homo,inter,parp14,KH6,parp14,KH2,5,1250,222,0.08,0.45,16.73,12.99,12.65,0.8
binding/p14_homo,inter,parp14,KH6,parp14,KH3,5,1250,222,0.24,1.35,16.95,13.22,13.22,0.57
binding/p14_homo,inter,parp14,KH6,parp14,KH4,5,1250,222,0.0,0.0,17.08,13.12,12.88,1.37
binding/p14_homo,inter,parp14,KH6,parp14,KH5,5,1250,222,0.08,0.45,17.01,12.99,13.07,0.76
binding/p14_homo,inter,parp14,KH6,parp14,KH6,5,1250,222,0.0,0.0,17.24,13.15,13.39,1.77
binding/p14_homo,inter,parp14,KH6,parp14,1/2KH7a,5,1250,222,0.0,0.0,17.49,13.45,13.19,3.23
binding/p14_homo,inter,parp14,KH6,parp14,MD1,5,1250,222,0.24,1.35,16.71,12.69,12.98,0.56
binding/p14_homo,inter,parp14,KH6,parp14,MD2,5,1250,222,0.24,1.35,16.61,12.83,12.97,0.8
binding/p14_homo,inter,parp14,KH6,parp14,MD3,5,1250,222,0.08,0.45,16.67,12.77,13.29,0.6
binding/p14_homo,inter,parp14,KH6,parp14,1/2KH7b,5,1250,222,0.0,0.0,17.61,13.56,13.5,2.85
binding/p14_homo,inter,parp14,KH6,parp14,KH8,5,1250,222,0.0,0.0,17.02,13.01,13.1,1.16
binding/p14_homo,inter,parp14,KH6,parp14,WWE,5,1250,222,0.16,0.9,17.24,13.63,14.2,0.71
binding/p14_homo,inter,parp14,KH6,parp14,ART,5,1250,222,0.32,1.8,16.4,12.92,13.47,0.61
binding/p14_homo,inter,parp14,1/2KH7a,parp14,RRM1,5,1250,222,0.0,0.0,16.92,13.74,13.67,2.26
binding/p14_homo,inter,parp14,1/2KH7a,parp14,RRM2,5,1250,222,0.32,1.8,16.89,13.07,13.41,0.66
binding/p14_homo,inter,parp14,1/2KH7a,parp14,RRM3,5,1250,222,0.16,0.9,16.87,13.15,13.42,0.58
binding/p14_homo,inter,parp14,1/2KH7a,parp14,KH1,5,1250,222,0.0,0.0,16.85,13.07,12.87,1.43
binding/p14_homo,inter,parp14,1/2KH7a,parp14,KH2,5,1250,222,0.0,0.0,16.85,13.1,13.04,2.38
binding/p14_homo,inter,parp14,1/2KH7a,parp14,KH3,5,1250,222,0.08,0.45,17.08,13.39,13.59,0.84
binding/p14_homo,inter,parp14,1/2KH7a,parp14,KH4,5,1250,222,0.08,0.45,17.24,13.32,13.25,0.91
binding/p14_homo,inter,parp14,1/2KH7a,parp14,KH5,5,1250,222,0.0,0.0,17.2,13.29,12.89,2.24
binding/p14_homo,inter,parp14,1/2KH7a,parp14,KH6,5,1250,222,0.0,0.0,17.48,13.51,13.48,2.63
binding/p14_homo,inter,parp14,1/2KH7a,parp14,1/2KH7a,5,1250,222,0.0,0.0,17.75,13.76,13.82,2.82
binding/p14_homo,inter,parp14,1/2KH7a,parp14,MD1,5,1250,222,0.0,0.0,16.98,12.99,13.45,1.74
binding/p14_homo,inter,parp14,1/2KH7a,parp14,MD2,5,1250,222,0.16,0.9,16.82,13.01,13.63,0.67
binding/p14_homo,inter,parp14,1/2KH7a,parp14,MD3,5,1250,222,0.08,0.45,16.94,13.15,13.43,0.59
binding/p14_homo,inter,parp14,1/2KH7a,parp14,1/2KH7b,5,1250,222,0.0,0.0,17.88,13.88,14.09,2.31
binding/p14_homo,inter,parp14,1/2KH7a,parp14,KH8,5,1250,222,0.08,0.45,17.32,13.37,13.61,0.75
binding/p14_homo,inter,parp14,1/2KH7a,parp14,WWE,5,1250,222,0.16,0.9,17.5,13.97,14.24,0.72
binding/p14_homo,inter,parp14,1/2KH7a,parp14,ART,5,1250,222,0.0,0.0,16.63,13.29,13.76,1.05
binding/p14_homo,inter,parp14,MD1,parp14,RRM1,5,1250,222,0.24,1.35,16.03,13.01,13.2,0.71
binding/p14_homo,inter,parp14,MD1,parp14,RRM2,5,1250,222,0.64,3.6,16.02,12.69,12.67,0.61
binding/p14_homo,inter,parp14,MD1,parp14,RRM3,5,1250,222,0.24,1.35,16.05,12.76,13.05,0.53
binding/p14_homo,inter,parp14,MD1,parp14,KH1,5,1250,222,0.48,2.7,16.01,12.68,12.45,0.59
binding/p14_homo,inter,parp14,MD1,parp14,KH2,5,1250,222,0.24,1.35,15.99,12.71,12.88,0.63
binding/p14_homo,inter,parp14,MD1,parp14,KH3,5,1250,222,0.24,1.35,16.25,13.07,13.16,0.72
binding/p14_homo,inter,parp14,MD1,parp14,KH4,5,1250,222,0.4,2.25,16.36,12.85,13.53,0.56
binding/p14_homo,inter,parp14,MD1,parp14,KH5,5,1250,222,0.08,0.45,16.32,12.75,12.81,0.75
binding/p14_homo,inter,parp14,MD1,parp14,KH6,5,1250,222,0.0,0.0,16.58,12.96,12.57,1.42
binding/p14_homo,inter,parp14,MD1,parp14,1/2KH7a,5,1250,222,0.08,0.45,16.84,13.17,12.85,0.95
binding/p14_homo,inter,parp14,MD1,parp14,MD1,5,1250,222,0.24,1.35,16.08,12.34,12.49,0.53
binding/p14_homo,inter,parp14,MD1,parp14,MD2,5,1250,222,0.48,2.7,15.95,12.42,12.89,0.59
binding/p14_homo,inter,parp14,MD1,parp14,MD3,5,1250,222,0.16,0.9,16.06,12.61,13.02,0.67
binding/p14_homo,inter,parp14,MD1,parp14,1/2KH7b,5,1250,222,0.16,0.9,16.95,13.3,13.03,0.87
binding/p14_homo,inter,parp14,MD1,parp14,KH8,5,1250,222,0.16,0.9,16.34,12.75,12.8,0.52
binding/p14_homo,inter,parp14,MD1,parp14,WWE,5,1250,222,0.16,0.9,16.55,13.35,13.81,0.55
binding/p14_homo,inter,parp14,MD1,parp14,ART,5,1250,222,0.24,1.35,15.75,12.83,13.25,0.53
binding/p14_homo,inter,parp14,MD2,parp14,RRM1,5,1250,222,0.24,1.35,15.96,13.32,13.46,0.7
binding/p14_homo,inter,parp14,MD2,parp14,RRM2,5,1250,222,0.08,0.45,16.09,13.04,13.13,0.97
binding/p14_homo,inter,parp14,MD2,parp14,RRM3,5,1250,222,0.24,1.35,16.07,13.06,13.22,0.52
binding/p14_homo,inter,parp14,MD2,parp14,KH1,5,1250,222,0.32,1.8,15.97,12.85,12.87,0.84
binding/p14_homo,inter,parp14,MD2,parp14,KH2,5,1250,222,0.08,0.45,15.94,12.78,12.46,0.75
binding/p14_homo,inter,parp14,MD2,parp14,KH3,5,1250,222,0.16,0.9,16.17,13.01,12.97,0.6
binding/p14_homo,inter,parp14,MD2,parp14,KH4,5,1250,222,0.24,1.35,16.26,12.77,12.49,0.65
binding/p14_homo,inter,parp14,MD2,parp14,KH5,5,1250,222,0.4,2.25,16.17,12.57,12.26,0.56
binding/p14_homo,inter,parp14,MD2,parp14,KH6,5,1250,222,0.08,0.45,16.41,12.68,12.79,0.73
binding/p14_homo,inter,parp14,MD2,parp14,1/2KH7a,5,1250,222,0.0,0.0,16.68,12.81,13.42,1.3
binding/p14_homo,inter,parp14,MD2,parp14,MD1,5,1250,222,0.72,4.05,15.95,11.96,12.37,0.55
binding/p14_homo,inter,parp14,MD2,parp14,MD2,5,1250,222,0.64,3.6,15.88,12.11,12.72,0.56
binding/p14_homo,inter,parp14,MD2,parp14,MD3,5,1250,222,0.32,1.8,16.01,12.12,12.78,0.53
binding/p14_homo,inter,parp14,MD2,parp14,1/2KH7b,5,1250,222,0.0,0.0,16.79,12.94,13.34,1.33
binding/p14_homo,inter,parp14,MD2,parp14,KH8,5,1250,222,0.0,0.0,16.14,12.41,12.68,1.19
binding/p14_homo,inter,parp14,MD2,parp14,WWE,5,1250,222,0.08,0.45,16.28,13.0,12.89,0.84
binding/p14_homo,inter,parp14,MD2,parp14,ART,5,1250,222,0.48,2.7,15.55,12.65,13.31,0.62
binding/p14_homo,inter,parp14,MD3,parp14,RRM1,5,1250,222,0.24,1.35,16.25,13.8,14.24,0.67
binding/p14_homo,inter,parp14,MD3,parp14,RRM2,5,1250,222,0.16,0.9,16.26,13.59,14.26,0.62
binding/p14_homo,inter,parp14,MD3,parp14,RRM3,5,1250,222,0.0,0.0,16.23,13.65,13.67,1.12
binding/p14_homo,inter,parp14,MD3,parp14,KH1,5,1250,222,0.24,1.35,16.11,13.44,13.3,0.55
binding/p14_homo,inter,parp14,MD3,parp14,KH2,5,1250,222,0.08,0.45,16.06,13.29,13.64,0.93
binding/p14_homo,inter,parp14,MD3,parp14,KH3,5,1250,222,0.08,0.45,16.22,13.33,13.29,0.57
binding/p14_homo,inter,parp14,MD3,parp14,KH4,5,1250,222,0.08,0.45,16.38,13.19,13.21,0.71
binding/p14_homo,inter,parp14,MD3,parp14,KH5,5,1250,222,0.08,0.45,16.35,13.02,13.05,0.74
binding/p14_homo,inter,parp14,MD3,parp14,KH6,5,1250,222,0.0,0.0,16.57,13.16,13.06,1.88
binding/p14_homo,inter,parp14,MD3,parp14,1/2KH7a,5,1250,222,0.0,0.0,16.82,13.33,13.33,1.42
binding/p14_homo,inter,parp14,MD3,parp14,MD1,5,1250,222,0.16,0.9,16.01,12.36,12.84,0.55
binding/p14_homo,inter,parp14,MD3,parp14,MD2,5,1250,222,0.16,0.9,15.95,12.44,12.75,0.58
binding/p14_homo,inter,parp14,MD3,parp14,MD3,5,1250,222,0.16,0.9,16.14,12.56,12.57,0.69
binding/p14_homo,inter,parp14,MD3,parp14,1/2KH7b,5,1250,222,0.0,0.0,16.94,13.47,13.37,1.09
binding/p14_homo,inter,parp14,MD3,parp14,KH8,5,1250,222,0.08,0.45,16.29,12.93,13.14,0.91
binding/p14_homo,inter,parp14,MD3,parp14,WWE,5,1250,222,0.0,0.0,16.47,13.52,14.07,1.17
binding/p14_homo,inter,parp14,MD3,parp14,ART,5,1250,222,0.32,1.8,15.66,12.97,13.03,0.58
binding/p14_homo,inter,parp14,1/2KH7b,parp14,RRM1,5,1250,222,0.0,0.0,17.04,13.9,13.78,2.58
binding/p14_homo,inter,parp14,1/2KH7b,parp14,RRM2,5,1250,222,0.0,0.0,16.99,13.17,13.29,1.1
binding/p14_homo,inter,parp14,1/2KH7b,parp14,RRM3,5,1250,222,0.08,0.45,16.97,13.26,13.12,0.52
binding/p14_homo,inter,parp14,1/2KH7b,parp14,KH1,5,1250,222,0.08,0.45,16.95,13.14,12.77,0.96
binding/p14_homo,inter,parp14,1/2KH7b,parp14,KH2,5,1250,222,0.0,0.0,16.94,13.18,12.74,2.26
binding/p14_homo,inter,parp14,1/2KH7b,parp14,KH3,5,1250,222,0.08,0.45,17.18,13.47,13.6,0.64
binding/p14_homo,inter,parp14,1/2KH7b,parp14,KH4,5,1250,222,0.08,0.45,17.34,13.41,13.23,0.83
binding/p14_homo,inter,parp14,1/2KH7b,parp14,KH5,5,1250,222,0.0,0.0,17.29,13.36,13.02,2.49
binding/p14_homo,inter,parp14,1/2KH7b,parp14,KH6,5,1250,222,0.0,0.0,17.57,13.58,13.46,2.89
binding/p14_homo,inter,parp14,1/2KH7b,parp14,1/2KH7a,5,1250,222,0.0,0.0,17.85,13.83,13.73,2.13
binding/p14_homo,inter,parp14,1/2KH7b,parp14,MD1,5,1250,222,0.0,0.0,17.06,13.06,13.47,1.58
binding/p14_homo,inter,parp14,1/2KH7b,parp14,MD2,5,1250,222,0.16,0.9,16.92,13.08,13.6,0.63
binding/p14_homo,inter,parp14,1/2KH7b,parp14,MD3,5,1250,222,0.16,0.9,17.03,13.21,13.34,0.69
binding/p14_homo,inter,parp14,1/2KH7b,parp14,1/2KH7b,5,1250,222,0.0,0.0,17.97,13.96,13.87,1.61
binding/p14_homo,inter,parp14,1/2KH7b,parp14,KH8,5,1250,222,0.08,0.45,17.41,13.47,13.69,0.62
binding/p14_homo,inter,parp14,1/2KH7b,parp14,WWE,5,1250,222,0.16,0.9,17.59,14.09,14.25,0.78
binding/p14_homo,inter,parp14,1/2KH7b,parp14,ART,5,1250,222,0.16,0.9,16.72,13.38,13.81,0.71
binding/p14_homo,inter,parp14,KH8,parp14,RRM1,5,1250,222,0.24,1.35,16.35,13.16,13.47,0.8
binding/p14_homo,inter,parp14,KH8,parp14,RRM2,5,1250,222,0.24,1.35,16.33,12.5,12.41,0.59
binding/p14_homo,inter,parp14,KH8,parp14,RRM3,5,1250,222,0.16,0.9,16.28,12.55,12.31,0.58
binding/p14_homo,inter,parp14,KH8,parp14,KH1,5,1250,222,0.08,0.45,16.21,12.46,11.49,0.68
binding/p14_homo,inter,parp14,KH8,parp14,KH2,5,1250,222,0.08,0.45,16.23,12.54,12.17,0.72
binding/p14_homo,inter,parp14,KH8,parp14,KH3,5,1250,222,0.08,0.45,16.52,12.9,12.92,0.66
binding/p14_homo,inter,parp14,KH8,parp14,KH4,5,1250,222,0.16,0.9,16.7,12.86,12.7,0.64
binding/p14_homo,inter,parp14,KH8,parp14,KH5,5,1250,222,0.16,0.9,16.67,12.87,12.73,0.61
binding/p14_homo,inter,parp14,KH8,parp14,KH6,5,1250,222,0.0,0.0,16.97,13.2,13.27,1.17
binding/p14_homo,inter,parp14,KH8,parp14,1/2KH7a,5,1250,222,0.08,0.45,17.32,13.45,13.48,0.86
binding/p14_homo,inter,parp14,KH8,parp14,MD1,5,1250,222,0.0,0.0,16.51,12.7,12.9,1.22
binding/p14_homo,inter,parp14,KH8,parp14,MD2,5,1250,222,0.16,0.9,16.34,12.63,13.28,0.74
binding/p14_homo,inter,parp14,KH8,parp14,MD3,5,1250,222,0.32,1.8,16.52,12.87,13.14,0.65
binding/p14_homo,inter,parp14,KH8,parp14,1/2KH7b,5,1250,222,0.08,0.45,17.41,13.57,13.44,0.6
binding/p14_homo,inter,parp14,KH8,parp14,KH8,5,1250,222,0.08,0.45,16.89,13.17,12.95,0.64
binding/p14_homo,inter,parp14,KH8,parp14,WWE,5,1250,222,0.16,0.9,17.06,13.73,13.58,0.7
binding/p14_homo,inter,parp14,KH8,parp14,ART,5,1250,222,0.24,1.35,16.17,13.08,13.24,0.58
binding/p14_homo,inter,parp14,WWE,parp14,RRM1,5,1250,222,0.32,1.8,16.53,13.48,14.32,0.58
binding/p14_homo,inter,parp14,WWE,parp14,RRM2,5,1250,222,0.24,1.35,16.54,12.97,12.8,0.58
binding/p14_homo,inter,parp14,WWE,parp14,RRM3,5,1250,222,0.4,2.25,16.44,12.92,13.0,0.58
binding/p14_homo,inter,parp14,WWE,parp14,KH1,5,1250,222,0.0,0.0,16.43,12.86,12.41,1.07
binding/p14_homo,inter,parp14,WWE,parp14,KH2,5,1250,222,0.0,0.0,16.45,12.96,12.41,1.57
binding/p14_homo,inter,parp14,WWE,parp14,KH3,5,1250,222,0.16,0.9,16.77,13.31,13.14,0.62
binding/p14_homo,inter,parp14,WWE,parp14,KH4,5,1250,222,0.16,0.9,16.97,13.41,13.65,0.6
binding/p14_homo,inter,parp14,WWE,parp14,KH5,5,1250,222,0.16,0.9,16.95,13.52,13.6,0.61
binding/p14_homo,inter,parp14,WWE,parp14,KH6,5,1250,222,0.08,0.45,17.27,13.88,14.72,0.88
binding/p14_homo,inter,parp14,WWE,parp14,1/2KH7a,5,1250,222,0.0,0.0,17.59,14.18,14.53,2.19
binding/p14_homo,inter,parp14,WWE,parp14,MD1,5,1250,222,0.08,0.45,16.78,13.34,13.76,0.53
binding/p14_homo,inter,parp14,WWE,parp14,MD2,5,1250,222,0.24,1.35,16.72,13.47,13.65,0.6
binding/p14_homo,inter,parp14,WWE,parp14,MD3,5,1250,222,0.16,0.9,16.86,13.62,14.0,0.7
binding/p14_homo,inter,parp14,WWE,parp14,1/2KH7b,5,1250,222,0.0,0.0,17.69,14.28,14.68,2.13
binding/p14_homo,inter,parp14,WWE,parp14,KH8,5,1250,222,0.0,0.0,17.16,13.82,14.2,1.28
binding/p14_homo,inter,parp14,WWE,parp14,WWE,5,1250,222,0.08,0.45,17.35,14.33,14.49,0.98
binding/p14_homo,inter,parp14,WWE,parp14,ART,5,1250,222,0.24,1.35,16.48,13.75,14.11,0.61
binding/p14_homo,inter,parp14,ART,parp14,RRM1,5,1250,222,0.32,1.8,15.8,13.21,14.08,0.6
binding/p14_homo,inter,parp14,ART,parp14,RRM2,5,1250,222,0.16,0.9,15.8,12.56,12.62,0.5
binding/p14_homo,inter,parp14,ART,parp14,RRM3,5,1250,222,0.88,4.95,15.74,12.59,12.36,0.52
binding/p14_homo,inter,parp14,ART,parp14,KH1,5,1250,222,0.16,0.9,15.67,12.56,12.92,0.58
binding/p14_homo,inter,parp14,ART,parp14,KH2,5,1250,222,0.16,0.9,15.7,12.57,12.41,0.68
binding/p14_homo,inter,parp14,ART,parp14,KH3,5,1250,222,0.4,2.25,15.99,12.88,13.31,0.55
binding/p14_homo,inter,parp14,ART,parp14,KH4,5,1250,222,0.24,1.35,16.21,12.95,12.95,0.55
binding/p14_homo,inter,parp14,ART,parp14,KH5,5,1250,222,0.16,0.9,16.21,13.06,12.89,0.85
binding/p14_homo,inter,parp14,ART,parp14,KH6,5,1250,222,0.24,1.35,16.51,13.38,13.64,0.62
binding/p14_homo,inter,parp14,ART,parp14,1/2KH7a,5,1250,222,0.24,1.35,16.82,13.55,14.28,0.6
binding/p14_homo,inter,parp14,ART,parp14,MD1,5,1250,222,0.24,1.35,15.96,12.69,12.6,0.57
binding/p14_homo,inter,parp14,ART,parp14,MD2,5,1250,222,0.16,0.9,15.94,12.8,13.27,0.81
binding/p14_homo,inter,parp14,ART,parp14,MD3,5,1250,222,0.16,0.9,16.1,12.87,13.24,0.58
binding/p14_homo,inter,parp14,ART,parp14,1/2KH7b,5,1250,222,0.16,0.9,16.92,13.67,14.3,0.82
binding/p14_homo,inter,parp14,ART,parp14,KH8,5,1250,222,0.32,1.8,16.33,13.12,13.99,0.61
binding/p14_homo,inter,parp14,ART,parp14,WWE,5,1250,222,0.24,1.35,16.51,13.65,14.62,0.6
binding/p14_homo,inter,parp14,ART,parp14,ART,5,1250,222,0.56,3.15,15.59,13.08,13.82,0.53
binding_go/p9_dtx3l_xl_h5,inter,parp9,1/2KH1a,dtx3l,RRM,5,1250,1210,0.8,0.83,9.59,9.55,9.46,0.54
binding_go/p9_dtx3l_xl_h5,inter,parp9,1/2KH1a,dtx3l,KH1,5,1250,1210,1.12,1.16,7.16,7.12,7.04,0.55
binding_go/p9_dtx3l_xl_h5,inter,parp9,1/2KH1a,dtx3l,KH2,5,1250,1210,3.2,3.31,4.98,4.94,4.98,0.52
binding_go/p9_dtx3l_xl_h5,inter,parp9,1/2KH1a,dtx3l,KH3,5,1250,1210,4.64,4.79,3.64,3.61,3.52,0.53
binding_go/p9_dtx3l_xl_h5,inter,parp9,1/2KH1a,dtx3l,KH4,5,1250,1210,2.4,2.48,3.39,3.37,3.43,0.5
binding_go/p9_dtx3l_xl_h5,inter,parp9,1/2KH1a,dtx3l,KH5,5,1250,1210,2.56,2.64,4.54,4.51,4.63,0.54
binding_go/p9_dtx3l_xl_h5,inter,parp9,1/2KH1a,dtx3l,RING,5,1250,1210,0.96,0.99,7.31,7.29,7.35,0.58
binding_go/p9_dtx3l_xl_h5,inter,parp9,1/2KH1a,dtx3l,DTC,5,1250,1210,2.16,2.23,7.9,7.87,7.82,0.53
binding_go/p9_dtx3l_xl_h5,inter,parp9,MD1,dtx3l,RRM,5,1250,1210,1.52,1.57,9.88,9.83,9.81,0.6
binding_go/p9_dtx3l_xl_h5,inter,parp9,MD1,dtx3l,KH1,5,1250,1210,3.04,3.14,7.75,7.7,7.74,0.47
binding_go/p9_dtx3l_xl_h5,inter,parp9,MD1,dtx3l,KH2,5,1250,1210,4.96,5.12,5.88,5.82,5.84,0.5
binding_go/p9_dtx3l_xl_h5,inter,parp9,MD1,dtx3l,KH3,5,1250,1210,3.12,3.22,4.87,4.83,4.86,0.54
binding_go/p9_dtx3l_xl_h5,inter,parp9,MD1,dtx3l,KH4,5,1250,1210,3.28,3.39,4.66,4.62,4.7,0.51
binding_go/p9_dtx3l_xl_h5,inter,parp9,MD1,dtx3l,KH5,5,1250,1210,2.96,3.06,5.58,5.53,5.6,0.53
binding_go/p9_dtx3l_xl_h5,inter,parp9,MD1,dtx3l,RING,5,1250,1210,1.12,1.16,7.8,7.76,7.66,0.51
binding_go/p9_dtx3l_xl_h5,inter,parp9,MD1,dtx3l,DTC,5,1250,1210,3.36,3.47,8.24,8.2,8.09,0.5
binding_go/p9_dtx3l_xl_h5,inter,parp9,MD2,dtx3l,RRM,5,1250,1210,1.76,1.82,10.18,10.13,10.03,0.53
binding_go/p9_dtx3l_xl_h5,inter,parp9,MD2,dtx3l,KH1,5,1250,1210,2.0,2.07,8.24,8.2,8.03,0.54
binding_go/p9_dtx3l_xl_h5,inter,parp9,MD2,dtx3l,KH2,5,1250,1210,3.28,3.39,6.4,6.36,6.28,0.53
binding_go/p9_dtx3l_xl_h5,inter,parp9,MD2,dtx3l,KH3,5,1250,1210,3.04,3.14,5.45,5.42,5.41,0.49
binding_go/p9_dtx3l_xl_h5,inter,parp9,MD2,dtx3l,KH4,5,1250,1210,2.72,2.81,5.23,5.21,5.39,0.53
binding_go/p9_dtx3l_xl_h5,inter,parp9,MD2,dtx3l,KH5,5,1250,1210,1.68,1.74,6.17,6.14,6.18,0.57
binding_go/p9_dtx3l_xl_h5,inter,parp9,MD2,dtx3l,RING,5,1250,1210,0.8,0.83,8.32,8.29,8.24,0.54
binding_go/p9_dtx3l_xl_h5,inter,parp9,MD2,dtx3l,DTC,5,1250,1210,2.24,2.31,8.71,8.67,8.63,0.51
binding_go/p9_dtx3l_xl_h5,inter,parp9,1/2KH1b,dtx3l,RRM,5,1250,1210,0.72,0.74,9.69,9.66,9.57,0.62
binding_go/p9_dtx3l_xl_h5,inter,parp9,1/2KH1b,dtx3l,KH1,5,1250,1210,0.88,0.91,7.24,7.2,7.14,0.59
binding_go/p9_dtx3l_xl_h5,inter,parp9,1/2KH1b,dtx3l,KH2,5,1250,1210,2.8,2.89,5.03,4.99,5.01,0.57
binding_go/p9_dtx3l_xl_h5,inter,parp9,1/2KH1b,dtx3l,KH3,5,1250,1210,4.08,4.21,3.61,3.59,3.53,0.54
binding_go/p9_dtx3l_xl_h5,inter,parp9,1/2KH1b,dtx3l,KH4,5,1250,1210,1.28,1.32,3.39,3.36,3.47,0.58
binding_go/p9_dtx3l_xl_h5,inter,parp9,1/2KH1b,dtx3l,KH5,5,1250,1210,2.96,3.06,4.57,4.54,4.63,0.54
binding_go/p9_dtx3l_xl_h5,inter,parp9,1/2KH1b,dtx3l,RING,5,1250,1210,0.72,0.74,7.41,7.39,7.46,0.57
binding_go/p9_dtx3l_xl_h5,inter,parp9,1/2KH1b,dtx3l,DTC,5,1250,1210,1.84,1.9,7.99,7.97,7.95,0.57
binding_go/p9_dtx3l_xl_h5,inter,parp9,KH2,dtx3l,RRM,5,1250,1210,1.12,1.16,8.48,8.45,8.31,0.55
binding_go/p9_dtx3l_xl_h5,inter,parp9,KH2,dtx3l,KH1,5,1250,1210,2.48,2.56,5.86,5.83,5.76,0.54
binding_go/p9_dtx3l_xl_h5,inter,parp9,KH2,dtx3l,KH2,5,1250,1210,5.84,6.03,3.37,3.35,3.38,0.51
binding_go/p9_dtx3l_xl_h5,inter,parp9,KH2,dtx3l,KH3,5,1250,1210,32.08,33.14,1.54,1.53,1.38,0.49
binding_go/p9_dtx3l_xl_h5,inter,parp9,KH2,dtx3l,KH4,5,1250,1210,85.44,88.26,0.78,0.77,0.68,0.5
binding_go/p9_dtx3l_xl_h5,inter,parp9,KH2,dtx3l,KH5,5,1250,1210,21.84,22.56,2.12,2.1,2.08,0.51
binding_go/p9_dtx3l_xl_h5,inter,parp9,KH2,dtx3l,RING,5,1250,1210,2.0,2.07,5.59,5.58,5.51,0.55
binding_go/p9_dtx3l_xl_h5,inter,parp9,KH2,dtx3l,DTC,5,1250,1210,5.04,5.21,6.34,6.33,6.39,0.5
binding_go/p9_dtx3l_xl_h5,inter,parp9,ART,dtx3l,RRM,5,1250,1210,1.12,1.16,9.56,9.54,9.49,0.58
binding_go/p9_dtx3l_xl_h5,inter,parp9,ART,dtx3l,KH1,5,1250,1210,1.92,1.98,7.22,7.21,7.13,0.56
binding_go/p9_dtx3l_xl_h5,inter,parp9,ART,dtx3l,KH2,5,1250,1210,4.64,4.79,5.17,5.16,5.29,0.49
binding_go/p9_dtx3l_xl_h5,inter,parp9,ART,dtx3l,KH3,5,1250,1210,7.04,7.27,3.79,3.78,3.74,0.49
binding_go/p9_dtx3l_xl_h5,inter,parp9,ART,dtx3l,KH4,5,1250,1210,20.24,20.91,2.22,2.2,2.13,0.51
binding_go/p9_dtx3l_xl_h5,inter,parp9,ART,dtx3l,KH5,5,1250,1210,13.04,13.47,3.3,3.28,3.14,0.53
binding_go/p9_dtx3l_xl_h5,inter,parp9,ART,dtx3l,RING,5,1250,1210,2.8,2.89,6.18,6.17,6.1,0.53
binding_go/p9_dtx3l_xl_h5,inter,parp9,ART,dtx3l,DTC,5,1250,1210,4.72,4.88,6.85,6.83,6.92,0.53
binding_go/p9_dtx3l_xl_h100,inter,parp9,1/2KH1a,dtx3l,RRM,5,1250,1219,0.48,0.49,9.53,9.52,9.31,0.58
binding_go/p9_dtx3l_xl_h100,inter,parp9,1/2KH1a,dtx3l,KH1,5,1250,1219,1.6,1.64,7.02,7.0,7.02,0.55
binding_go/p9_dtx3l_xl_h100,inter,parp9,1/2KH1a,dtx3l,KH2,5,1250,1219,3.44,3.53,4.74,4.71,4.77,0.52
binding_go/p9_dtx3l_xl_h100,inter,parp9,1/2KH1a,dtx3l,KH3,5,1250,1219,5.2,5.33,3.28,3.27,3.24,0.53
binding_go/p9_dtx3l_xl_h100,inter,parp9,1/2KH1a,dtx3l,KH4,5,1250,1219,1.6,1.64,3.28,3.26,3.3,0.54
binding_go/p9_dtx3l_xl_h100,inter,parp9,1/2KH1a,dtx3l,KH5,5,1250,1219,2.56,2.63,4.53,4.52,4.64,0.56
binding_go/p9_dtx3l_xl_h100,inter,parp9,1/2KH1a,dtx3l,RING,5,1250,1219,1.2,1.23,7.36,7.33,7.31,0.58
binding_go/p9_dtx3l_xl_h100,inter,parp9,1/2KH1a,dtx3l,DTC,5,1250,1219,2.08,2.13,7.93,7.9,7.84,0.5
binding_go/p9_dtx3l_xl_h100,inter,parp9,MD1,dtx3l,RRM,5,1250,1219,1.44,1.48,9.71,9.69,9.55,0.58
binding_go/p9_dtx3l_xl_h100,inter,parp9,MD1,dtx3l,KH1,5,1250,1219,2.4,2.46,7.57,7.54,7.58,0.58
binding_go/p9_dtx3l_xl_h100,inter,parp9,MD1,dtx3l,KH2,5,1250,1219,4.4,4.51,5.66,5.61,5.8,0.49
binding_go/p9_dtx3l_xl_h100,inter,parp9,MD1,dtx3l,KH3,5,1250,1219,4.96,5.09,4.57,4.54,4.61,0.55
binding_go/p9_dtx3l_xl_h100,inter,parp9,MD1,dtx3l,KH4,5,1250,1219,3.36,3.45,4.54,4.51,4.65,0.49
binding_go/p9_dtx3l_xl_h100,inter,parp9,MD1,dtx3l,KH5,5,1250,1219,2.64,2.71,5.58,5.55,5.55,0.51
binding_go/p9_dtx3l_xl_h100,inter,parp9,MD1,dtx3l,RING,5,1250,1219,1.2,1.23,7.94,7.89,7.9,0.55
binding_go/p9_dtx3l_xl_h100,inter,parp9,MD1,dtx3l,DTC,5,1250,1219,3.2,3.28,8.37,8.31,8.31,0.51
binding_go/p9_dtx3l_xl_h100,inter,parp9,MD2,dtx3l,RRM,5,1250,1219,1.04,1.07,10.2,10.17,10.04,0.59
binding_go/p9_dtx3l_xl_h100,inter,parp9,MD2,dtx3l,KH1,5,1250,1219,1.52,1.56,8.15,8.11,8.07,0.56
binding_go/p9_dtx3l_xl_h100,inter,parp9,MD2,dtx3l,KH2,5,1250,1219,3.12,3.2,6.32,6.27,6.34,0.52
binding_go/p9_dtx3l_xl_h100,inter,parp9,MD2,dtx3l,KH3,5,1250,1219,3.28,3.36,5.21,5.18,5.23,0.52
binding_go/p9_dtx3l_xl_h100,inter,parp9,MD2,dtx3l,KH4,5,1250,1219,2.16,2.21,5.1,5.06,5.13,0.56
binding_go/p9_dtx3l_xl_h100,inter,parp9,MD2,dtx3l,KH5,5,1250,1219,1.84,1.89,6.05,6.02,5.96,0.55
binding_go/p9_dtx3l_xl_h100,inter,parp9,MD2,dtx3l,RING,5,1250,1219,1.52,1.56,8.29,8.24,8.16,0.57
binding_go/p9_dtx3l_xl_h100,inter,parp9,MD2,dtx3l,DTC,5,1250,1219,2.8,2.87,8.7,8.64,8.54,0.5
binding_go/p9_dtx3l_xl_h100,inter,parp9,1/2KH1b,dtx3l,RRM,5,1250,1219,0.64,0.66,9.64,9.64,9.45,0.53
binding_go/p9_dtx3l_xl_h100,inter,parp9,1/2KH1b,dtx3l,KH1,5,1250,1219,1.28,1.31,7.09,7.08,7.08,0.58
binding_go/p9_dtx3l_xl_h100,inter,parp9,1/2KH1b,dtx3l,KH2,5,1250,1219,2.0,2.05,4.78,4.76,4.81,0.53
binding_go/p9_dtx3l_xl_h100,inter,parp9,1/2KH1b,dtx3l,KH3,5,1250,1219,3.92,4.02,3.24,3.23,3.25,0.53
binding_go/p9_dtx3l_xl_h100,inter,parp9,1/2KH1b,dtx3l,KH4,5,1250,1219,0.64,0.66,3.29,3.27,3.32,0.67
binding_go/p9_dtx3l_xl_h100,inter,parp9,1/2KH1b,dtx3l,KH5,5,1250,1219,2.4,2.46,4.58,4.56,4.7,0.6
binding_go/p9_dtx3l_xl_h100,inter,parp9,1/2KH1b,dtx3l,RING,5,1250,1219,1.12,1.15,7.44,7.42,7.34,0.53
binding_go/p9_dtx3l_xl_h100,inter,parp9,1/2KH1b,dtx3l,DTC,5,1250,1219,1.68,1.72,8.04,8.0,8.0,0.57
binding_go/p9_dtx3l_xl_h100,inter,parp9,KH2,dtx3l,RRM,5,1250,1219,1.12,1.15,8.52,8.51,8.3,0.55
binding_go/p9_dtx3l_xl_h100,inter,parp9,KH2,dtx3l,KH1,5,1250,1219,1.92,1.97,5.8,5.79,5.83,0.53
binding_go/p9_dtx3l_xl_h100,inter,parp9,KH2,dtx3l,KH2,5,1250,1219,4.0,4.1,3.23,3.22,3.3,0.52
binding_go/p9_dtx3l_xl_h100,inter,parp9,KH2,dtx3l,KH3,5,1250,1219,39.92,40.94,1.29,1.28,1.19,0.48
binding_go/p9_dtx3l_xl_h100,inter,parp9,KH2,dtx3l,KH4,5,1250,1219,88.32,90.57,0.75,0.74,0.66,0.51
binding_go/p9_dtx3l_xl_h100,inter,parp9,KH2,dtx3l,KH5,5,1250,1219,19.04,19.52,2.08,2.07,2.01,0.51
binding_go/p9_dtx3l_xl_h100,inter,parp9,KH2,dtx3l,RING,5,1250,1219,1.84,1.89,5.45,5.43,5.28,0.52
binding_go/p9_dtx3l_xl_h100,inter,parp9,KH2,dtx3l,DTC,5,1250,1219,2.96,3.04,6.24,6.22,6.17,0.48
binding_go/p9_dtx3l_xl_h100,inter,parp9,ART,dtx3l,RRM,5,1250,1219,1.36,1.39,9.56,9.55,9.46,0.58
binding_go/p9_dtx3l_xl_h100,inter,parp9,ART,dtx3l,KH1,5,1250,1219,2.72,2.79,7.25,7.24,7.28,0.52
binding_go/p9_dtx3l_xl_h100,inter,parp9,ART,dtx3l,KH2,5,1250,1219,4.24,4.35,5.19,5.18,5.3,0.49
binding_go/p9_dtx3l_xl_h100,inter,parp9,ART,dtx3l,KH3,5,1250,1219,5.68,5.82,3.72,3.72,3.72,0.5
binding_go/p9_dtx3l_xl_h100,inter,parp9,ART,dtx3l,KH4,5,1250,1219,20.72,21.25,2.1,2.09,2.04,0.54
binding_go/p9_dtx3l_xl_h100,inter,parp9,ART,dtx3l,KH5,5,1250,1219,13.12,13.45,3.08,3.06,3.01,0.52
binding_go/p9_dtx3l_xl_h100,inter,parp9,ART,dtx3l,RING,5,1250,1219,3.52,3.61,5.85,5.83,5.73,0.54
binding_go/p9_dtx3l_xl_h100,inter,parp9,ART,dtx3l,DTC,5,1250,1219,5.6,5.74,6.57,6.55,6.5,0.53
binding_go/p9_dtx3l_xl_go15,inter,parp9,1/2KH1a,dtx3l,RRM,5,1250,778,0.32,0.51,12.47,9.74,9.36,0.67
binding_go/p9_dtx3l_xl_go15,inter,parp9,1/2KH1a,dtx3l,KH1,5,1250,778,0.8,1.29,11.0,7.25,7.04,0.62
binding_go/p9_dtx3l_xl_go15,inter,parp9,1/2KH1a,dtx3l,KH2,5,1250,778,2.08,3.34,9.75,5.16,5.08,0.54
binding_go/p9_dtx3l_xl_go15,inter,parp9,1/2KH1a,dtx3l,KH3,5,1250,778,2.56,4.11,8.99,3.81,3.68,0.58
binding_go/p9_dtx3l_xl_go15,inter,parp9,1/2KH1a,dtx3l,KH4,5,1250,778,1.44,2.31,8.65,3.5,3.45,0.56
binding_go/p9_dtx3l_xl_go15,inter,parp9,1/2KH1a,dtx3l,KH5,5,1250,778,2.16,3.47,9.43,4.65,4.69,0.59
binding_go/p9_dtx3l_xl_go15,inter,parp9,1/2KH1a,dtx3l,RING,5,1250,778,0.64,1.03,11.05,7.33,7.25,0.62
binding_go/p9_dtx3l_xl_go15,inter,parp9,1/2KH1a,dtx3l,DTC,5,1250,778,1.52,2.44,11.22,7.79,7.6,0.52
binding_go/p9_dtx3l_xl_go15,inter,parp9,MD1,dtx3l,RRM,5,1250,778,0.88,1.41,12.29,9.84,9.73,0.59
binding_go/p9_dtx3l_xl_go15,inter,parp9,MD1,dtx3l,KH1,5,1250,778,2.56,4.11,11.04,7.71,7.46,0.53
binding_go/p9_dtx3l_xl_go15,inter,parp9,MD1,dtx3l,KH2,5,1250,778,3.36,5.4,10.05,6.01,6.03,0.49
binding_go/p9_dtx3l_xl_go15,inter,parp9,MD1,dtx3l,KH3,5,1250,778,1.76,2.83,9.49,4.98,4.86,0.5
binding_go/p9_dtx3l_xl_go15,inter,parp9,MD1,dtx3l,KH4,5,1250,778,2.24,3.6,9.23,4.79,4.92,0.54
binding_go/p9_dtx3l_xl_go15,inter,parp9,MD1,dtx3l,KH5,5,1250,778,1.44,2.31,9.85,5.75,5.66,0.51
binding_go/p9_dtx3l_xl_go15,inter,parp9,MD1,dtx3l,RING,5,1250,778,1.04,1.67,11.18,7.88,7.82,0.57
binding_go/p9_dtx3l_xl_go15,inter,parp9,MD1,dtx3l,DTC,5,1250,778,1.84,2.96,11.23,8.2,8.16,0.56
binding_go/p9_dtx3l_xl_go15,inter,parp9,MD2,dtx3l,RRM,5,1250,778,0.64,1.03,12.4,10.07,9.88,0.68
binding_go/p9_dtx3l_xl_go15,inter,parp9,MD2,dtx3l,KH1,5,1250,778,1.84,2.96,11.16,7.92,7.67,0.52
binding_go/p9_dtx3l_xl_go15,inter,parp9,MD2,dtx3l,KH2,5,1250,778,1.52,2.44,10.26,6.39,6.36,0.55
binding_go/p9_dtx3l_xl_go15,inter,parp9,MD2,dtx3l,KH3,5,1250,778,1.76,2.83,9.7,5.38,5.37,0.51
binding_go/p9_dtx3l_xl_go15,inter,parp9,MD2,dtx3l,KH4,5,1250,778,1.84,2.96,9.45,5.15,5.11,0.58
binding_go/p9_dtx3l_xl_go15,inter,parp9,MD2,dtx3l,KH5,5,1250,778,1.84,2.96,10.1,6.12,6.23,0.57
binding_go/p9_dtx3l_xl_go15,inter,parp9,MD2,dtx3l,RING,5,1250,778,0.8,1.29,11.33,8.16,8.05,0.56
binding_go/p9_dtx3l_xl_go15,inter,parp9,MD2,dtx3l,DTC,5,1250,778,2.16,3.47,11.41,8.49,8.28,0.54
binding_go/p9_dtx3l_xl_go15,inter,parp9,1/2KH1b,dtx3l,RRM,5,1250,778,0.64,1.03,12.63,9.88,9.52,0.65
binding_go/p9_dtx3l_xl_go15,inter,parp9,1/2KH1b,dtx3l,KH1,5,1250,778,0.56,0.9,11.13,7.34,7.16,0.66
binding_go/p9_dtx3l_xl_go15,inter,parp9,1/2KH1b,dtx3l,KH2,5,1250,778,1.12,1.8,9.84,5.19,5.14,0.56
binding_go/p9_dtx3l_xl_go15,inter,parp9,1/2KH1b,dtx3l,KH3,5,1250,778,1.76,2.83,9.04,3.78,3.57,0.56
binding_go/p9_dtx3l_xl_go15,inter,parp9,1/2KH1b,dtx3l,KH4,5,1250,778,0.72,1.16,8.71,3.49,3.43,0.62
binding_go/p9_dtx3l_xl_go15,inter,parp9,1/2KH1b,dtx3l,KH5,5,1250,778,2.24,3.6,9.49,4.64,4.76,0.57
binding_go/p9_dtx3l_xl_go15,inter,parp9,1/2KH1b,dtx3l,RING,5,1250,778,0.4,0.64,11.15,7.39,7.26,0.58
binding_go/p9_dtx3l_xl_go15,inter,parp9,1/2KH1b,dtx3l,DTC,5,1250,778,1.52,2.44,11.34,7.88,7.72,0.57
binding_go/p9_dtx3l_xl_go15,inter,parp9,KH2,dtx3l,RRM,5,1250,778,0.64,1.03,11.59,8.76,8.54,0.57
binding_go/p9_dtx3l_xl_go15,inter,parp9,KH2,dtx3l,KH1,5,1250,778,1.52,2.44,10.01,6.02,6.02,0.57
binding_go/p9_dtx3l_xl_go15,inter,parp9,KH2,dtx3l,KH2,5,1250,778,2.72,4.37,8.49,3.5,3.34,0.53
binding_go/p9_dtx3l_xl_go15,inter,parp9,KH2,dtx3l,KH3,5,1250,778,22.4,35.99,7.46,1.74,1.37,0.49
binding_go/p9_dtx3l_xl_go15,inter,parp9,KH2,dtx3l,KH4,5,1250,778,53.2,85.48,6.8,0.94,0.68,0.47
binding_go/p9_dtx3l_xl_go15,inter,parp9,KH2,dtx3l,KH5,5,1250,778,13.44,21.59,7.65,2.2,2.01,0.48
binding_go/p9_dtx3l_xl_go15,inter,parp9,KH2,dtx3l,RING,5,1250,778,1.68,2.7,9.67,5.53,5.42,0.55
binding_go/p9_dtx3l_xl_go15,inter,parp9,KH2,dtx3l,DTC,5,1250,778,3.6,5.78,9.99,6.23,6.13,0.49
binding_go/p9_dtx3l_xl_go15,inter,parp9,ART,dtx3l,RRM,5,1250,778,1.04,1.67,11.96,9.63,9.64,0.53
binding_go/p9_dtx3l_xl_go15,inter,parp9,ART,dtx3l,KH1,5,1250,778,1.44,2.31,10.64,7.35,7.22,0.58
binding_go/p9_dtx3l_xl_go15,inter,parp9,ART,dtx3l,KH2,5,1250,778,2.96,4.76,9.39,5.29,5.44,0.52
binding_go/p9_dtx3l_xl_go15,inter,parp9,ART,dtx3l,KH3,5,1250,778,3.76,6.04,8.62,3.95,3.83,0.5
binding_go/p9_dtx3l_xl_go15,inter,parp9,ART,dtx3l,KH4,5,1250,778,11.52,18.51,7.49,2.38,2.15,0.46
binding_go/p9_dtx3l_xl_go15,inter,parp9,ART,dtx3l,KH5,5,1250,778,8.24,13.24,8.15,3.28,3.15,0.54
binding_go/p9_dtx3l_xl_go15,inter,parp9,ART,dtx3l,RING,5,1250,778,1.6,2.57,9.88,6.08,6.06,0.54
binding_go/p9_dtx3l_xl_go15,inter,parp9,ART,dtx3l,DTC,5,1250,778,2.64,4.24,10.11,6.63,6.35,0.48
binding_gotight/p9_dtx3l_got_r15_k50,inter,parp9,1/2KH1a,dtx3l,RRM,5,1250,804,0.48,0.75,12.44,9.48,9.22,0.6
binding_gotight/p9_dtx3l_got_r15_k50,inter,parp9,1/2KH1a,dtx3l,KH1,5,1250,804,0.4,0.62,11.0,7.05,7.04,0.61
binding_gotight/p9_dtx3l_got_r15_k50,inter,parp9,1/2KH1a,dtx3l,KH2,5,1250,804,1.76,2.74,9.55,4.69,4.79,0.63
binding_gotight/p9_dtx3l_got_r15_k50,inter,parp9,1/2KH1a,dtx3l,KH3,5,1250,804,2.96,4.6,8.66,3.14,3.16,0.46
binding_gotight/p9_dtx3l_got_r15_k50,inter,parp9,1/2KH1a,dtx3l,KH4,5,1250,804,0.32,0.5,8.76,3.44,3.41,0.59
binding_gotight/p9_dtx3l_got_r15_k50,inter,parp9,1/2KH1a,dtx3l,KH5,5,1250,804,2.4,3.73,9.29,4.23,4.23,0.56
binding_gotight/p9_dtx3l_got_r15_k50,inter,parp9,1/2KH1a,dtx3l,RING,5,1250,804,0.56,0.87,11.08,7.18,7.07,0.53
binding_gotight/p9_dtx3l_got_r15_k50,inter,parp9,1/2KH1a,dtx3l,DTC,5,1250,804,1.6,2.49,11.18,7.7,7.56,0.57
binding_gotight/p9_dtx3l_got_r15_k50,inter,parp9,MD1,dtx3l,RRM,5,1250,804,1.28,1.99,12.38,9.73,9.51,0.47
binding_gotight/p9_dtx3l_got_r15_k50,inter,parp9,MD1,dtx3l,KH1,5,1250,804,1.52,2.36,11.16,7.61,7.63,0.49
binding_gotight/p9_dtx3l_got_r15_k50,inter,parp9,MD1,dtx3l,KH2,5,1250,804,2.96,4.6,9.9,5.6,5.7,0.57
binding_gotight/p9_dtx3l_got_r15_k50,inter,parp9,MD1,dtx3l,KH3,5,1250,804,2.72,4.23,9.22,4.37,4.42,0.48
binding_gotight/p9_dtx3l_got_r15_k50,inter,parp9,MD1,dtx3l,KH4,5,1250,804,1.44,2.24,9.3,4.63,4.67,0.55
binding_gotight/p9_dtx3l_got_r15_k50,inter,parp9,MD1,dtx3l,KH5,5,1250,804,1.76,2.74,9.75,5.31,5.29,0.55
binding_gotight/p9_dtx3l_got_r15_k50,inter,parp9,MD1,dtx3l,RING,5,1250,804,1.12,1.74,11.25,7.76,7.8,0.56
binding_gotight/p9_dtx3l_got_r15_k50,inter,parp9,MD1,dtx3l,DTC,5,1250,804,1.36,2.11,11.3,8.18,8.18,0.53
binding_gotight/p9_dtx3l_got_r15_k50,inter,parp9,MD2,dtx3l,RRM,5,1250,804,1.12,1.74,12.61,10.07,9.83,0.54
binding_gotight/p9_dtx3l_got_r15_k50,inter,parp9,MD2,dtx3l,KH1,5,1250,804,1.12,1.74,11.43,7.98,7.93,0.54
binding_gotight/p9_dtx3l_got_r15_k50,inter,parp9,MD2,dtx3l,KH2,5,1250,804,1.84,2.86,10.23,6.05,6.13,0.51
binding_gotight/p9_dtx3l_got_r15_k50,inter,parp9,MD2,dtx3l,KH3,5,1250,804,2.48,3.86,9.61,4.9,4.91,0.56
binding_gotight/p9_dtx3l_got_r15_k50,inter,parp9,MD2,dtx3l,KH4,5,1250,804,1.04,1.62,9.67,5.13,5.26,0.56
binding_gotight/p9_dtx3l_got_r15_k50,inter,parp9,MD2,dtx3l,KH5,5,1250,804,1.36,2.11,10.09,5.75,5.71,0.59
binding_gotight/p9_dtx3l_got_r15_k50,inter,parp9,MD2,dtx3l,RING,5,1250,804,0.8,1.24,11.45,8.04,8.02,0.51
binding_gotight/p9_dtx3l_got_r15_k50,inter,parp9,MD2,dtx3l,DTC,5,1250,804,1.92,2.99,11.47,8.41,8.17,0.49
binding_gotight/p9_dtx3l_got_r15_k50,inter,parp9,1/2KH1b,dtx3l,RRM,5,1250,804,0.56,0.87,12.52,9.54,9.34,0.62
binding_gotight/p9_dtx3l_got_r15_k50,inter,parp9,1/2KH1b,dtx3l,KH1,5,1250,804,0.64,1.0,11.06,7.08,7.09,0.65
binding_gotight/p9_dtx3l_got_r15_k50,inter,parp9,1/2KH1b,dtx3l,KH2,5,1250,804,0.72,1.12,9.6,4.7,4.79,0.6
binding_gotight/p9_dtx3l_got_r15_k50,inter,parp9,1/2KH1b,dtx3l,KH3,5,1250,804,2.32,3.61,8.66,3.08,3.06,0.57
binding_gotight/p9_dtx3l_got_r15_k50,inter,parp9,1/2KH1b,dtx3l,KH4,5,1250,804,0.16,0.25,8.82,3.45,3.46,0.91
binding_gotight/p9_dtx3l_got_r15_k50,inter,parp9,1/2KH1b,dtx3l,KH5,5,1250,804,1.84,2.86,9.33,4.22,4.3,0.58
binding_gotight/p9_dtx3l_got_r15_k50,inter,parp9,1/2KH1b,dtx3l,RING,5,1250,804,0.48,0.75,11.17,7.24,7.16,0.61
binding_gotight/p9_dtx3l_got_r15_k50,inter,parp9,1/2KH1b,dtx3l,DTC,5,1250,804,1.12,1.74,11.28,7.78,7.65,0.56
binding_gotight/p9_dtx3l_got_r15_k50,inter,parp9,KH2,dtx3l,RRM,5,1250,804,0.72,1.12,11.47,8.34,7.95,0.59
binding_gotight/p9_dtx3l_got_r15_k50,inter,parp9,KH2,dtx3l,KH1,5,1250,804,2.0,3.11,9.91,5.7,5.73,0.52
binding_gotight/p9_dtx3l_got_r15_k50,inter,parp9,KH2,dtx3l,KH2,5,1250,804,1.44,2.24,8.28,3.11,3.18,0.51
binding_gotight/p9_dtx3l_got_r15_k50,inter,parp9,KH2,dtx3l,KH3,5,1250,804,38.32,59.58,7.06,1.05,0.89,0.48
binding_gotight/p9_dtx3l_got_r15_k50,inter,parp9,KH2,dtx3l,KH4,5,1250,804,60.0,93.28,6.8,0.78,0.66,0.5
binding_gotight/p9_dtx3l_got_r15_k50,inter,parp9,KH2,dtx3l,KH5,5,1250,804,17.92,27.86,7.5,1.81,1.68,0.52
binding_gotight/p9_dtx3l_got_r15_k50,inter,parp9,KH2,dtx3l,RING,5,1250,804,1.68,2.61,9.68,5.35,5.21,0.55
binding_gotight/p9_dtx3l_got_r15_k50,inter,parp9,KH2,dtx3l,DTC,5,1250,804,2.32,3.61,9.91,6.06,6.08,0.53
binding_gotight/p9_dtx3l_got_r15_k50,inter,parp9,ART,dtx3l,RRM,5,1250,804,0.88,1.37,11.97,9.38,9.38,0.62
binding_gotight/p9_dtx3l_got_r15_k50,inter,parp9,ART,dtx3l,KH1,5,1250,804,1.92,2.99,10.61,7.03,7.0,0.5
binding_gotight/p9_dtx3l_got_r15_k50,inter,parp9,ART,dtx3l,KH2,5,1250,804,2.72,4.23,9.27,4.95,5.11,0.53
binding_gotight/p9_dtx3l_got_r15_k50,inter,parp9,ART,dtx3l,KH3,5,1250,804,4.64,7.21,8.35,3.39,3.4,0.48
binding_gotight/p9_dtx3l_got_r15_k50,inter,parp9,ART,dtx3l,KH4,5,1250,804,13.04,20.27,7.33,1.99,1.91,0.49
binding_gotight/p9_dtx3l_got_r15_k50,inter,parp9,ART,dtx3l,KH5,5,1250,804,8.48,13.18,8.0,2.99,2.86,0.52
binding_gotight/p9_dtx3l_got_r15_k50,inter,parp9,ART,dtx3l,RING,5,1250,804,2.0,3.11,9.71,5.77,5.68,0.5
binding_gotight/p9_dtx3l_got_r15_k50,inter,parp9,ART,dtx3l,DTC,5,1250,804,4.48,6.97,9.81,6.29,6.2,0.51
binding_gotight/p9_dtx3l_got_r12_k50,inter,parp9,1/2KH1a,dtx3l,RRM,5,1250,815,0.64,0.98,12.28,9.36,9.2,0.59
binding_gotight/p9_dtx3l_got_r12_k50,inter,parp9,1/2KH1a,dtx3l,KH1,5,1250,815,0.88,1.35,10.75,6.8,6.63,0.58
binding_gotight/p9_dtx3l_got_r12_k50,inter,parp9,1/2KH1a,dtx3l,KH2,5,1250,815,1.2,1.84,9.25,4.55,4.57,0.59
binding_gotight/p9_dtx3l_got_r12_k50,inter,parp9,1/2KH1a,dtx3l,KH3,5,1250,815,2.72,4.17,8.38,3.08,3.11,0.55
binding_gotight/p9_dtx3l_got_r12_k50,inter,parp9,1/2KH1a,dtx3l,KH4,5,1250,815,0.8,1.23,8.53,3.52,3.54,0.59
binding_gotight/p9_dtx3l_got_r12_k50,inter,parp9,1/2KH1a,dtx3l,KH5,5,1250,815,2.16,3.31,9.13,4.43,4.57,0.58
binding_gotight/p9_dtx3l_got_r12_k50,inter,parp9,1/2KH1a,dtx3l,RING,5,1250,815,0.32,0.49,10.9,7.27,7.27,0.52
binding_gotight/p9_dtx3l_got_r12_k50,inter,parp9,1/2KH1a,dtx3l,DTC,5,1250,815,1.36,2.09,11.08,7.83,7.85,0.57
binding_gotight/p9_dtx3l_got_r12_k50,inter,parp9,MD1,dtx3l,RRM,5,1250,815,0.96,1.47,12.08,9.53,9.46,0.58
binding_gotight/p9_dtx3l_got_r12_k50,inter,parp9,MD1,dtx3l,KH1,5,1250,815,2.64,4.05,10.7,7.29,7.32,0.54
binding_gotight/p9_dtx3l_got_r12_k50,inter,parp9,MD1,dtx3l,KH2,5,1250,815,3.28,5.03,9.5,5.42,5.58,0.52
binding_gotight/p9_dtx3l_got_r12_k50,inter,parp9,MD1,dtx3l,KH3,5,1250,815,2.96,4.54,8.9,4.36,4.41,0.54
binding_gotight/p9_dtx3l_got_r12_k50,inter,parp9,MD1,dtx3l,KH4,5,1250,815,1.76,2.7,9.07,4.78,4.86,0.5
binding_gotight/p9_dtx3l_got_r12_k50,inter,parp9,MD1,dtx3l,KH5,5,1250,815,1.12,1.72,9.63,5.57,5.56,0.56
binding_gotight/p9_dtx3l_got_r12_k50,inter,parp9,MD1,dtx3l,RING,5,1250,815,0.48,0.74,11.11,7.95,7.92,0.58
binding_gotight/p9_dtx3l_got_r12_k50,inter,parp9,MD1,dtx3l,DTC,5,1250,815,2.16,3.31,11.16,8.33,8.35,0.52
binding_gotight/p9_dtx3l_got_r12_k50,inter,parp9,MD2,dtx3l,RRM,5,1250,815,0.8,1.23,12.23,9.8,9.65,0.55
binding_gotight/p9_dtx3l_got_r12_k50,inter,parp9,MD2,dtx3l,KH1,5,1250,815,1.36,2.09,11.0,7.78,7.57,0.53
binding_gotight/p9_dtx3l_got_r12_k50,inter,parp9,MD2,dtx3l,KH2,5,1250,815,2.24,3.44,9.82,5.98,6.06,0.53
binding_gotight/p9_dtx3l_got_r12_k50,inter,parp9,MD2,dtx3l,KH3,5,1250,815,1.52,2.33,9.26,4.98,4.91,0.57
binding_gotight/p9_dtx3l_got_r12_k50,inter,parp9,MD2,dtx3l,KH4,5,1250,815,1.2,1.84,9.37,5.31,5.4,0.64
binding_gotight/p9_dtx3l_got_r12_k50,inter,parp9,MD2,dtx3l,KH5,5,1250,815,1.68,2.58,9.82,6.01,6.1,0.56
binding_gotight/p9_dtx3l_got_r12_k50,inter,parp9,MD2,dtx3l,RING,5,1250,815,0.88,1.35,11.27,8.27,8.37,0.68
binding_gotight/p9_dtx3l_got_r12_k50,inter,parp9,MD2,dtx3l,DTC,5,1250,815,2.16,3.31,11.37,8.69,8.6,0.54
binding_gotight/p9_dtx3l_got_r12_k50,inter,parp9,1/2KH1b,dtx3l,RRM,5,1250,815,0.48,0.74,12.39,9.43,9.26,0.58
binding_gotight/p9_dtx3l_got_r12_k50,inter,parp9,1/2KH1b,dtx3l,KH1,5,1250,815,0.72,1.1,10.84,6.86,6.73,0.58
binding_gotight/p9_dtx3l_got_r12_k50,inter,parp9,1/2KH1b,dtx3l,KH2,5,1250,815,0.96,1.47,9.33,4.57,4.65,0.55
binding_gotight/p9_dtx3l_got_r12_k50,inter,parp9,1/2KH1b,dtx3l,KH3,5,1250,815,1.92,2.94,8.41,3.03,3.04,0.57
binding_gotight/p9_dtx3l_got_r12_k50,inter,parp9,1/2KH1b,dtx3l,KH4,5,1250,815,0.24,0.37,8.6,3.53,3.56,0.93
binding_gotight/p9_dtx3l_got_r12_k50,inter,parp9,1/2KH1b,dtx3l,KH5,5,1250,815,1.84,2.82,9.19,4.42,4.54,0.57
binding_gotight/p9_dtx3l_got_r12_k50,inter,parp9,1/2KH1b,dtx3l,RING,5,1250,815,0.48,0.74,11.0,7.32,7.23,0.61
binding_gotight/p9_dtx3l_got_r12_k50,inter,parp9,1/2KH1b,dtx3l,DTC,5,1250,815,1.04,1.6,11.18,7.9,8.03,0.58
binding_gotight/p9_dtx3l_got_r12_k50,inter,parp9,KH2,dtx3l,RRM,5,1250,815,1.04,1.6,11.47,8.43,8.31,0.55
binding_gotight/p9_dtx3l_got_r12_k50,inter,parp9,KH2,dtx3l,KH1,5,1250,815,2.08,3.19,9.78,5.63,5.7,0.48
binding_gotight/p9_dtx3l_got_r12_k50,inter,parp9,KH2,dtx3l,KH2,5,1250,815,1.68,2.58,8.11,3.03,3.02,0.55
binding_gotight/p9_dtx3l_got_r12_k50,inter,parp9,KH2,dtx3l,KH3,5,1250,815,45.76,70.18,6.81,0.97,0.76,0.49
binding_gotight/p9_dtx3l_got_r12_k50,inter,parp9,KH2,dtx3l,KH4,5,1250,815,62.08,95.21,6.54,0.81,0.67,0.5
binding_gotight/p9_dtx3l_got_r12_k50,inter,parp9,KH2,dtx3l,KH5,5,1250,815,14.64,22.45,7.26,1.9,1.75,0.49
binding_gotight/p9_dtx3l_got_r12_k50,inter,parp9,KH2,dtx3l,RING,5,1250,815,1.52,2.33,9.43,5.39,5.14,0.52
binding_gotight/p9_dtx3l_got_r12_k50,inter,parp9,KH2,dtx3l,DTC,5,1250,815,2.96,4.54,9.71,6.13,6.08,0.48
binding_gotight/p9_dtx3l_got_r12_k50,inter,parp9,ART,dtx3l,RRM,5,1250,815,1.36,2.09,11.81,9.26,9.32,0.54
binding_gotight/p9_dtx3l_got_r12_k50,inter,parp9,ART,dtx3l,KH1,5,1250,815,2.32,3.56,10.25,6.71,6.68,0.56
binding_gotight/p9_dtx3l_got_r12_k50,inter,parp9,ART,dtx3l,KH2,5,1250,815,3.84,5.89,8.99,4.69,4.87,0.47
binding_gotight/p9_dtx3l_got_r12_k50,inter,parp9,ART,dtx3l,KH3,5,1250,815,6.56,10.06,8.03,3.17,3.18,0.53
binding_gotight/p9_dtx3l_got_r12_k50,inter,parp9,ART,dtx3l,KH4,5,1250,815,14.16,21.72,7.08,1.98,1.85,0.51
binding_gotight/p9_dtx3l_got_r12_k50,inter,parp9,ART,dtx3l,KH5,5,1250,815,7.76,11.9,7.83,3.09,2.96,0.53
binding_gotight/p9_dtx3l_got_r12_k50,inter,parp9,ART,dtx3l,RING,5,1250,815,1.76,2.7,9.62,5.96,5.82,0.56
binding_gotight/p9_dtx3l_got_r12_k50,inter,parp9,ART,dtx3l,DTC,5,1250,815,3.44,5.28,9.82,6.57,6.42,0.47
binding_gotight/p9_dtx3l_got_r12_k100,inter,parp9,1/2KH1a,dtx3l,RRM,5,1250,856,0.24,0.35,12.14,9.53,9.54,0.7
binding_gotight/p9_dtx3l_got_r12_k100,inter,parp9,1/2KH1a,dtx3l,KH1,5,1250,856,0.8,1.17,10.6,7.04,6.96,0.59
binding_gotight/p9_dtx3l_got_r12_k100,inter,parp9,1/2KH1a,dtx3l,KH2,5,1250,856,1.76,2.57,8.95,4.58,4.7,0.57
binding_gotight/p9_dtx3l_got_r12_k100,inter,parp9,1/2KH1a,dtx3l,KH3,5,1250,856,3.68,5.37,7.98,3.02,3.04,0.55
binding_gotight/p9_dtx3l_got_r12_k100,inter,parp9,1/2KH1a,dtx3l,KH4,5,1250,856,0.56,0.82,8.22,3.47,3.47,0.53
binding_gotight/p9_dtx3l_got_r12_k100,inter,parp9,1/2KH1a,dtx3l,KH5,5,1250,856,2.72,3.97,8.68,4.17,4.15,0.56
binding_gotight/p9_dtx3l_got_r12_k100,inter,parp9,1/2KH1a,dtx3l,RING,5,1250,856,0.8,1.17,10.44,6.98,6.97,0.57
binding_gotight/p9_dtx3l_got_r12_k100,inter,parp9,1/2KH1a,dtx3l,DTC,5,1250,856,1.68,2.45,10.6,7.65,7.74,0.55
binding_gotight/p9_dtx3l_got_r12_k100,inter,parp9,MD1,dtx3l,RRM,5,1250,856,1.04,1.52,12.14,9.92,9.81,0.47
binding_gotight/p9_dtx3l_got_r12_k100,inter,parp9,MD1,dtx3l,KH1,5,1250,856,1.68,2.45,10.83,7.8,7.89,0.51
binding_gotight/p9_dtx3l_got_r12_k100,inter,parp9,MD1,dtx3l,KH2,5,1250,856,2.88,4.21,9.44,5.71,5.84,0.52
binding_gotight/p9_dtx3l_got_r12_k100,inter,parp9,MD1,dtx3l,KH3,5,1250,856,3.04,4.44,8.71,4.49,4.57,0.51
binding_gotight/p9_dtx3l_got_r12_k100,inter,parp9,MD1,dtx3l,KH4,5,1250,856,1.76,2.57,8.87,4.84,4.97,0.47
binding_gotight/p9_dtx3l_got_r12_k100,inter,parp9,MD1,dtx3l,KH5,5,1250,856,2.8,4.09,9.27,5.41,5.45,0.5
binding_gotight/p9_dtx3l_got_r12_k100,inter,parp9,MD1,dtx3l,RING,5,1250,856,1.12,1.64,10.69,7.72,7.57,0.57
binding_gotight/p9_dtx3l_got_r12_k100,inter,parp9,MD1,dtx3l,DTC,5,1250,856,2.24,3.27,10.75,8.2,8.15,0.49
binding_gotight/p9_dtx3l_got_r12_k100,inter,parp9,MD2,dtx3l,RRM,5,1250,856,0.88,1.29,12.21,10.05,9.72,0.54
binding_gotight/p9_dtx3l_got_r12_k100,inter,parp9,MD2,dtx3l,KH1,5,1250,856,1.2,1.75,10.95,7.99,7.9,0.55
binding_gotight/p9_dtx3l_got_r12_k100,inter,parp9,MD2,dtx3l,KH2,5,1250,856,1.84,2.69,9.61,6.01,6.08,0.56
binding_gotight/p9_dtx3l_got_r12_k100,inter,parp9,MD2,dtx3l,KH3,5,1250,856,2.48,3.62,8.96,4.89,4.95,0.52
binding_gotight/p9_dtx3l_got_r12_k100,inter,parp9,MD2,dtx3l,KH4,5,1250,856,0.88,1.29,9.1,5.26,5.38,0.62
binding_gotight/p9_dtx3l_got_r12_k100,inter,parp9,MD2,dtx3l,KH5,5,1250,856,1.52,2.22,9.55,5.89,5.86,0.52
binding_gotight/p9_dtx3l_got_r12_k100,inter,parp9,MD2,dtx3l,RING,5,1250,856,0.8,1.17,10.92,8.1,8.15,0.6
binding_gotight/p9_dtx3l_got_r12_k100,inter,parp9,MD2,dtx3l,DTC,5,1250,856,1.84,2.69,10.92,8.53,8.46,0.48
binding_gotight/p9_dtx3l_got_r12_k100,inter,parp9,1/2KH1b,dtx3l,RRM,5,1250,856,0.0,0.0,12.26,9.63,9.56,1.0
binding_gotight/p9_dtx3l_got_r12_k100,inter,parp9,1/2KH1b,dtx3l,KH1,5,1250,856,0.4,0.58,10.71,7.13,6.96,0.59
binding_gotight/p9_dtx3l_got_r12_k100,inter,parp9,1/2KH1b,dtx3l,KH2,5,1250,856,1.28,1.87,9.01,4.6,4.72,0.62
binding_gotight/p9_dtx3l_got_r12_k100,inter,parp9,1/2KH1b,dtx3l,KH3,5,1250,856,2.32,3.39,7.99,2.97,3.02,0.57
binding_gotight/p9_dtx3l_got_r12_k100,inter,parp9,1/2KH1b,dtx3l,KH4,5,1250,856,0.16,0.23,8.26,3.45,3.5,0.86
binding_gotight/p9_dtx3l_got_r12_k100,inter,parp9,1/2KH1b,dtx3l,KH5,5,1250,856,2.72,3.97,8.71,4.14,4.23,0.61
binding_gotight/p9_dtx3l_got_r12_k100,inter,parp9,1/2KH1b,dtx3l,RING,5,1250,856,0.64,0.93,10.51,7.02,6.93,0.66
binding_gotight/p9_dtx3l_got_r12_k100,inter,parp9,1/2KH1b,dtx3l,DTC,5,1250,856,2.0,2.92,10.68,7.7,7.83,0.52
binding_gotight/p9_dtx3l_got_r12_k100,inter,parp9,KH2,dtx3l,RRM,5,1250,856,1.12,1.64,11.18,8.39,8.16,0.59
binding_gotight/p9_dtx3l_got_r12_k100,inter,parp9,KH2,dtx3l,KH1,5,1250,856,1.52,2.22,9.52,5.74,5.65,0.54
binding_gotight/p9_dtx3l_got_r12_k100,inter,parp9,KH2,dtx3l,KH2,5,1250,856,2.4,3.5,7.68,3.03,3.05,0.52
binding_gotight/p9_dtx3l_got_r12_k100,inter,parp9,KH2,dtx3l,KH3,5,1250,856,48.0,70.09,6.34,0.94,0.79,0.48
binding_gotight/p9_dtx3l_got_r12_k100,inter,parp9,KH2,dtx3l,KH4,5,1250,856,65.92,96.26,6.16,0.76,0.66,0.52
binding_gotight/p9_dtx3l_got_r12_k100,inter,parp9,KH2,dtx3l,KH5,5,1250,856,18.64,27.22,6.84,1.78,1.68,0.48
binding_gotight/p9_dtx3l_got_r12_k100,inter,parp9,KH2,dtx3l,RING,5,1250,856,1.92,2.8,9.07,5.28,5.24,0.49
binding_gotight/p9_dtx3l_got_r12_k100,inter,parp9,KH2,dtx3l,DTC,5,1250,856,3.2,4.67,9.37,6.12,6.11,0.5
binding_gotight/p9_dtx3l_got_r12_k100,inter,parp9,ART,dtx3l,RRM,5,1250,856,0.72,1.05,11.63,9.24,8.79,0.5
binding_gotight/p9_dtx3l_got_r12_k100,inter,parp9,ART,dtx3l,KH1,5,1250,856,1.84,2.69,10.18,6.98,7.02,0.52
binding_gotight/p9_dtx3l_got_r12_k100,inter,parp9,ART,dtx3l,KH2,5,1250,856,4.24,6.19,8.69,4.78,5.02,0.53
binding_gotight/p9_dtx3l_got_r12_k100,inter,parp9,ART,dtx3l,KH3,5,1250,856,5.76,8.41,7.71,3.24,3.31,0.53
binding_gotight/p9_dtx3l_got_r12_k100,inter,parp9,ART,dtx3l,KH4,5,1250,856,15.36,22.43,6.76,1.95,1.84,0.48
binding_gotight/p9_dtx3l_got_r12_k100,inter,parp9,ART,dtx3l,KH5,5,1250,856,9.68,14.14,7.5,3.02,2.9,0.5
binding_gotight/p9_dtx3l_got_r12_k100,inter,parp9,ART,dtx3l,RING,5,1250,856,2.24,3.27,9.33,5.95,5.83,0.51
binding_gotight/p9_dtx3l_got_r12_k100,inter,parp9,ART,dtx3l,DTC,5,1250,856,4.24,6.19,9.53,6.6,6.48,0.46
binding_xl/p9_dtx3l_xl30_k20,inter,parp9,1/2KH1a,dtx3l,RRM,5,1250,1122,0.0,0.0,14.98,14.97,15.35,2.52
binding_xl/p9_dtx3l_xl30_k20,inter,parp9,1/2KH1a,dtx3l,KH1,5,1250,1122,0.0,0.0,15.06,15.01,15.3,6.83
binding_xl/p9_dtx3l_xl30_k20,inter,parp9,1/2KH1a,dtx3l,KH2,5,1250,1122,0.0,0.0,15.54,15.53,15.48,13.42
binding_xl/p9_dtx3l_xl30_k20,inter,parp9,1/2KH1a,dtx3l,KH3,5,1250,1122,0.0,0.0,17.51,17.51,17.51,17.08
binding_xl/p9_dtx3l_xl30_k20,inter,parp9,1/2KH1a,dtx3l,KH4,5,1250,1122,0.0,0.0,11.3,11.3,11.31,10.43
binding_xl/p9_dtx3l_xl30_k20,inter,parp9,1/2KH1a,dtx3l,KH5,5,1250,1122,0.0,0.0,14.45,14.45,14.46,13.41
binding_xl/p9_dtx3l_xl30_k20,inter,parp9,1/2KH1a,dtx3l,RING,5,1250,1122,0.0,0.0,19.61,19.6,19.6,18.55
binding_xl/p9_dtx3l_xl30_k20,inter,parp9,1/2KH1a,dtx3l,DTC,5,1250,1122,0.0,0.0,16.67,16.65,16.67,15.2
binding_xl/p9_dtx3l_xl30_k20,inter,parp9,MD1,dtx3l,RRM,5,1250,1122,2.24,2.5,8.9,8.89,8.88,0.57
binding_xl/p9_dtx3l_xl30_k20,inter,parp9,MD1,dtx3l,KH1,5,1250,1122,3.28,3.65,6.7,6.67,6.6,0.56
binding_xl/p9_dtx3l_xl30_k20,inter,parp9,MD1,dtx3l,KH2,5,1250,1122,0.0,0.0,5.4,5.4,5.3,3.21
binding_xl/p9_dtx3l_xl30_k20,inter,parp9,MD1,dtx3l,KH3,5,1250,1122,0.0,0.0,7.55,7.56,7.55,7.12
binding_xl/p9_dtx3l_xl30_k20,inter,parp9,MD1,dtx3l,KH4,5,1250,1122,0.0,0.0,14.29,14.29,14.3,13.32
binding_xl/p9_dtx3l_xl30_k20,inter,parp9,MD1,dtx3l,KH5,5,1250,1122,0.0,0.0,14.16,14.17,14.26,12.44
binding_xl/p9_dtx3l_xl30_k20,inter,parp9,MD1,dtx3l,RING,5,1250,1122,0.0,0.0,11.2,11.19,11.19,10.2
binding_xl/p9_dtx3l_xl30_k20,inter,parp9,MD1,dtx3l,DTC,5,1250,1122,0.0,0.0,7.78,7.76,7.77,6.54
binding_xl/p9_dtx3l_xl30_k20,inter,parp9,MD2,dtx3l,RRM,5,1250,1122,0.24,0.27,11.66,11.63,11.72,0.77
binding_xl/p9_dtx3l_xl30_k20,inter,parp9,MD2,dtx3l,KH1,5,1250,1122,0.08,0.09,10.48,10.45,10.52,0.58
binding_xl/p9_dtx3l_xl30_k20,inter,parp9,MD2,dtx3l,KH2,5,1250,1122,0.0,0.0,9.89,9.89,9.76,5.81
binding_xl/p9_dtx3l_xl30_k20,inter,parp9,MD2,dtx3l,KH3,5,1250,1122,0.0,0.0,12.03,12.03,11.95,8.97
binding_xl/p9_dtx3l_xl30_k20,inter,parp9,MD2,dtx3l,KH4,5,1250,1122,0.0,0.0,16.1,16.1,16.22,12.61
binding_xl/p9_dtx3l_xl30_k20,inter,parp9,MD2,dtx3l,KH5,5,1250,1122,0.0,0.0,18.16,18.16,18.29,14.56
binding_xl/p9_dtx3l_xl30_k20,inter,parp9,MD2,dtx3l,RING,5,1250,1122,0.0,0.0,13.21,13.21,13.25,9.28
binding_xl/p9_dtx3l_xl30_k20,inter,parp9,MD2,dtx3l,DTC,5,1250,1122,0.0,0.0,10.29,10.28,10.3,5.9
binding_xl/p9_dtx3l_xl30_k20,inter,parp9,1/2KH1b,dtx3l,RRM,5,1250,1122,0.0,0.0,14.91,14.89,15.39,3.05
binding_xl/p9_dtx3l_xl30_k20,inter,parp9,1/2KH1b,dtx3l,KH1,5,1250,1122,0.0,0.0,15.16,15.11,15.49,7.37
binding_xl/p9_dtx3l_xl30_k20,inter,parp9,1/2KH1b,dtx3l,KH2,5,1250,1122,0.0,0.0,16.14,16.14,16.2,14.16
binding_xl/p9_dtx3l_xl30_k20,inter,parp9,1/2KH1b,dtx3l,KH3,5,1250,1122,0.0,0.0,15.99,15.98,15.98,15.62
binding_xl/p9_dtx3l_xl30_k20,inter,parp9,1/2KH1b,dtx3l,KH4,5,1250,1122,0.0,0.0,9.81,9.82,9.82,8.97
binding_xl/p9_dtx3l_xl30_k20,inter,parp9,1/2KH1b,dtx3l,KH5,5,1250,1122,0.0,0.0,13.25,13.25,13.25,12.5
binding_xl/p9_dtx3l_xl30_k20,inter,parp9,1/2KH1b,dtx3l,RING,5,1250,1122,0.0,0.0,20.18,20.17,20.19,19.09
binding_xl/p9_dtx3l_xl30_k20,inter,parp9,1/2KH1b,dtx3l,DTC,5,1250,1122,0.0,0.0,17.3,17.29,17.29,15.84
binding_xl/p9_dtx3l_xl30_k20,inter,parp9,KH2,dtx3l,RRM,5,1250,1122,0.16,0.18,13.54,13.51,14.12,0.61
binding_xl/p9_dtx3l_xl30_k20,inter,parp9,KH2,dtx3l,KH1,5,1250,1122,0.0,0.0,13.23,13.22,13.54,3.88
binding_xl/p9_dtx3l_xl30_k20,inter,parp9,KH2,dtx3l,KH2,5,1250,1122,0.0,0.0,12.2,12.19,12.29,9.87
binding_xl/p9_dtx3l_xl30_k20,inter,parp9,KH2,dtx3l,KH3,5,1250,1122,0.0,0.0,9.36,9.35,9.35,8.86
binding_xl/p9_dtx3l_xl30_k20,inter,parp9,KH2,dtx3l,KH4,5,1250,1122,0.0,0.0,3.7,3.7,3.71,2.48
binding_xl/p9_dtx3l_xl30_k20,inter,parp9,KH2,dtx3l,KH5,5,1250,1122,0.0,0.0,7.82,7.82,7.86,6.55
binding_xl/p9_dtx3l_xl30_k20,inter,parp9,KH2,dtx3l,RING,5,1250,1122,0.0,0.0,15.85,15.85,15.85,14.3
binding_xl/p9_dtx3l_xl30_k20,inter,parp9,KH2,dtx3l,DTC,5,1250,1122,0.0,0.0,14.04,14.05,14.06,11.94
binding_xl/p9_dtx3l_xl30_k20,inter,parp9,ART,dtx3l,RRM,5,1250,1122,1.84,2.05,7.66,7.63,7.44,0.51
binding_xl/p9_dtx3l_xl30_k20,inter,parp9,ART,dtx3l,KH1,5,1250,1122,5.04,5.61,5.14,5.1,5.24,0.53
binding_xl/p9_dtx3l_xl30_k20,inter,parp9,ART,dtx3l,KH2,5,1250,1122,0.08,0.09,3.03,2.99,3.02,0.98
binding_xl/p9_dtx3l_xl30_k20,inter,parp9,ART,dtx3l,KH3,5,1250,1122,88.4,98.48,0.77,0.73,0.7,0.47
binding_xl/p9_dtx3l_xl30_k20,inter,parp9,ART,dtx3l,KH4,5,1250,1122,0.0,0.0,2.54,2.56,2.57,1.24
binding_xl/p9_dtx3l_xl30_k20,inter,parp9,ART,dtx3l,KH5,5,1250,1122,0.0,0.0,4.11,4.11,4.11,2.42
binding_xl/p9_dtx3l_xl30_k20,inter,parp9,ART,dtx3l,RING,5,1250,1122,0.0,0.0,8.45,8.45,8.44,7.13
binding_xl/p9_dtx3l_xl30_k20,inter,parp9,ART,dtx3l,DTC,5,1250,1122,0.0,0.0,5.47,5.47,5.47,3.71
HyRes separated rep1,intra,parp9,1/2KH1a,parp9,MD1,1,2000,2000,91.05,91.05,0.75,0.75,0.72,0.33
HyRes separated rep1,intra,parp9,1/2KH1a,parp9,MD2,1,2000,2000,52.55,52.55,1.2,1.2,0.96,0.38
HyRes separated rep1,intra,parp9,1/2KH1a,parp9,1/2KH1b,1,2000,2000,76.7,76.7,0.72,0.72,0.51,0.33
HyRes separated rep1,intra,parp9,1/2KH1a,parp9,KH2,1,2000,2000,96.1,96.1,0.77,0.77,0.76,0.47
HyRes separated rep1,intra,parp9,1/2KH1a,parp9,ART,1,2000,2000,88.3,88.3,0.78,0.78,0.74,0.35
HyRes separated rep1,intra,parp9,MD1,parp9,MD2,1,2000,2000,82.0,82.0,0.8,0.8,0.72,0.34
HyRes separated rep1,intra,parp9,MD1,parp9,1/2KH1b,1,2000,2000,30.55,30.55,1.71,1.71,1.26,0.35
HyRes separated rep1,intra,parp9,MD1,parp9,KH2,1,2000,2000,80.85,80.85,0.9,0.9,0.68,0.42
HyRes separated rep1,intra,parp9,MD1,parp9,ART,1,2000,2000,32.25,32.25,1.62,1.62,1.85,0.47
HyRes separated rep1,intra,parp9,MD2,parp9,1/2KH1b,1,2000,2000,7.35,7.35,1.82,1.82,1.75,0.47
HyRes separated rep1,intra,parp9,MD2,parp9,KH2,1,2000,2000,37.45,37.45,1.57,1.57,1.4,0.45
HyRes separated rep1,intra,parp9,MD2,parp9,ART,1,2000,2000,8.75,8.75,2.73,2.73,2.93,0.51
HyRes separated rep1,intra,parp9,1/2KH1b,parp9,KH2,1,2000,2000,96.95,96.95,0.81,0.81,0.83,0.35
HyRes separated rep1,intra,parp9,1/2KH1b,parp9,ART,1,2000,2000,67.35,67.35,0.89,0.89,0.86,0.36
HyRes separated rep1,intra,parp9,KH2,parp9,ART,1,2000,2000,98.75,98.75,0.66,0.66,0.65,0.36
HyRes separated rep1,intra,dtx3l,RRM,dtx3l,KH1,1,2000,2000,1.25,1.25,3.54,3.54,3.43,0.59
HyRes separated rep1,intra,dtx3l,RRM,dtx3l,KH2,1,2000,2000,95.75,95.75,0.64,0.64,0.58,0.33
HyRes separated rep1,intra,dtx3l,RRM,dtx3l,KH3,1,2000,2000,36.8,36.8,1.5,1.5,1.14,0.35
HyRes separated rep1,intra,dtx3l,RRM,dtx3l,KH4,1,2000,2000,2.35,2.35,2.84,2.84,2.93,0.55
HyRes separated rep1,intra,dtx3l,RRM,dtx3l,KH5,1,2000,2000,70.25,70.25,0.99,0.99,0.84,0.45
HyRes separated rep1,intra,dtx3l,RRM,dtx3l,RING,1,2000,2000,13.75,13.75,2.23,2.23,2.49,0.52
HyRes separated rep1,intra,dtx3l,RRM,dtx3l,DTC,1,2000,2000,0.3,0.3,3.63,3.63,3.71,0.57
HyRes separated rep1,intra,dtx3l,KH1,dtx3l,KH2,1,2000,2000,0.05,0.05,2.93,2.93,2.98,0.89
HyRes separated rep1,intra,dtx3l,KH1,dtx3l,KH3,1,2000,2000,87.9,87.9,0.86,0.86,0.85,0.46
HyRes separated rep1,intra,dtx3l,KH1,dtx3l,KH4,1,2000,2000,37.9,37.9,1.2,1.2,1.24,0.46
HyRes separated rep1,intra,dtx3l,KH1,dtx3l,KH5,1,2000,2000,0.35,0.35,2.03,2.03,1.97,0.7
HyRes separated rep1,intra,dtx3l,KH1,dtx3l,RING,1,2000,2000,0.05,0.05,2.21,2.21,2.22,0.83
HyRes separated rep1,intra,dtx3l,KH1,dtx3l,DTC,1,2000,2000,99.95,99.95,0.61,0.61,0.61,0.4
HyRes separated rep1,intra,dtx3l,KH2,dtx3l,KH3,1,2000,2000,99.9,99.9,0.75,0.75,0.74,0.51
HyRes separated rep1,intra,dtx3l,KH2,dtx3l,KH4,1,2000,2000,0.05,0.05,2.97,2.97,3.07,0.8
HyRes separated rep1,intra,dtx3l,KH2,dtx3l,KH5,1,2000,2000,46.1,46.1,1.07,1.07,1.07,0.34
HyRes separated rep1,intra,dtx3l,KH2,dtx3l,RING,1,2000,2000,8.25,8.25,1.96,1.96,1.83,0.45
HyRes separated rep1,intra,dtx3l,KH2,dtx3l,DTC,1,2000,2000,0.0,0.0,3.06,3.06,3.19,1.01
HyRes separated rep1,intra,dtx3l,KH3,dtx3l,KH4,1,2000,2000,86.25,86.25,0.78,0.78,0.72,0.42
HyRes separated rep1,intra,dtx3l,KH3,dtx3l,KH5,1,2000,2000,93.5,93.5,0.63,0.63,0.55,0.36
HyRes separated rep1,intra,dtx3l,KH3,dtx3l,RING,1,2000,2000,26.2,26.2,1.22,1.22,1.24,0.48
HyRes separated rep1,intra,dtx3l,KH3,dtx3l,DTC,1,2000,2000,79.95,79.95,0.88,0.88,0.83,0.38
HyRes separated rep1,intra,dtx3l,KH4,dtx3l,KH5,1,2000,2000,100.0,100.0,0.6,0.6,0.6,0.4
HyRes separated rep1,intra,dtx3l,KH4,dtx3l,RING,1,2000,2000,96.95,96.95,0.68,0.68,0.65,0.39
HyRes separated rep1,intra,dtx3l,KH4,dtx3l,DTC,1,2000,2000,99.3,99.3,0.68,0.68,0.67,0.41
HyRes separated rep1,intra,dtx3l,KH5,dtx3l,RING,1,2000,2000,94.8,94.8,0.72,0.72,0.7,0.35
HyRes separated rep1,intra,dtx3l,KH5,dtx3l,DTC,1,2000,2000,3.9,3.9,1.79,1.79,1.81,0.64
HyRes separated rep1,intra,dtx3l,RING,dtx3l,DTC,1,2000,2000,100.0,100.0,0.38,0.38,0.38,0.36
HyRes separated rep1,inter,parp9,1/2KH1a,dtx3l,RRM,1,2000,798,0.7,1.75,12.18,2.6,2.35,0.57
HyRes separated rep1,inter,parp9,1/2KH1a,dtx3l,KH1,1,2000,798,0.0,0.0,13.75,5.96,6.07,3.45
HyRes separated rep1,inter,parp9,1/2KH1a,dtx3l,KH2,1,2000,798,0.0,0.0,12.56,3.7,3.73,1.96
HyRes separated rep1,inter,parp9,1/2KH1a,dtx3l,KH3,1,2000,798,0.0,0.0,13.43,4.89,5.02,2.73
HyRes separated rep1,inter,parp9,1/2KH1a,dtx3l,KH4,1,2000,798,0.0,0.0,13.26,3.89,3.8,3.13
HyRes separated rep1,inter,parp9,1/2KH1a,dtx3l,KH5,1,2000,798,0.0,0.0,12.94,3.07,2.98,1.58
HyRes separated rep1,inter,parp9,1/2KH1a,dtx3l,RING,1,2000,798,0.4,1.0,12.6,2.24,2.22,0.77
HyRes separated rep1,inter,parp9,1/2KH1a,dtx3l,DTC,1,2000,798,0.0,0.0,13.11,4.31,4.4,2.77
HyRes separated rep1,inter,parp9,MD1,dtx3l,RRM,1,2000,798,0.0,0.0,11.78,3.26,3.01,2.52
HyRes separated rep1,inter,parp9,MD1,dtx3l,KH1,1,2000,798,0.0,0.0,11.95,2.9,2.83,1.53
HyRes separated rep1,inter,parp9,MD1,dtx3l,KH2,1,2000,798,0.0,0.0,11.77,3.66,3.64,2.4
HyRes separated rep1,inter,parp9,MD1,dtx3l,KH3,1,2000,798,0.0,0.0,11.94,2.93,2.93,1.82
HyRes separated rep1,inter,parp9,MD1,dtx3l,KH4,1,2000,798,32.55,81.58,11.51,0.94,0.7,0.47
HyRes separated rep1,inter,parp9,MD1,dtx3l,KH5,1,2000,798,0.0,0.0,11.84,2.03,1.94,1.4
HyRes separated rep1,inter,parp9,MD1,dtx3l,RING,1,2000,798,39.25,98.37,11.22,0.66,0.65,0.4
HyRes separated rep1,inter,parp9,MD1,dtx3l,DTC,1,2000,798,37.5,93.98,11.03,0.6,0.51,0.32
HyRes separated rep1,inter,parp9,MD2,dtx3l,RRM,1,2000,798,1.95,4.89,11.23,1.63,1.6,0.57
HyRes separated rep1,inter,parp9,MD2,dtx3l,KH1,1,2000,798,0.35,0.88,11.74,2.8,2.88,0.6
HyRes separated rep1,inter,parp9,MD2,dtx3l,KH2,1,2000,798,21.85,54.76,11.01,1.2,0.95,0.39
HyRes separated rep1,inter,parp9,MD2,dtx3l,KH3,1,2000,798,2.1,5.26,11.62,2.01,1.98,0.76
HyRes separated rep1,inter,parp9,MD2,dtx3l,KH4,1,2000,798,0.0,0.0,11.91,2.98,2.99,2.21
HyRes separated rep1,inter,parp9,MD2,dtx3l,KH5,1,2000,798,0.2,0.5,11.72,2.08,2.09,0.71
HyRes separated rep1,inter,parp9,MD2,dtx3l,RING,1,2000,798,38.8,97.24,11.02,0.71,0.69,0.39
HyRes separated rep1,inter,parp9,MD2,dtx3l,DTC,1,2000,798,7.0,17.54,11.15,1.66,1.67,0.46
HyRes separated rep1,inter,parp9,1/2KH1b,dtx3l,RRM,1,2000,798,25.7,64.41,11.93,1.61,0.78,0.36
HyRes separated rep1,inter,parp9,1/2KH1b,dtx3l,KH1,1,2000,798,0.0,0.0,14.12,6.37,6.32,4.24
HyRes separated rep1,inter,parp9,1/2KH1b,dtx3l,KH2,1,2000,798,0.0,0.0,12.5,3.09,2.83,1.37
HyRes separated rep1,inter,parp9,1/2KH1b,dtx3l,KH3,1,2000,798,0.0,0.0,13.57,4.76,4.65,3.59
HyRes separated rep1,inter,parp9,1/2KH1b,dtx3l,KH4,1,2000,798,0.0,0.0,13.7,4.5,4.42,3.57
HyRes separated rep1,inter,parp9,1/2KH1b,dtx3l,KH5,1,2000,798,0.0,0.0,13.04,2.88,2.63,1.75
HyRes separated rep1,inter,parp9,1/2KH1b,dtx3l,RING,1,2000,798,0.0,0.0,12.83,2.27,2.15,1.18
HyRes separated rep1,inter,parp9,1/2KH1b,dtx3l,DTC,1,2000,798,0.0,0.0,13.66,5.14,5.14,3.38
HyRes separated rep1,inter,parp9,KH2,dtx3l,RRM,1,2000,798,29.6,74.19,11.21,1.37,0.71,0.47
HyRes separated rep1,inter,parp9,KH2,dtx3l,KH1,1,2000,798,0.0,0.0,12.36,3.27,3.11,2.45
HyRes separated rep1,inter,parp9,KH2,dtx3l,KH2,1,2000,798,0.0,0.0,11.64,2.54,2.24,1.2
HyRes separated rep1,inter,parp9,KH2,dtx3l,KH3,1,2000,798,0.0,0.0,12.27,2.99,2.88,2.31
HyRes separated rep1,inter,parp9,KH2,dtx3l,KH4,1,2000,798,34.85,87.34,11.76,0.96,0.75,0.41
HyRes separated rep1,inter,parp9,KH2,dtx3l,KH5,1,2000,798,33.6,84.21,11.69,1.08,0.76,0.5
HyRes separated rep1,inter,parp9,KH2,dtx3l,RING,1,2000,798,32.9,82.46,11.67,0.93,0.84,0.49
HyRes separated rep1,inter,parp9,KH2,dtx3l,DTC,1,2000,798,0.2,0.5,12.04,2.33,2.4,0.62
HyRes separated rep1,inter,parp9,ART,dtx3l,RRM,1,2000,798,17.3,43.36,10.97,1.93,1.43,0.39
HyRes separated rep1,inter,parp9,ART,dtx3l,KH1,1,2000,798,0.0,0.0,12.71,5.56,5.35,4.41
HyRes separated rep1,inter,parp9,ART,dtx3l,KH2,1,2000,798,0.0,0.0,11.66,3.81,3.53,2.48
HyRes separated rep1,inter,parp9,ART,dtx3l,KH3,1,2000,798,0.0,0.0,12.3,4.59,4.46,3.33
HyRes separated rep1,inter,parp9,ART,dtx3l,KH4,1,2000,798,0.0,0.0,12.11,3.2,2.92,1.91
HyRes separated rep1,inter,parp9,ART,dtx3l,KH5,1,2000,798,0.0,0.0,11.58,2.41,2.02,1.3
HyRes separated rep1,inter,parp9,ART,dtx3l,RING,1,2000,798,0.0,0.0,11.84,3.0,2.91,2.35
HyRes separated rep1,inter,parp9,ART,dtx3l,DTC,1,2000,798,0.0,0.0,12.55,5.02,5.01,4.25
HyRes separated rep2,intra,parp9,1/2KH1a,parp9,MD1,1,2000,2000,89.35,89.35,0.73,0.73,0.7,0.31
HyRes separated rep2,intra,parp9,1/2KH1a,parp9,MD2,1,2000,2000,76.65,76.65,0.88,0.88,0.82,0.42
HyRes separated rep2,intra,parp9,1/2KH1a,parp9,1/2KH1b,1,2000,2000,100.0,100.0,0.47,0.47,0.46,0.36
HyRes separated rep2,intra,parp9,1/2KH1a,parp9,KH2,1,2000,2000,94.85,94.85,0.8,0.8,0.79,0.46
HyRes separated rep2,intra,parp9,1/2KH1a,parp9,ART,1,2000,2000,22.3,22.3,2.34,2.34,2.75,0.47
HyRes separated rep2,intra,parp9,MD1,parp9,MD2,1,2000,2000,94.75,94.75,0.71,0.71,0.67,0.44
HyRes separated rep2,intra,parp9,MD1,parp9,1/2KH1b,1,2000,2000,87.6,87.6,0.75,0.75,0.7,0.34
HyRes separated rep2,intra,parp9,MD1,parp9,KH2,1,2000,2000,31.3,31.3,1.6,1.6,1.77,0.35
HyRes separated rep2,intra,parp9,MD1,parp9,ART,1,2000,2000,87.8,87.8,0.77,0.77,0.71,0.38
HyRes separated rep2,intra,parp9,MD2,parp9,1/2KH1b,1,2000,2000,21.3,21.3,1.46,1.46,1.41,0.53
HyRes separated rep2,intra,parp9,MD2,parp9,KH2,1,2000,2000,66.65,66.65,1.1,1.1,0.75,0.36
HyRes separated rep2,intra,parp9,MD2,parp9,ART,1,2000,2000,9.2,9.2,2.43,2.43,2.68,0.49
HyRes separated rep2,intra,parp9,1/2KH1b,parp9,KH2,1,2000,2000,99.8,99.8,0.78,0.78,0.78,0.46
HyRes separated rep2,intra,parp9,1/2KH1b,parp9,ART,1,2000,2000,38.7,38.7,2.39,2.39,2.63,0.47
HyRes separated rep2,intra,parp9,KH2,parp9,ART,1,2000,2000,39.0,39.0,1.81,1.81,1.92,0.42
HyRes separated rep2,intra,dtx3l,RRM,dtx3l,KH1,1,2000,2000,5.65,5.65,2.71,2.71,2.31,0.48
HyRes separated rep2,intra,dtx3l,RRM,dtx3l,KH2,1,2000,2000,47.2,47.2,1.95,1.95,1.14,0.48
HyRes separated rep2,intra,dtx3l,RRM,dtx3l,KH3,1,2000,2000,55.55,55.55,1.31,1.31,0.94,0.37
HyRes separated rep2,intra,dtx3l,RRM,dtx3l,KH4,1,2000,2000,4.4,4.4,2.96,2.96,3.09,0.41
HyRes separated rep2,intra,dtx3l,RRM,dtx3l,KH5,1,2000,2000,0.0,0.0,3.55,3.55,3.59,2.06
HyRes separated rep2,intra,dtx3l,RRM,dtx3l,RING,1,2000,2000,0.0,0.0,4.49,4.49,4.64,1.99
HyRes separated rep2,intra,dtx3l,RRM,dtx3l,DTC,1,2000,2000,5.15,5.15,3.01,3.01,2.9,0.46
HyRes separated rep2,intra,dtx3l,KH1,dtx3l,KH2,1,2000,2000,76.4,76.4,0.95,0.95,0.71,0.39
HyRes separated rep2,intra,dtx3l,KH1,dtx3l,KH3,1,2000,2000,85.25,85.25,0.77,0.77,0.68,0.36
HyRes separated rep2,intra,dtx3l,KH1,dtx3l,KH4,1,2000,2000,0.0,0.0,2.5,2.5,2.33,1.14
HyRes separated rep2,intra,dtx3l,KH1,dtx3l,KH5,1,2000,2000,0.0,0.0,2.88,2.88,2.77,1.17
HyRes separated rep2,intra,dtx3l,KH1,dtx3l,RING,1,2000,2000,0.0,0.0,2.77,2.77,2.66,1.42
HyRes separated rep2,intra,dtx3l,KH1,dtx3l,DTC,1,2000,2000,88.25,88.25,0.8,0.8,0.71,0.4
HyRes separated rep2,intra,dtx3l,KH2,dtx3l,KH3,1,2000,2000,99.45,99.45,0.84,0.84,0.86,0.53
HyRes separated rep2,intra,dtx3l,KH2,dtx3l,KH4,1,2000,2000,9.45,9.45,1.98,1.98,2.12,0.49
HyRes separated rep2,intra,dtx3l,KH2,dtx3l,KH5,1,2000,2000,29.25,29.25,1.57,1.57,1.6,0.44
HyRes separated rep2,intra,dtx3l,KH2,dtx3l,RING,1,2000,2000,0.15,0.15,2.62,2.62,2.61,0.91
HyRes separated rep2,intra,dtx3l,KH2,dtx3l,DTC,1,2000,2000,30.1,30.1,1.27,1.27,1.21,0.39
HyRes separated rep2,intra,dtx3l,KH3,dtx3l,KH4,1,2000,2000,57.5,57.5,1.06,1.06,0.94,0.47
HyRes separated rep2,intra,dtx3l,KH3,dtx3l,KH5,1,2000,2000,7.6,7.6,2.64,2.64,2.81,0.43
HyRes separated rep2,intra,dtx3l,KH3,dtx3l,RING,1,2000,2000,0.0,0.0,2.88,2.88,2.86,1.11
HyRes separated rep2,intra,dtx3l,KH3,dtx3l,DTC,1,2000,2000,74.5,74.5,0.87,0.87,0.79,0.36
HyRes separated rep2,intra,dtx3l,KH4,dtx3l,KH5,1,2000,2000,100.0,100.0,0.56,0.56,0.56,0.41
HyRes separated rep2,intra,dtx3l,KH4,dtx3l,RING,1,2000,2000,98.65,98.65,0.66,0.66,0.64,0.39
HyRes separated rep2,intra,dtx3l,KH4,dtx3l,DTC,1,2000,2000,99.45,99.45,0.69,0.69,0.69,0.35
HyRes separated rep2,intra,dtx3l,KH5,dtx3l,RING,1,2000,2000,95.05,95.05,0.68,0.68,0.64,0.35
HyRes separated rep2,intra,dtx3l,KH5,dtx3l,DTC,1,2000,2000,48.5,48.5,1.12,1.12,1.03,0.41
HyRes separated rep2,intra,dtx3l,RING,dtx3l,DTC,1,2000,2000,100.0,100.0,0.38,0.38,0.38,0.36
HyRes separated rep2,inter,parp9,1/2KH1a,dtx3l,RRM,1,2000,1897,19.35,20.4,2.43,1.83,1.65,0.42
HyRes separated rep2,inter,parp9,1/2KH1a,dtx3l,KH1,1,2000,1897,0.0,0.0,5.91,5.56,5.61,3.1
HyRes separated rep2,inter,parp9,1/2KH1a,dtx3l,KH2,1,2000,1897,0.0,0.0,3.79,3.5,3.56,1.38
HyRes separated rep2,inter,parp9,1/2KH1a,dtx3l,KH3,1,2000,1897,0.0,0.0,4.28,3.95,3.96,2.01
HyRes separated rep2,inter,parp9,1/2KH1a,dtx3l,KH4,1,2000,1897,0.0,0.0,3.29,2.91,3.13,1.18
HyRes separated rep2,inter,parp9,1/2KH1a,dtx3l,KH5,1,2000,1897,0.0,0.0,2.85,2.54,2.5,1.29
HyRes separated rep2,inter,parp9,1/2KH1a,dtx3l,RING,1,2000,1897,0.0,0.0,4.33,4.06,4.07,2.55
HyRes separated rep2,inter,parp9,1/2KH1a,dtx3l,DTC,1,2000,1897,0.0,0.0,4.77,4.42,4.27,3.46
HyRes separated rep2,inter,parp9,MD1,dtx3l,RRM,1,2000,1897,94.15,99.26,1.18,0.6,0.56,0.4
HyRes separated rep2,inter,parp9,MD1,dtx3l,KH1,1,2000,1897,0.05,0.05,2.71,2.25,2.19,0.95
HyRes separated rep2,inter,parp9,MD1,dtx3l,KH2,1,2000,1897,85.25,89.88,1.13,0.74,0.69,0.36
HyRes separated rep2,inter,parp9,MD1,dtx3l,KH3,1,2000,1897,94.05,99.16,1.06,0.62,0.6,0.35
HyRes separated rep2,inter,parp9,MD1,dtx3l,KH4,1,2000,1897,92.4,97.42,1.0,0.58,0.54,0.38
HyRes separated rep2,inter,parp9,MD1,dtx3l,KH5,1,2000,1897,93.65,98.73,1.02,0.68,0.66,0.4
HyRes separated rep2,inter,parp9,MD1,dtx3l,RING,1,2000,1897,0.0,0.0,2.22,1.9,1.86,1.05
HyRes separated rep2,inter,parp9,MD1,dtx3l,DTC,1,2000,1897,38.3,40.38,1.72,1.27,1.17,0.34
HyRes separated rep2,inter,parp9,MD2,dtx3l,RRM,1,2000,1897,0.0,0.0,4.01,3.61,3.36,1.65
HyRes separated rep2,inter,parp9,MD2,dtx3l,KH1,1,2000,1897,0.0,0.0,5.46,5.19,5.17,3.61
HyRes separated rep2,inter,parp9,MD2,dtx3l,KH2,1,2000,1897,0.05,0.05,3.98,3.79,3.92,0.98
HyRes separated rep2,inter,parp9,MD2,dtx3l,KH3,1,2000,1897,0.0,0.0,4.2,3.97,4.0,2.13
HyRes separated rep2,inter,parp9,MD2,dtx3l,KH4,1,2000,1897,57.35,60.46,1.44,1.07,0.89,0.34
HyRes separated rep2,inter,parp9,MD2,dtx3l,KH5,1,2000,1897,41.7,43.96,1.56,1.3,1.14,0.54
HyRes separated rep2,inter,parp9,MD2,dtx3l,RING,1,2000,1897,44.6,47.02,1.87,1.59,1.07,0.35
HyRes separated rep2,inter,parp9,MD2,dtx3l,DTC,1,2000,1897,0.0,0.0,3.55,3.25,3.21,1.14
HyRes separated rep2,inter,parp9,1/2KH1b,dtx3l,RRM,1,2000,1897,8.2,8.65,2.6,1.98,1.92,0.43
HyRes separated rep2,inter,parp9,1/2KH1b,dtx3l,KH1,1,2000,1897,0.0,0.0,5.7,5.31,5.36,2.55
HyRes separated rep2,inter,parp9,1/2KH1b,dtx3l,KH2,1,2000,1897,0.0,0.0,3.46,3.12,3.05,1.18
HyRes separated rep2,inter,parp9,1/2KH1b,dtx3l,KH3,1,2000,1897,0.0,0.0,4.32,3.96,3.99,2.37
HyRes separated rep2,inter,parp9,1/2KH1b,dtx3l,KH4,1,2000,1897,0.0,0.0,3.66,3.27,3.12,2.16
HyRes separated rep2,inter,parp9,1/2KH1b,dtx3l,KH5,1,2000,1897,0.0,0.0,3.16,2.84,2.71,1.25
HyRes separated rep2,inter,parp9,1/2KH1b,dtx3l,RING,1,2000,1897,0.0,0.0,4.72,4.43,4.39,2.6
HyRes separated rep2,inter,parp9,1/2KH1b,dtx3l,DTC,1,2000,1897,0.0,0.0,4.76,4.36,4.3,3.32
HyRes separated rep2,inter,parp9,KH2,dtx3l,RRM,1,2000,1897,0.0,0.0,3.94,3.54,3.49,1.07
HyRes separated rep2,inter,parp9,KH2,dtx3l,KH1,1,2000,1897,0.0,0.0,6.4,6.21,6.02,4.19
HyRes separated rep2,inter,parp9,KH2,dtx3l,KH2,1,2000,1897,0.0,0.0,4.13,4.0,3.86,1.48
HyRes separated rep2,inter,parp9,KH2,dtx3l,KH3,1,2000,1897,0.0,0.0,5.24,5.11,5.17,3.14
HyRes separated rep2,inter,parp9,KH2,dtx3l,KH4,1,2000,1897,0.0,0.0,3.77,3.54,3.15,1.74
HyRes separated rep2,inter,parp9,KH2,dtx3l,KH5,1,2000,1897,23.55,24.83,2.23,2.02,1.43,0.35
HyRes separated rep2,inter,parp9,KH2,dtx3l,RING,1,2000,1897,1.1,1.16,3.68,3.48,3.01,0.66
HyRes separated rep2,inter,parp9,KH2,dtx3l,DTC,1,2000,1897,0.0,0.0,5.03,4.82,4.56,2.73
HyRes separated rep2,inter,parp9,ART,dtx3l,RRM,1,2000,1897,0.0,0.0,3.54,3.18,3.03,1.98
HyRes separated rep2,inter,parp9,ART,dtx3l,KH1,1,2000,1897,9.1,9.59,2.68,2.34,2.21,0.43
HyRes separated rep2,inter,parp9,ART,dtx3l,KH2,1,2000,1897,81.5,85.93,1.11,0.84,0.76,0.39
HyRes separated rep2,inter,parp9,ART,dtx3l,KH3,1,2000,1897,0.0,0.0,3.27,3.07,3.11,1.91
HyRes separated rep2,inter,parp9,ART,dtx3l,KH4,1,2000,1897,4.3,4.53,2.27,2.01,2.03,0.76
HyRes separated rep2,inter,parp9,ART,dtx3l,KH5,1,2000,1897,82.95,87.45,1.08,0.84,0.75,0.38
HyRes separated rep2,inter,parp9,ART,dtx3l,RING,1,2000,1897,39.1,41.22,2.07,1.8,1.59,0.48
HyRes separated rep2,inter,parp9,ART,dtx3l,DTC,1,2000,1897,24.45,25.78,2.18,1.84,1.62,0.4
HyRes separated rep3,intra,parp9,1/2KH1a,parp9,MD1,1,2000,2000,79.95,79.95,0.85,0.85,0.71,0.32
HyRes separated rep3,intra,parp9,1/2KH1a,parp9,MD2,1,2000,2000,30.2,30.2,1.55,1.55,1.38,0.35
HyRes separated rep3,intra,parp9,1/2KH1a,parp9,1/2KH1b,1,2000,2000,65.8,65.8,1.0,1.0,0.87,0.38
HyRes separated rep3,intra,parp9,1/2KH1a,parp9,KH2,1,2000,2000,32.75,32.75,1.73,1.73,1.82,0.35
HyRes separated rep3,intra,parp9,1/2KH1a,parp9,ART,1,2000,2000,8.25,8.25,2.17,2.17,2.27,0.52
HyRes separated rep3,intra,parp9,MD1,parp9,MD2,1,2000,2000,68.8,68.8,0.88,0.88,0.8,0.32
HyRes separated rep3,intra,parp9,MD1,parp9,1/2KH1b,1,2000,2000,64.8,64.8,0.97,0.97,0.89,0.38
HyRes separated rep3,intra,parp9,MD1,parp9,KH2,1,2000,2000,92.65,92.65,0.77,0.77,0.71,0.43
HyRes separated rep3,intra,parp9,MD1,parp9,ART,1,2000,2000,92.85,92.85,0.77,0.77,0.66,0.45
HyRes separated rep3,intra,parp9,MD2,parp9,1/2KH1b,1,2000,2000,48.5,48.5,1.25,1.25,1.03,0.37
HyRes separated rep3,intra,parp9,MD2,parp9,KH2,1,2000,2000,22.0,22.0,2.07,2.07,1.92,0.45
HyRes separated rep3,intra,parp9,MD2,parp9,ART,1,2000,2000,72.65,72.65,1.13,1.13,0.73,0.41
HyRes separated rep3,intra,parp9,1/2KH1b,parp9,KH2,1,2000,2000,95.75,95.75,0.74,0.74,0.73,0.38
HyRes separated rep3,intra,parp9,1/2KH1b,parp9,ART,1,2000,2000,37.1,37.1,1.29,1.29,1.38,0.42
HyRes separated rep3,intra,parp9,KH2,parp9,ART,1,2000,2000,89.2,89.2,0.83,0.83,0.75,0.35
HyRes separated rep3,intra,dtx3l,RRM,dtx3l,KH1,1,2000,2000,89.65,89.65,0.74,0.74,0.7,0.34
HyRes separated rep3,intra,dtx3l,RRM,dtx3l,KH2,1,2000,2000,44.1,44.1,1.26,1.26,1.16,0.36
HyRes separated rep3,intra,dtx3l,RRM,dtx3l,KH3,1,2000,2000,75.95,75.95,0.86,0.86,0.78,0.36
HyRes separated rep3,intra,dtx3l,RRM,dtx3l,KH4,1,2000,2000,26.8,26.8,1.27,1.27,1.32,0.46
HyRes separated rep3,intra,dtx3l,RRM,dtx3l,KH5,1,2000,2000,11.8,11.8,1.69,1.69,1.73,0.5
HyRes separated rep3,intra,dtx3l,RRM,dtx3l,RING,1,2000,2000,20.95,20.95,1.72,1.72,1.91,0.37
HyRes separated rep3,intra,dtx3l,RRM,dtx3l,DTC,1,2000,2000,27.0,27.0,1.24,1.24,1.3,0.36
HyRes separated rep3,intra,dtx3l,KH1,dtx3l,KH2,1,2000,2000,57.25,57.25,1.17,1.17,0.92,0.43
HyRes separated rep3,intra,dtx3l,KH1,dtx3l,KH3,1,2000,2000,6.45,6.45,1.99,1.99,1.99,0.43
HyRes separated rep3,intra,dtx3l,KH1,dtx3l,KH4,1,2000,2000,18.2,18.2,1.41,1.41,1.29,0.6
HyRes separated rep3,intra,dtx3l,KH1,dtx3l,KH5,1,2000,2000,31.7,31.7,1.39,1.39,1.38,0.45
HyRes separated rep3,intra,dtx3l,KH1,dtx3l,RING,1,2000,2000,93.7,93.7,0.75,0.75,0.55,0.34
HyRes separated rep3,intra,dtx3l,KH1,dtx3l,DTC,1,2000,2000,60.55,60.55,1.2,1.2,0.84,0.35
HyRes separated rep3,intra,dtx3l,KH2,dtx3l,KH3,1,2000,2000,100.0,100.0,0.75,0.75,0.75,0.48
HyRes separated rep3,intra,dtx3l,KH2,dtx3l,KH4,1,2000,2000,33.25,33.25,1.37,1.37,1.23,0.46
HyRes separated rep3,intra,dtx3l,KH2,dtx3l,KH5,1,2000,2000,94.3,94.3,0.71,0.71,0.67,0.38
HyRes separated rep3,intra,dtx3l,KH2,dtx3l,RING,1,2000,2000,15.1,15.1,1.81,1.81,1.72,0.35
HyRes separated rep3,intra,dtx3l,KH2,dtx3l,DTC,1,2000,2000,0.0,0.0,3.22,3.22,3.07,1.96
HyRes separated rep3,intra,dtx3l,KH3,dtx3l,KH4,1,2000,2000,94.65,94.65,0.68,0.68,0.66,0.31
HyRes separated rep3,intra,dtx3l,KH3,dtx3l,KH5,1,2000,2000,83.35,83.35,0.82,0.82,0.67,0.34
HyRes separated rep3,intra,dtx3l,KH3,dtx3l,RING,1,2000,2000,9.35,9.35,1.99,1.99,2.06,0.47
HyRes separated rep3,intra,dtx3l,KH3,dtx3l,DTC,1,2000,2000,8.4,8.4,2.48,2.48,2.71,0.48
HyRes separated rep3,intra,dtx3l,KH4,dtx3l,KH5,1,2000,2000,100.0,100.0,0.58,0.58,0.59,0.41
HyRes separated rep3,intra,dtx3l,KH4,dtx3l,RING,1,2000,2000,81.05,81.05,0.85,0.85,0.82,0.44
HyRes separated rep3,intra,dtx3l,KH4,dtx3l,DTC,1,2000,2000,94.65,94.65,0.77,0.77,0.76,0.41
HyRes separated rep3,intra,dtx3l,KH5,dtx3l,RING,1,2000,2000,93.45,93.45,0.75,0.75,0.74,0.36
HyRes separated rep3,intra,dtx3l,KH5,dtx3l,DTC,1,2000,2000,0.0,0.0,2.89,2.89,2.9,1.77
HyRes separated rep3,intra,dtx3l,RING,dtx3l,DTC,1,2000,2000,100.0,100.0,0.38,0.38,0.38,0.36
HyRes separated rep3,inter,parp9,1/2KH1a,dtx3l,RRM,1,2000,1708,0.0,0.0,5.01,3.76,3.9,1.09
HyRes separated rep3,inter,parp9,1/2KH1a,dtx3l,KH1,1,2000,1708,0.0,0.0,7.32,6.51,6.74,3.53
HyRes separated rep3,inter,parp9,1/2KH1a,dtx3l,KH2,1,2000,1708,0.0,0.0,7.34,6.76,6.69,3.0
HyRes separated rep3,inter,parp9,1/2KH1a,dtx3l,KH3,1,2000,1708,0.0,0.0,6.29,5.35,5.55,1.34
HyRes separated rep3,inter,parp9,1/2KH1a,dtx3l,KH4,1,2000,1708,0.0,0.0,6.59,5.62,5.87,1.49
HyRes separated rep3,inter,parp9,1/2KH1a,dtx3l,KH5,1,2000,1708,0.0,0.0,8.08,7.44,7.56,4.3
HyRes separated rep3,inter,parp9,1/2KH1a,dtx3l,RING,1,2000,1708,0.0,0.0,8.02,7.23,7.61,2.54
HyRes separated rep3,inter,parp9,1/2KH1a,dtx3l,DTC,1,2000,1708,3.0,3.51,5.66,4.52,4.78,0.56
HyRes separated rep3,inter,parp9,MD1,dtx3l,RRM,1,2000,1708,72.05,84.37,2.79,1.09,0.7,0.38
HyRes separated rep3,inter,parp9,MD1,dtx3l,KH1,1,2000,1708,0.0,0.0,5.14,3.9,3.73,2.72
HyRes separated rep3,inter,parp9,MD1,dtx3l,KH2,1,2000,1708,0.0,0.0,4.84,3.75,3.28,1.85
HyRes separated rep3,inter,parp9,MD1,dtx3l,KH3,1,2000,1708,1.65,1.93,3.89,2.46,2.33,0.54
HyRes separated rep3,inter,parp9,MD1,dtx3l,KH4,1,2000,1708,0.0,0.0,4.59,3.23,3.07,2.28
HyRes separated rep3,inter,parp9,MD1,dtx3l,KH5,1,2000,1708,0.0,0.0,5.67,4.55,4.26,2.89
HyRes separated rep3,inter,parp9,MD1,dtx3l,RING,1,2000,1708,0.0,0.0,5.89,4.68,4.72,3.11
HyRes separated rep3,inter,parp9,MD1,dtx3l,DTC,1,2000,1708,0.3,0.35,4.19,2.74,2.75,0.81
HyRes separated rep3,inter,parp9,MD2,dtx3l,RRM,1,2000,1708,0.0,0.0,5.2,3.9,3.77,2.51
HyRes separated rep3,inter,parp9,MD2,dtx3l,KH1,1,2000,1708,0.0,0.0,6.98,5.93,5.72,4.1
HyRes separated rep3,inter,parp9,MD2,dtx3l,KH2,1,2000,1708,0.0,0.0,7.44,6.65,6.4,4.6
HyRes separated rep3,inter,parp9,MD2,dtx3l,KH3,1,2000,1708,0.0,0.0,6.11,4.96,5.18,2.36
HyRes separated rep3,inter,parp9,MD2,dtx3l,KH4,1,2000,1708,0.0,0.0,5.29,4.0,3.73,2.62
HyRes separated rep3,inter,parp9,MD2,dtx3l,KH5,1,2000,1708,0.0,0.0,7.69,6.81,6.75,4.72
HyRes separated rep3,inter,parp9,MD2,dtx3l,RING,1,2000,1708,0.0,0.0,7.05,6.09,5.94,4.49
HyRes separated rep3,inter,parp9,MD2,dtx3l,DTC,1,2000,1708,0.0,0.0,4.29,2.93,2.72,1.24
HyRes separated rep3,inter,parp9,1/2KH1b,dtx3l,RRM,1,2000,1708,0.0,0.0,4.78,3.36,3.48,1.27
HyRes separated rep3,inter,parp9,1/2KH1b,dtx3l,KH1,1,2000,1708,0.0,0.0,6.77,5.76,5.67,4.28
HyRes separated rep3,inter,parp9,1/2KH1b,dtx3l,KH2,1,2000,1708,0.0,0.0,7.17,6.45,6.28,3.09
HyRes separated rep3,inter,parp9,1/2KH1b,dtx3l,KH3,1,2000,1708,0.0,0.0,6.23,5.14,5.5,2.32
HyRes separated rep3,inter,parp9,1/2KH1b,dtx3l,KH4,1,2000,1708,0.0,0.0,5.92,4.7,4.98,1.45
HyRes separated rep3,inter,parp9,1/2KH1b,dtx3l,KH5,1,2000,1708,0.0,0.0,7.75,6.92,6.97,4.94
HyRes separated rep3,inter,parp9,1/2KH1b,dtx3l,RING,1,2000,1708,0.0,0.0,7.36,6.31,6.52,3.83
HyRes separated rep3,inter,parp9,1/2KH1b,dtx3l,DTC,1,2000,1708,0.75,0.88,4.78,3.34,3.6,0.56
HyRes separated rep3,inter,parp9,KH2,dtx3l,RRM,1,2000,1708,17.9,20.96,2.98,1.57,1.42,0.58
HyRes separated rep3,inter,parp9,KH2,dtx3l,KH1,1,2000,1708,7.65,8.96,3.1,1.8,1.45,0.55
HyRes separated rep3,inter,parp9,KH2,dtx3l,KH2,1,2000,1708,0.0,0.0,4.66,3.89,3.53,1.44
HyRes separated rep3,inter,parp9,KH2,dtx3l,KH3,1,2000,1708,0.0,0.0,4.85,3.9,3.94,1.65
HyRes separated rep3,inter,parp9,KH2,dtx3l,KH4,1,2000,1708,0.0,0.0,3.83,2.55,2.48,1.45
HyRes separated rep3,inter,parp9,KH2,dtx3l,KH5,1,2000,1708,0.0,0.0,5.35,4.45,4.34,3.27
HyRes separated rep3,inter,parp9,KH2,dtx3l,RING,1,2000,1708,0.0,0.0,3.77,2.39,2.34,1.42
HyRes separated rep3,inter,parp9,KH2,dtx3l,DTC,1,2000,1708,83.15,97.37,2.21,0.53,0.49,0.33
HyRes separated rep3,inter,parp9,ART,dtx3l,RRM,1,2000,1708,73.7,86.3,2.5,0.8,0.68,0.41
HyRes separated rep3,inter,parp9,ART,dtx3l,KH1,1,2000,1708,0.0,0.0,4.06,2.78,2.71,1.35
HyRes separated rep3,inter,parp9,ART,dtx3l,KH2,1,2000,1708,0.0,0.0,4.45,3.42,3.39,2.26
HyRes separated rep3,inter,parp9,ART,dtx3l,KH3,1,2000,1708,17.45,20.43,2.88,1.35,1.31,0.54
HyRes separated rep3,inter,parp9,ART,dtx3l,KH4,1,2000,1708,74.55,87.3,2.57,0.84,0.63,0.36
HyRes separated rep3,inter,parp9,ART,dtx3l,KH5,1,2000,1708,0.0,0.0,4.45,3.19,3.0,2.18
HyRes separated rep3,inter,parp9,ART,dtx3l,RING,1,2000,1708,0.0,0.0,4.4,2.9,2.88,1.89
HyRes separated rep3,inter,parp9,ART,dtx3l,DTC,1,2000,1708,82.0,96.02,2.56,0.75,0.74,0.4
HyRes docked rep1,intra,parp9,1/2KH1a,parp9,MD1,1,2000,2000,99.65,99.65,0.69,0.69,0.69,0.46
HyRes docked rep1,intra,parp9,1/2KH1a,parp9,MD2,1,2000,2000,4.35,4.35,1.76,1.76,1.69,0.61
HyRes docked rep1,intra,parp9,1/2KH1a,parp9,1/2KH1b,1,2000,2000,100.0,100.0,0.44,0.44,0.44,0.35
HyRes docked rep1,intra,parp9,1/2KH1a,parp9,KH2,1,2000,2000,100.0,100.0,0.66,0.66,0.66,0.5
HyRes docked rep1,intra,parp9,1/2KH1a,parp9,ART,1,2000,2000,17.15,17.15,1.12,1.12,1.13,0.66
HyRes docked rep1,intra,parp9,MD1,parp9,MD2,1,2000,2000,44.05,44.05,1.03,1.03,1.05,0.36
HyRes docked rep1,intra,parp9,MD1,parp9,1/2KH1b,1,2000,2000,65.45,65.45,0.96,0.96,0.94,0.42
HyRes docked rep1,intra,parp9,MD1,parp9,KH2,1,2000,2000,0.0,0.0,1.85,1.85,1.86,1.15
HyRes docked rep1,intra,parp9,MD1,parp9,ART,1,2000,2000,0.0,0.0,2.43,2.43,2.43,1.41
HyRes docked rep1,intra,parp9,MD2,parp9,1/2KH1b,1,2000,2000,0.5,0.5,2.36,2.36,2.28,0.71
HyRes docked rep1,intra,parp9,MD2,parp9,KH2,1,2000,2000,0.0,0.0,2.73,2.73,2.68,1.14
HyRes docked rep1,intra,parp9,MD2,parp9,ART,1,2000,2000,0.0,0.0,3.9,3.9,3.83,1.85
HyRes docked rep1,intra,parp9,1/2KH1b,parp9,KH2,1,2000,2000,100.0,100.0,0.79,0.79,0.79,0.58
HyRes docked rep1,intra,parp9,1/2KH1b,parp9,ART,1,2000,2000,99.55,99.55,0.71,0.71,0.7,0.42
HyRes docked rep1,intra,parp9,KH2,parp9,ART,1,2000,2000,100.0,100.0,0.56,0.56,0.58,0.32
HyRes docked rep1,intra,dtx3l,RRM,dtx3l,KH1,1,2000,2000,93.45,93.45,0.8,0.8,0.73,0.42
HyRes docked rep1,intra,dtx3l,RRM,dtx3l,KH2,1,2000,2000,15.15,15.15,1.6,1.6,1.74,0.49
HyRes docked rep1,intra,dtx3l,RRM,dtx3l,KH3,1,2000,2000,98.9,98.9,0.67,0.67,0.66,0.31
HyRes docked rep1,intra,dtx3l,RRM,dtx3l,KH4,1,2000,2000,0.1,0.1,1.82,1.82,1.68,0.67
HyRes docked rep1,intra,dtx3l,RRM,dtx3l,KH5,1,2000,2000,0.0,0.0,5.25,5.25,5.11,4.33
HyRes docked rep1,intra,dtx3l,RRM,dtx3l,RING,1,2000,2000,0.0,0.0,5.99,5.99,5.92,4.78
HyRes docked rep1,intra,dtx3l,RRM,dtx3l,DTC,1,2000,2000,0.0,0.0,4.24,4.24,4.2,2.61
HyRes docked rep1,intra,dtx3l,KH1,dtx3l,KH2,1,2000,2000,99.5,99.5,0.71,0.71,0.71,0.45
HyRes docked rep1,intra,dtx3l,KH1,dtx3l,KH3,1,2000,2000,92.6,92.6,0.84,0.84,0.79,0.54
HyRes docked rep1,intra,dtx3l,KH1,dtx3l,KH4,1,2000,2000,0.0,0.0,4.28,4.28,4.22,3.47
HyRes docked rep1,intra,dtx3l,KH1,dtx3l,KH5,1,2000,2000,0.0,0.0,6.92,6.92,6.91,5.94
HyRes docked rep1,intra,dtx3l,KH1,dtx3l,RING,1,2000,2000,0.0,0.0,6.67,6.67,6.67,5.46
HyRes docked rep1,intra,dtx3l,KH1,dtx3l,DTC,1,2000,2000,0.0,0.0,4.32,4.32,4.34,2.59
HyRes docked rep1,intra,dtx3l,KH2,dtx3l,KH3,1,2000,2000,99.95,99.95,0.74,0.74,0.75,0.45
HyRes docked rep1,intra,dtx3l,KH2,dtx3l,KH4,1,2000,2000,0.0,0.0,4.57,4.57,4.6,3.05
HyRes docked rep1,intra,dtx3l,KH2,dtx3l,KH5,1,2000,2000,0.0,0.0,6.58,6.58,6.64,4.24
HyRes docked rep1,intra,dtx3l,KH2,dtx3l,RING,1,2000,2000,0.0,0.0,6.19,6.19,6.25,3.74
HyRes docked rep1,intra,dtx3l,KH2,dtx3l,DTC,1,2000,2000,0.05,0.05,3.3,3.3,3.34,0.93
HyRes docked rep1,intra,dtx3l,KH3,dtx3l,KH4,1,2000,2000,0.25,0.25,1.59,1.59,1.59,0.85
HyRes docked rep1,intra,dtx3l,KH3,dtx3l,KH5,1,2000,2000,0.0,0.0,4.14,4.14,4.12,3.16
HyRes docked rep1,intra,dtx3l,KH3,dtx3l,RING,1,2000,2000,0.0,0.0,4.4,4.4,4.46,2.66
HyRes docked rep1,intra,dtx3l,KH3,dtx3l,DTC,1,2000,2000,2.9,2.9,2.18,2.18,2.17,0.42
HyRes docked rep1,intra,dtx3l,KH4,dtx3l,KH5,1,2000,2000,100.0,100.0,0.58,0.58,0.59,0.38
HyRes docked rep1,intra,dtx3l,KH4,dtx3l,RING,1,2000,2000,0.1,0.1,1.96,1.96,1.98,0.89
HyRes docked rep1,intra,dtx3l,KH4,dtx3l,DTC,1,2000,2000,0.0,0.0,2.8,2.8,2.78,1.77
HyRes docked rep1,intra,dtx3l,KH5,dtx3l,RING,1,2000,2000,38.75,38.75,1.2,1.2,1.2,0.42
HyRes docked rep1,intra,dtx3l,KH5,dtx3l,DTC,1,2000,2000,0.0,0.0,2.64,2.64,2.65,1.23
HyRes docked rep1,intra,dtx3l,RING,dtx3l,DTC,1,2000,2000,100.0,100.0,0.38,0.38,0.38,0.32
HyRes docked rep1,inter,parp9,1/2KH1a,dtx3l,RRM,1,2000,2000,1.4,1.4,1.9,1.9,1.89,0.58
HyRes docked rep1,inter,parp9,1/2KH1a,dtx3l,KH1,1,2000,2000,0.4,0.4,1.83,1.83,1.82,0.57
HyRes docked rep1,inter,parp9,1/2KH1a,dtx3l,KH2,1,2000,2000,0.0,0.0,2.41,2.41,2.4,1.64
HyRes docked rep1,inter,parp9,1/2KH1a,dtx3l,KH3,1,2000,2000,60.7,60.7,0.99,0.99,0.96,0.65
HyRes docked rep1,inter,parp9,1/2KH1a,dtx3l,KH4,1,2000,2000,0.0,0.0,2.61,2.61,2.61,2.08
HyRes docked rep1,inter,parp9,1/2KH1a,dtx3l,KH5,1,2000,2000,0.0,0.0,3.52,3.52,3.52,2.21
HyRes docked rep1,inter,parp9,1/2KH1a,dtx3l,RING,1,2000,2000,0.0,0.0,2.82,2.82,2.83,1.69
HyRes docked rep1,inter,parp9,1/2KH1a,dtx3l,DTC,1,2000,2000,73.0,73.0,0.84,0.84,0.81,0.32
HyRes docked rep1,inter,parp9,MD1,dtx3l,RRM,1,2000,2000,0.0,0.0,2.15,2.15,2.14,1.12
HyRes docked rep1,inter,parp9,MD1,dtx3l,KH1,1,2000,2000,7.95,7.95,1.31,1.31,1.32,0.5
HyRes docked rep1,inter,parp9,MD1,dtx3l,KH2,1,2000,2000,99.1,99.1,0.67,0.67,0.66,0.43
HyRes docked rep1,inter,parp9,MD1,dtx3l,KH3,1,2000,2000,88.5,88.5,0.84,0.84,0.83,0.45
HyRes docked rep1,inter,parp9,MD1,dtx3l,KH4,1,2000,2000,0.0,0.0,3.53,3.53,3.57,1.48
HyRes docked rep1,inter,parp9,MD1,dtx3l,KH5,1,2000,2000,0.0,0.0,4.31,4.31,4.33,2.33
HyRes docked rep1,inter,parp9,MD1,dtx3l,RING,1,2000,2000,0.0,0.0,2.77,2.77,2.8,1.49
HyRes docked rep1,inter,parp9,MD1,dtx3l,DTC,1,2000,2000,99.8,99.8,0.66,0.66,0.66,0.35
HyRes docked rep1,inter,parp9,MD2,dtx3l,RRM,1,2000,2000,1.85,1.85,2.02,2.02,2.03,0.74
HyRes docked rep1,inter,parp9,MD2,dtx3l,KH1,1,2000,2000,98.4,98.4,0.64,0.64,0.63,0.39
HyRes docked rep1,inter,parp9,MD2,dtx3l,KH2,1,2000,2000,50.9,50.9,1.06,1.06,0.99,0.41
HyRes docked rep1,inter,parp9,MD2,dtx3l,KH3,1,2000,2000,0.0,0.0,2.23,2.23,2.25,1.2
HyRes docked rep1,inter,parp9,MD2,dtx3l,KH4,1,2000,2000,0.0,0.0,5.47,5.47,5.48,3.96
HyRes docked rep1,inter,parp9,MD2,dtx3l,KH5,1,2000,2000,0.0,0.0,7.42,7.42,7.44,5.6
HyRes docked rep1,inter,parp9,MD2,dtx3l,RING,1,2000,2000,0.0,0.0,6.39,6.39,6.38,2.92
HyRes docked rep1,inter,parp9,MD2,dtx3l,DTC,1,2000,2000,0.0,0.0,4.17,4.17,4.19,1.12
HyRes docked rep1,inter,parp9,1/2KH1b,dtx3l,RRM,1,2000,2000,0.0,0.0,2.38,2.38,2.34,1.25
HyRes docked rep1,inter,parp9,1/2KH1b,dtx3l,KH1,1,2000,2000,0.0,0.0,2.9,2.9,2.87,1.59
HyRes docked rep1,inter,parp9,1/2KH1b,dtx3l,KH2,1,2000,2000,0.0,0.0,3.57,3.57,3.55,2.57
HyRes docked rep1,inter,parp9,1/2KH1b,dtx3l,KH3,1,2000,2000,0.0,0.0,2.15,2.15,2.13,1.67
HyRes docked rep1,inter,parp9,1/2KH1b,dtx3l,KH4,1,2000,2000,0.0,0.0,2.83,2.83,2.83,2.48
HyRes docked rep1,inter,parp9,1/2KH1b,dtx3l,KH5,1,2000,2000,0.0,0.0,3.74,3.74,3.74,2.85
HyRes docked rep1,inter,parp9,1/2KH1b,dtx3l,RING,1,2000,2000,0.0,0.0,2.46,2.46,2.48,1.47
HyRes docked rep1,inter,parp9,1/2KH1b,dtx3l,DTC,1,2000,2000,93.4,93.4,0.77,0.77,0.75,0.34
HyRes docked rep1,inter,parp9,KH2,dtx3l,RRM,1,2000,2000,87.2,87.2,0.77,0.77,0.69,0.43
HyRes docked rep1,inter,parp9,KH2,dtx3l,KH1,1,2000,2000,0.0,0.0,2.08,2.08,2.04,1.11
HyRes docked rep1,inter,parp9,KH2,dtx3l,KH2,1,2000,2000,0.0,0.0,2.8,2.8,2.79,2.32
HyRes docked rep1,inter,parp9,KH2,dtx3l,KH3,1,2000,2000,100.0,100.0,0.57,0.57,0.57,0.38
HyRes docked rep1,inter,parp9,KH2,dtx3l,KH4,1,2000,2000,100.0,100.0,0.55,0.55,0.54,0.36
HyRes docked rep1,inter,parp9,KH2,dtx3l,KH5,1,2000,2000,99.3,99.3,0.66,0.66,0.64,0.39
HyRes docked rep1,inter,parp9,KH2,dtx3l,RING,1,2000,2000,8.15,8.15,1.58,1.58,1.59,0.53
HyRes docked rep1,inter,parp9,KH2,dtx3l,DTC,1,2000,2000,0.8,0.8,1.65,1.65,1.64,0.84
HyRes docked rep1,inter,parp9,ART,dtx3l,RRM,1,2000,2000,0.0,0.0,2.91,2.91,2.81,1.74
HyRes docked rep1,inter,parp9,ART,dtx3l,KH1,1,2000,2000,0.0,0.0,4.1,4.1,4.06,2.77
HyRes docked rep1,inter,parp9,ART,dtx3l,KH2,1,2000,2000,0.0,0.0,4.81,4.81,4.81,4.02
HyRes docked rep1,inter,parp9,ART,dtx3l,KH3,1,2000,2000,0.0,0.0,2.51,2.51,2.48,2.0
HyRes docked rep1,inter,parp9,ART,dtx3l,KH4,1,2000,2000,100.0,100.0,0.63,0.63,0.62,0.4
HyRes docked rep1,inter,parp9,ART,dtx3l,KH5,1,2000,2000,97.4,97.4,0.81,0.81,0.8,0.58
HyRes docked rep1,inter,parp9,ART,dtx3l,RING,1,2000,2000,90.6,90.6,0.79,0.79,0.74,0.46
HyRes docked rep1,inter,parp9,ART,dtx3l,DTC,1,2000,2000,53.4,53.4,1.0,1.0,0.88,0.37
HyRes docked rep2,intra,parp9,1/2KH1a,parp9,MD1,1,2000,2000,100.0,100.0,0.67,0.67,0.66,0.41
HyRes docked rep2,intra,parp9,1/2KH1a,parp9,MD2,1,2000,2000,26.65,26.65,1.55,1.55,1.37,0.45
HyRes docked rep2,intra,parp9,1/2KH1a,parp9,1/2KH1b,1,2000,2000,100.0,100.0,0.54,0.54,0.53,0.36
HyRes docked rep2,intra,parp9,1/2KH1a,parp9,KH2,1,2000,2000,97.9,97.9,0.71,0.71,0.69,0.41
HyRes docked rep2,intra,parp9,1/2KH1a,parp9,ART,1,2000,2000,27.65,27.65,1.24,1.24,1.16,0.56
HyRes docked rep2,intra,parp9,MD1,parp9,MD2,1,2000,2000,92.75,92.75,0.74,0.74,0.7,0.38
HyRes docked rep2,intra,parp9,MD1,parp9,1/2KH1b,1,2000,2000,76.85,76.85,0.85,0.85,0.84,0.36
HyRes docked rep2,intra,parp9,MD1,parp9,KH2,1,2000,2000,0.35,0.35,1.86,1.86,1.86,0.84
HyRes docked rep2,intra,parp9,MD1,parp9,ART,1,2000,2000,0.0,0.0,2.63,2.63,2.59,1.36
HyRes docked rep2,intra,parp9,MD2,parp9,1/2KH1b,1,2000,2000,1.65,1.65,2.14,2.14,2.04,0.58
HyRes docked rep2,intra,parp9,MD2,parp9,KH2,1,2000,2000,0.0,0.0,2.59,2.59,2.38,1.1
HyRes docked rep2,intra,parp9,MD2,parp9,ART,1,2000,2000,0.05,0.05,3.19,3.19,2.96,0.84
HyRes docked rep2,intra,parp9,1/2KH1b,parp9,KH2,1,2000,2000,98.8,98.8,0.75,0.75,0.74,0.48
HyRes docked rep2,intra,parp9,1/2KH1b,parp9,ART,1,2000,2000,91.2,91.2,0.81,0.81,0.77,0.44
HyRes docked rep2,intra,parp9,KH2,parp9,ART,1,2000,2000,98.95,98.95,0.57,0.57,0.56,0.32
HyRes docked rep2,intra,dtx3l,RRM,dtx3l,KH1,1,2000,2000,61.8,61.8,1.13,1.13,0.87,0.35
HyRes docked rep2,intra,dtx3l,RRM,dtx3l,KH2,1,2000,2000,0.15,0.15,3.14,3.14,3.27,0.78
HyRes docked rep2,intra,dtx3l,RRM,dtx3l,KH3,1,2000,2000,31.5,31.5,1.58,1.58,1.58,0.35
HyRes docked rep2,intra,dtx3l,RRM,dtx3l,KH4,1,2000,2000,16.95,16.95,1.7,1.7,1.69,0.53
HyRes docked rep2,intra,dtx3l,RRM,dtx3l,KH5,1,2000,2000,0.0,0.0,4.03,4.03,3.8,2.57
HyRes docked rep2,intra,dtx3l,RRM,dtx3l,RING,1,2000,2000,0.0,0.0,4.18,4.18,4.07,1.71
HyRes docked rep2,intra,dtx3l,RRM,dtx3l,DTC,1,2000,2000,3.05,3.05,3.58,3.58,3.65,0.61
HyRes docked rep2,intra,dtx3l,KH1,dtx3l,KH2,1,2000,2000,96.95,96.95,0.72,0.72,0.71,0.4
HyRes docked rep2,intra,dtx3l,KH1,dtx3l,KH3,1,2000,2000,79.3,79.3,0.91,0.91,0.78,0.42
HyRes docked rep2,intra,dtx3l,KH1,dtx3l,KH4,1,2000,2000,0.0,0.0,3.18,3.18,2.8,1.04
HyRes docked rep2,intra,dtx3l,KH1,dtx3l,KH5,1,2000,2000,0.0,0.0,5.79,5.79,5.48,4.47
HyRes docked rep2,intra,dtx3l,KH1,dtx3l,RING,1,2000,2000,0.0,0.0,4.3,4.3,4.21,2.59
HyRes docked rep2,intra,dtx3l,KH1,dtx3l,DTC,1,2000,2000,0.0,0.0,3.55,3.55,3.53,1.82
HyRes docked rep2,intra,dtx3l,KH2,dtx3l,KH3,1,2000,2000,100.0,100.0,0.67,0.67,0.63,0.39
HyRes docked rep2,intra,dtx3l,KH2,dtx3l,KH4,1,2000,2000,0.0,0.0,4.55,4.55,4.53,3.35
HyRes docked rep2,intra,dtx3l,KH2,dtx3l,KH5,1,2000,2000,0.0,0.0,6.54,6.54,6.58,4.67
HyRes docked rep2,intra,dtx3l,KH2,dtx3l,RING,1,2000,2000,0.0,0.0,4.18,4.18,4.19,2.36
HyRes docked rep2,intra,dtx3l,KH2,dtx3l,DTC,1,2000,2000,0.0,0.0,4.07,4.07,4.01,1.97
HyRes docked rep2,intra,dtx3l,KH3,dtx3l,KH4,1,2000,2000,0.85,0.85,1.82,1.82,1.75,0.77
HyRes docked rep2,intra,dtx3l,KH3,dtx3l,KH5,1,2000,2000,0.0,0.0,4.45,4.45,4.34,3.2
HyRes docked rep2,intra,dtx3l,KH3,dtx3l,RING,1,2000,2000,0.7,0.7,2.91,2.91,2.73,0.59
HyRes docked rep2,intra,dtx3l,KH3,dtx3l,DTC,1,2000,2000,0.0,0.0,3.55,3.55,3.53,2.58
HyRes docked rep2,intra,dtx3l,KH4,dtx3l,KH5,1,2000,2000,100.0,100.0,0.58,0.58,0.59,0.4
HyRes docked rep2,intra,dtx3l,KH4,dtx3l,RING,1,2000,2000,0.05,0.05,2.3,2.3,2.28,0.89
HyRes docked rep2,intra,dtx3l,KH4,dtx3l,DTC,1,2000,2000,0.0,0.0,3.82,3.82,3.86,1.96
HyRes docked rep2,intra,dtx3l,KH5,dtx3l,RING,1,2000,2000,3.35,3.35,2.16,2.16,2.06,0.53
HyRes docked rep2,intra,dtx3l,KH5,dtx3l,DTC,1,2000,2000,0.0,0.0,3.69,3.69,3.73,1.22
HyRes docked rep2,intra,dtx3l,RING,dtx3l,DTC,1,2000,2000,100.0,100.0,0.38,0.38,0.38,0.32
HyRes docked rep2,inter,parp9,1/2KH1a,dtx3l,RRM,1,2000,2000,17.3,17.3,1.87,1.87,2.01,0.4
HyRes docked rep2,inter,parp9,1/2KH1a,dtx3l,KH1,1,2000,2000,46.25,46.25,1.15,1.15,1.03,0.45
HyRes docked rep2,inter,parp9,1/2KH1a,dtx3l,KH2,1,2000,2000,10.1,10.1,1.81,1.81,1.91,0.53
HyRes docked rep2,inter,parp9,1/2KH1a,dtx3l,KH3,1,2000,2000,72.15,72.15,1.0,1.0,0.91,0.57
HyRes docked rep2,inter,parp9,1/2KH1a,dtx3l,KH4,1,2000,2000,0.0,0.0,2.54,2.54,2.52,1.82
HyRes docked rep2,inter,parp9,1/2KH1a,dtx3l,KH5,1,2000,2000,0.0,0.0,3.22,3.22,3.26,1.81
HyRes docked rep2,inter,parp9,1/2KH1a,dtx3l,RING,1,2000,2000,53.25,53.25,1.13,1.13,0.93,0.31
HyRes docked rep2,inter,parp9,1/2KH1a,dtx3l,DTC,1,2000,2000,43.25,43.25,1.08,1.08,1.05,0.41
HyRes docked rep2,inter,parp9,MD1,dtx3l,RRM,1,2000,2000,0.0,0.0,3.11,3.11,3.3,1.29
HyRes docked rep2,inter,parp9,MD1,dtx3l,KH1,1,2000,2000,24.15,24.15,1.45,1.45,1.49,0.62
HyRes docked rep2,inter,parp9,MD1,dtx3l,KH2,1,2000,2000,99.25,99.25,0.64,0.64,0.63,0.41
HyRes docked rep2,inter,parp9,MD1,dtx3l,KH3,1,2000,2000,55.4,55.4,1.15,1.15,0.96,0.38
HyRes docked rep2,inter,parp9,MD1,dtx3l,KH4,1,2000,2000,0.2,0.2,3.74,3.74,3.74,0.9
HyRes docked rep2,inter,parp9,MD1,dtx3l,KH5,1,2000,2000,0.0,0.0,4.27,4.27,4.2,2.08
HyRes docked rep2,inter,parp9,MD1,dtx3l,RING,1,2000,2000,82.0,82.0,0.94,0.94,0.77,0.43
HyRes docked rep2,inter,parp9,MD1,dtx3l,DTC,1,2000,2000,85.0,85.0,0.78,0.78,0.72,0.4
HyRes docked rep2,inter,parp9,MD2,dtx3l,RRM,1,2000,2000,7.55,7.55,2.28,2.28,2.23,0.48
HyRes docked rep2,inter,parp9,MD2,dtx3l,KH1,1,2000,2000,95.05,95.05,0.77,0.77,0.77,0.4
HyRes docked rep2,inter,parp9,MD2,dtx3l,KH2,1,2000,2000,69.75,69.75,1.02,1.02,0.76,0.43
HyRes docked rep2,inter,parp9,MD2,dtx3l,KH3,1,2000,2000,0.05,0.05,2.43,2.43,2.25,0.93
HyRes docked rep2,inter,parp9,MD2,dtx3l,KH4,1,2000,2000,0.0,0.0,5.12,5.12,4.94,3.54
HyRes docked rep2,inter,parp9,MD2,dtx3l,KH5,1,2000,2000,0.0,0.0,6.44,6.44,6.44,3.89
HyRes docked rep2,inter,parp9,MD2,dtx3l,RING,1,2000,2000,0.0,0.0,4.13,4.13,4.21,1.57
HyRes docked rep2,inter,parp9,MD2,dtx3l,DTC,1,2000,2000,14.25,14.25,2.41,2.41,2.48,0.38
HyRes docked rep2,inter,parp9,1/2KH1b,dtx3l,RRM,1,2000,2000,7.45,7.45,1.7,1.7,1.65,0.59
HyRes docked rep2,inter,parp9,1/2KH1b,dtx3l,KH1,1,2000,2000,2.2,2.2,1.87,1.87,1.76,0.63
HyRes docked rep2,inter,parp9,1/2KH1b,dtx3l,KH2,1,2000,2000,0.0,0.0,3.03,3.03,3.13,1.28
HyRes docked rep2,inter,parp9,1/2KH1b,dtx3l,KH3,1,2000,2000,0.0,0.0,1.94,1.94,1.91,1.17
HyRes docked rep2,inter,parp9,1/2KH1b,dtx3l,KH4,1,2000,2000,0.0,0.0,2.74,2.74,2.77,1.79
HyRes docked rep2,inter,parp9,1/2KH1b,dtx3l,KH5,1,2000,2000,0.0,0.0,3.26,3.26,3.47,1.5
HyRes docked rep2,inter,parp9,1/2KH1b,dtx3l,RING,1,2000,2000,31.15,31.15,1.27,1.27,1.17,0.49
HyRes docked rep2,inter,parp9,1/2KH1b,dtx3l,DTC,1,2000,2000,96.75,96.75,0.66,0.66,0.62,0.37
HyRes docked rep2,inter,parp9,KH2,dtx3l,RRM,1,2000,2000,90.95,90.95,0.73,0.73,0.7,0.35
HyRes docked rep2,inter,parp9,KH2,dtx3l,KH1,1,2000,2000,56.95,56.95,1.24,1.24,0.84,0.39
HyRes docked rep2,inter,parp9,KH2,dtx3l,KH2,1,2000,2000,2.0,2.0,2.37,2.37,2.48,0.63
HyRes docked rep2,inter,parp9,KH2,dtx3l,KH3,1,2000,2000,99.65,99.65,0.64,0.64,0.63,0.39
HyRes docked rep2,inter,parp9,KH2,dtx3l,KH4,1,2000,2000,100.0,100.0,0.55,0.55,0.55,0.41
HyRes docked rep2,inter,parp9,KH2,dtx3l,KH5,1,2000,2000,94.2,94.2,0.73,0.73,0.7,0.39
HyRes docked rep2,inter,parp9,KH2,dtx3l,RING,1,2000,2000,24.7,24.7,1.34,1.34,1.27,0.52
HyRes docked rep2,inter,parp9,KH2,dtx3l,DTC,1,2000,2000,0.0,0.0,2.75,2.75,2.77,1.55
HyRes docked rep2,inter,parp9,ART,dtx3l,RRM,1,2000,2000,57.5,57.5,1.25,1.25,0.87,0.34
HyRes docked rep2,inter,parp9,ART,dtx3l,KH1,1,2000,2000,0.2,0.2,2.84,2.84,2.53,0.74
HyRes docked rep2,inter,parp9,ART,dtx3l,KH2,1,2000,2000,0.0,0.0,4.34,4.34,4.4,2.93
HyRes docked rep2,inter,parp9,ART,dtx3l,KH3,1,2000,2000,0.05,0.05,2.65,2.65,2.64,0.61
HyRes docked rep2,inter,parp9,ART,dtx3l,KH4,1,2000,2000,99.8,99.8,0.67,0.67,0.67,0.34
HyRes docked rep2,inter,parp9,ART,dtx3l,KH5,1,2000,2000,99.05,99.05,0.76,0.76,0.75,0.51
HyRes docked rep2,inter,parp9,ART,dtx3l,RING,1,2000,2000,13.0,13.0,1.64,1.64,1.63,0.41
HyRes docked rep2,inter,parp9,ART,dtx3l,DTC,1,2000,2000,60.75,60.75,1.01,1.01,0.76,0.36
HyRes docked rep3,intra,parp9,1/2KH1a,parp9,MD1,1,2000,2000,96.4,96.4,0.71,0.71,0.7,0.35
HyRes docked rep3,intra,parp9,1/2KH1a,parp9,MD2,1,2000,2000,50.25,50.25,1.64,1.64,0.99,0.38
HyRes docked rep3,intra,parp9,1/2KH1a,parp9,1/2KH1b,1,2000,2000,70.7,70.7,0.98,0.98,0.72,0.38
HyRes docked rep3,intra,parp9,1/2KH1a,parp9,KH2,1,2000,2000,98.25,98.25,0.75,0.75,0.75,0.46
HyRes docked rep3,intra,parp9,1/2KH1a,parp9,ART,1,2000,2000,40.4,40.4,1.14,1.14,1.09,0.44
HyRes docked rep3,intra,parp9,MD1,parp9,MD2,1,2000,2000,56.65,56.65,1.2,1.2,0.75,0.35
HyRes docked rep3,intra,parp9,MD1,parp9,1/2KH1b,1,2000,2000,4.45,4.45,2.29,2.29,2.31,0.43
HyRes docked rep3,intra,parp9,MD1,parp9,KH2,1,2000,2000,93.65,93.65,0.71,0.71,0.64,0.44
HyRes docked rep3,intra,parp9,MD1,parp9,ART,1,2000,2000,0.35,0.35,1.66,1.66,1.63,0.9
HyRes docked rep3,intra,parp9,MD2,parp9,1/2KH1b,1,2000,2000,21.3,21.3,2.65,2.65,2.6,0.41
HyRes docked rep3,intra,parp9,MD2,parp9,KH2,1,2000,2000,3.7,3.7,2.64,2.64,2.66,0.47
HyRes docked rep3,intra,parp9,MD2,parp9,ART,1,2000,2000,37.2,37.2,2.59,2.59,3.17,0.39
HyRes docked rep3,intra,parp9,1/2KH1b,parp9,KH2,1,2000,2000,97.3,97.3,0.74,0.74,0.76,0.34
HyRes docked rep3,intra,parp9,1/2KH1b,parp9,ART,1,2000,2000,70.8,70.8,1.22,1.22,0.84,0.38
HyRes docked rep3,intra,parp9,KH2,parp9,ART,1,2000,2000,100.0,100.0,0.54,0.54,0.54,0.3
HyRes docked rep3,intra,dtx3l,RRM,dtx3l,KH1,1,2000,2000,0.25,0.25,2.91,2.91,2.96,0.7
HyRes docked rep3,intra,dtx3l,RRM,dtx3l,KH2,1,2000,2000,82.5,82.5,0.88,0.88,0.82,0.47
HyRes docked rep3,intra,dtx3l,RRM,dtx3l,KH3,1,2000,2000,99.0,99.0,0.57,0.57,0.56,0.35
HyRes docked rep3,intra,dtx3l,RRM,dtx3l,KH4,1,2000,2000,0.0,0.0,2.62,2.62,2.65,1.54
HyRes docked rep3,intra,dtx3l,RRM,dtx3l,KH5,1,2000,2000,0.0,0.0,5.28,5.28,5.27,4.34
HyRes docked rep3,intra,dtx3l,RRM,dtx3l,RING,1,2000,2000,0.0,0.0,4.14,4.14,4.27,2.19
HyRes docked rep3,intra,dtx3l,RRM,dtx3l,DTC,1,2000,2000,0.0,0.0,4.03,4.03,3.91,2.7
HyRes docked rep3,intra,dtx3l,KH1,dtx3l,KH2,1,2000,2000,67.5,67.5,0.88,0.88,0.74,0.36
HyRes docked rep3,intra,dtx3l,KH1,dtx3l,KH3,1,2000,2000,57.65,57.65,1.16,1.16,0.91,0.37
HyRes docked rep3,intra,dtx3l,KH1,dtx3l,KH4,1,2000,2000,30.45,30.45,1.94,1.94,1.66,0.37
HyRes docked rep3,intra,dtx3l,KH1,dtx3l,KH5,1,2000,2000,0.0,0.0,3.72,3.72,3.46,1.93
HyRes docked rep3,intra,dtx3l,KH1,dtx3l,RING,1,2000,2000,47.6,47.6,1.41,1.41,1.05,0.39
HyRes docked rep3,intra,dtx3l,KH1,dtx3l,DTC,1,2000,2000,87.65,87.65,0.91,0.91,0.8,0.41
HyRes docked rep3,intra,dtx3l,KH2,dtx3l,KH3,1,2000,2000,100.0,100.0,0.64,0.64,0.64,0.49
HyRes docked rep3,intra,dtx3l,KH2,dtx3l,KH4,1,2000,2000,0.0,0.0,2.84,2.84,2.79,2.03
HyRes docked rep3,intra,dtx3l,KH2,dtx3l,KH5,1,2000,2000,0.0,0.0,4.99,4.99,4.96,4.08
HyRes docked rep3,intra,dtx3l,KH2,dtx3l,RING,1,2000,2000,0.05,0.05,3.06,3.06,3.07,0.89
HyRes docked rep3,intra,dtx3l,KH2,dtx3l,DTC,1,2000,2000,30.45,30.45,1.81,1.81,2.04,0.45
HyRes docked rep3,intra,dtx3l,KH3,dtx3l,KH4,1,2000,2000,89.7,89.7,0.81,0.81,0.78,0.46
HyRes docked rep3,intra,dtx3l,KH3,dtx3l,KH5,1,2000,2000,0.0,0.0,3.83,3.83,3.83,2.82
HyRes docked rep3,intra,dtx3l,KH3,dtx3l,RING,1,2000,2000,10.0,10.0,1.97,1.97,2.09,0.36
HyRes docked rep3,intra,dtx3l,KH3,dtx3l,DTC,1,2000,2000,0.0,0.0,2.57,2.57,2.5,1.25
HyRes docked rep3,intra,dtx3l,KH4,dtx3l,KH5,1,2000,2000,100.0,100.0,0.58,0.58,0.59,0.36
HyRes docked rep3,intra,dtx3l,KH4,dtx3l,RING,1,2000,2000,94.75,94.75,0.67,0.67,0.63,0.41
HyRes docked rep3,intra,dtx3l,KH4,dtx3l,DTC,1,2000,2000,0.3,0.3,2.09,2.09,2.03,0.93
HyRes docked rep3,intra,dtx3l,KH5,dtx3l,RING,1,2000,2000,61.2,61.2,0.91,0.91,0.81,0.35
HyRes docked rep3,intra,dtx3l,KH5,dtx3l,DTC,1,2000,2000,41.25,41.25,1.3,1.3,1.06,0.42
HyRes docked rep3,intra,dtx3l,RING,dtx3l,DTC,1,2000,2000,100.0,100.0,0.38,0.38,0.38,0.31
HyRes docked rep3,inter,parp9,1/2KH1a,dtx3l,RRM,1,2000,2000,51.85,51.85,1.08,1.08,0.99,0.38
HyRes docked rep3,inter,parp9,1/2KH1a,dtx3l,KH1,1,2000,2000,0.0,0.0,4.18,4.18,4.24,1.68
HyRes docked rep3,inter,parp9,1/2KH1a,dtx3l,KH2,1,2000,2000,0.0,0.0,3.33,3.33,3.4,1.19
HyRes docked rep3,inter,parp9,1/2KH1a,dtx3l,KH3,1,2000,2000,0.85,0.85,2.76,2.76,2.82,0.72
HyRes docked rep3,inter,parp9,1/2KH1a,dtx3l,KH4,1,2000,2000,0.0,0.0,2.55,2.55,2.53,1.81
HyRes docked rep3,inter,parp9,1/2KH1a,dtx3l,KH5,1,2000,2000,0.0,0.0,3.36,3.36,3.33,2.17
HyRes docked rep3,inter,parp9,1/2KH1a,dtx3l,RING,1,2000,2000,0.0,0.0,3.89,3.89,3.96,1.64
HyRes docked rep3,inter,parp9,1/2KH1a,dtx3l,DTC,1,2000,2000,0.0,0.0,3.89,3.89,3.97,1.75
HyRes docked rep3,inter,parp9,MD1,dtx3l,RRM,1,2000,2000,53.75,53.75,1.14,1.14,0.96,0.42
HyRes docked rep3,inter,parp9,MD1,dtx3l,KH1,1,2000,2000,44.4,44.4,1.16,1.16,1.05,0.34
HyRes docked rep3,inter,parp9,MD1,dtx3l,KH2,1,2000,2000,42.2,42.2,1.12,1.12,1.08,0.36
HyRes docked rep3,inter,parp9,MD1,dtx3l,KH3,1,2000,2000,40.35,40.35,1.09,1.09,1.07,0.53
HyRes docked rep3,inter,parp9,MD1,dtx3l,KH4,1,2000,2000,68.1,68.1,1.0,1.0,0.8,0.52
HyRes docked rep3,inter,parp9,MD1,dtx3l,KH5,1,2000,2000,36.95,36.95,1.38,1.38,1.14,0.61
HyRes docked rep3,inter,parp9,MD1,dtx3l,RING,1,2000,2000,72.55,72.55,0.91,0.91,0.79,0.35
HyRes docked rep3,inter,parp9,MD1,dtx3l,DTC,1,2000,2000,99.55,99.55,0.52,0.52,0.49,0.31
HyRes docked rep3,inter,parp9,MD2,dtx3l,RRM,1,2000,2000,10.2,10.2,2.73,2.73,2.33,0.52
HyRes docked rep3,inter,parp9,MD2,dtx3l,KH1,1,2000,2000,2.4,2.4,3.77,3.77,3.8,0.5
HyRes docked rep3,inter,parp9,MD2,dtx3l,KH2,1,2000,2000,0.1,0.1,3.72,3.72,3.8,0.87
HyRes docked rep3,inter,parp9,MD2,dtx3l,KH3,1,2000,2000,0.0,0.0,4.0,4.0,3.97,2.19
HyRes docked rep3,inter,parp9,MD2,dtx3l,KH4,1,2000,2000,0.0,0.0,3.76,3.76,3.55,2.43
HyRes docked rep3,inter,parp9,MD2,dtx3l,KH5,1,2000,2000,0.0,0.0,3.98,3.98,4.04,2.09
HyRes docked rep3,inter,parp9,MD2,dtx3l,RING,1,2000,2000,0.0,0.0,4.04,4.04,4.38,2.05
HyRes docked rep3,inter,parp9,MD2,dtx3l,DTC,1,2000,2000,43.4,43.4,3.05,3.05,3.06,0.37
HyRes docked rep3,inter,parp9,1/2KH1b,dtx3l,RRM,1,2000,2000,24.05,24.05,1.56,1.56,1.75,0.45
HyRes docked rep3,inter,parp9,1/2KH1b,dtx3l,KH1,1,2000,2000,0.0,0.0,4.88,4.88,4.96,2.05
HyRes docked rep3,inter,parp9,1/2KH1b,dtx3l,KH2,1,2000,2000,0.0,0.0,4.15,4.15,4.37,2.0
HyRes docked rep3,inter,parp9,1/2KH1b,dtx3l,KH3,1,2000,2000,2.05,2.05,2.76,2.76,2.93,0.62
HyRes docked rep3,inter,parp9,1/2KH1b,dtx3l,KH4,1,2000,2000,0.0,0.0,2.82,2.82,2.8,1.1
HyRes docked rep3,inter,parp9,1/2KH1b,dtx3l,KH5,1,2000,2000,0.0,0.0,4.35,4.35,3.96,2.86
HyRes docked rep3,inter,parp9,1/2KH1b,dtx3l,RING,1,2000,2000,0.0,0.0,4.71,4.71,4.73,1.8
HyRes docked rep3,inter,parp9,1/2KH1b,dtx3l,DTC,1,2000,2000,0.0,0.0,5.0,5.0,5.12,1.42
HyRes docked rep3,inter,parp9,KH2,dtx3l,RRM,1,2000,2000,98.85,98.85,0.65,0.65,0.64,0.42
HyRes docked rep3,inter,parp9,KH2,dtx3l,KH1,1,2000,2000,0.0,0.0,2.53,2.53,2.34,1.19
HyRes docked rep3,inter,parp9,KH2,dtx3l,KH2,1,2000,2000,0.0,0.0,2.4,2.4,2.45,1.46
HyRes docked rep3,inter,parp9,KH2,dtx3l,KH3,1,2000,2000,80.9,80.9,0.88,0.88,0.88,0.47
HyRes docked rep3,inter,parp9,KH2,dtx3l,KH4,1,2000,2000,100.0,100.0,0.53,0.53,0.53,0.36
HyRes docked rep3,inter,parp9,KH2,dtx3l,KH5,1,2000,2000,99.35,99.35,0.7,0.7,0.69,0.44
HyRes docked rep3,inter,parp9,KH2,dtx3l,RING,1,2000,2000,5.65,5.65,1.93,1.93,2.05,0.43
HyRes docked rep3,inter,parp9,KH2,dtx3l,DTC,1,2000,2000,0.05,0.05,2.38,2.38,2.38,0.92
HyRes docked rep3,inter,parp9,ART,dtx3l,RRM,1,2000,2000,0.0,0.0,2.99,2.99,3.01,1.99
HyRes docked rep3,inter,parp9,ART,dtx3l,KH1,1,2000,2000,0.0,0.0,3.94,3.94,3.91,2.13
HyRes docked rep3,inter,parp9,ART,dtx3l,KH2,1,2000,2000,0.0,0.0,4.73,4.73,4.74,3.72
HyRes docked rep3,inter,parp9,ART,dtx3l,KH3,1,2000,2000,0.0,0.0,3.07,3.07,3.08,2.33
HyRes docked rep3,inter,parp9,ART,dtx3l,KH4,1,2000,2000,99.85,99.85,0.66,0.66,0.66,0.38
HyRes docked rep3,inter,parp9,ART,dtx3l,KH5,1,2000,2000,62.25,62.25,0.98,0.98,0.93,0.62
HyRes docked rep3,inter,parp9,ART,dtx3l,RING,1,2000,2000,0.0,0.0,1.93,1.93,1.9,1.12
HyRes docked rep3,inter,parp9,ART,dtx3l,DTC,1,2000,2000,0.1,0.1,3.26,3.26,3.28,0.87
HyRes unrestrained,intra,parp9,1/2KH1a,parp9,MD1,1,2000,2000,89.0,89.0,0.7,0.7,0.62,0.33
HyRes unrestrained,intra,parp9,1/2KH1a,parp9,MD2,1,2000,2000,86.5,86.5,0.74,0.74,0.63,0.33
HyRes unrestrained,intra,parp9,1/2KH1a,parp9,1/2KH1b,1,2000,2000,29.95,29.95,1.83,1.83,1.64,0.36
HyRes unrestrained,intra,parp9,1/2KH1a,parp9,KH2,1,2000,2000,53.75,53.75,1.28,1.28,0.9,0.32
HyRes unrestrained,intra,parp9,1/2KH1a,parp9,ART,1,2000,2000,64.2,64.2,1.04,1.04,0.76,0.33
HyRes unrestrained,intra,parp9,MD1,parp9,MD2,1,2000,2000,99.95,99.95,0.47,0.47,0.47,0.29
HyRes unrestrained,intra,parp9,MD1,parp9,1/2KH1b,1,2000,2000,77.55,77.55,0.86,0.86,0.67,0.33
HyRes unrestrained,intra,parp9,MD1,parp9,KH2,1,2000,2000,97.05,97.05,0.59,0.59,0.55,0.29
HyRes unrestrained,intra,parp9,MD1,parp9,ART,1,2000,2000,99.9,99.9,0.47,0.47,0.46,0.31
HyRes unrestrained,intra,parp9,MD2,parp9,1/2KH1b,1,2000,2000,80.45,80.45,0.83,0.83,0.67,0.34
HyRes unrestrained,intra,parp9,MD2,parp9,KH2,1,2000,2000,95.7,95.7,0.59,0.59,0.54,0.33
HyRes unrestrained,intra,parp9,MD2,parp9,ART,1,2000,2000,98.25,98.25,0.53,0.53,0.5,0.32
HyRes unrestrained,intra,parp9,1/2KH1b,parp9,KH2,1,2000,2000,90.3,90.3,0.71,0.71,0.67,0.35
HyRes unrestrained,intra,parp9,1/2KH1b,parp9,ART,1,2000,2000,58.95,58.95,1.14,1.14,0.85,0.32
HyRes unrestrained,intra,parp9,KH2,parp9,ART,1,2000,2000,94.7,94.7,0.62,0.62,0.56,0.33
HyRes unrestrained,intra,dtx3l,RRM,dtx3l,KH1,1,2000,2000,90.15,90.15,0.7,0.7,0.63,0.34
HyRes unrestrained,intra,dtx3l,RRM,dtx3l,KH2,1,2000,2000,77.45,77.45,0.9,0.9,0.65,0.33
HyRes unrestrained,intra,dtx3l,RRM,dtx3l,KH3,1,2000,2000,51.35,51.35,1.25,1.25,0.97,0.32
HyRes unrestrained,intra,dtx3l,RRM,dtx3l,KH4,1,2000,2000,68.35,68.35,1.03,1.03,0.73,0.35
HyRes unrestrained,intra,dtx3l,RRM,dtx3l,KH5,1,2000,2000,53.0,53.0,1.2,1.2,0.93,0.35
HyRes unrestrained,intra,dtx3l,RRM,dtx3l,RING,1,2000,2000,52.7,52.7,1.21,1.21,0.94,0.33
HyRes unrestrained,intra,dtx3l,RRM,dtx3l,DTC,1,2000,2000,74.6,74.6,0.89,0.89,0.68,0.33
HyRes unrestrained,intra,dtx3l,KH1,dtx3l,KH2,1,2000,2000,80.35,80.35,0.81,0.81,0.66,0.33
HyRes unrestrained,intra,dtx3l,KH1,dtx3l,KH3,1,2000,2000,51.4,51.4,1.24,1.24,0.98,0.32
HyRes unrestrained,intra,dtx3l,KH1,dtx3l,KH4,1,2000,2000,63.95,63.95,1.03,1.03,0.82,0.35
HyRes unrestrained,intra,dtx3l,KH1,dtx3l,KH5,1,2000,2000,60.4,60.4,1.14,1.14,0.82,0.34
HyRes unrestrained,intra,dtx3l,KH1,dtx3l,RING,1,2000,2000,69.8,69.8,0.99,0.99,0.71,0.34
HyRes unrestrained,intra,dtx3l,KH1,dtx3l,DTC,1,2000,2000,95.25,95.25,0.63,0.63,0.57,0.3
HyRes unrestrained,intra,dtx3l,KH2,dtx3l,KH3,1,2000,2000,99.1,99.1,0.64,0.64,0.61,0.34
HyRes unrestrained,intra,dtx3l,KH2,dtx3l,KH4,1,2000,2000,57.0,57.0,1.14,1.14,0.88,0.32
HyRes unrestrained,intra,dtx3l,KH2,dtx3l,KH5,1,2000,2000,56.05,56.05,1.17,1.17,0.86,0.32
HyRes unrestrained,intra,dtx3l,KH2,dtx3l,RING,1,2000,2000,71.65,71.65,0.94,0.94,0.71,0.35
HyRes unrestrained,intra,dtx3l,KH2,dtx3l,DTC,1,2000,2000,91.35,91.35,0.66,0.66,0.57,0.32
HyRes unrestrained,intra,dtx3l,KH3,dtx3l,KH4,1,2000,2000,78.2,78.2,0.86,0.86,0.69,0.31
HyRes unrestrained,intra,dtx3l,KH3,dtx3l,KH5,1,2000,2000,51.0,51.0,1.32,1.32,0.98,0.33
HyRes unrestrained,intra,dtx3l,KH3,dtx3l,RING,1,2000,2000,68.9,68.9,0.99,0.99,0.71,0.33
HyRes unrestrained,intra,dtx3l,KH3,dtx3l,DTC,1,2000,2000,87.75,87.75,0.71,0.71,0.59,0.32
HyRes unrestrained,intra,dtx3l,KH4,dtx3l,KH5,1,2000,2000,100.0,100.0,0.55,0.55,0.54,0.33
HyRes unrestrained,intra,dtx3l,KH4,dtx3l,RING,1,2000,2000,68.45,68.45,0.99,0.99,0.73,0.37
HyRes unrestrained,intra,dtx3l,KH4,dtx3l,DTC,1,2000,2000,84.55,84.55,0.74,0.74,0.62,0.34
HyRes unrestrained,intra,dtx3l,KH5,dtx3l,RING,1,2000,2000,60.8,60.8,1.06,1.06,0.82,0.33
HyRes unrestrained,intra,dtx3l,KH5,dtx3l,DTC,1,2000,2000,74.8,74.8,0.89,0.89,0.68,0.34
HyRes unrestrained,intra,dtx3l,RING,dtx3l,DTC,1,2000,2000,100.0,100.0,0.38,0.38,0.38,0.33
HyRes unrestrained,inter,parp9,1/2KH1a,dtx3l,RRM,1,2000,0,0.0,,16.13,,,5.42
HyRes unrestrained,inter,parp9,1/2KH1a,dtx3l,KH1,1,2000,0,0.0,,16.36,,,6.68
HyRes unrestrained,inter,parp9,1/2KH1a,dtx3l,KH2,1,2000,0,0.0,,16.19,,,7.92
HyRes unrestrained,inter,parp9,1/2KH1a,dtx3l,KH3,1,2000,0,0.0,,16.4,,,7.56
HyRes unrestrained,inter,parp9,1/2KH1a,dtx3l,KH4,1,2000,0,0.0,,16.21,,,4.6
HyRes unrestrained,inter,parp9,1/2KH1a,dtx3l,KH5,1,2000,0,0.0,,16.31,,,5.35
HyRes unrestrained,inter,parp9,1/2KH1a,dtx3l,RING,1,2000,0,0.0,,16.41,,,7.55
HyRes unrestrained,inter,parp9,1/2KH1a,dtx3l,DTC,1,2000,0,0.0,,15.7,,,7.01
HyRes unrestrained,inter,parp9,MD1,dtx3l,RRM,1,2000,0,0.0,,14.29,,,5.56
HyRes unrestrained,inter,parp9,MD1,dtx3l,KH1,1,2000,0,0.0,,14.57,,,6.08
HyRes unrestrained,inter,parp9,MD1,dtx3l,KH2,1,2000,0,0.0,,14.32,,,6.03
HyRes unrestrained,inter,parp9,MD1,dtx3l,KH3,1,2000,0,0.0,,14.48,,,5.78
HyRes unrestrained,inter,parp9,MD1,dtx3l,KH4,1,2000,0,0.0,,14.33,,,4.32
HyRes unrestrained,inter,parp9,MD1,dtx3l,KH5,1,2000,0,0.0,,14.44,,,5.28
HyRes unrestrained,inter,parp9,MD1,dtx3l,RING,1,2000,0,0.0,,14.59,,,5.84
HyRes unrestrained,inter,parp9,MD1,dtx3l,DTC,1,2000,0,0.0,,13.9,,,4.08
HyRes unrestrained,inter,parp9,MD2,dtx3l,RRM,1,2000,0,0.0,,14.28,,,3.75
HyRes unrestrained,inter,parp9,MD2,dtx3l,KH1,1,2000,0,0.0,,14.55,,,4.72
HyRes unrestrained,inter,parp9,MD2,dtx3l,KH2,1,2000,0,0.0,,14.35,,,4.68
HyRes unrestrained,inter,parp9,MD2,dtx3l,KH3,1,2000,0,0.0,,14.52,,,4.76
HyRes unrestrained,inter,parp9,MD2,dtx3l,KH4,1,2000,0,0.0,,14.4,,,3.53
HyRes unrestrained,inter,parp9,MD2,dtx3l,KH5,1,2000,0,0.0,,14.5,,,4.52
HyRes unrestrained,inter,parp9,MD2,dtx3l,RING,1,2000,0,0.0,,14.55,,,5.06
HyRes unrestrained,inter,parp9,MD2,dtx3l,DTC,1,2000,0,0.0,,13.84,,,4.0
HyRes unrestrained,inter,parp9,1/2KH1b,dtx3l,RRM,1,2000,0,0.0,,16.23,,,5.83
HyRes unrestrained,inter,parp9,1/2KH1b,dtx3l,KH1,1,2000,0,0.0,,16.51,,,5.76
HyRes unrestrained,inter,parp9,1/2KH1b,dtx3l,KH2,1,2000,0,0.0,,16.35,,,6.51
HyRes unrestrained,inter,parp9,1/2KH1b,dtx3l,KH3,1,2000,0,0.0,,16.45,,,4.91
HyRes unrestrained,inter,parp9,1/2KH1b,dtx3l,KH4,1,2000,0,0.0,,16.34,,,4.19
HyRes unrestrained,inter,parp9,1/2KH1b,dtx3l,KH5,1,2000,0,0.0,,16.45,,,4.87
HyRes unrestrained,inter,parp9,1/2KH1b,dtx3l,RING,1,2000,0,0.0,,16.46,,,6.6
HyRes unrestrained,inter,parp9,1/2KH1b,dtx3l,DTC,1,2000,0,0.0,,15.73,,,4.96
HyRes unrestrained,inter,parp9,KH2,dtx3l,RRM,1,2000,0,0.0,,15.2,,,5.85
HyRes unrestrained,inter,parp9,KH2,dtx3l,KH1,1,2000,0,0.0,,15.39,,,5.0
HyRes unrestrained,inter,parp9,KH2,dtx3l,KH2,1,2000,0,0.0,,15.24,,,6.01
HyRes unrestrained,inter,parp9,KH2,dtx3l,KH3,1,2000,0,0.0,,15.41,,,5.27
HyRes unrestrained,inter,parp9,KH2,dtx3l,KH4,1,2000,0,0.0,,15.29,,,4.99
HyRes unrestrained,inter,parp9,KH2,dtx3l,KH5,1,2000,0,0.0,,15.43,,,5.85
HyRes unrestrained,inter,parp9,KH2,dtx3l,RING,1,2000,0,0.0,,15.36,,,5.05
HyRes unrestrained,inter,parp9,KH2,dtx3l,DTC,1,2000,0,0.0,,14.62,,,4.79
HyRes unrestrained,inter,parp9,ART,dtx3l,RRM,1,2000,0,0.0,,14.1,,,3.34
HyRes unrestrained,inter,parp9,ART,dtx3l,KH1,1,2000,0,0.0,,14.32,,,4.65
HyRes unrestrained,inter,parp9,ART,dtx3l,KH2,1,2000,0,0.0,,14.13,,,3.76
HyRes unrestrained,inter,parp9,ART,dtx3l,KH3,1,2000,0,0.0,,14.29,,,3.72
HyRes unrestrained,inter,parp9,ART,dtx3l,KH4,1,2000,0,0.0,,14.18,,,2.44
HyRes unrestrained,inter,parp9,ART,dtx3l,KH5,1,2000,0,0.0,,14.32,,,3.43
HyRes unrestrained,inter,parp9,ART,dtx3l,RING,1,2000,0,0.0,,14.35,,,4.51
HyRes unrestrained,inter,parp9,ART,dtx3l,DTC,1,2000,0,0.0,,13.61,,,3.41
binding/p9_dtx3l,intra,parp9,1/2KH1a,parp9,MD1,7,3500,3500,36.514,36.51,1.39,1.39,1.28,0.44
binding/p9_dtx3l,intra,parp9,1/2KH1a,parp9,MD2,7,3500,3500,14.057,14.06,2.34,2.34,2.3,0.49
binding/p9_dtx3l,intra,parp9,1/2KH1a,parp9,1/2KH1b,7,3500,3500,100.0,100.0,0.32,0.32,0.33,0.15
binding/p9_dtx3l,intra,parp9,1/2KH1a,parp9,KH2,7,3500,3500,47.371,47.37,1.13,1.13,1.05,0.49
binding/p9_dtx3l,intra,parp9,1/2KH1a,parp9,ART,7,3500,3500,5.371,5.37,4.24,4.24,4.17,0.51
binding/p9_dtx3l,intra,parp9,MD1,parp9,MD2,7,3500,3500,39.571,39.57,1.38,1.38,1.25,0.46
binding/p9_dtx3l,intra,parp9,MD1,parp9,1/2KH1b,7,3500,3500,18.686,18.69,1.77,1.77,1.73,0.51
binding/p9_dtx3l,intra,parp9,MD1,parp9,KH2,7,3500,3500,13.829,13.83,2.7,2.7,2.79,0.47
binding/p9_dtx3l,intra,parp9,MD1,parp9,ART,7,3500,3500,7.943,7.94,4.92,4.92,4.78,0.49
binding/p9_dtx3l,intra,parp9,MD2,parp9,1/2KH1b,7,3500,3500,8.486,8.49,2.67,2.67,2.64,0.53
binding/p9_dtx3l,intra,parp9,MD2,parp9,KH2,7,3500,3500,12.943,12.94,3.22,3.22,3.25,0.5
binding/p9_dtx3l,intra,parp9,MD2,parp9,ART,7,3500,3500,5.286,5.29,5.39,5.39,5.25,0.46
binding/p9_dtx3l,intra,parp9,1/2KH1b,parp9,KH2,7,3500,3500,60.371,60.37,0.93,0.93,0.9,0.47
binding/p9_dtx3l,intra,parp9,1/2KH1b,parp9,ART,7,3500,3500,5.057,5.06,4.32,4.32,4.26,0.53
binding/p9_dtx3l,intra,parp9,KH2,parp9,ART,7,3500,3500,28.857,28.86,1.98,1.98,1.77,0.48
binding/p9_dtx3l,intra,dtx3l,RRM,dtx3l,KH1,7,3500,3500,11.686,11.69,3.36,3.36,3.18,0.47
binding/p9_dtx3l,intra,dtx3l,RRM,dtx3l,KH2,7,3500,3500,3.143,3.14,6.45,6.45,6.37,0.5
binding/p9_dtx3l,intra,dtx3l,RRM,dtx3l,KH3,7,3500,3500,1.429,1.43,7.33,7.33,7.15,0.52
binding/p9_dtx3l,intra,dtx3l,RRM,dtx3l,KH4,7,3500,3500,1.057,1.06,8.43,8.43,8.23,0.58
binding/p9_dtx3l,intra,dtx3l,RRM,dtx3l,KH5,7,3500,3500,0.914,0.91,9.23,9.23,9.04,0.51
binding/p9_dtx3l,intra,dtx3l,RRM,dtx3l,RING,7,3500,3500,0.771,0.77,10.81,10.81,10.61,0.57
binding/p9_dtx3l,intra,dtx3l,RRM,dtx3l,DTC,7,3500,3500,0.8,0.8,11.03,11.03,10.95,0.52
binding/p9_dtx3l,intra,dtx3l,KH1,dtx3l,KH2,7,3500,3500,10.143,10.14,3.03,3.03,2.96,0.48
binding/p9_dtx3l,intra,dtx3l,KH1,dtx3l,KH3,7,3500,3500,5.286,5.29,4.17,4.17,4.17,0.45
binding/p9_dtx3l,intra,dtx3l,KH1,dtx3l,KH4,7,3500,3500,3.0,3.0,5.78,5.78,5.65,0.53
binding/p9_dtx3l,intra,dtx3l,KH1,dtx3l,KH5,7,3500,3500,2.343,2.34,6.78,6.78,6.74,0.51
binding/p9_dtx3l,intra,dtx3l,KH1,dtx3l,RING,7,3500,3500,1.229,1.23,8.81,8.81,8.67,0.56
binding/p9_dtx3l,intra,dtx3l,KH1,dtx3l,DTC,7,3500,3500,2.286,2.29,9.2,9.2,9.13,0.49
binding/p9_dtx3l,intra,dtx3l,KH2,dtx3l,KH3,7,3500,3500,81.743,81.74,0.81,0.81,0.77,0.51
binding/p9_dtx3l,intra,dtx3l,KH2,dtx3l,KH4,7,3500,3500,5.0,5.0,3.47,3.47,3.5,0.51
binding/p9_dtx3l,intra,dtx3l,KH2,dtx3l,KH5,7,3500,3500,3.686,3.69,4.67,4.67,4.76,0.51
binding/p9_dtx3l,intra,dtx3l,KH2,dtx3l,RING,7,3500,3500,2.0,2.0,7.14,7.14,7.07,0.5
binding/p9_dtx3l,intra,dtx3l,KH2,dtx3l,DTC,7,3500,3500,3.571,3.57,7.68,7.68,7.59,0.47
binding/p9_dtx3l,intra,dtx3l,KH3,dtx3l,KH4,7,3500,3500,26.4,26.4,1.69,1.69,1.58,0.47
binding/p9_dtx3l,intra,dtx3l,KH3,dtx3l,KH5,7,3500,3500,7.514,7.51,3.16,3.16,3.19,0.53
binding/p9_dtx3l,intra,dtx3l,KH3,dtx3l,RING,7,3500,3500,1.686,1.69,6.11,6.11,6.03,0.56
binding/p9_dtx3l,intra,dtx3l,KH3,dtx3l,DTC,7,3500,3500,2.829,2.83,6.79,6.79,6.68,0.51
binding/p9_dtx3l,intra,dtx3l,KH4,dtx3l,KH5,7,3500,3500,93.229,93.23,0.74,0.74,0.7,0.47
binding/p9_dtx3l,intra,dtx3l,KH4,dtx3l,RING,7,3500,3500,3.886,3.89,4.61,4.61,4.49,0.53
binding/p9_dtx3l,intra,dtx3l,KH4,dtx3l,DTC,7,3500,3500,5.029,5.03,5.53,5.53,5.46,0.46
binding/p9_dtx3l,intra,dtx3l,KH5,dtx3l,RING,7,3500,3500,4.286,4.29,3.75,3.75,3.61,0.51
binding/p9_dtx3l,intra,dtx3l,KH5,dtx3l,DTC,7,3500,3500,4.171,4.17,4.86,4.86,4.78,0.49
binding/p9_dtx3l,intra,dtx3l,RING,dtx3l,DTC,7,3500,3500,100.0,100.0,0.37,0.37,0.37,0.29
binding/p9_dtx3l,inter,parp9,1/2KH1a,dtx3l,RRM,7,3500,199,0.029,0.5,16.82,10.85,11.19,0.55
binding/p9_dtx3l,inter,parp9,1/2KH1a,dtx3l,KH1,7,3500,199,0.114,2.01,16.87,8.74,8.04,0.65
binding/p9_dtx3l,inter,parp9,1/2KH1a,dtx3l,KH2,7,3500,199,0.086,1.51,16.85,7.72,7.37,0.68
binding/p9_dtx3l,inter,parp9,1/2KH1a,dtx3l,KH3,7,3500,199,0.029,0.5,17.04,7.6,7.3,0.75
binding/p9_dtx3l,inter,parp9,1/2KH1a,dtx3l,KH4,7,3500,199,0.171,3.02,16.87,7.53,7.26,0.61
binding/p9_dtx3l,inter,parp9,1/2KH1a,dtx3l,KH5,7,3500,199,0.171,3.02,17.01,7.93,7.46,0.56
binding/p9_dtx3l,inter,parp9,1/2KH1a,dtx3l,RING,7,3500,199,0.143,2.51,16.94,8.09,7.66,0.63
binding/p9_dtx3l,inter,parp9,1/2KH1a,dtx3l,DTC,7,3500,199,0.371,6.53,16.41,7.97,6.94,0.62
binding/p9_dtx3l,inter,parp9,MD1,dtx3l,RRM,7,3500,199,0.057,1.01,16.03,10.33,10.04,0.64
binding/p9_dtx3l,inter,parp9,MD1,dtx3l,KH1,7,3500,199,0.257,4.52,16.06,8.31,7.99,0.54
binding/p9_dtx3l,inter,parp9,MD1,dtx3l,KH2,7,3500,199,0.429,7.54,16.05,7.16,6.79,0.58
binding/p9_dtx3l,inter,parp9,MD1,dtx3l,KH3,7,3500,199,0.314,5.53,16.25,7.06,6.58,0.54
binding/p9_dtx3l,inter,parp9,MD1,dtx3l,KH4,7,3500,199,0.343,6.03,16.09,6.96,6.46,0.55
binding/p9_dtx3l,inter,parp9,MD1,dtx3l,KH5,7,3500,199,0.257,4.52,16.24,7.29,6.84,0.53
binding/p9_dtx3l,inter,parp9,MD1,dtx3l,RING,7,3500,199,0.2,3.52,16.14,7.4,6.11,0.55
binding/p9_dtx3l,inter,parp9,MD1,dtx3l,DTC,7,3500,199,0.743,13.07,15.63,7.29,5.82,0.51
binding/p9_dtx3l,inter,parp9,MD2,dtx3l,RRM,7,3500,199,0.143,2.51,16.0,10.8,10.95,0.61
binding/p9_dtx3l,inter,parp9,MD2,dtx3l,KH1,7,3500,199,0.257,4.52,16.03,8.72,8.75,0.59
binding/p9_dtx3l,inter,parp9,MD2,dtx3l,KH2,7,3500,199,0.343,6.03,16.06,7.54,6.49,0.49
binding/p9_dtx3l,inter,parp9,MD2,dtx3l,KH3,7,3500,199,0.114,2.01,16.24,7.44,6.73,0.6
binding/p9_dtx3l,inter,parp9,MD2,dtx3l,KH4,7,3500,199,0.229,4.02,16.05,7.4,7.01,0.57
binding/p9_dtx3l,inter,parp9,MD2,dtx3l,KH5,7,3500,199,0.314,5.53,16.21,7.7,7.48,0.64
binding/p9_dtx3l,inter,parp9,MD2,dtx3l,RING,7,3500,199,0.143,2.51,16.15,7.87,6.69,0.67
binding/p9_dtx3l,inter,parp9,MD2,dtx3l,DTC,7,3500,199,0.429,7.54,15.62,7.6,6.85,0.5
binding/p9_dtx3l,inter,parp9,1/2KH1b,dtx3l,RRM,7,3500,199,0.029,0.5,16.99,11.04,11.09,0.81
binding/p9_dtx3l,inter,parp9,1/2KH1b,dtx3l,KH1,7,3500,199,0.029,0.5,17.05,8.99,8.44,0.65
binding/p9_dtx3l,inter,parp9,1/2KH1b,dtx3l,KH2,7,3500,199,0.086,1.51,17.04,7.94,7.44,0.94
binding/p9_dtx3l,inter,parp9,1/2KH1b,dtx3l,KH3,7,3500,199,0.0,0.0,17.22,7.82,7.37,1.02
binding/p9_dtx3l,inter,parp9,1/2KH1b,dtx3l,KH4,7,3500,199,0.029,0.5,17.05,7.79,7.59,0.91
binding/p9_dtx3l,inter,parp9,1/2KH1b,dtx3l,KH5,7,3500,199,0.086,1.51,17.19,8.18,7.78,0.69
binding/p9_dtx3l,inter,parp9,1/2KH1b,dtx3l,RING,7,3500,199,0.057,1.01,17.11,8.29,7.76,0.6
binding/p9_dtx3l,inter,parp9,1/2KH1b,dtx3l,DTC,7,3500,199,0.2,3.52,16.58,8.13,7.02,0.56
binding/p9_dtx3l,inter,parp9,KH2,dtx3l,RRM,7,3500,199,0.086,1.51,16.31,10.45,10.44,0.53
binding/p9_dtx3l,inter,parp9,KH2,dtx3l,KH1,7,3500,199,0.171,3.02,16.36,8.29,7.81,0.67
binding/p9_dtx3l,inter,parp9,KH2,dtx3l,KH2,7,3500,199,0.143,2.51,16.34,7.3,6.97,0.63
binding/p9_dtx3l,inter,parp9,KH2,dtx3l,KH3,7,3500,199,0.2,3.52,16.53,7.22,7.1,0.55
binding/p9_dtx3l,inter,parp9,KH2,dtx3l,KH4,7,3500,199,0.143,2.51,16.37,7.17,6.8,0.69
binding/p9_dtx3l,inter,parp9,KH2,dtx3l,KH5,7,3500,199,0.171,3.02,16.51,7.52,7.38,0.57
binding/p9_dtx3l,inter,parp9,KH2,dtx3l,RING,7,3500,199,0.229,4.02,16.42,7.81,6.93,0.69
binding/p9_dtx3l,inter,parp9,KH2,dtx3l,DTC,7,3500,199,0.657,11.56,15.9,7.68,6.8,0.55
binding/p9_dtx3l,inter,parp9,ART,dtx3l,RRM,7,3500,199,0.257,4.52,15.96,10.39,10.69,0.52
binding/p9_dtx3l,inter,parp9,ART,dtx3l,KH1,7,3500,199,0.286,5.03,15.98,8.54,8.37,0.55
binding/p9_dtx3l,inter,parp9,ART,dtx3l,KH2,7,3500,199,0.314,5.53,15.99,7.67,7.48,0.64
binding/p9_dtx3l,inter,parp9,ART,dtx3l,KH3,7,3500,199,0.257,4.52,16.15,7.78,7.53,0.55
binding/p9_dtx3l,inter,parp9,ART,dtx3l,KH4,7,3500,199,0.229,4.02,15.95,7.74,7.08,0.54
binding/p9_dtx3l,inter,parp9,ART,dtx3l,KH5,7,3500,199,0.229,4.02,16.11,8.14,7.86,0.6
binding/p9_dtx3l,inter,parp9,ART,dtx3l,RING,7,3500,199,0.371,6.53,16.01,8.45,7.98,0.56
binding/p9_dtx3l,inter,parp9,ART,dtx3l,DTC,7,3500,199,0.4,7.04,15.51,8.3,7.95,0.59
binding_go/p9_dtx3l_xl_h20,intra,parp9,1/2KH1a,parp9,MD1,5,2500,2500,35.0,35.0,1.42,1.42,1.34,0.48
binding_go/p9_dtx3l_xl_h20,intra,parp9,1/2KH1a,parp9,MD2,5,2500,2500,14.8,14.8,2.34,2.34,2.29,0.48
binding_go/p9_dtx3l_xl_h20,intra,parp9,1/2KH1a,parp9,1/2KH1b,5,2500,2500,100.0,100.0,0.32,0.32,0.33,0.15
binding_go/p9_dtx3l_xl_h20,intra,parp9,1/2KH1a,parp9,KH2,5,2500,2500,46.72,46.72,1.14,1.14,1.05,0.48
binding_go/p9_dtx3l_xl_h20,intra,parp9,1/2KH1a,parp9,ART,5,2500,2500,5.52,5.52,4.49,4.49,4.55,0.47
binding_go/p9_dtx3l_xl_h20,intra,parp9,MD1,parp9,MD2,5,2500,2500,42.92,42.92,1.35,1.35,1.21,0.48
binding_go/p9_dtx3l_xl_h20,intra,parp9,MD1,parp9,1/2KH1b,5,2500,2500,17.6,17.6,1.8,1.8,1.79,0.49
binding_go/p9_dtx3l_xl_h20,intra,parp9,MD1,parp9,KH2,5,2500,2500,11.44,11.44,2.83,2.83,2.92,0.48
binding_go/p9_dtx3l_xl_h20,intra,parp9,MD1,parp9,ART,5,2500,2500,6.24,6.24,5.37,5.37,5.36,0.47
binding_go/p9_dtx3l_xl_h20,intra,parp9,MD2,parp9,1/2KH1b,5,2500,2500,8.8,8.8,2.67,2.67,2.64,0.53
binding_go/p9_dtx3l_xl_h20,intra,parp9,MD2,parp9,KH2,5,2500,2500,9.76,9.76,3.42,3.42,3.51,0.47
binding_go/p9_dtx3l_xl_h20,intra,parp9,MD2,parp9,ART,5,2500,2500,4.88,4.88,5.82,5.82,5.69,0.51
binding_go/p9_dtx3l_xl_h20,intra,parp9,1/2KH1b,parp9,KH2,5,2500,2500,60.8,60.8,0.93,0.93,0.9,0.5
binding_go/p9_dtx3l_xl_h20,intra,parp9,1/2KH1b,parp9,ART,5,2500,2500,4.8,4.8,4.55,4.55,4.65,0.5
binding_go/p9_dtx3l_xl_h20,intra,parp9,KH2,parp9,ART,5,2500,2500,25.44,25.44,1.97,1.97,1.85,0.46
binding_go/p9_dtx3l_xl_h20,intra,dtx3l,RRM,dtx3l,KH1,5,2500,2500,10.36,10.36,3.49,3.49,3.36,0.49
binding_go/p9_dtx3l_xl_h20,intra,dtx3l,RRM,dtx3l,KH2,5,2500,2500,2.6,2.6,6.56,6.56,6.52,0.54
binding_go/p9_dtx3l_xl_h20,intra,dtx3l,RRM,dtx3l,KH3,5,2500,2500,1.2,1.2,7.56,7.56,7.47,0.52
binding_go/p9_dtx3l_xl_h20,intra,dtx3l,RRM,dtx3l,KH4,5,2500,2500,0.64,0.64,8.82,8.82,8.65,0.58
binding_go/p9_dtx3l_xl_h20,intra,dtx3l,RRM,dtx3l,KH5,5,2500,2500,0.48,0.48,9.77,9.77,9.71,0.58
binding_go/p9_dtx3l_xl_h20,intra,dtx3l,RRM,dtx3l,RING,5,2500,2500,0.56,0.56,11.42,11.42,11.35,0.6
binding_go/p9_dtx3l_xl_h20,intra,dtx3l,RRM,dtx3l,DTC,5,2500,2500,1.0,1.0,11.55,11.55,11.57,0.48
binding_go/p9_dtx3l_xl_h20,intra,dtx3l,KH1,dtx3l,KH2,5,2500,2500,10.2,10.2,2.99,2.99,2.88,0.53
binding_go/p9_dtx3l_xl_h20,intra,dtx3l,KH1,dtx3l,KH3,5,2500,2500,4.08,4.08,4.26,4.26,4.21,0.52
binding_go/p9_dtx3l_xl_h20,intra,dtx3l,KH1,dtx3l,KH4,5,2500,2500,2.36,2.36,5.98,5.98,6.0,0.51
binding_go/p9_dtx3l_xl_h20,intra,dtx3l,KH1,dtx3l,KH5,5,2500,2500,1.72,1.72,7.15,7.15,7.15,0.55
binding_go/p9_dtx3l_xl_h20,intra,dtx3l,KH1,dtx3l,RING,5,2500,2500,0.96,0.96,9.3,9.3,9.33,0.56
binding_go/p9_dtx3l_xl_h20,intra,dtx3l,KH1,dtx3l,DTC,5,2500,2500,2.0,2.0,9.63,9.63,9.59,0.56
binding_go/p9_dtx3l_xl_h20,intra,dtx3l,KH2,dtx3l,KH3,5,2500,2500,83.76,83.76,0.8,0.8,0.75,0.49
binding_go/p9_dtx3l_xl_h20,intra,dtx3l,KH2,dtx3l,KH4,5,2500,2500,2.8,2.8,3.44,3.44,3.51,0.52
binding_go/p9_dtx3l_xl_h20,intra,dtx3l,KH2,dtx3l,KH5,5,2500,2500,3.44,3.44,4.85,4.85,4.97,0.54
binding_go/p9_dtx3l_xl_h20,intra,dtx3l,KH2,dtx3l,RING,5,2500,2500,1.8,1.8,7.52,7.52,7.51,0.52
binding_go/p9_dtx3l_xl_h20,intra,dtx3l,KH2,dtx3l,DTC,5,2500,2500,3.16,3.16,8.07,8.07,8.15,0.51
binding_go/p9_dtx3l_xl_h20,intra,dtx3l,KH3,dtx3l,KH4,5,2500,2500,32.72,32.72,1.41,1.41,1.3,0.46
binding_go/p9_dtx3l_xl_h20,intra,dtx3l,KH3,dtx3l,KH5,5,2500,2500,7.32,7.32,3.16,3.16,3.28,0.51
binding_go/p9_dtx3l_xl_h20,intra,dtx3l,KH3,dtx3l,RING,5,2500,2500,1.2,1.2,6.42,6.42,6.32,0.54
binding_go/p9_dtx3l_xl_h20,intra,dtx3l,KH3,dtx3l,DTC,5,2500,2500,2.48,2.48,7.13,7.13,7.12,0.51
binding_go/p9_dtx3l_xl_h20,intra,dtx3l,KH4,dtx3l,KH5,5,2500,2500,92.6,92.6,0.74,0.74,0.71,0.49
binding_go/p9_dtx3l_xl_h20,intra,dtx3l,KH4,dtx3l,RING,5,2500,2500,2.6,2.6,4.84,4.84,4.73,0.53
binding_go/p9_dtx3l_xl_h20,intra,dtx3l,KH4,dtx3l,DTC,5,2500,2500,3.24,3.24,5.8,5.8,5.73,0.49
binding_go/p9_dtx3l_xl_h20,intra,dtx3l,KH5,dtx3l,RING,5,2500,2500,5.08,5.08,3.78,3.78,3.61,0.47
binding_go/p9_dtx3l_xl_h20,intra,dtx3l,KH5,dtx3l,DTC,5,2500,2500,3.88,3.88,4.96,4.96,4.83,0.49
binding_go/p9_dtx3l_xl_h20,intra,dtx3l,RING,dtx3l,DTC,5,2500,2500,100.0,100.0,0.37,0.37,0.37,0.3
binding_go/p9_dtx3l_xl_h20,inter,parp9,1/2KH1a,dtx3l,RRM,5,2500,2453,0.28,0.29,9.56,9.54,9.32,0.55
binding_go/p9_dtx3l_xl_h20,inter,parp9,1/2KH1a,dtx3l,KH1,5,2500,2453,1.44,1.47,7.0,6.97,6.87,0.53
binding_go/p9_dtx3l_xl_h20,inter,parp9,1/2KH1a,dtx3l,KH2,5,2500,2453,2.8,2.85,4.75,4.73,4.8,0.56
binding_go/p9_dtx3l_xl_h20,inter,parp9,1/2KH1a,dtx3l,KH3,5,2500,2453,4.92,5.01,3.34,3.32,3.36,0.55
binding_go/p9_dtx3l_xl_h20,inter,parp9,1/2KH1a,dtx3l,KH4,5,2500,2453,1.64,1.67,3.35,3.33,3.35,0.55
binding_go/p9_dtx3l_xl_h20,inter,parp9,1/2KH1a,dtx3l,KH5,5,2500,2453,3.32,3.38,4.43,4.41,4.51,0.55
binding_go/p9_dtx3l_xl_h20,inter,parp9,1/2KH1a,dtx3l,RING,5,2500,2453,1.16,1.18,7.28,7.26,7.19,0.51
binding_go/p9_dtx3l_xl_h20,inter,parp9,1/2KH1a,dtx3l,DTC,5,2500,2453,1.92,1.96,7.9,7.87,7.8,0.51
binding_go/p9_dtx3l_xl_h20,inter,parp9,MD1,dtx3l,RRM,5,2500,2453,1.16,1.18,9.77,9.75,9.72,0.49
binding_go/p9_dtx3l_xl_h20,inter,parp9,MD1,dtx3l,KH1,5,2500,2453,2.32,2.36,7.61,7.59,7.5,0.52
binding_go/p9_dtx3l_xl_h20,inter,parp9,MD1,dtx3l,KH2,5,2500,2453,4.64,4.73,5.72,5.71,5.8,0.46
binding_go/p9_dtx3l_xl_h20,inter,parp9,MD1,dtx3l,KH3,5,2500,2453,4.24,4.32,4.66,4.65,4.72,0.5
binding_go/p9_dtx3l_xl_h20,inter,parp9,MD1,dtx3l,KH4,5,2500,2453,2.68,2.73,4.62,4.61,4.72,0.51
binding_go/p9_dtx3l_xl_h20,inter,parp9,MD1,dtx3l,KH5,5,2500,2453,3.56,3.63,5.5,5.48,5.5,0.52
binding_go/p9_dtx3l_xl_h20,inter,parp9,MD1,dtx3l,RING,5,2500,2453,1.92,1.96,7.81,7.79,7.73,0.49
binding_go/p9_dtx3l_xl_h20,inter,parp9,MD1,dtx3l,DTC,5,2500,2453,3.64,3.71,8.26,8.23,8.1,0.5
binding_go/p9_dtx3l_xl_h20,inter,parp9,MD2,dtx3l,RRM,5,2500,2453,1.12,1.14,10.12,10.09,9.94,0.54
binding_go/p9_dtx3l_xl_h20,inter,parp9,MD2,dtx3l,KH1,5,2500,2453,2.08,2.12,8.04,8.01,7.99,0.51
binding_go/p9_dtx3l_xl_h20,inter,parp9,MD2,dtx3l,KH2,5,2500,2453,2.92,2.98,6.21,6.19,6.31,0.51
binding_go/p9_dtx3l_xl_h20,inter,parp9,MD2,dtx3l,KH3,5,2500,2453,2.36,2.41,5.22,5.2,5.23,0.55
binding_go/p9_dtx3l_xl_h20,inter,parp9,MD2,dtx3l,KH4,5,2500,2453,1.92,1.96,5.2,5.17,5.27,0.58
binding_go/p9_dtx3l_xl_h20,inter,parp9,MD2,dtx3l,KH5,5,2500,2453,2.24,2.28,6.08,6.06,6.01,0.56
binding_go/p9_dtx3l_xl_h20,inter,parp9,MD2,dtx3l,RING,5,2500,2453,1.16,1.18,8.31,8.28,8.17,0.52
binding_go/p9_dtx3l_xl_h20,inter,parp9,MD2,dtx3l,DTC,5,2500,2453,2.4,2.45,8.7,8.66,8.46,0.51
binding_go/p9_dtx3l_xl_h20,inter,parp9,1/2KH1b,dtx3l,RRM,5,2500,2453,0.2,0.2,9.66,9.64,9.44,0.63
binding_go/p9_dtx3l_xl_h20,inter,parp9,1/2KH1b,dtx3l,KH1,5,2500,2453,1.12,1.14,7.06,7.04,7.0,0.56
binding_go/p9_dtx3l_xl_h20,inter,parp9,1/2KH1b,dtx3l,KH2,5,2500,2453,2.0,2.04,4.8,4.78,4.85,0.58
binding_go/p9_dtx3l_xl_h20,inter,parp9,1/2KH1b,dtx3l,KH3,5,2500,2453,4.04,4.12,3.32,3.3,3.34,0.53
binding_go/p9_dtx3l_xl_h20,inter,parp9,1/2KH1b,dtx3l,KH4,5,2500,2453,0.52,0.53,3.36,3.34,3.41,0.59
binding_go/p9_dtx3l_xl_h20,inter,parp9,1/2KH1b,dtx3l,KH5,5,2500,2453,3.12,3.18,4.46,4.45,4.6,0.53
binding_go/p9_dtx3l_xl_h20,inter,parp9,1/2KH1b,dtx3l,RING,5,2500,2453,0.96,0.98,7.38,7.36,7.28,0.52
binding_go/p9_dtx3l_xl_h20,inter,parp9,1/2KH1b,dtx3l,DTC,5,2500,2453,1.68,1.71,8.01,7.98,7.89,0.56
binding_go/p9_dtx3l_xl_h20,inter,parp9,KH2,dtx3l,RRM,5,2500,2453,0.68,0.69,8.57,8.55,8.33,0.58
binding_go/p9_dtx3l_xl_h20,inter,parp9,KH2,dtx3l,KH1,5,2500,2453,2.44,2.49,5.75,5.73,5.73,0.51
binding_go/p9_dtx3l_xl_h20,inter,parp9,KH2,dtx3l,KH2,5,2500,2453,4.8,4.89,3.21,3.19,3.26,0.45
binding_go/p9_dtx3l_xl_h20,inter,parp9,KH2,dtx3l,KH3,5,2500,2453,39.36,40.11,1.31,1.3,1.21,0.47
binding_go/p9_dtx3l_xl_h20,inter,parp9,KH2,dtx3l,KH4,5,2500,2453,90.28,92.01,0.74,0.73,0.67,0.46
binding_go/p9_dtx3l_xl_h20,inter,parp9,KH2,dtx3l,KH5,5,2500,2453,21.68,22.1,2.02,2.01,1.97,0.45
binding_go/p9_dtx3l_xl_h20,inter,parp9,KH2,dtx3l,RING,5,2500,2453,2.52,2.57,5.5,5.49,5.33,0.5
binding_go/p9_dtx3l_xl_h20,inter,parp9,KH2,dtx3l,DTC,5,2500,2453,4.24,4.32,6.3,6.28,6.19,0.47
binding_go/p9_dtx3l_xl_h20,inter,parp9,ART,dtx3l,RRM,5,2500,2453,1.4,1.43,9.56,9.53,9.38,0.52
binding_go/p9_dtx3l_xl_h20,inter,parp9,ART,dtx3l,KH1,5,2500,2453,3.24,3.3,7.15,7.12,7.1,0.51
binding_go/p9_dtx3l_xl_h20,inter,parp9,ART,dtx3l,KH2,5,2500,2453,4.92,5.01,5.14,5.13,5.32,0.52
binding_go/p9_dtx3l_xl_h20,inter,parp9,ART,dtx3l,KH3,5,2500,2453,7.0,7.13,3.74,3.73,3.76,0.48
binding_go/p9_dtx3l_xl_h20,inter,parp9,ART,dtx3l,KH4,5,2500,2453,21.12,21.52,2.09,2.08,2.02,0.5
binding_go/p9_dtx3l_xl_h20,inter,parp9,ART,dtx3l,KH5,5,2500,2453,12.44,12.68,3.1,3.08,2.99,0.44
binding_go/p9_dtx3l_xl_h20,inter,parp9,ART,dtx3l,RING,5,2500,2453,3.32,3.38,5.91,5.9,5.78,0.5
binding_go/p9_dtx3l_xl_h20,inter,parp9,ART,dtx3l,DTC,5,2500,2453,5.08,5.18,6.58,6.56,6.5,0.49
