i j d[nm] fc
54 56 0.4948 700.0000
54 69 0.8644 700.0000
54 70 0.6677 700.0000
54 71 0.4616 700.0000
54 72 0.8731 700.0000
54 227 0.6983 700.0000
54 230 0.7924 700.0000
55 57 0.5529 700.0000
55 58 0.6937 700.0000
55 68 0.6891 700.0000
55 69 0.5736 700.0000
55 70 0.4998 700.0000
55 71 0.7736 700.0000
55 230 0.8821 700.0000
56 69 0.5468 700.0000
56 70 0.7074 700.0000
56 71 0.7074 700.0000
56 227 0.7329 700.0000
56 230 0.5629 700.0000
56 231 0.6590 700.0000
56 234 0.6776 700.0000
57 59 0.6298 700.0000
57 67 0.6997 700.0000
57 68 0.5946 700.0000
57 69 0.3996 700.0000
57 70 0.7956 700.0000
57 222 0.8419 700.0000
57 230 0.8683 700.0000
57 234 0.6128 700.0000
57 237 0.7319 700.0000
57 238 0.8273 700.0000
58 60 0.7994 700.0000
58 66 0.5926 700.0000
58 67 0.7015 700.0000
58 68 0.5128 700.0000
58 69 0.7702 700.0000
58 219 0.8780 700.0000
58 221 0.8703 700.0000
59 61 0.6093 700.0000
59 62 0.8990 700.0000
59 65 0.8352 700.0000
59 66 0.5882 700.0000
59 67 0.4489 700.0000
59 68 0.7162 700.0000
59 69 0.8360 700.0000
59 237 0.6766 700.0000
59 241 0.7072 700.0000
60 62 0.5284 700.0000
60 63 0.7517 700.0000
60 64 0.7419 700.0000
60 65 0.5874 700.0000
60 66 0.5704 700.0000
60 67 0.7122 700.0000
60 241 0.8604 700.0000
61 63 0.7716 700.0000
61 64 0.7941 700.0000
61 65 0.4830 700.0000
61 66 0.6335 700.0000
61 67 0.6275 700.0000
61 204 0.7769 700.0000
61 205 0.6978 700.0000
61 208 0.5780 700.0000
61 220 0.8317 700.0000
61 241 0.7301 700.0000
62 64 0.5155 700.0000
62 65 0.3905 700.0000
62 66 0.7542 700.0000
62 208 0.6806 700.0000
62 212 0.8080 700.0000
62 215 0.8990 700.0000
62 218 0.8064 700.0000
63 65 0.5695 700.0000
63 212 0.8675 700.0000
63 218 0.8352 700.0000
64 66 0.6488 700.0000
64 217 0.8673 700.0000
64 218 0.4702 700.0000
64 219 0.8227 700.0000
65 67 0.7612 700.0000
65 208 0.6914 700.0000
65 215 0.8286 700.0000
65 217 0.7123 700.0000
65 218 0.4761 700.0000
65 219 0.7406 700.0000
65 220 0.7573 700.0000
66 68 0.5720 700.0000
66 217 0.8942 700.0000
66 218 0.6802 700.0000
66 219 0.5304 700.0000
66 220 0.5751 700.0000
66 221 0.7709 700.0000
67 69 0.6629 700.0000
67 201 0.8125 700.0000
67 204 0.7564 700.0000
67 219 0.8226 700.0000
67 220 0.4781 700.0000
67 221 0.7341 700.0000
67 222 0.6474 700.0000
67 237 0.7206 700.0000
67 241 0.8680 700.0000
68 70 0.5921 700.0000
68 219 0.6858 700.0000
68 220 0.5849 700.0000
68 221 0.4202 700.0000
68 222 0.6076 700.0000
68 223 0.8692 700.0000
69 71 0.8551 700.0000
69 221 0.7455 700.0000
69 222 0.4885 700.0000
69 223 0.7288 700.0000
69 230 0.5923 700.0000
69 232 0.8934 700.0000
69 233 0.6308 700.0000
69 234 0.6100 700.0000
69 237 0.7867 700.0000
70 72 0.6144 700.0000
70 77 0.8125 700.0000
70 221 0.5958 700.0000
70 222 0.7026 700.0000
70 223 0.5839 700.0000
70 224 0.8666 700.0000
70 230 0.7570 700.0000
71 223 0.7284 700.0000
71 224 0.6463 700.0000
71 225 0.5710 700.0000
71 226 0.6633 700.0000
71 227 0.6180 700.0000
71 229 0.8727 700.0000
71 230 0.6246 700.0000
72 74 0.6415 700.0000
72 75 0.8609 700.0000
72 77 0.7284 700.0000
72 223 0.5251 700.0000
72 224 0.5405 700.0000
72 225 0.4673 700.0000
72 226 0.7961 700.0000
72 230 0.8645 700.0000
73 75 0.4367 700.0000
73 76 0.5388 700.0000
73 77 0.6455 700.0000
73 96 0.8465 700.0000
73 99 0.8104 700.0000
73 100 0.8210 700.0000
73 223 0.8118 700.0000
73 224 0.8331 700.0000
73 225 0.6930 700.0000
74 76 0.8280 700.0000
74 77 0.5610 700.0000
74 79 0.8594 700.0000
74 82 0.5917 700.0000
74 83 0.7400 700.0000
74 84 0.8401 700.0000
74 96 0.6951 700.0000
74 99 0.8567 700.0000
74 100 0.6757 700.0000
74 137 0.8178 700.0000
74 180 0.6267 700.0000
74 181 0.8329 700.0000
74 182 0.7428 700.0000
74 223 0.6200 700.0000
74 224 0.8161 700.0000
74 225 0.8922 700.0000
75 77 0.6191 700.0000
75 82 0.8162 700.0000
75 99 0.7389 700.0000
75 100 0.5948 700.0000
75 103 0.6607 700.0000
75 104 0.8768 700.0000
75 135 0.5934 700.0000
75 136 0.6578 700.0000
75 137 0.6758 700.0000
76 103 0.8551 700.0000
76 135 0.8436 700.0000
76 136 0.7492 700.0000
77 79 0.5131 700.0000
77 82 0.7933 700.0000
77 136 0.7581 700.0000
77 137 0.7256 700.0000
77 180 0.7209 700.0000
77 221 0.7176 700.0000
77 223 0.8153 700.0000
78 80 0.7978 700.0000
78 136 0.8536 700.0000
78 137 0.8597 700.0000
78 178 0.7678 700.0000
78 219 0.8385 700.0000
78 221 0.6911 700.0000
79 81 0.5454 700.0000
79 82 0.6860 700.0000
79 136 0.7561 700.0000
79 137 0.6099 700.0000
79 176 0.8658 700.0000
79 178 0.4686 700.0000
79 179 0.6466 700.0000
79 180 0.6435 700.0000
79 219 0.7871 700.0000
79 221 0.6848 700.0000
80 82 0.8203 700.0000
80 136 0.8880 700.0000
80 137 0.7023 700.0000
80 138 0.7616 700.0000
80 139 0.8800 700.0000
80 171 0.8655 700.0000
80 176 0.4730 700.0000
80 177 0.7156 700.0000
80 178 0.3977 700.0000
80 179 0.7187 700.0000
80 180 0.8928 700.0000
80 219 0.8865 700.0000
81 83 0.7008 700.0000
81 137 0.6116 700.0000
81 138 0.8392 700.0000
81 139 0.6961 700.0000
81 140 0.6741 700.0000
81 141 0.6461 700.0000
81 171 0.7041 700.0000
81 176 0.5598 700.0000
81 178 0.5772 700.0000
81 179 0.5127 700.0000
81 180 0.5937 700.0000
82 84 0.7015 700.0000
82 100 0.8129 700.0000
82 132 0.8683 700.0000
82 135 0.8472 700.0000
82 136 0.8841 700.0000
82 137 0.5822 700.0000
82 139 0.8365 700.0000
82 140 0.5254 700.0000
82 141 0.5759 700.0000
82 142 0.8447 700.0000
82 178 0.8843 700.0000
82 179 0.6657 700.0000
82 180 0.4856 700.0000
82 181 0.7642 700.0000
82 182 0.8649 700.0000
83 85 0.6796 700.0000
83 86 0.8866 700.0000
83 140 0.6834 700.0000
83 141 0.4745 700.0000
83 142 0.6949 700.0000
83 143 0.6288 700.0000
83 164 0.8575 700.0000
83 167 0.6751 700.0000
83 179 0.7164 700.0000
83 180 0.5240 700.0000
83 181 0.5182 700.0000
83 182 0.5627 700.0000
83 184 0.7716 700.0000
84 86 0.4983 700.0000
84 87 0.8599 700.0000
84 90 0.8518 700.0000
84 92 0.7268 700.0000
84 96 0.6244 700.0000
84 97 0.5735 700.0000
84 100 0.6747 700.0000
84 140 0.6579 700.0000
84 141 0.6580 700.0000
84 142 0.4679 700.0000
84 143 0.5480 700.0000
84 144 0.8652 700.0000
84 182 0.7610 700.0000
84 184 0.8204 700.0000
85 87 0.7427 700.0000
85 92 0.8184 700.0000
85 94 0.8218 700.0000
85 95 0.7812 700.0000
85 96 0.5768 700.0000
85 97 0.6103 700.0000
85 100 0.8930 700.0000
85 142 0.7205 700.0000
85 143 0.5173 700.0000
85 144 0.7371 700.0000
85 145 0.7455 700.0000
85 182 0.6793 700.0000
85 183 0.7759 700.0000
85 184 0.5794 700.0000
85 185 0.7293 700.0000
85 188 0.8935 700.0000
85 189 0.8231 700.0000
86 88 0.7152 700.0000
86 89 0.8490 700.0000
86 90 0.5964 700.0000
86 91 0.8485 700.0000
86 92 0.6891 700.0000
86 94 0.8761 700.0000
86 96 0.8829 700.0000
86 97 0.7185 700.0000
86 122 0.8500 700.0000
86 142 0.5708 700.0000
86 143 0.4660 700.0000
86 144 0.5045 700.0000
86 145 0.6577 700.0000
86 184 0.8333 700.0000
86 185 0.9000 700.0000
86 189 0.8276 700.0000
87 89 0.5020 700.0000
87 90 0.5073 700.0000
87 91 0.6077 700.0000
87 92 0.7090 700.0000
87 93 0.7185 700.0000
87 94 0.8838 700.0000
87 97 0.8921 700.0000
87 121 0.8565 700.0000
87 122 0.7388 700.0000
87 142 0.8338 700.0000
87 143 0.7974 700.0000
87 144 0.6258 700.0000
87 145 0.7744 700.0000
87 147 0.8649 700.0000
87 189 0.8274 700.0000
88 90 0.7337 700.0000
88 91 0.8719 700.0000
88 121 0.5529 700.0000
88 122 0.5414 700.0000
88 123 0.6256 700.0000
88 124 0.6680 700.0000
88 126 0.8682 700.0000
88 144 0.6171 700.0000
88 145 0.7601 700.0000
88 147 0.7409 700.0000
89 91 0.5025 700.0000
89 93 0.8933 700.0000
89 112 0.8800 700.0000
89 113 0.8313 700.0000
89 116 0.6672 700.0000
89 120 0.8149 700.0000
89 121 0.5032 700.0000
89 122 0.6940 700.0000
90 92 0.6172 700.0000
90 108 0.8538 700.0000
90 109 0.6712 700.0000
90 112 0.4558 700.0000
90 113 0.6935 700.0000
90 115 0.7238 700.0000
90 116 0.6582 700.0000
90 120 0.8957 700.0000
90 121 0.8757 700.0000
90 122 0.6938 700.0000
90 128 0.7986 700.0000
90 142 0.6031 700.0000
90 143 0.8884 700.0000
90 144 0.8394 700.0000
91 93 0.6017 700.0000
91 109 0.5685 700.0000
91 112 0.7326 700.0000
91 113 0.6825 700.0000
91 116 0.8914 700.0000
92 94 0.6463 700.0000
92 95 0.8234 700.0000
92 96 0.8529 700.0000
92 97 0.4392 700.0000
92 98 0.5773 700.0000
92 99 0.8217 700.0000
92 100 0.7383 700.0000
92 101 0.5625 700.0000
92 108 0.6742 700.0000
92 109 0.5399 700.0000
92 112 0.7453 700.0000
92 142 0.8056 700.0000
93 95 0.7596 700.0000
93 97 0.7692 700.0000
93 98 0.7778 700.0000
93 188 0.8720 700.0000
94 96 0.6746 700.0000
94 97 0.4854 700.0000
94 98 0.4813 700.0000
94 99 0.7728 700.0000
94 188 0.7380 700.0000
95 97 0.4818 700.0000
95 98 0.4829 700.0000
95 99 0.6350 700.0000
95 100 0.8476 700.0000
95 187 0.8535 700.0000
95 188 0.7639 700.0000
96 98 0.6031 700.0000
96 99 0.5478 700.0000
96 100 0.5768 700.0000
96 182 0.7803 700.0000
96 183 0.8975 700.0000
96 224 0.8655 700.0000
97 99 0.5070 700.0000
97 100 0.4926 700.0000
97 101 0.6044 700.0000
97 108 0.8909 700.0000
97 142 0.8965 700.0000
98 100 0.5754 700.0000
98 101 0.5006 700.0000
98 102 0.6167 700.0000
98 103 0.8369 700.0000
99 101 0.5531 700.0000
99 102 0.5218 700.0000
99 103 0.6185 700.0000
99 104 0.8401 700.0000
100 102 0.7583 700.0000
100 103 0.5827 700.0000
100 104 0.6717 700.0000
100 105 0.8359 700.0000
100 108 0.7563 700.0000
100 132 0.8310 700.0000
100 135 0.6976 700.0000
100 140 0.8171 700.0000
101 103 0.5569 700.0000
101 104 0.5093 700.0000
101 105 0.4672 700.0000
101 106 0.6962 700.0000
101 108 0.5644 700.0000
101 109 0.6831 700.0000
101 132 0.8867 700.0000
101 135 0.8795 700.0000
102 104 0.7191 700.0000
102 105 0.6953 700.0000
103 105 0.5463 700.0000
103 108 0.8794 700.0000
103 132 0.8529 700.0000
103 133 0.7863 700.0000
103 134 0.6034 700.0000
103 135 0.5740 700.0000
104 106 0.6278 700.0000
104 107 0.6310 700.0000
104 108 0.5964 700.0000
104 132 0.5900 700.0000
104 133 0.4855 700.0000
104 134 0.4340 700.0000
104 135 0.5143 700.0000
105 107 0.5486 700.0000
105 108 0.5934 700.0000
105 109 0.7875 700.0000
105 110 0.8960 700.0000
105 132 0.7886 700.0000
105 133 0.6615 700.0000
105 134 0.5797 700.0000
105 135 0.8117 700.0000
106 108 0.6578 700.0000
106 109 0.6796 700.0000
106 110 0.6617 700.0000
106 133 0.8215 700.0000
106 134 0.8039 700.0000
107 109 0.8436 700.0000
107 110 0.6431 700.0000
107 111 0.7393 700.0000
107 131 0.6584 700.0000
107 132 0.6782 700.0000
107 133 0.5094 700.0000
107 134 0.6783 700.0000
108 110 0.6255 700.0000
108 111 0.6210 700.0000
108 112 0.5728 700.0000
108 113 0.8833 700.0000
108 130 0.6223 700.0000
108 131 0.6632 700.0000
108 132 0.5495 700.0000
108 133 0.6612 700.0000
108 135 0.8412 700.0000
108 140 0.7004 700.0000
108 142 0.8117 700.0000
109 111 0.7250 700.0000
109 112 0.4803 700.0000
109 113 0.5170 700.0000
110 112 0.5428 700.0000
110 113 0.4733 700.0000
110 114 0.6272 700.0000
110 115 0.8363 700.0000
110 131 0.7904 700.0000
111 113 0.6788 700.0000
111 114 0.5144 700.0000
111 115 0.5831 700.0000
111 129 0.8592 700.0000
111 130 0.5448 700.0000
111 131 0.4570 700.0000
111 132 0.8585 700.0000
112 114 0.7060 700.0000
112 115 0.5141 700.0000
112 116 0.6770 700.0000
112 128 0.8356 700.0000
112 129 0.8928 700.0000
112 130 0.6310 700.0000
112 131 0.8048 700.0000
112 140 0.8888 700.0000
112 142 0.6976 700.0000
113 115 0.6719 700.0000
113 116 0.5876 700.0000
113 117 0.7131 700.0000
114 116 0.7371 700.0000
114 117 0.6015 700.0000
114 118 0.5707 700.0000
114 119 0.8807 700.0000
115 117 0.7492 700.0000
115 118 0.4744 700.0000
115 119 0.5229 700.0000
115 120 0.6775 700.0000
115 122 0.8845 700.0000
115 128 0.7312 700.0000
115 129 0.8326 700.0000
115 130 0.7829 700.0000
116 118 0.6762 700.0000
116 119 0.6118 700.0000
116 120 0.3868 700.0000
116 121 0.6788 700.0000
116 122 0.7240 700.0000
117 119 0.8496 700.0000
117 120 0.7580 700.0000
118 120 0.7116 700.0000
119 122 0.7991 700.0000
119 128 0.8371 700.0000
120 122 0.5972 700.0000
121 123 0.7065 700.0000
122 124 0.7187 700.0000
122 125 0.8104 700.0000
122 126 0.5493 700.0000
122 127 0.7320 700.0000
122 128 0.7611 700.0000
122 143 0.8937 700.0000
122 144 0.6131 700.0000
123 125 0.6200 700.0000
123 126 0.5253 700.0000
123 144 0.6851 700.0000
123 145 0.8518 700.0000
123 159 0.8928 700.0000
124 126 0.5578 700.0000
124 144 0.5465 700.0000
124 145 0.5469 700.0000
124 146 0.5966 700.0000
124 147 0.7565 700.0000
124 155 0.8446 700.0000
124 156 0.8922 700.0000
124 159 0.5709 700.0000
124 162 0.7563 700.0000
124 163 0.8813 700.0000
125 127 0.6729 700.0000
125 143 0.7584 700.0000
125 144 0.5266 700.0000
125 145 0.5933 700.0000
125 146 0.7139 700.0000
125 155 0.8922 700.0000
125 158 0.7314 700.0000
125 159 0.4564 700.0000
125 160 0.7280 700.0000
125 162 0.3747 700.0000
125 163 0.4958 700.0000
125 164 0.8705 700.0000
125 166 0.7289 700.0000
126 128 0.7578 700.0000
126 143 0.7100 700.0000
126 144 0.4890 700.0000
126 145 0.7384 700.0000
126 159 0.7857 700.0000
126 162 0.5951 700.0000
126 163 0.6213 700.0000
126 166 0.6786 700.0000
127 129 0.7644 700.0000
127 141 0.6991 700.0000
127 142 0.6936 700.0000
127 143 0.5831 700.0000
127 144 0.6405 700.0000
127 162 0.8282 700.0000
127 163 0.6073 700.0000
127 164 0.8751 700.0000
127 166 0.4935 700.0000
127 167 0.6059 700.0000
127 169 0.8904 700.0000
127 170 0.6942 700.0000
128 130 0.6861 700.0000
128 140 0.7968 700.0000
128 141 0.6070 700.0000
128 142 0.5058 700.0000
128 143 0.7452 700.0000
128 144 0.8498 700.0000
128 166 0.8379 700.0000
128 167 0.8150 700.0000
128 170 0.7109 700.0000
129 131 0.7864 700.0000
129 139 0.5883 700.0000
129 140 0.5950 700.0000
129 141 0.5428 700.0000
129 142 0.6418 700.0000
129 170 0.6284 700.0000
129 174 0.6988 700.0000
130 132 0.6149 700.0000
130 133 0.8686 700.0000
130 139 0.5240 700.0000
130 140 0.4284 700.0000
130 141 0.6920 700.0000
130 142 0.6047 700.0000
131 133 0.6497 700.0000
131 138 0.8447 700.0000
131 139 0.6091 700.0000
131 140 0.7631 700.0000
132 134 0.7270 700.0000
132 135 0.4656 700.0000
132 136 0.7733 700.0000
132 137 0.6404 700.0000
132 138 0.7069 700.0000
132 139 0.6191 700.0000
132 140 0.5679 700.0000
133 135 0.4869 700.0000
133 136 0.7997 700.0000
133 137 0.7932 700.0000
133 138 0.7992 700.0000
133 139 0.8582 700.0000
133 140 0.8788 700.0000
134 136 0.8680 700.0000
135 137 0.4556 700.0000
135 138 0.8605 700.0000
135 140 0.8259 700.0000
136 138 0.7767 700.0000
137 139 0.7762 700.0000
137 140 0.7462 700.0000
138 176 0.8283 700.0000
139 141 0.7540 700.0000
139 174 0.6960 700.0000
139 176 0.7561 700.0000
140 142 0.5136 700.0000
141 143 0.6716 700.0000
141 167 0.5573 700.0000
141 168 0.8988 700.0000
141 170 0.6414 700.0000
141 171 0.7818 700.0000
141 179 0.8619 700.0000
141 180 0.8514 700.0000
142 144 0.7826 700.0000
142 167 0.8955 700.0000
143 145 0.5856 700.0000
143 160 0.8748 700.0000
143 163 0.5734 700.0000
143 164 0.7864 700.0000
143 166 0.8599 700.0000
143 167 0.7111 700.0000
143 182 0.8534 700.0000
143 184 0.6306 700.0000
143 185 0.8801 700.0000
144 146 0.6903 700.0000
144 147 0.8775 700.0000
144 159 0.8344 700.0000
144 160 0.8716 700.0000
144 162 0.8785 700.0000
144 163 0.6566 700.0000
144 184 0.8245 700.0000
144 185 0.8787 700.0000
144 189 0.8538 700.0000
145 147 0.6543 700.0000
145 156 0.8524 700.0000
145 159 0.6752 700.0000
145 160 0.6403 700.0000
145 163 0.6970 700.0000
145 184 0.6491 700.0000
145 185 0.5679 700.0000
145 189 0.5870 700.0000
145 191 0.8897 700.0000
146 148 0.7319 700.0000
146 149 0.8716 700.0000
146 155 0.8749 700.0000
146 156 0.5226 700.0000
146 157 0.8208 700.0000
146 159 0.5508 700.0000
146 160 0.5843 700.0000
146 163 0.8718 700.0000
146 184 0.7870 700.0000
146 185 0.5537 700.0000
146 189 0.5773 700.0000
146 190 0.8394 700.0000
146 191 0.6658 700.0000
147 149 0.8853 700.0000
147 185 0.8023 700.0000
147 188 0.7815 700.0000
147 189 0.4208 700.0000
147 190 0.8243 700.0000
148 150 0.5463 700.0000
148 151 0.8912 700.0000
148 152 0.7848 700.0000
148 153 0.5987 700.0000
148 156 0.5579 700.0000
148 157 0.8693 700.0000
148 185 0.8299 700.0000
148 189 0.8604 700.0000
148 190 0.5462 700.0000
148 191 0.4755 700.0000
148 192 0.5889 700.0000
149 151 0.5492 700.0000
149 152 0.4634 700.0000
149 153 0.5649 700.0000
149 154 0.8493 700.0000
149 156 0.6071 700.0000
149 190 0.8746 700.0000
149 191 0.8690 700.0000
150 152 0.6008 700.0000
150 153 0.4948 700.0000
150 154 0.7907 700.0000
150 156 0.7761 700.0000
151 153 0.8241 700.0000
152 154 0.6451 700.0000
152 155 0.6214 700.0000
152 156 0.5880 700.0000
153 155 0.7612 700.0000
153 156 0.4530 700.0000
153 157 0.6015 700.0000
153 191 0.8528 700.0000
153 195 0.8502 700.0000
154 156 0.5736 700.0000
154 157 0.5522 700.0000
154 158 0.8037 700.0000
154 159 0.8929 700.0000
155 157 0.7420 700.0000
155 158 0.4986 700.0000
155 159 0.5133 700.0000
155 162 0.8404 700.0000
156 158 0.7620 700.0000
156 159 0.5511 700.0000
156 160 0.6967 700.0000
156 191 0.6792 700.0000
157 159 0.6427 700.0000
157 160 0.5709 700.0000
157 161 0.5934 700.0000
157 191 0.7797 700.0000
157 195 0.6967 700.0000
157 196 0.8381 700.0000
157 199 0.5738 700.0000
158 160 0.7690 700.0000
158 161 0.6083 700.0000
158 162 0.4957 700.0000
158 163 0.8891 700.0000
158 165 0.8885 700.0000
159 161 0.7708 700.0000
159 162 0.4822 700.0000
159 163 0.7079 700.0000
160 162 0.7538 700.0000
160 163 0.5617 700.0000
160 164 0.6370 700.0000
160 165 0.8737 700.0000
160 184 0.6039 700.0000
160 185 0.6875 700.0000
160 191 0.7206 700.0000
160 196 0.6540 700.0000
160 199 0.5517 700.0000
160 200 0.6423 700.0000
160 203 0.8629 700.0000
161 163 0.7855 700.0000
161 164 0.7014 700.0000
161 165 0.6014 700.0000
161 199 0.5330 700.0000
161 200 0.7580 700.0000
161 202 0.6225 700.0000
161 203 0.5161 700.0000
161 206 0.6769 700.0000
162 164 0.8013 700.0000
162 165 0.6501 700.0000
162 166 0.6364 700.0000
163 165 0.5934 700.0000
163 166 0.5006 700.0000
163 167 0.5748 700.0000
163 168 0.8424 700.0000
163 184 0.7493 700.0000
163 200 0.8697 700.0000
163 203 0.8891 700.0000
164 166 0.6257 700.0000
164 167 0.5080 700.0000
164 168 0.5903 700.0000
164 169 0.8642 700.0000
164 181 0.7578 700.0000
164 184 0.7593 700.0000
164 199 0.8221 700.0000
164 200 0.6035 700.0000
164 203 0.5796 700.0000
164 204 0.7091 700.0000
164 207 0.8970 700.0000
165 167 0.7108 700.0000
165 168 0.6424 700.0000
165 169 0.6878 700.0000
165 203 0.5615 700.0000
165 204 0.8115 700.0000
165 206 0.7354 700.0000
165 207 0.6834 700.0000
166 168 0.6719 700.0000
166 169 0.5183 700.0000
166 170 0.6343 700.0000
167 169 0.5901 700.0000
167 170 0.5220 700.0000
167 171 0.6774 700.0000
167 179 0.8292 700.0000
167 181 0.8270 700.0000
168 170 0.6769 700.0000
168 171 0.5881 700.0000
168 172 0.6488 700.0000
168 179 0.7344 700.0000
168 181 0.8786 700.0000
168 203 0.8132 700.0000
168 204 0.7260 700.0000
168 207 0.6242 700.0000
168 208 0.8592 700.0000
168 217 0.7381 700.0000
168 220 0.8722 700.0000
169 171 0.6207 700.0000
169 172 0.5947 700.0000
169 173 0.7000 700.0000
169 207 0.7889 700.0000
170 172 0.7366 700.0000
170 173 0.5414 700.0000
170 174 0.5993 700.0000
170 176 0.8554 700.0000
171 173 0.6295 700.0000
171 174 0.5862 700.0000
171 175 0.6398 700.0000
171 176 0.4876 700.0000
171 178 0.8248 700.0000
171 179 0.7304 700.0000
171 216 0.7425 700.0000
171 217 0.6822 700.0000
172 174 0.8282 700.0000
172 175 0.5353 700.0000
172 176 0.7460 700.0000
172 207 0.8714 700.0000
172 214 0.7003 700.0000
172 215 0.5894 700.0000
172 216 0.4513 700.0000
172 217 0.5492 700.0000
173 175 0.6509 700.0000
173 176 0.8698 700.0000
174 176 0.5994 700.0000
175 177 0.8503 700.0000
175 216 0.5024 700.0000
175 217 0.8325 700.0000
176 178 0.6195 700.0000
176 179 0.7886 700.0000
176 216 0.7896 700.0000
176 217 0.7975 700.0000
177 216 0.6230 700.0000
177 217 0.6095 700.0000
177 218 0.4965 700.0000
177 219 0.6560 700.0000
178 180 0.7330 700.0000
178 217 0.6446 700.0000
178 218 0.7582 700.0000
178 219 0.5238 700.0000
178 220 0.7323 700.0000
178 221 0.7168 700.0000
179 181 0.5960 700.0000
179 217 0.6889 700.0000
179 219 0.7326 700.0000
179 220 0.5176 700.0000
179 221 0.6386 700.0000
179 222 0.8781 700.0000
180 182 0.6643 700.0000
180 220 0.6948 700.0000
180 221 0.5880 700.0000
180 222 0.7138 700.0000
180 223 0.6496 700.0000
181 183 0.7469 700.0000
181 184 0.7435 700.0000
181 200 0.7183 700.0000
181 204 0.8706 700.0000
181 220 0.7035 700.0000
181 221 0.7821 700.0000
181 222 0.5318 700.0000
181 223 0.6241 700.0000
181 233 0.8559 700.0000
182 184 0.4953 700.0000
182 185 0.8673 700.0000
182 186 0.8721 700.0000
182 196 0.8988 700.0000
182 200 0.7833 700.0000
182 222 0.6986 700.0000
182 223 0.5694 700.0000
182 224 0.7168 700.0000
182 233 0.8291 700.0000
183 185 0.5986 700.0000
183 186 0.4932 700.0000
183 187 0.7610 700.0000
183 191 0.8397 700.0000
183 193 0.7379 700.0000
183 196 0.5719 700.0000
183 197 0.6902 700.0000
183 200 0.7316 700.0000
183 222 0.8544 700.0000
183 223 0.7804 700.0000
183 224 0.7045 700.0000
183 229 0.6940 700.0000
183 233 0.7257 700.0000
184 186 0.6703 700.0000
184 187 0.8604 700.0000
184 189 0.8404 700.0000
184 191 0.8033 700.0000
184 196 0.6447 700.0000
184 197 0.8804 700.0000
184 200 0.6847 700.0000
185 187 0.5455 700.0000
185 188 0.7096 700.0000
185 189 0.4683 700.0000
185 190 0.6000 700.0000
185 191 0.4949 700.0000
185 192 0.8221 700.0000
185 196 0.6336 700.0000
186 188 0.7199 700.0000
186 189 0.7371 700.0000
186 190 0.5562 700.0000
186 191 0.5795 700.0000
186 192 0.6902 700.0000
186 193 0.5896 700.0000
186 194 0.8961 700.0000
186 196 0.6153 700.0000
186 197 0.8864 700.0000
186 229 0.8195 700.0000
187 189 0.5847 700.0000
187 190 0.5029 700.0000
187 191 0.7754 700.0000
187 192 0.8937 700.0000
187 193 0.8891 700.0000
188 190 0.6567 700.0000
189 191 0.7754 700.0000
190 192 0.5803 700.0000
190 193 0.8744 700.0000
190 196 0.8901 700.0000
191 193 0.7088 700.0000
191 194 0.7599 700.0000
191 195 0.7168 700.0000
191 196 0.4810 700.0000
191 197 0.8680 700.0000
191 199 0.8387 700.0000
192 194 0.5751 700.0000
192 195 0.6232 700.0000
192 196 0.6149 700.0000
192 197 0.8784 700.0000
193 195 0.8159 700.0000
193 196 0.5404 700.0000
193 197 0.5870 700.0000
193 198 0.8483 700.0000
193 228 0.8683 700.0000
193 229 0.6342 700.0000
193 232 0.6369 700.0000
193 233 0.8086 700.0000
194 196 0.5180 700.0000
194 197 0.4573 700.0000
194 198 0.4820 700.0000
194 199 0.7922 700.0000
194 232 0.6411 700.0000
194 233 0.8223 700.0000
194 235 0.8072 700.0000
194 236 0.7656 700.0000
195 197 0.7374 700.0000
195 198 0.4539 700.0000
195 199 0.6340 700.0000
196 198 0.6568 700.0000
196 199 0.5481 700.0000
196 200 0.5807 700.0000
196 201 0.8916 700.0000
196 232 0.8886 700.0000
196 233 0.7905 700.0000
197 199 0.6016 700.0000
197 200 0.5204 700.0000
197 201 0.6219 700.0000
197 202 0.8590 700.0000
197 222 0.8528 700.0000
197 229 0.7926 700.0000
197 232 0.5783 700.0000
197 233 0.4637 700.0000
197 234 0.8565 700.0000
197 235 0.8431 700.0000
197 236 0.5855 700.0000
197 237 0.8698 700.0000
198 200 0.7489 700.0000
198 201 0.6724 700.0000
198 202 0.6961 700.0000
198 232 0.8496 700.0000
198 233 0.8772 700.0000
198 235 0.8344 700.0000
198 236 0.5665 700.0000
198 239 0.7244 700.0000
198 240 0.7395 700.0000
199 201 0.6286 700.0000
199 202 0.5289 700.0000
199 203 0.6532 700.0000
199 204 0.8974 700.0000
200 202 0.6266 700.0000
200 203 0.5921 700.0000
200 204 0.6490 700.0000
200 222 0.7920 700.0000
200 233 0.7146 700.0000
200 236 0.8755 700.0000
201 203 0.5818 700.0000
201 204 0.5057 700.0000
201 205 0.6775 700.0000
201 206 0.8432 700.0000
201 222 0.8062 700.0000
201 233 0.7134 700.0000
201 236 0.5803 700.0000
201 237 0.6134 700.0000
201 239 0.8597 700.0000
201 240 0.5996 700.0000
201 241 0.7489 700.0000
202 204 0.5877 700.0000
202 205 0.5441 700.0000
202 206 0.5230 700.0000
202 236 0.8428 700.0000
202 240 0.6094 700.0000
202 241 0.8419 700.0000
203 205 0.6601 700.0000
203 206 0.4354 700.0000
203 207 0.6482 700.0000
203 208 0.8677 700.0000
204 206 0.6566 700.0000
204 207 0.5974 700.0000
204 208 0.6524 700.0000
204 220 0.7175 700.0000
205 207 0.7838 700.0000
205 208 0.7094 700.0000
205 209 0.5270 700.0000
205 240 0.6209 700.0000
205 241 0.5663 700.0000
206 208 0.7961 700.0000
206 209 0.5982 700.0000
206 210 0.7335 700.0000
207 209 0.7785 700.0000
207 210 0.7456 700.0000
207 211 0.7065 700.0000
207 215 0.6771 700.0000
207 217 0.8836 700.0000
208 211 0.7611 700.0000
208 212 0.6972 700.0000
208 215 0.5673 700.0000
208 217 0.7785 700.0000
209 211 0.8709 700.0000
209 212 0.6875 700.0000
210 212 0.7849 700.0000
211 213 0.5124 700.0000
211 214 0.6874 700.0000
211 215 0.6667 700.0000
212 214 0.8816 700.0000
212 215 0.7880 700.0000
213 215 0.6408 700.0000
214 216 0.5876 700.0000
214 217 0.8621 700.0000
215 217 0.5862 700.0000
215 218 0.7643 700.0000
216 218 0.6448 700.0000
217 219 0.7227 700.0000
217 220 0.6947 700.0000
218 220 0.8040 700.0000
219 221 0.5628 700.0000
220 222 0.6573 700.0000
221 223 0.7174 700.0000
222 224 0.8477 700.0000
222 230 0.7379 700.0000
222 233 0.4922 700.0000
222 234 0.8571 700.0000
222 237 0.8838 700.0000
223 225 0.7463 700.0000
223 226 0.8885 700.0000
223 229 0.7952 700.0000
223 230 0.7031 700.0000
223 233 0.7448 700.0000
224 226 0.4571 700.0000
224 227 0.8515 700.0000
224 229 0.5003 700.0000
224 230 0.6115 700.0000
224 233 0.8220 700.0000
225 227 0.8093 700.0000
225 229 0.7713 700.0000
225 230 0.8358 700.0000
226 228 0.5431 700.0000
226 229 0.4684 700.0000
226 230 0.6246 700.0000
226 231 0.8012 700.0000
227 229 0.7275 700.0000
227 230 0.5908 700.0000
227 231 0.5320 700.0000
228 230 0.7442 700.0000
228 231 0.5531 700.0000
228 232 0.7795 700.0000
229 231 0.6472 700.0000
229 232 0.5503 700.0000
229 233 0.5971 700.0000
230 232 0.5688 700.0000
230 233 0.5402 700.0000
230 234 0.6500 700.0000
231 233 0.8224 700.0000
231 234 0.6445 700.0000
231 235 0.7465 700.0000
232 234 0.5105 700.0000
232 235 0.5022 700.0000
232 236 0.6071 700.0000
232 237 0.8444 700.0000
232 238 0.8906 700.0000
233 235 0.8235 700.0000
233 236 0.6224 700.0000
233 237 0.7291 700.0000
234 236 0.5249 700.0000
234 237 0.4992 700.0000
234 238 0.5062 700.0000
234 239 0.8360 700.0000
235 237 0.7120 700.0000
235 238 0.5318 700.0000
235 239 0.6120 700.0000
236 238 0.5802 700.0000
236 239 0.4608 700.0000
236 240 0.5651 700.0000
236 241 0.7799 700.0000
237 239 0.5962 700.0000
237 240 0.5691 700.0000
237 241 0.5417 700.0000
238 240 0.7982 700.0000
238 241 0.7934 700.0000
239 241 0.6919 700.0000
266 269 0.7862 700.0000
267 269 0.7262 700.0000
267 270 0.6925 700.0000
268 270 0.7789 700.0000
268 446 0.8373 700.0000
268 449 0.8671 700.0000
268 450 0.8408 700.0000
269 271 0.6710 700.0000
269 279 0.8225 700.0000
269 280 0.5543 700.0000
269 281 0.4599 700.0000
269 282 0.7951 700.0000
269 446 0.8067 700.0000
269 449 0.5964 700.0000
270 272 0.6902 700.0000
270 278 0.6446 700.0000
270 279 0.6313 700.0000
270 280 0.5602 700.0000
270 281 0.7343 700.0000
270 449 0.6252 700.0000
270 453 0.8192 700.0000
271 273 0.7238 700.0000
271 277 0.8615 700.0000
271 278 0.6481 700.0000
271 279 0.4166 700.0000
271 280 0.7162 700.0000
271 281 0.8970 700.0000
271 412 0.8284 700.0000
271 416 0.7896 700.0000
271 449 0.5266 700.0000
271 450 0.8923 700.0000
271 452 0.7217 700.0000
271 453 0.6797 700.0000
272 274 0.6787 700.0000
272 275 0.7674 700.0000
272 276 0.5597 700.0000
272 277 0.6437 700.0000
272 278 0.5601 700.0000
272 279 0.6105 700.0000
272 416 0.7794 700.0000
273 275 0.4586 700.0000
273 276 0.4314 700.0000
273 277 0.4785 700.0000
273 278 0.7507 700.0000
273 279 0.6931 700.0000
273 415 0.7941 700.0000
273 416 0.5430 700.0000
273 419 0.5737 700.0000
273 420 0.7567 700.0000
274 276 0.6091 700.0000
274 277 0.7820 700.0000
274 416 0.6854 700.0000
274 419 0.6168 700.0000
274 420 0.6024 700.0000
275 277 0.5674 700.0000
275 416 0.8800 700.0000
275 419 0.4801 700.0000
275 420 0.6741 700.0000
275 422 0.8620 700.0000
275 423 0.7790 700.0000
275 424 0.6855 700.0000
276 278 0.6589 700.0000
276 279 0.8738 700.0000
276 419 0.6873 700.0000
276 424 0.7951 700.0000
276 427 0.8794 700.0000
276 428 0.7053 700.0000
277 279 0.6058 700.0000
277 415 0.6952 700.0000
277 416 0.7743 700.0000
277 418 0.8418 700.0000
277 419 0.5662 700.0000
277 424 0.7333 700.0000
277 427 0.6272 700.0000
277 428 0.6420 700.0000
277 429 0.7108 700.0000
277 430 0.6582 700.0000
278 280 0.5752 700.0000
278 428 0.7170 700.0000
278 429 0.5217 700.0000
278 430 0.6533 700.0000
278 431 0.8048 700.0000
279 281 0.8614 700.0000
279 412 0.6828 700.0000
279 415 0.6696 700.0000
279 416 0.7065 700.0000
279 429 0.8130 700.0000
279 430 0.5008 700.0000
279 431 0.7916 700.0000
279 432 0.6752 700.0000
279 449 0.6963 700.0000
280 282 0.6335 700.0000
280 429 0.6888 700.0000
280 430 0.5933 700.0000
280 431 0.4641 700.0000
280 432 0.6150 700.0000
280 433 0.8967 700.0000
280 449 0.8288 700.0000
281 283 0.7608 700.0000
281 431 0.7952 700.0000
281 432 0.5795 700.0000
281 433 0.7699 700.0000
281 434 0.6531 700.0000
281 442 0.7575 700.0000
281 445 0.6691 700.0000
281 446 0.7046 700.0000
281 449 0.6495 700.0000
282 284 0.5051 700.0000
282 285 0.7887 700.0000
282 289 0.8922 700.0000
282 431 0.6352 700.0000
282 432 0.6761 700.0000
282 433 0.4879 700.0000
282 434 0.5665 700.0000
283 285 0.8092 700.0000
283 433 0.8359 700.0000
283 434 0.5851 700.0000
283 435 0.6977 700.0000
283 436 0.4472 700.0000
283 437 0.8270 700.0000
283 439 0.8894 700.0000
283 442 0.6744 700.0000
284 286 0.6510 700.0000
284 287 0.7325 700.0000
284 288 0.5334 700.0000
284 289 0.6732 700.0000
284 290 0.8849 700.0000
284 433 0.5549 700.0000
284 434 0.6995 700.0000
284 435 0.7398 700.0000
284 436 0.7328 700.0000
285 287 0.4296 700.0000
285 288 0.4564 700.0000
285 289 0.6769 700.0000
285 309 0.8919 700.0000
285 312 0.8004 700.0000
285 313 0.8903 700.0000
285 433 0.5918 700.0000
285 434 0.7613 700.0000
285 435 0.5905 700.0000
285 436 0.7461 700.0000
286 288 0.6053 700.0000
286 289 0.5656 700.0000
286 294 0.6876 700.0000
286 295 0.7937 700.0000
286 296 0.8586 700.0000
286 309 0.6622 700.0000
286 312 0.7144 700.0000
286 313 0.6143 700.0000
286 347 0.8686 700.0000
286 391 0.7220 700.0000
286 393 0.6650 700.0000
286 433 0.5367 700.0000
286 434 0.8710 700.0000
286 435 0.8362 700.0000
287 289 0.6643 700.0000
287 309 0.8245 700.0000
287 312 0.5251 700.0000
287 313 0.5533 700.0000
287 315 0.8156 700.0000
287 316 0.5789 700.0000
287 347 0.7371 700.0000
287 348 0.8759 700.0000
287 433 0.8913 700.0000
287 435 0.8990 700.0000
288 290 0.6837 700.0000
288 316 0.7444 700.0000
288 347 0.8108 700.0000
288 348 0.6816 700.0000
288 433 0.8815 700.0000
289 291 0.5106 700.0000
289 293 0.8618 700.0000
289 294 0.6932 700.0000
289 347 0.7165 700.0000
289 348 0.5534 700.0000
289 349 0.6529 700.0000
289 391 0.7013 700.0000
289 431 0.8029 700.0000
289 433 0.7360 700.0000
290 292 0.8836 700.0000
290 348 0.4853 700.0000
290 349 0.7568 700.0000
291 293 0.5067 700.0000
291 294 0.6327 700.0000
291 348 0.7672 700.0000
291 349 0.5923 700.0000
291 350 0.7760 700.0000
291 389 0.4497 700.0000
291 390 0.6053 700.0000
291 391 0.5678 700.0000
291 429 0.7867 700.0000
291 431 0.6347 700.0000
292 294 0.8324 700.0000
292 349 0.6360 700.0000
292 350 0.4172 700.0000
292 351 0.7213 700.0000
292 382 0.7717 700.0000
292 385 0.8904 700.0000
292 387 0.5135 700.0000
292 388 0.6590 700.0000
292 389 0.4190 700.0000
292 390 0.7339 700.0000
292 391 0.8889 700.0000
292 429 0.8833 700.0000
293 295 0.6961 700.0000
293 349 0.6309 700.0000
293 350 0.6985 700.0000
293 351 0.6359 700.0000
293 352 0.6698 700.0000
293 353 0.6526 700.0000
293 378 0.8154 700.0000
293 381 0.8908 700.0000
293 382 0.6350 700.0000
293 387 0.7148 700.0000
293 389 0.5543 700.0000
293 390 0.4675 700.0000
293 391 0.5580 700.0000
293 392 0.8435 700.0000
294 296 0.7034 700.0000
294 313 0.8054 700.0000
294 344 0.8375 700.0000
294 347 0.7916 700.0000
294 349 0.6143 700.0000
294 351 0.8258 700.0000
294 352 0.4902 700.0000
294 353 0.5922 700.0000
294 354 0.8312 700.0000
294 389 0.8846 700.0000
294 390 0.6691 700.0000
294 391 0.4641 700.0000
294 392 0.7585 700.0000
294 393 0.8068 700.0000
294 433 0.8968 700.0000
295 297 0.7355 700.0000
295 309 0.8607 700.0000
295 352 0.6653 700.0000
295 353 0.5048 700.0000
295 354 0.7170 700.0000
295 355 0.6639 700.0000
295 378 0.7072 700.0000
295 390 0.7201 700.0000
295 391 0.5181 700.0000
295 392 0.5139 700.0000
295 393 0.5504 700.0000
295 395 0.7454 700.0000
295 433 0.8857 700.0000
296 298 0.5432 700.0000
296 299 0.8889 700.0000
296 304 0.7334 700.0000
296 307 0.8850 700.0000
296 309 0.5975 700.0000
296 310 0.5400 700.0000
296 313 0.6740 700.0000
296 352 0.6632 700.0000
296 353 0.6734 700.0000
296 354 0.4608 700.0000
296 355 0.5626 700.0000
296 393 0.7747 700.0000
296 395 0.8280 700.0000
297 299 0.6822 700.0000
297 304 0.8591 700.0000
297 307 0.7521 700.0000
297 308 0.8709 700.0000
297 309 0.6064 700.0000
297 310 0.6384 700.0000
297 354 0.7544 700.0000
297 355 0.5106 700.0000
297 356 0.6935 700.0000
297 357 0.6045 700.0000
297 393 0.7881 700.0000
297 394 0.8323 700.0000
297 395 0.5863 700.0000
297 396 0.7217 700.0000
297 400 0.8369 700.0000
298 300 0.7387 700.0000
298 301 0.7781 700.0000
298 302 0.5830 700.0000
298 303 0.7336 700.0000
298 304 0.6788 700.0000
298 306 0.8475 700.0000
298 307 0.8253 700.0000
298 309 0.8788 700.0000
298 310 0.6993 700.0000
298 325 0.8771 700.0000
298 338 0.8447 700.0000
298 340 0.8638 700.0000
298 354 0.5984 700.0000
298 355 0.5070 700.0000
298 356 0.5280 700.0000
298 357 0.6710 700.0000
299 301 0.4663 700.0000
299 302 0.5174 700.0000
299 303 0.5551 700.0000
299 304 0.7402 700.0000
299 306 0.6037 700.0000
299 307 0.8311 700.0000
299 310 0.8669 700.0000
299 334 0.8820 700.0000
299 355 0.8265 700.0000
299 356 0.6366 700.0000
299 357 0.7832 700.0000
300 302 0.6644 700.0000
300 303 0.8886 700.0000
300 333 0.8974 700.0000
300 334 0.5264 700.0000
300 335 0.6392 700.0000
300 336 0.6933 700.0000
300 338 0.8321 700.0000
300 356 0.6262 700.0000
300 357 0.8708 700.0000
301 303 0.4596 700.0000
301 304 0.8661 700.0000
301 306 0.6715 700.0000
301 334 0.8473 700.0000
302 304 0.6729 700.0000
302 322 0.6831 700.0000
302 325 0.5379 700.0000
302 326 0.5974 700.0000
302 329 0.7396 700.0000
302 334 0.7549 700.0000
302 340 0.8102 700.0000
302 354 0.7473 700.0000
302 356 0.8464 700.0000
303 305 0.5223 700.0000
303 306 0.5118 700.0000
303 307 0.7951 700.0000
303 310 0.8101 700.0000
303 322 0.6519 700.0000
303 325 0.8773 700.0000
303 326 0.8423 700.0000
304 306 0.7597 700.0000
304 307 0.6605 700.0000
304 309 0.8512 700.0000
304 310 0.4434 700.0000
304 311 0.7010 700.0000
304 312 0.8993 700.0000
304 313 0.7533 700.0000
304 314 0.5661 700.0000
304 321 0.6994 700.0000
304 322 0.5324 700.0000
304 325 0.7737 700.0000
304 354 0.7919 700.0000
305 307 0.5509 700.0000
305 308 0.8178 700.0000
305 310 0.6609 700.0000
305 311 0.5186 700.0000
305 314 0.7178 700.0000
305 315 0.8959 700.0000
305 322 0.8351 700.0000
306 308 0.8943 700.0000
306 310 0.8581 700.0000
306 399 0.8574 700.0000
307 309 0.5690 700.0000
307 310 0.4416 700.0000
307 311 0.5452 700.0000
307 312 0.7838 700.0000
307 399 0.7719 700.0000
308 310 0.5727 700.0000
308 311 0.5701 700.0000
308 312 0.6534 700.0000
308 398 0.8779 700.0000
308 399 0.8130 700.0000
309 311 0.7501 700.0000
309 312 0.5876 700.0000
309 313 0.6178 700.0000
309 393 0.7112 700.0000
309 394 0.8042 700.0000
309 395 0.8586 700.0000
310 312 0.5902 700.0000
310 313 0.5198 700.0000
310 314 0.6499 700.0000
310 315 0.8503 700.0000
310 354 0.8499 700.0000
311 313 0.7343 700.0000
311 314 0.5799 700.0000
311 315 0.4843 700.0000
312 314 0.6474 700.0000
312 315 0.4642 700.0000
312 316 0.7380 700.0000
312 317 0.8986 700.0000
313 315 0.6900 700.0000
313 316 0.6572 700.0000
313 317 0.6619 700.0000
313 318 0.8099 700.0000
313 321 0.7553 700.0000
313 347 0.6854 700.0000
313 352 0.8248 700.0000
314 316 0.7757 700.0000
314 317 0.5646 700.0000
314 318 0.4593 700.0000
314 319 0.6031 700.0000
314 320 0.8177 700.0000
314 321 0.5963 700.0000
314 322 0.7119 700.0000
315 317 0.7533 700.0000
315 318 0.7332 700.0000
316 318 0.7064 700.0000
316 344 0.8865 700.0000
316 346 0.5236 700.0000
316 347 0.5163 700.0000
316 348 0.7822 700.0000
317 319 0.6653 700.0000
317 320 0.6412 700.0000
317 321 0.6032 700.0000
317 343 0.8851 700.0000
317 344 0.6683 700.0000
317 345 0.5902 700.0000
317 346 0.4199 700.0000
317 347 0.5357 700.0000
318 320 0.4441 700.0000
318 321 0.5549 700.0000
318 322 0.8207 700.0000
318 323 0.8638 700.0000
318 344 0.8974 700.0000
318 345 0.6541 700.0000
318 346 0.6505 700.0000
318 347 0.8467 700.0000
319 321 0.6343 700.0000
319 322 0.6687 700.0000
319 323 0.6063 700.0000
319 345 0.7984 700.0000
320 322 0.7866 700.0000
320 323 0.5482 700.0000
320 324 0.7702 700.0000
320 343 0.8896 700.0000
320 345 0.4992 700.0000
320 346 0.8245 700.0000
321 323 0.7081 700.0000
321 324 0.5778 700.0000
321 325 0.6368 700.0000
321 326 0.8726 700.0000
321 342 0.6353 700.0000
321 343 0.6567 700.0000
321 344 0.7384 700.0000
321 345 0.5994 700.0000
321 347 0.8713 700.0000
321 352 0.7318 700.0000
321 354 0.7769 700.0000
322 324 0.7656 700.0000
322 325 0.5308 700.0000
322 326 0.5066 700.0000
322 327 0.8912 700.0000
323 325 0.7895 700.0000
323 326 0.6390 700.0000
323 327 0.7265 700.0000
323 345 0.8984 700.0000
324 326 0.7373 700.0000
324 327 0.5871 700.0000
324 328 0.6143 700.0000
324 341 0.7699 700.0000
324 342 0.4871 700.0000
324 343 0.5624 700.0000
324 345 0.6970 700.0000
324 352 0.8710 700.0000
325 327 0.6340 700.0000
325 328 0.5281 700.0000
325 329 0.6364 700.0000
325 330 0.8784 700.0000
325 340 0.6306 700.0000
325 341 0.8702 700.0000
325 342 0.6521 700.0000
325 352 0.8792 700.0000
325 354 0.5942 700.0000
326 328 0.6784 700.0000
326 329 0.6031 700.0000
326 330 0.6588 700.0000
327 329 0.5818 700.0000
327 330 0.4673 700.0000
328 330 0.6242 700.0000
328 331 0.8387 700.0000
328 332 0.7565 700.0000
328 340 0.5885 700.0000
328 341 0.7171 700.0000
328 342 0.7392 700.0000
328 354 0.8893 700.0000
329 331 0.5331 700.0000
329 332 0.4474 700.0000
329 333 0.7989 700.0000
329 334 0.7392 700.0000
329 340 0.7137 700.0000
330 332 0.7188 700.0000
331 333 0.6308 700.0000
331 334 0.8389 700.0000
332 334 0.5414 700.0000
332 335 0.8383 700.0000
332 338 0.8098 700.0000
332 340 0.8212 700.0000
333 335 0.5805 700.0000
333 338 0.7681 700.0000
334 336 0.7923 700.0000
334 337 0.8318 700.0000
334 338 0.5817 700.0000
334 340 0.8789 700.0000
334 356 0.7255 700.0000
335 337 0.5251 700.0000
335 338 0.4630 700.0000
335 356 0.5862 700.0000
335 357 0.8801 700.0000
336 338 0.6896 700.0000
336 356 0.5060 700.0000
336 357 0.5783 700.0000
336 358 0.5646 700.0000
336 359 0.7464 700.0000
336 366 0.8971 700.0000
336 367 0.8531 700.0000
336 370 0.6655 700.0000
337 339 0.6103 700.0000
337 355 0.6644 700.0000
337 356 0.4754 700.0000
337 357 0.6572 700.0000
337 358 0.7645 700.0000
337 370 0.5729 700.0000
337 371 0.8333 700.0000
337 373 0.7573 700.0000
337 374 0.5564 700.0000
337 377 0.7843 700.0000
338 340 0.6201 700.0000
338 354 0.8862 700.0000
338 355 0.6301 700.0000
338 356 0.4650 700.0000
338 357 0.8110 700.0000
338 374 0.7804 700.0000
338 377 0.8594 700.0000
339 341 0.8075 700.0000
339 353 0.6286 700.0000
339 354 0.7070 700.0000
339 355 0.5754 700.0000
339 356 0.7350 700.0000
339 374 0.6934 700.0000
339 377 0.5827 700.0000
339 378 0.6947 700.0000
339 381 0.8170 700.0000
340 342 0.7062 700.0000
340 352 0.8209 700.0000
340 353 0.6606 700.0000
340 354 0.5002 700.0000
340 355 0.7184 700.0000
340 356 0.8592 700.0000
341 343 0.6898 700.0000
341 351 0.5896 700.0000
341 352 0.6363 700.0000
341 353 0.6298 700.0000
341 354 0.7493 700.0000
341 381 0.8183 700.0000
342 344 0.6903 700.0000
342 345 0.7881 700.0000
342 351 0.6218 700.0000
342 352 0.4259 700.0000
342 353 0.6911 700.0000
342 354 0.6066 700.0000
343 345 0.4881 700.0000
343 347 0.8141 700.0000
343 349 0.7721 700.0000
343 350 0.8972 700.0000
343 351 0.5615 700.0000
343 352 0.5932 700.0000
344 346 0.6535 700.0000
344 347 0.4358 700.0000
344 348 0.7785 700.0000
344 349 0.4636 700.0000
344 350 0.7850 700.0000
344 351 0.6680 700.0000
344 352 0.6453 700.0000
345 347 0.7580 700.0000
346 348 0.7877 700.0000
346 349 0.8979 700.0000
347 349 0.4680 700.0000
347 352 0.8154 700.0000
349 351 0.6708 700.0000
349 352 0.7170 700.0000
350 385 0.8678 700.0000
350 387 0.6782 700.0000
350 389 0.8350 700.0000
351 353 0.7831 700.0000
351 382 0.8738 700.0000
351 385 0.7331 700.0000
351 387 0.8159 700.0000
352 354 0.5074 700.0000
353 355 0.6527 700.0000
353 377 0.8801 700.0000
353 378 0.5682 700.0000
353 381 0.7505 700.0000
353 382 0.8685 700.0000
353 390 0.8706 700.0000
353 391 0.8613 700.0000
353 392 0.8940 700.0000
354 356 0.8612 700.0000
355 357 0.5716 700.0000
355 358 0.8905 700.0000
355 371 0.8805 700.0000
355 374 0.6221 700.0000
355 378 0.8062 700.0000
355 395 0.7523 700.0000
356 358 0.6729 700.0000
356 370 0.8565 700.0000
356 374 0.7747 700.0000
357 359 0.7322 700.0000
357 367 0.8570 700.0000
357 370 0.7417 700.0000
357 371 0.6494 700.0000
357 374 0.7395 700.0000
357 395 0.6954 700.0000
357 396 0.6628 700.0000
357 400 0.6282 700.0000
357 402 0.8793 700.0000
358 360 0.8147 700.0000
358 361 0.7617 700.0000
358 364 0.8927 700.0000
358 366 0.8084 700.0000
358 367 0.5162 700.0000
358 368 0.8237 700.0000
358 370 0.5789 700.0000
358 371 0.5625 700.0000
358 374 0.8385 700.0000
358 395 0.8372 700.0000
358 396 0.6810 700.0000
358 400 0.5916 700.0000
358 401 0.8817 700.0000
358 402 0.6980 700.0000
359 361 0.4145 700.0000
359 364 0.8829 700.0000
359 367 0.7057 700.0000
359 396 0.8693 700.0000
359 400 0.5130 700.0000
359 401 0.7588 700.0000
359 402 0.8301 700.0000
360 362 0.5202 700.0000
360 363 0.4454 700.0000
360 364 0.6432 700.0000
360 367 0.6381 700.0000
360 368 0.7349 700.0000
360 396 0.8400 700.0000
360 400 0.7914 700.0000
360 401 0.5318 700.0000
360 402 0.4401 700.0000
360 403 0.6003 700.0000
360 406 0.7887 700.0000
361 363 0.7448 700.0000
361 364 0.6022 700.0000
361 366 0.7728 700.0000
361 367 0.6302 700.0000
361 400 0.8724 700.0000
362 364 0.6540 700.0000
362 367 0.8994 700.0000
362 401 0.8936 700.0000
363 365 0.6499 700.0000
363 366 0.7865 700.0000
363 367 0.5918 700.0000
363 368 0.5862 700.0000
363 402 0.8120 700.0000
364 366 0.4681 700.0000
364 367 0.4108 700.0000
364 368 0.5567 700.0000
365 367 0.6066 700.0000
365 368 0.5677 700.0000
365 369 0.6716 700.0000
365 370 0.8804 700.0000
366 368 0.6179 700.0000
366 369 0.5659 700.0000
366 370 0.5737 700.0000
367 369 0.7088 700.0000
367 370 0.5498 700.0000
367 371 0.6737 700.0000
367 372 0.8898 700.0000
367 402 0.7546 700.0000
368 370 0.6942 700.0000
368 371 0.6487 700.0000
368 372 0.6104 700.0000
368 402 0.7979 700.0000
368 406 0.8693 700.0000
368 410 0.7215 700.0000
369 371 0.7909 700.0000
369 372 0.5516 700.0000
369 373 0.5096 700.0000
370 372 0.7068 700.0000
370 373 0.5446 700.0000
370 374 0.6271 700.0000
371 373 0.7115 700.0000
371 374 0.5214 700.0000
371 375 0.6018 700.0000
371 395 0.6588 700.0000
371 396 0.7673 700.0000
371 402 0.7319 700.0000
371 407 0.6958 700.0000
371 410 0.6804 700.0000
371 411 0.8062 700.0000
372 374 0.7632 700.0000
372 375 0.6408 700.0000
372 376 0.7314 700.0000
372 410 0.5758 700.0000
372 411 0.8152 700.0000
372 413 0.7899 700.0000
372 414 0.5275 700.0000
372 417 0.8036 700.0000
373 375 0.6738 700.0000
373 376 0.4706 700.0000
373 377 0.6633 700.0000
373 414 0.8300 700.0000
374 376 0.6864 700.0000
374 377 0.5644 700.0000
374 378 0.6136 700.0000
374 395 0.8423 700.0000
375 377 0.7449 700.0000
375 378 0.5912 700.0000
375 379 0.6299 700.0000
375 392 0.6688 700.0000
375 395 0.8349 700.0000
375 407 0.8938 700.0000
375 410 0.7714 700.0000
375 411 0.5989 700.0000
375 414 0.6202 700.0000
375 415 0.7549 700.0000
375 418 0.8858 700.0000
376 378 0.7332 700.0000
376 379 0.6518 700.0000
376 380 0.5168 700.0000
376 414 0.6949 700.0000
376 417 0.8270 700.0000
376 418 0.6588 700.0000
377 379 0.7650 700.0000
377 380 0.5319 700.0000
377 381 0.6065 700.0000
378 380 0.6714 700.0000
378 381 0.5404 700.0000
378 382 0.6666 700.0000
378 390 0.7381 700.0000
378 392 0.7350 700.0000
379 381 0.7344 700.0000
379 382 0.6261 700.0000
379 383 0.7825 700.0000
379 390 0.6912 700.0000
379 392 0.8131 700.0000
379 414 0.8322 700.0000
379 415 0.6799 700.0000
379 418 0.5364 700.0000
379 419 0.8870 700.0000
379 427 0.6781 700.0000
379 430 0.8070 700.0000
380 382 0.7447 700.0000
380 383 0.7263 700.0000
380 384 0.7408 700.0000
380 418 0.6796 700.0000
380 422 0.8433 700.0000
381 383 0.7584 700.0000
381 384 0.5273 700.0000
381 385 0.6091 700.0000
381 387 0.8664 700.0000
382 384 0.5843 700.0000
382 385 0.5332 700.0000
382 386 0.6989 700.0000
382 387 0.4784 700.0000
382 388 0.8602 700.0000
382 389 0.7224 700.0000
382 390 0.6623 700.0000
382 426 0.7563 700.0000
382 427 0.6206 700.0000
383 385 0.6998 700.0000
383 386 0.5686 700.0000
383 387 0.6713 700.0000
383 388 0.8827 700.0000
383 422 0.8918 700.0000
383 424 0.5906 700.0000
383 425 0.5558 700.0000
383 426 0.4803 700.0000
383 427 0.5350 700.0000
384 386 0.5822 700.0000
384 387 0.7370 700.0000
384 426 0.8581 700.0000
385 387 0.4990 700.0000
385 426 0.8751 700.0000
386 388 0.7503 700.0000
386 425 0.7510 700.0000
386 426 0.5076 700.0000
386 427 0.8414 700.0000
387 389 0.6164 700.0000
387 390 0.8575 700.0000
387 426 0.5802 700.0000
387 427 0.6992 700.0000
388 426 0.4998 700.0000
388 427 0.6044 700.0000
388 428 0.4637 700.0000
388 429 0.6272 700.0000
389 391 0.7149 700.0000
389 426 0.8627 700.0000
389 427 0.6767 700.0000
389 428 0.7463 700.0000
389 429 0.4928 700.0000
389 430 0.7166 700.0000
389 431 0.6684 700.0000
390 392 0.5414 700.0000
390 427 0.7563 700.0000
390 429 0.7185 700.0000
390 430 0.5224 700.0000
390 431 0.6018 700.0000
390 432 0.8542 700.0000
391 393 0.6174 700.0000
391 430 0.6877 700.0000
391 431 0.5459 700.0000
391 432 0.7241 700.0000
391 433 0.6049 700.0000
392 394 0.7899 700.0000
392 395 0.7184 700.0000
392 411 0.6944 700.0000
392 430 0.6641 700.0000
392 431 0.7586 700.0000
392 432 0.5940 700.0000
392 433 0.7367 700.0000
393 395 0.5173 700.0000
393 396 0.8999 700.0000
393 397 0.8929 700.0000
393 407 0.8708 700.0000
393 432 0.7146 700.0000
393 433 0.5275 700.0000
393 434 0.7375 700.0000
394 396 0.5950 700.0000
394 397 0.4868 700.0000
394 398 0.7734 700.0000
394 402 0.8732 700.0000
394 404 0.7338 700.0000
394 407 0.6007 700.0000
394 408 0.8551 700.0000
394 411 0.8965 700.0000
394 432 0.8537 700.0000
394 433 0.7854 700.0000
394 434 0.7248 700.0000
394 438 0.8550 700.0000
394 441 0.6390 700.0000
394 445 0.8293 700.0000
395 397 0.6317 700.0000
395 398 0.8295 700.0000
395 400 0.8391 700.0000
395 402 0.7700 700.0000
395 407 0.6059 700.0000
395 411 0.8450 700.0000
396 398 0.4581 700.0000
396 399 0.7060 700.0000
396 400 0.4384 700.0000
396 401 0.5573 700.0000
396 402 0.4503 700.0000
396 403 0.8045 700.0000
396 404 0.8263 700.0000
396 407 0.6846 700.0000
397 399 0.7812 700.0000
397 400 0.7058 700.0000
397 401 0.5852 700.0000
397 402 0.5646 700.0000
397 403 0.6660 700.0000
397 404 0.4921 700.0000
397 407 0.6605 700.0000
397 438 0.8560 700.0000
397 440 0.8857 700.0000
397 441 0.6816 700.0000
398 400 0.5172 700.0000
398 401 0.5139 700.0000
398 402 0.7243 700.0000
398 403 0.8867 700.0000
398 404 0.8000 700.0000
399 401 0.7131 700.0000
400 402 0.6148 700.0000
401 403 0.5804 700.0000
401 404 0.8250 700.0000
402 404 0.7765 700.0000
402 406 0.6837 700.0000
402 407 0.6089 700.0000
402 410 0.8905 700.0000
403 405 0.5271 700.0000
403 406 0.4623 700.0000
403 407 0.7174 700.0000
403 408 0.8816 700.0000
404 406 0.7683 700.0000
404 407 0.7060 700.0000
404 408 0.7784 700.0000
404 438 0.7219 700.0000
404 440 0.5107 700.0000
404 441 0.4248 700.0000
404 442 0.8966 700.0000
404 444 0.6544 700.0000
404 445 0.8148 700.0000
405 407 0.7566 700.0000
405 408 0.6173 700.0000
405 409 0.5868 700.0000
405 440 0.8786 700.0000
405 441 0.8258 700.0000
405 444 0.5740 700.0000
405 445 0.8454 700.0000
405 447 0.8706 700.0000
405 448 0.8825 700.0000
406 408 0.6288 700.0000
406 409 0.5277 700.0000
406 410 0.6624 700.0000
406 444 0.8959 700.0000
407 409 0.7484 700.0000
407 410 0.5207 700.0000
407 411 0.5427 700.0000
407 412 0.8382 700.0000
407 441 0.8162 700.0000
407 444 0.8860 700.0000
407 445 0.7497 700.0000
408 410 0.5800 700.0000
408 411 0.5364 700.0000
408 412 0.5561 700.0000
408 413 0.8289 700.0000
408 432 0.8278 700.0000
408 441 0.7867 700.0000
408 444 0.5918 700.0000
408 445 0.4645 700.0000
408 448 0.6348 700.0000
408 449 0.8780 700.0000
409 411 0.7951 700.0000
409 412 0.6610 700.0000
409 413 0.7130 700.0000
409 444 0.7789 700.0000
409 445 0.8241 700.0000
409 448 0.5314 700.0000
409 451 0.7344 700.0000
409 452 0.8396 700.0000
410 412 0.6640 700.0000
410 413 0.5597 700.0000
410 414 0.6481 700.0000
410 415 0.8995 700.0000
411 413 0.6357 700.0000
411 414 0.6471 700.0000
411 415 0.6160 700.0000
411 430 0.8940 700.0000
411 432 0.7075 700.0000
411 445 0.7901 700.0000
412 414 0.7524 700.0000
412 415 0.5746 700.0000
412 416 0.6086 700.0000
412 432 0.7645 700.0000
412 445 0.7365 700.0000
412 448 0.6175 700.0000
412 449 0.7209 700.0000
412 452 0.6510 700.0000
413 415 0.6151 700.0000
413 416 0.5776 700.0000
413 417 0.6132 700.0000
413 448 0.8826 700.0000
413 452 0.7941 700.0000
414 416 0.7622 700.0000
414 417 0.4053 700.0000
414 418 0.6624 700.0000
415 417 0.6737 700.0000
415 418 0.6004 700.0000
415 419 0.6463 700.0000
415 420 0.8642 700.0000
415 430 0.7107 700.0000
416 418 0.8830 700.0000
416 419 0.6521 700.0000
416 420 0.7022 700.0000
416 452 0.6710 700.0000
417 419 0.7385 700.0000
417 420 0.6203 700.0000
417 421 0.5610 700.0000
417 422 0.8444 700.0000
418 420 0.6874 700.0000
418 421 0.6639 700.0000
418 422 0.4671 700.0000
418 424 0.7335 700.0000
418 427 0.8495 700.0000
419 421 0.6807 700.0000
419 422 0.5523 700.0000
419 423 0.8394 700.0000
419 424 0.6359 700.0000
419 427 0.8671 700.0000
420 422 0.6303 700.0000
422 424 0.5781 700.0000
423 425 0.6797 700.0000
424 426 0.6386 700.0000
424 427 0.5476 700.0000
424 428 0.7761 700.0000
425 427 0.8045 700.0000
426 428 0.5847 700.0000
427 429 0.6910 700.0000
427 430 0.7852 700.0000
429 431 0.5727 700.0000
430 432 0.5753 700.0000
431 433 0.6597 700.0000
432 434 0.7039 700.0000
432 445 0.6074 700.0000
432 449 0.8098 700.0000
433 435 0.8272 700.0000
434 436 0.6912 700.0000
434 437 0.8764 700.0000
434 438 0.6595 700.0000
434 441 0.6006 700.0000
434 442 0.5544 700.0000
434 445 0.6945 700.0000
435 437 0.4698 700.0000
435 438 0.5933 700.0000
435 439 0.8605 700.0000
435 442 0.8914 700.0000
436 438 0.6916 700.0000
436 439 0.7221 700.0000
436 442 0.7877 700.0000
437 439 0.5084 700.0000
437 440 0.8973 700.0000
437 442 0.8371 700.0000
438 440 0.5303 700.0000
438 441 0.4603 700.0000
438 442 0.5894 700.0000
439 441 0.7795 700.0000
439 442 0.5759 700.0000
439 443 0.7789 700.0000
440 442 0.7367 700.0000
440 443 0.7131 700.0000
440 444 0.7539 700.0000
441 443 0.7431 700.0000
441 444 0.5480 700.0000
441 445 0.5785 700.0000
441 446 0.8952 700.0000
442 444 0.6350 700.0000
442 445 0.6607 700.0000
442 446 0.6272 700.0000
443 445 0.7875 700.0000
443 446 0.5140 700.0000
443 447 0.5085 700.0000
444 446 0.5322 700.0000
444 447 0.5071 700.0000
444 448 0.7004 700.0000
444 449 0.8523 700.0000
444 451 0.8723 700.0000
445 447 0.7746 700.0000
445 448 0.6990 700.0000
445 449 0.6446 700.0000
446 448 0.7160 700.0000
446 449 0.5508 700.0000
446 450 0.6429 700.0000
446 451 0.8284 700.0000
447 449 0.7710 700.0000
447 450 0.5893 700.0000
447 451 0.5545 700.0000
448 450 0.6043 700.0000
448 451 0.3642 700.0000
448 452 0.4828 700.0000
448 453 0.8748 700.0000
449 451 0.7816 700.0000
449 452 0.6669 700.0000
449 453 0.7104 700.0000
450 452 0.6939 700.0000
450 453 0.5004 700.0000
451 453 0.8232 700.0000
479 481 0.6208 700.0000
479 482 0.4628 700.0000
479 483 0.8310 700.0000
480 482 0.5724 700.0000
480 483 0.7860 700.0000
480 496 0.8134 700.0000
481 483 0.5139 700.0000
481 494 0.7368 700.0000
481 495 0.5653 700.0000
481 496 0.5133 700.0000
481 497 0.8999 700.0000
481 633 0.8989 700.0000
481 639 0.7050 700.0000
482 484 0.7121 700.0000
482 493 0.6540 700.0000
482 494 0.6154 700.0000
482 495 0.5563 700.0000
482 496 0.7089 700.0000
482 630 0.8959 700.0000
482 639 0.8749 700.0000
483 493 0.7984 700.0000
483 494 0.5369 700.0000
483 495 0.6994 700.0000
483 496 0.8750 700.0000
483 639 0.6484 700.0000
483 640 0.8547 700.0000
483 642 0.8884 700.0000
483 643 0.5363 700.0000
483 646 0.7226 700.0000
484 486 0.7878 700.0000
484 491 0.6153 700.0000
484 492 0.6894 700.0000
484 493 0.5084 700.0000
484 494 0.7761 700.0000
484 628 0.8998 700.0000
484 646 0.8586 700.0000
485 487 0.5686 700.0000
485 488 0.8689 700.0000
485 490 0.8283 700.0000
485 491 0.7116 700.0000
485 492 0.4862 700.0000
485 493 0.7942 700.0000
485 494 0.8685 700.0000
485 611 0.8369 700.0000
485 646 0.5286 700.0000
485 647 0.8650 700.0000
485 649 0.8662 700.0000
485 650 0.7880 700.0000
486 488 0.4174 700.0000
486 489 0.6065 700.0000
486 490 0.6031 700.0000
486 491 0.5875 700.0000
486 492 0.8568 700.0000
487 489 0.6329 700.0000
487 490 0.4662 700.0000
487 491 0.7180 700.0000
487 492 0.6552 700.0000
487 611 0.7497 700.0000
487 614 0.5834 700.0000
487 615 0.6871 700.0000
487 618 0.6913 700.0000
487 629 0.8771 700.0000
487 649 0.8920 700.0000
488 490 0.5507 700.0000
488 491 0.8189 700.0000
488 618 0.6673 700.0000
488 623 0.8749 700.0000
489 491 0.7200 700.0000
489 618 0.6450 700.0000
489 623 0.5831 700.0000
489 626 0.7611 700.0000
489 627 0.5980 700.0000
490 492 0.7227 700.0000
490 614 0.6543 700.0000
490 617 0.8281 700.0000
490 618 0.7011 700.0000
490 623 0.7012 700.0000
490 626 0.6356 700.0000
490 627 0.5733 700.0000
490 628 0.7303 700.0000
490 629 0.6495 700.0000
491 493 0.6214 700.0000
491 626 0.8934 700.0000
491 627 0.6723 700.0000
491 628 0.4853 700.0000
491 629 0.6254 700.0000
492 494 0.6153 700.0000
492 610 0.7880 700.0000
492 611 0.6833 700.0000
492 614 0.7296 700.0000
492 628 0.7942 700.0000
492 629 0.5141 700.0000
492 630 0.7664 700.0000
492 631 0.6823 700.0000
492 642 0.8425 700.0000
492 646 0.6631 700.0000
493 495 0.6684 700.0000
493 628 0.5983 700.0000
493 629 0.6306 700.0000
493 630 0.4594 700.0000
493 631 0.6699 700.0000
494 496 0.7666 700.0000
494 629 0.8767 700.0000
494 630 0.6341 700.0000
494 631 0.4656 700.0000
494 632 0.7161 700.0000
494 633 0.6877 700.0000
494 639 0.6245 700.0000
494 642 0.6176 700.0000
494 643 0.8430 700.0000
494 646 0.7252 700.0000
495 497 0.5763 700.0000
495 630 0.6044 700.0000
495 631 0.5661 700.0000
495 632 0.5112 700.0000
495 633 0.5003 700.0000
495 639 0.6487 700.0000
495 642 0.8880 700.0000
496 498 0.8551 700.0000
496 632 0.6833 700.0000
496 633 0.5268 700.0000
496 634 0.7465 700.0000
496 635 0.8573 700.0000
496 636 0.7467 700.0000
496 639 0.6846 700.0000
497 499 0.6890 700.0000
497 500 0.8837 700.0000
497 501 0.7817 700.0000
497 502 0.7820 700.0000
497 631 0.8921 700.0000
497 632 0.5126 700.0000
497 633 0.5198 700.0000
497 634 0.5188 700.0000
497 635 0.8309 700.0000
498 500 0.4441 700.0000
498 501 0.4282 700.0000
498 502 0.6666 700.0000
498 524 0.8194 700.0000
498 632 0.7284 700.0000
498 634 0.6671 700.0000
499 501 0.6774 700.0000
499 502 0.5334 700.0000
499 507 0.6499 700.0000
499 508 0.7869 700.0000
499 521 0.7221 700.0000
499 524 0.7868 700.0000
499 525 0.6740 700.0000
499 556 0.8601 700.0000
499 590 0.6371 700.0000
499 591 0.7750 700.0000
499 592 0.6953 700.0000
499 630 0.8480 700.0000
499 632 0.5431 700.0000
499 633 0.8983 700.0000
500 502 0.6618 700.0000
500 507 0.8596 700.0000
500 521 0.8812 700.0000
500 524 0.6203 700.0000
500 525 0.6260 700.0000
500 528 0.5474 700.0000
500 529 0.8778 700.0000
500 556 0.6430 700.0000
500 557 0.8346 700.0000
501 528 0.8651 700.0000
501 556 0.8903 700.0000
501 557 0.7628 700.0000
502 504 0.7009 700.0000
502 507 0.8048 700.0000
502 556 0.8994 700.0000
502 557 0.7101 700.0000
502 590 0.6066 700.0000
502 630 0.6781 700.0000
502 632 0.7193 700.0000
503 505 0.8213 700.0000
503 557 0.4458 700.0000
503 558 0.7700 700.0000
503 588 0.8502 700.0000
503 590 0.8698 700.0000
504 506 0.5201 700.0000
504 507 0.6335 700.0000
504 556 0.8830 700.0000
504 557 0.7435 700.0000
504 558 0.5435 700.0000
504 559 0.6863 700.0000
504 560 0.8795 700.0000
504 586 0.8756 700.0000
504 587 0.7854 700.0000
504 588 0.4725 700.0000
504 589 0.6767 700.0000
504 590 0.5825 700.0000
504 628 0.8567 700.0000
504 630 0.8843 700.0000
505 507 0.8268 700.0000
505 558 0.6610 700.0000
505 559 0.4733 700.0000
505 560 0.7287 700.0000
505 581 0.7613 700.0000
505 586 0.4797 700.0000
505 587 0.5498 700.0000
505 588 0.3997 700.0000
505 589 0.6971 700.0000
505 590 0.8500 700.0000
506 508 0.6510 700.0000
506 558 0.6076 700.0000
506 559 0.6887 700.0000
506 560 0.5825 700.0000
506 561 0.6647 700.0000
506 562 0.6341 700.0000
506 577 0.7940 700.0000
506 581 0.6614 700.0000
506 586 0.6565 700.0000
506 587 0.8441 700.0000
506 588 0.5757 700.0000
506 589 0.4947 700.0000
506 590 0.5896 700.0000
506 591 0.8679 700.0000
507 509 0.7300 700.0000
507 525 0.7359 700.0000
507 553 0.7714 700.0000
507 556 0.7043 700.0000
507 558 0.5557 700.0000
507 560 0.7337 700.0000
507 561 0.5125 700.0000
507 562 0.6723 700.0000
507 563 0.8592 700.0000
507 588 0.8921 700.0000
507 589 0.7376 700.0000
507 590 0.5146 700.0000
507 591 0.7620 700.0000
507 592 0.8754 700.0000
508 510 0.6910 700.0000
508 521 0.8958 700.0000
508 525 0.8396 700.0000
508 561 0.6735 700.0000
508 562 0.5185 700.0000
508 563 0.6972 700.0000
508 564 0.6494 700.0000
508 574 0.8934 700.0000
508 577 0.7550 700.0000
508 589 0.7522 700.0000
508 590 0.6360 700.0000
508 591 0.5202 700.0000
508 592 0.5828 700.0000
508 594 0.8025 700.0000
509 511 0.5259 700.0000
509 512 0.8740 700.0000
509 515 0.8369 700.0000
509 517 0.8274 700.0000
509 521 0.6507 700.0000
509 522 0.5171 700.0000
509 524 0.8900 700.0000
509 525 0.5822 700.0000
509 526 0.7719 700.0000
509 549 0.8796 700.0000
509 561 0.6624 700.0000
509 562 0.6803 700.0000
509 563 0.4417 700.0000
509 564 0.5607 700.0000
509 565 0.8942 700.0000
509 592 0.7866 700.0000
509 594 0.8992 700.0000
510 512 0.7545 700.0000
510 517 0.7487 700.0000
510 519 0.8343 700.0000
510 520 0.8104 700.0000
510 521 0.5854 700.0000
510 522 0.5793 700.0000
510 525 0.8692 700.0000
510 563 0.7731 700.0000
510 564 0.5364 700.0000
510 565 0.7106 700.0000
510 566 0.5281 700.0000
510 567 0.8783 700.0000
510 592 0.6621 700.0000
510 593 0.7843 700.0000
510 594 0.5828 700.0000
510 595 0.6867 700.0000
510 597 0.8901 700.0000
511 513 0.7347 700.0000
511 514 0.7137 700.0000
511 515 0.5587 700.0000
511 516 0.7398 700.0000
511 517 0.4990 700.0000
511 519 0.8040 700.0000
511 521 0.8414 700.0000
511 522 0.5905 700.0000
511 563 0.6477 700.0000
511 564 0.5585 700.0000
511 565 0.5621 700.0000
511 566 0.6236 700.0000
511 567 0.8897 700.0000
512 514 0.4251 700.0000
512 515 0.4990 700.0000
512 516 0.5893 700.0000
512 517 0.5150 700.0000
512 522 0.8504 700.0000
512 563 0.8867 700.0000
512 564 0.7980 700.0000
512 565 0.5809 700.0000
512 566 0.7374 700.0000
512 567 0.8776 700.0000
513 515 0.6036 700.0000
513 516 0.7991 700.0000
513 517 0.8972 700.0000
513 541 0.8924 700.0000
513 544 0.8134 700.0000
513 547 0.8974 700.0000
513 565 0.6348 700.0000
514 516 0.4313 700.0000
514 517 0.7291 700.0000
514 537 0.8474 700.0000
514 538 0.8350 700.0000
514 541 0.7070 700.0000
514 544 0.8812 700.0000
514 565 0.8812 700.0000
515 517 0.8157 700.0000
515 537 0.5770 700.0000
515 538 0.7725 700.0000
515 540 0.7852 700.0000
515 541 0.5855 700.0000
515 544 0.7486 700.0000
515 547 0.8882 700.0000
515 549 0.5731 700.0000
515 563 0.6013 700.0000
515 564 0.7554 700.0000
515 565 0.7089 700.0000
516 518 0.6257 700.0000
516 522 0.8738 700.0000
516 534 0.7863 700.0000
516 537 0.7692 700.0000
516 538 0.7768 700.0000
517 519 0.4374 700.0000
517 520 0.7144 700.0000
517 521 0.8325 700.0000
517 522 0.5019 700.0000
517 523 0.7621 700.0000
517 526 0.8379 700.0000
517 598 0.8697 700.0000
518 520 0.8123 700.0000
518 522 0.6686 700.0000
518 523 0.5085 700.0000
518 524 0.8710 700.0000
518 526 0.6590 700.0000
518 527 0.7466 700.0000
518 534 0.7627 700.0000
519 521 0.6331 700.0000
519 522 0.4886 700.0000
519 523 0.5036 700.0000
519 524 0.7927 700.0000
519 526 0.8958 700.0000
519 598 0.7172 700.0000
520 522 0.5023 700.0000
520 523 0.5001 700.0000
520 524 0.6225 700.0000
520 525 0.8265 700.0000
520 597 0.8628 700.0000
520 598 0.7827 700.0000
521 523 0.7011 700.0000
521 524 0.5476 700.0000
521 525 0.5801 700.0000
521 526 0.8632 700.0000
521 592 0.7111 700.0000
521 593 0.8674 700.0000
522 524 0.5661 700.0000
522 525 0.5107 700.0000
522 526 0.5583 700.0000
522 527 0.8394 700.0000
522 563 0.8438 700.0000
523 525 0.7365 700.0000
523 526 0.6369 700.0000
523 527 0.4813 700.0000
523 528 0.8715 700.0000
524 526 0.5801 700.0000
524 527 0.4877 700.0000
524 528 0.5424 700.0000
524 529 0.8229 700.0000
525 527 0.7161 700.0000
525 528 0.5932 700.0000
525 529 0.6514 700.0000
525 530 0.8498 700.0000
525 533 0.8764 700.0000
525 556 0.7205 700.0000
525 561 0.7658 700.0000
525 563 0.8631 700.0000
526 528 0.6807 700.0000
526 529 0.5659 700.0000
526 530 0.5642 700.0000
526 531 0.8487 700.0000
526 533 0.6179 700.0000
526 534 0.5461 700.0000
526 537 0.8479 700.0000
526 563 0.8884 700.0000
527 529 0.7281 700.0000
527 530 0.7101 700.0000
527 534 0.8862 700.0000
528 530 0.6753 700.0000
528 554 0.8634 700.0000
528 555 0.6814 700.0000
528 556 0.6041 700.0000
529 531 0.8047 700.0000
529 532 0.7405 700.0000
529 533 0.5758 700.0000
529 534 0.8019 700.0000
529 552 0.7958 700.0000
529 553 0.5753 700.0000
529 554 0.4881 700.0000
529 555 0.4760 700.0000
529 556 0.5239 700.0000
529 561 0.8479 700.0000
530 532 0.5341 700.0000
530 533 0.5018 700.0000
530 534 0.5754 700.0000
530 535 0.8383 700.0000
530 553 0.7945 700.0000
530 554 0.6611 700.0000
530 555 0.6071 700.0000
530 556 0.8444 700.0000
531 533 0.7346 700.0000
531 534 0.5279 700.0000
531 535 0.6059 700.0000
532 534 0.6953 700.0000
532 535 0.4667 700.0000
532 536 0.6185 700.0000
532 552 0.8177 700.0000
532 553 0.8719 700.0000
532 554 0.7283 700.0000
532 555 0.8328 700.0000
533 535 0.6802 700.0000
533 536 0.4649 700.0000
533 537 0.5612 700.0000
533 538 0.8641 700.0000
533 551 0.5573 700.0000
533 552 0.5864 700.0000
533 553 0.6747 700.0000
533 554 0.7041 700.0000
533 561 0.7192 700.0000
533 563 0.8234 700.0000
534 536 0.7761 700.0000
534 537 0.6138 700.0000
534 538 0.7152 700.0000
535 537 0.8031 700.0000
535 538 0.7116 700.0000
535 539 0.7086 700.0000
536 538 0.7116 700.0000
536 539 0.6080 700.0000
536 540 0.6264 700.0000
536 549 0.8512 700.0000
536 550 0.8221 700.0000
536 551 0.5031 700.0000
536 552 0.6218 700.0000
536 553 0.8986 700.0000
536 561 0.8829 700.0000
537 539 0.6937 700.0000
537 540 0.5671 700.0000
537 541 0.6713 700.0000
537 549 0.6230 700.0000
537 550 0.8791 700.0000
537 551 0.6699 700.0000
537 561 0.8867 700.0000
537 563 0.6386 700.0000
538 540 0.6795 700.0000
538 541 0.5642 700.0000
538 542 0.6207 700.0000
539 541 0.7109 700.0000
539 542 0.6033 700.0000
539 543 0.6821 700.0000
540 542 0.7449 700.0000
540 543 0.5349 700.0000
540 544 0.8258 700.0000
540 549 0.5013 700.0000
540 550 0.6798 700.0000
540 551 0.7458 700.0000
540 563 0.8546 700.0000
541 543 0.6016 700.0000
541 544 0.5159 700.0000
541 549 0.7272 700.0000
542 544 0.8055 700.0000
543 545 0.7187 700.0000
544 546 0.6496 700.0000
544 547 0.6926 700.0000
544 548 0.8926 700.0000
544 549 0.8173 700.0000
546 548 0.4429 700.0000
546 549 0.7517 700.0000
547 549 0.8455 700.0000
547 564 0.7572 700.0000
547 565 0.5990 700.0000
547 568 0.6925 700.0000
547 572 0.8492 700.0000
547 573 0.7731 700.0000
547 576 0.8639 700.0000
548 550 0.6718 700.0000
548 562 0.6722 700.0000
548 563 0.7915 700.0000
548 564 0.7215 700.0000
548 565 0.8952 700.0000
548 573 0.8138 700.0000
548 576 0.6321 700.0000
548 577 0.7620 700.0000
548 580 0.7334 700.0000
549 551 0.6629 700.0000
549 561 0.7946 700.0000
549 562 0.6416 700.0000
549 563 0.4495 700.0000
549 564 0.7477 700.0000
550 552 0.7041 700.0000
550 560 0.6131 700.0000
550 561 0.6383 700.0000
550 562 0.5416 700.0000
550 563 0.6607 700.0000
550 580 0.8009 700.0000
551 553 0.6209 700.0000
551 554 0.8288 700.0000
551 558 0.8863 700.0000
551 560 0.5494 700.0000
551 561 0.4247 700.0000
551 562 0.7081 700.0000
551 563 0.6246 700.0000
552 554 0.5553 700.0000
552 556 0.8217 700.0000
552 558 0.6810 700.0000
552 559 0.7965 700.0000
552 560 0.4681 700.0000
552 561 0.4946 700.0000
552 562 0.8929 700.0000
552 563 0.8793 700.0000
553 555 0.6809 700.0000
553 556 0.4737 700.0000
553 558 0.4506 700.0000
553 559 0.7541 700.0000
553 560 0.5966 700.0000
553 561 0.5532 700.0000
554 556 0.5157 700.0000
554 558 0.6650 700.0000
554 560 0.8698 700.0000
554 561 0.8297 700.0000
556 558 0.4949 700.0000
556 561 0.7816 700.0000
558 560 0.5526 700.0000
558 561 0.6446 700.0000
558 590 0.8934 700.0000
559 561 0.8997 700.0000
559 584 0.8943 700.0000
559 586 0.6365 700.0000
559 588 0.8698 700.0000
560 562 0.6850 700.0000
560 581 0.8941 700.0000
560 584 0.8205 700.0000
560 586 0.7291 700.0000
561 563 0.5229 700.0000
562 564 0.6386 700.0000
562 576 0.8737 700.0000
562 577 0.6089 700.0000
562 580 0.8335 700.0000
562 581 0.8261 700.0000
563 565 0.8740 700.0000
564 566 0.6260 700.0000
564 567 0.8613 700.0000
564 568 0.7669 700.0000
564 573 0.6239 700.0000
564 574 0.8846 700.0000
564 577 0.8399 700.0000
564 594 0.7439 700.0000
565 567 0.5361 700.0000
565 568 0.4549 700.0000
565 573 0.7569 700.0000
565 594 0.8957 700.0000
566 568 0.5382 700.0000
566 569 0.8739 700.0000
566 570 0.7693 700.0000
566 573 0.8399 700.0000
566 594 0.5690 700.0000
566 595 0.5079 700.0000
566 596 0.8727 700.0000
566 597 0.8351 700.0000
566 598 0.8680 700.0000
566 599 0.6043 700.0000
566 601 0.7481 700.0000
567 569 0.7295 700.0000
567 570 0.7859 700.0000
567 594 0.8162 700.0000
567 595 0.6876 700.0000
567 599 0.6116 700.0000
567 601 0.7036 700.0000
568 570 0.7016 700.0000
568 572 0.7549 700.0000
568 573 0.6657 700.0000
569 571 0.5742 700.0000
569 572 0.4638 700.0000
569 573 0.5747 700.0000
569 574 0.8240 700.0000
569 575 0.8934 700.0000
569 609 0.7645 700.0000
570 572 0.6135 700.0000
570 573 0.5105 700.0000
570 574 0.5990 700.0000
570 575 0.8480 700.0000
570 593 0.8999 700.0000
570 594 0.5735 700.0000
570 595 0.8319 700.0000
570 601 0.7824 700.0000
570 606 0.6066 700.0000
570 607 0.8598 700.0000
570 609 0.5251 700.0000
570 610 0.6412 700.0000
570 613 0.8372 700.0000
571 573 0.7113 700.0000
571 574 0.6340 700.0000
571 575 0.6033 700.0000
571 608 0.8725 700.0000
571 609 0.4843 700.0000
571 610 0.7138 700.0000
571 611 0.8659 700.0000
571 612 0.5395 700.0000
571 613 0.4690 700.0000
571 614 0.8563 700.0000
571 616 0.6900 700.0000
572 574 0.5939 700.0000
572 575 0.4915 700.0000
572 576 0.5743 700.0000
572 577 0.8687 700.0000
572 609 0.8920 700.0000
572 613 0.7986 700.0000
573 575 0.5752 700.0000
573 576 0.5309 700.0000
573 577 0.6569 700.0000
573 578 0.8929 700.0000
573 594 0.7793 700.0000
573 613 0.8825 700.0000
574 576 0.5815 700.0000
574 577 0.5137 700.0000
574 578 0.5770 700.0000
574 579 0.8733 700.0000
574 591 0.8149 700.0000
574 594 0.8250 700.0000
574 609 0.7535 700.0000
574 610 0.6085 700.0000
574 613 0.5590 700.0000
574 614 0.7521 700.0000
575 577 0.5905 700.0000
575 578 0.5096 700.0000
575 579 0.5591 700.0000
575 613 0.5341 700.0000
575 614 0.7947 700.0000
575 616 0.7481 700.0000
575 617 0.6771 700.0000
576 578 0.6101 700.0000
576 579 0.4907 700.0000
576 580 0.6634 700.0000
576 581 0.8561 700.0000
577 579 0.6570 700.0000
577 580 0.6408 700.0000
577 581 0.5639 700.0000
577 589 0.7405 700.0000
578 580 0.7786 700.0000
578 581 0.5644 700.0000
578 582 0.7039 700.0000
578 589 0.7427 700.0000
578 613 0.7260 700.0000
578 614 0.7127 700.0000
578 617 0.5209 700.0000
578 622 0.8101 700.0000
578 623 0.8579 700.0000
578 626 0.6631 700.0000
578 629 0.8479 700.0000
579 581 0.7359 700.0000
579 582 0.6954 700.0000
579 583 0.7155 700.0000
579 617 0.6617 700.0000
579 620 0.8916 700.0000
579 622 0.7366 700.0000
580 582 0.7545 700.0000
580 583 0.4312 700.0000
580 584 0.5640 700.0000
580 586 0.8108 700.0000
581 583 0.7042 700.0000
581 584 0.5754 700.0000
581 585 0.7346 700.0000
581 586 0.4547 700.0000
581 587 0.7623 700.0000
581 588 0.7709 700.0000
581 589 0.6911 700.0000
581 625 0.7552 700.0000
581 626 0.6681 700.0000
582 584 0.7497 700.0000
582 585 0.5596 700.0000
582 586 0.7429 700.0000
582 587 0.8553 700.0000
582 617 0.7643 700.0000
582 622 0.6189 700.0000
582 623 0.6453 700.0000
582 624 0.5913 700.0000
582 625 0.4363 700.0000
582 626 0.5610 700.0000
583 585 0.7303 700.0000
583 586 0.8405 700.0000
584 586 0.4569 700.0000
585 587 0.7920 700.0000
585 624 0.8443 700.0000
585 625 0.5320 700.0000
585 626 0.8519 700.0000
586 588 0.6845 700.0000
586 589 0.8487 700.0000
586 625 0.7616 700.0000
586 626 0.8326 700.0000
587 589 0.6992 700.0000
587 625 0.5800 700.0000
587 626 0.5239 700.0000
587 627 0.5370 700.0000
587 628 0.6552 700.0000
587 629 0.8926 700.0000
588 590 0.6755 700.0000
588 625 0.8927 700.0000
588 626 0.7109 700.0000
588 627 0.7855 700.0000
588 628 0.5435 700.0000
588 629 0.7370 700.0000
588 630 0.8610 700.0000
589 591 0.6411 700.0000
589 626 0.7384 700.0000
589 628 0.6252 700.0000
589 629 0.4890 700.0000
589 630 0.7061 700.0000
589 631 0.8874 700.0000
590 592 0.7527 700.0000
590 628 0.7826 700.0000
590 629 0.7030 700.0000
590 630 0.4790 700.0000
590 631 0.6961 700.0000
590 632 0.6613 700.0000
591 593 0.6779 700.0000
591 594 0.7099 700.0000
591 610 0.7907 700.0000
591 629 0.7031 700.0000
591 630 0.6421 700.0000
591 631 0.4701 700.0000
591 632 0.5878 700.0000
592 594 0.5112 700.0000
592 595 0.8278 700.0000
592 596 0.8430 700.0000
592 630 0.8934 700.0000
592 631 0.6193 700.0000
592 632 0.5512 700.0000
592 633 0.7569 700.0000
593 595 0.5746 700.0000
593 596 0.4917 700.0000
593 597 0.7944 700.0000
593 601 0.8636 700.0000
593 603 0.7771 700.0000
593 606 0.6249 700.0000
593 607 0.8469 700.0000
593 610 0.8609 700.0000
593 631 0.7167 700.0000
593 632 0.7340 700.0000
593 633 0.6947 700.0000
593 638 0.7615 700.0000
593 642 0.8040 700.0000
594 596 0.6611 700.0000
594 597 0.8663 700.0000
594 599 0.8872 700.0000
594 601 0.7471 700.0000
594 606 0.6219 700.0000
594 610 0.7917 700.0000
595 597 0.4448 700.0000
595 598 0.7042 700.0000
595 599 0.4507 700.0000
595 600 0.7242 700.0000
595 601 0.4609 700.0000
595 603 0.8331 700.0000
595 606 0.7272 700.0000
596 598 0.7905 700.0000
596 599 0.6711 700.0000
596 600 0.7493 700.0000
596 601 0.5911 700.0000
596 602 0.7853 700.0000
596 603 0.5965 700.0000
596 606 0.7106 700.0000
596 635 0.8685 700.0000
596 638 0.7653 700.0000
597 599 0.4777 700.0000
597 600 0.5591 700.0000
597 601 0.7234 700.0000
598 600 0.6375 700.0000
599 601 0.5326 700.0000
600 602 0.8906 700.0000
601 603 0.6961 700.0000
601 605 0.7549 700.0000
601 606 0.6242 700.0000
602 604 0.5393 700.0000
602 605 0.5592 700.0000
602 606 0.7145 700.0000
602 641 0.8619 700.0000
603 605 0.6649 700.0000
603 606 0.5349 700.0000
603 607 0.6812 700.0000
603 637 0.8523 700.0000
603 638 0.6022 700.0000
603 641 0.5955 700.0000
603 642 0.7297 700.0000
604 606 0.6662 700.0000
604 607 0.5713 700.0000
604 608 0.5858 700.0000
604 641 0.5723 700.0000
604 642 0.7669 700.0000
604 644 0.7967 700.0000
604 645 0.5959 700.0000
604 648 0.8545 700.0000
605 607 0.6359 700.0000
605 608 0.4630 700.0000
605 609 0.6818 700.0000
605 645 0.8853 700.0000
606 608 0.6803 700.0000
606 609 0.5479 700.0000
606 610 0.5945 700.0000
606 611 0.8853 700.0000
606 641 0.8823 700.0000
606 642 0.7094 700.0000
607 609 0.5230 700.0000
607 610 0.4968 700.0000
607 611 0.5727 700.0000
607 612 0.8137 700.0000
607 641 0.7092 700.0000
607 642 0.4725 700.0000
607 644 0.8744 700.0000
607 645 0.5627 700.0000
607 646 0.8443 700.0000
608 610 0.7475 700.0000
608 611 0.6376 700.0000
608 612 0.5850 700.0000
608 645 0.6478 700.0000
608 648 0.8401 700.0000
608 649 0.7785 700.0000
609 611 0.5677 700.0000
609 612 0.4681 700.0000
609 613 0.6090 700.0000
609 614 0.8436 700.0000
610 612 0.6693 700.0000
610 613 0.5871 700.0000
610 614 0.6526 700.0000
610 629 0.8697 700.0000
610 631 0.8047 700.0000
610 642 0.7794 700.0000
611 613 0.6245 700.0000
611 614 0.5552 700.0000
611 615 0.6739 700.0000
611 642 0.8332 700.0000
611 645 0.7370 700.0000
611 646 0.7663 700.0000
611 649 0.6161 700.0000
612 614 0.6833 700.0000
612 615 0.5392 700.0000
612 616 0.6301 700.0000
612 649 0.7817 700.0000
613 615 0.6236 700.0000
613 616 0.5004 700.0000
613 617 0.6667 700.0000
613 618 0.8432 700.0000
614 616 0.6939 700.0000
614 617 0.6045 700.0000
614 618 0.6512 700.0000
614 629 0.7326 700.0000
615 617 0.8397 700.0000
615 618 0.6252 700.0000
615 619 0.5226 700.0000
615 620 0.8778 700.0000
615 649 0.7869 700.0000
616 618 0.6893 700.0000
616 619 0.5270 700.0000
616 620 0.5326 700.0000
617 619 0.7858 700.0000
617 620 0.5755 700.0000
617 621 0.6448 700.0000
617 622 0.4366 700.0000
617 623 0.5537 700.0000
617 626 0.7315 700.0000
618 620 0.6414 700.0000
618 621 0.5686 700.0000
618 622 0.6231 700.0000
618 623 0.5577 700.0000
619 621 0.7509 700.0000
620 622 0.5833 700.0000
620 623 0.8972 700.0000
621 623 0.5288 700.0000
621 624 0.6542 700.0000
622 624 0.5715 700.0000
622 625 0.8225 700.0000
622 626 0.8008 700.0000
623 625 0.5961 700.0000
623 626 0.5318 700.0000
623 627 0.6805 700.0000
624 626 0.7430 700.0000
624 627 0.8472 700.0000
625 627 0.5655 700.0000
626 628 0.7754 700.0000
626 629 0.7726 700.0000
627 629 0.8643 700.0000
628 630 0.6237 700.0000
629 631 0.6860 700.0000
630 632 0.5579 700.0000
630 633 0.8921 700.0000
631 633 0.6149 700.0000
631 639 0.8718 700.0000
631 642 0.6906 700.0000
632 634 0.8136 700.0000
633 635 0.5903 700.0000
633 636 0.6968 700.0000
633 638 0.5884 700.0000
633 639 0.5652 700.0000
633 642 0.7708 700.0000
634 636 0.7742 700.0000
635 637 0.5208 700.0000
635 638 0.5520 700.0000
635 639 0.7850 700.0000
636 638 0.5873 700.0000
636 639 0.5623 700.0000
636 640 0.6571 700.0000
637 639 0.7749 700.0000
637 640 0.6829 700.0000
637 641 0.7971 700.0000
638 640 0.6061 700.0000
638 641 0.5266 700.0000
638 642 0.5987 700.0000
639 641 0.6447 700.0000
639 642 0.5953 700.0000
639 643 0.7170 700.0000
639 644 0.8951 700.0000
640 642 0.7679 700.0000
640 643 0.6375 700.0000
640 644 0.7114 700.0000
641 643 0.7647 700.0000
641 644 0.5355 700.0000
641 645 0.5969 700.0000
641 646 0.8773 700.0000
642 644 0.7057 700.0000
642 645 0.6050 700.0000
642 646 0.6605 700.0000
643 645 0.7687 700.0000
643 646 0.5413 700.0000
643 647 0.5256 700.0000
644 646 0.5821 700.0000
644 647 0.5639 700.0000
644 648 0.5142 700.0000
645 647 0.7565 700.0000
645 648 0.4257 700.0000
645 649 0.6533 700.0000
646 648 0.7540 700.0000
646 649 0.7382 700.0000
646 650 0.7452 700.0000
647 649 0.8627 700.0000
647 650 0.4399 700.0000
648 650 0.8270 700.0000
786 788 0.8093 700.0000
786 789 0.6297 700.0000
786 790 0.7101 700.0000
787 789 0.6759 700.0000
787 790 0.4875 700.0000
787 791 0.6938 700.0000
787 814 0.6301 700.0000
787 817 0.6680 700.0000
788 790 0.8351 700.0000
788 791 0.6061 700.0000
788 792 0.6117 700.0000
788 813 0.7269 700.0000
788 814 0.6968 700.0000
789 791 0.5679 700.0000
789 792 0.5242 700.0000
789 793 0.6226 700.0000
789 794 0.8903 700.0000
790 792 0.8148 700.0000
790 793 0.6900 700.0000
790 794 0.6483 700.0000
790 814 0.8532 700.0000
790 817 0.5933 700.0000
790 821 0.7706 700.0000
791 793 0.5745 700.0000
791 794 0.4947 700.0000
791 795 0.5803 700.0000
791 796 0.8895 700.0000
791 812 0.8994 700.0000
791 813 0.4638 700.0000
791 814 0.6121 700.0000
791 816 0.6807 700.0000
791 817 0.5433 700.0000
792 794 0.6879 700.0000
792 795 0.5624 700.0000
792 796 0.7137 700.0000
792 813 0.5363 700.0000
793 795 0.6263 700.0000
793 796 0.6251 700.0000
793 797 0.6997 700.0000
794 796 0.7100 700.0000
794 797 0.6067 700.0000
794 798 0.5008 700.0000
794 813 0.7839 700.0000
794 816 0.6552 700.0000
794 817 0.6289 700.0000
794 820 0.7371 700.0000
794 821 0.8892 700.0000
795 797 0.6618 700.0000
795 798 0.5805 700.0000
795 799 0.6692 700.0000
795 813 0.5598 700.0000
795 816 0.6695 700.0000
795 817 0.8929 700.0000
795 863 0.7443 700.0000
796 798 0.7761 700.0000
796 863 0.6300 700.0000
796 864 0.8864 700.0000
797 862 0.7184 700.0000
797 863 0.5292 700.0000
797 864 0.6590 700.0000
798 800 0.6970 700.0000
798 816 0.6361 700.0000
798 817 0.8867 700.0000
798 820 0.6487 700.0000
798 860 0.5940 700.0000
798 861 0.6704 700.0000
798 862 0.5859 700.0000
798 863 0.6081 700.0000
799 801 0.5485 700.0000
799 810 0.6098 700.0000
799 811 0.7930 700.0000
799 816 0.6690 700.0000
799 859 0.7880 700.0000
799 860 0.7231 700.0000
799 861 0.4831 700.0000
799 862 0.7619 700.0000
799 863 0.6640 700.0000
800 810 0.8916 700.0000
800 811 0.6340 700.0000
800 815 0.7959 700.0000
800 816 0.5244 700.0000
800 819 0.4914 700.0000
800 820 0.6373 700.0000
800 823 0.8066 700.0000
800 843 0.8743 700.0000
800 846 0.8431 700.0000
800 858 0.6872 700.0000
800 859 0.6667 700.0000
800 860 0.4999 700.0000
800 861 0.7058 700.0000
801 803 0.7062 700.0000
801 808 0.5455 700.0000
801 809 0.6807 700.0000
801 810 0.4957 700.0000
801 811 0.6389 700.0000
801 857 0.8445 700.0000
801 858 0.6853 700.0000
801 859 0.4177 700.0000
801 860 0.8564 700.0000
801 861 0.6470 700.0000
802 804 0.6205 700.0000
802 807 0.7671 700.0000
802 808 0.6093 700.0000
802 809 0.4091 700.0000
802 810 0.6460 700.0000
802 811 0.5644 700.0000
802 834 0.6461 700.0000
802 835 0.8439 700.0000
802 848 0.8650 700.0000
802 856 0.6645 700.0000
802 857 0.7193 700.0000
802 858 0.7183 700.0000
802 859 0.8422 700.0000
803 805 0.7758 700.0000
803 806 0.6495 700.0000
803 807 0.5892 700.0000
803 808 0.5233 700.0000
803 809 0.6602 700.0000
803 856 0.6217 700.0000
803 857 0.4405 700.0000
803 858 0.6881 700.0000
803 859 0.7072 700.0000
804 806 0.7059 700.0000
804 807 0.5170 700.0000
804 808 0.7635 700.0000
804 809 0.6256 700.0000
804 834 0.8850 700.0000
804 835 0.8471 700.0000
804 856 0.6653 700.0000
804 857 0.8675 700.0000
805 807 0.5877 700.0000
806 808 0.8017 700.0000
807 809 0.5258 700.0000
808 810 0.6405 700.0000
808 859 0.7823 700.0000
809 811 0.7766 700.0000
810 812 0.7647 700.0000
810 816 0.8653 700.0000
811 815 0.5198 700.0000
811 816 0.6136 700.0000
811 819 0.7511 700.0000
811 832 0.7917 700.0000
811 834 0.7867 700.0000
811 858 0.8289 700.0000
812 814 0.6045 700.0000
812 815 0.4285 700.0000
812 816 0.6527 700.0000
812 817 0.8898 700.0000
813 815 0.7600 700.0000
813 816 0.6213 700.0000
813 817 0.7713 700.0000
814 816 0.7083 700.0000
814 817 0.5209 700.0000
814 818 0.6761 700.0000
815 817 0.6420 700.0000
815 818 0.5221 700.0000
815 819 0.5916 700.0000
815 830 0.8891 700.0000
815 832 0.6863 700.0000
815 833 0.8767 700.0000
816 818 0.7668 700.0000
816 819 0.5692 700.0000
816 820 0.6672 700.0000
816 821 0.8856 700.0000
816 860 0.8731 700.0000
817 819 0.6665 700.0000
817 820 0.6489 700.0000
817 821 0.5324 700.0000
817 822 0.8629 700.0000
817 824 0.8729 700.0000
818 820 0.8547 700.0000
818 821 0.6805 700.0000
818 822 0.6632 700.0000
818 827 0.8881 700.0000
818 830 0.6009 700.0000
818 831 0.7829 700.0000
818 832 0.7731 700.0000
819 821 0.7145 700.0000
819 822 0.5863 700.0000
819 823 0.7526 700.0000
819 830 0.6406 700.0000
819 832 0.8549 700.0000
819 841 0.7467 700.0000
819 843 0.7254 700.0000
819 860 0.8744 700.0000
820 822 0.6199 700.0000
820 823 0.4610 700.0000
820 824 0.4746 700.0000
820 825 0.8926 700.0000
820 860 0.6766 700.0000
821 823 0.7745 700.0000
821 824 0.4394 700.0000
821 825 0.5835 700.0000
821 827 0.8515 700.0000
822 824 0.6234 700.0000
822 825 0.4337 700.0000
822 826 0.7233 700.0000
822 827 0.4176 700.0000
822 829 0.8349 700.0000
822 830 0.7235 700.0000
822 843 0.7173 700.0000
823 825 0.8375 700.0000
823 826 0.7374 700.0000
823 827 0.8930 700.0000
823 843 0.7060 700.0000
823 860 0.6935 700.0000
824 826 0.8393 700.0000
825 827 0.4748 700.0000
826 828 0.8236 700.0000
827 829 0.6037 700.0000
827 830 0.7072 700.0000
827 843 0.7565 700.0000
828 842 0.6769 700.0000
828 843 0.6898 700.0000
828 844 0.6122 700.0000
829 831 0.6802 700.0000
829 840 0.6429 700.0000
829 841 0.5756 700.0000
829 842 0.5858 700.0000
829 843 0.6451 700.0000
829 844 0.8484 700.0000
830 832 0.6146 700.0000
830 840 0.6025 700.0000
830 841 0.4404 700.0000
830 842 0.7900 700.0000
830 843 0.7134 700.0000
831 833 0.8285 700.0000
831 838 0.7118 700.0000
831 839 0.8350 700.0000
831 840 0.5044 700.0000
831 841 0.6464 700.0000
832 834 0.6194 700.0000
832 838 0.6386 700.0000
832 839 0.5854 700.0000
832 840 0.6509 700.0000
832 841 0.6452 700.0000
832 848 0.8143 700.0000
833 835 0.7779 700.0000
833 836 0.6064 700.0000
833 837 0.7905 700.0000
833 838 0.5018 700.0000
833 839 0.7342 700.0000
834 836 0.7135 700.0000
834 837 0.6101 700.0000
834 838 0.7719 700.0000
834 839 0.4820 700.0000
834 848 0.8354 700.0000
834 856 0.8007 700.0000
835 837 0.5610 700.0000
835 839 0.8189 700.0000
836 838 0.8503 700.0000
837 839 0.6085 700.0000
837 850 0.6503 700.0000
837 851 0.8193 700.0000
837 852 0.8208 700.0000
837 854 0.8303 700.0000
838 840 0.8088 700.0000
838 850 0.7870 700.0000
838 851 0.7567 700.0000
839 841 0.7794 700.0000
839 848 0.5269 700.0000
839 849 0.5325 700.0000
839 850 0.4933 700.0000
839 851 0.7848 700.0000
839 853 0.8580 700.0000
839 854 0.7355 700.0000
839 855 0.7709 700.0000
839 856 0.6687 700.0000
840 842 0.7177 700.0000
840 847 0.7916 700.0000
840 848 0.5880 700.0000
840 849 0.4943 700.0000
840 850 0.7833 700.0000
840 851 0.8940 700.0000
841 843 0.5912 700.0000
841 845 0.8340 700.0000
841 846 0.8269 700.0000
841 847 0.6017 700.0000
841 848 0.5356 700.0000
841 849 0.7239 700.0000
841 858 0.7356 700.0000
842 844 0.4938 700.0000
842 845 0.4295 700.0000
842 846 0.6595 700.0000
842 847 0.4966 700.0000
842 848 0.7388 700.0000
842 849 0.8480 700.0000
842 858 0.8599 700.0000
843 845 0.6884 700.0000
843 846 0.5438 700.0000
843 847 0.7901 700.0000
843 858 0.8229 700.0000
844 846 0.6364 700.0000
844 847 0.8515 700.0000
845 847 0.4517 700.0000
845 848 0.8552 700.0000
845 857 0.8928 700.0000
845 858 0.8188 700.0000
846 857 0.7710 700.0000
846 858 0.5226 700.0000
846 859 0.7503 700.0000
846 860 0.8662 700.0000
847 849 0.6502 700.0000
847 855 0.6653 700.0000
847 856 0.6555 700.0000
847 857 0.5884 700.0000
847 858 0.5797 700.0000
848 850 0.7506 700.0000
848 853 0.8540 700.0000
848 854 0.7777 700.0000
848 855 0.5168 700.0000
848 856 0.4265 700.0000
848 857 0.6523 700.0000
848 858 0.6678 700.0000
849 851 0.7459 700.0000
849 853 0.5403 700.0000
849 854 0.6733 700.0000
849 855 0.5094 700.0000
849 856 0.6853 700.0000
850 852 0.5019 700.0000
850 853 0.4509 700.0000
850 854 0.5182 700.0000
850 855 0.6891 700.0000
850 856 0.8498 700.0000
851 853 0.6615 700.0000
851 854 0.8914 700.0000
852 854 0.6995 700.0000
853 855 0.5505 700.0000
854 856 0.6169 700.0000
855 857 0.7509 700.0000
856 858 0.7042 700.0000
857 859 0.6700 700.0000
859 861 0.6005 700.0000
860 862 0.5958 700.0000
861 863 0.6730 700.0000
862 864 0.7025 700.0000
868 870 0.6853 700.0000
868 871 0.8619 700.0000
868 872 0.5887 700.0000
868 917 0.7506 700.0000
868 920 0.6696 700.0000
868 921 0.8753 700.0000
869 871 0.4944 700.0000
869 872 0.4124 700.0000
869 873 0.8914 700.0000
869 915 0.8275 700.0000
869 920 0.6602 700.0000
870 872 0.6526 700.0000
870 873 0.8581 700.0000
871 873 0.7400 700.0000
871 891 0.6992 700.0000
871 913 0.6573 700.0000
871 915 0.8295 700.0000
871 1057 0.8466 700.0000
872 874 0.8956 700.0000
872 875 0.7268 700.0000
872 881 0.8025 700.0000
872 883 0.8981 700.0000
872 913 0.6474 700.0000
872 914 0.8097 700.0000
872 915 0.4355 700.0000
872 916 0.8503 700.0000
872 917 0.8076 700.0000
872 920 0.7874 700.0000
872 1057 0.8821 700.0000
873 875 0.6287 700.0000
873 876 0.8632 700.0000
873 881 0.7384 700.0000
873 883 0.6853 700.0000
873 913 0.6897 700.0000
873 915 0.5986 700.0000
874 876 0.4496 700.0000
874 877 0.8713 700.0000
874 878 0.8236 700.0000
874 881 0.8657 700.0000
874 915 0.8850 700.0000
875 877 0.7444 700.0000
875 878 0.4946 700.0000
875 879 0.7332 700.0000
875 880 0.7626 700.0000
875 881 0.5202 700.0000
875 915 0.5733 700.0000
875 916 0.8541 700.0000
875 917 0.7896 700.0000
876 878 0.5946 700.0000
876 881 0.8951 700.0000
877 879 0.8007 700.0000
878 880 0.5850 700.0000
878 881 0.5892 700.0000
878 915 0.8812 700.0000
879 881 0.8325 700.0000
879 916 0.7146 700.0000
879 917 0.6963 700.0000
879 918 0.7120 700.0000
879 957 0.8519 700.0000
880 882 0.6850 700.0000
880 914 0.7987 700.0000
880 915 0.7307 700.0000
880 916 0.6195 700.0000
880 917 0.8728 700.0000
880 956 0.6748 700.0000
880 957 0.5166 700.0000
881 883 0.6367 700.0000
881 913 0.7699 700.0000
881 914 0.6388 700.0000
881 915 0.3932 700.0000
881 916 0.7340 700.0000
881 956 0.8399 700.0000
882 884 0.7428 700.0000
882 912 0.5946 700.0000
882 913 0.6936 700.0000
882 914 0.5717 700.0000
882 915 0.6390 700.0000
882 956 0.7318 700.0000
882 1059 0.8866 700.0000
883 885 0.5941 700.0000
883 911 0.8614 700.0000
883 912 0.6058 700.0000
883 913 0.4170 700.0000
883 914 0.6933 700.0000
883 915 0.6439 700.0000
884 886 0.6810 700.0000
884 910 0.5554 700.0000
884 911 0.6616 700.0000
884 912 0.5246 700.0000
884 913 0.8501 700.0000
885 887 0.7006 700.0000
885 888 0.8033 700.0000
885 889 0.5496 700.0000
885 890 0.8722 700.0000
885 891 0.6394 700.0000
885 892 0.5628 700.0000
885 910 0.7631 700.0000
885 911 0.4813 700.0000
885 912 0.6624 700.0000
885 913 0.6283 700.0000
885 1058 0.8119 700.0000
886 888 0.4806 700.0000
886 889 0.4600 700.0000
886 892 0.6780 700.0000
886 911 0.8372 700.0000
887 889 0.5595 700.0000
887 890 0.8802 700.0000
887 892 0.4761 700.0000
887 893 0.6780 700.0000
887 911 0.8295 700.0000
888 890 0.6574 700.0000
888 892 0.7205 700.0000
888 893 0.7176 700.0000
889 891 0.5701 700.0000
889 892 0.6071 700.0000
889 893 0.6651 700.0000
889 911 0.8917 700.0000
890 892 0.7679 700.0000
890 893 0.5509 700.0000
890 894 0.6486 700.0000
891 893 0.7485 700.0000
891 894 0.6337 700.0000
891 895 0.7254 700.0000
891 911 0.8341 700.0000
891 913 0.6814 700.0000
891 1057 0.8673 700.0000
891 1058 0.6762 700.0000
892 894 0.7406 700.0000
892 895 0.6218 700.0000
892 896 0.5791 700.0000
892 897 0.8987 700.0000
892 908 0.7482 700.0000
892 910 0.8424 700.0000
892 911 0.4833 700.0000
892 1060 0.8997 700.0000
893 895 0.6804 700.0000
893 896 0.5798 700.0000
893 897 0.6861 700.0000
894 896 0.5915 700.0000
894 897 0.5677 700.0000
894 898 0.6200 700.0000
894 1003 0.8591 700.0000
894 1058 0.8837 700.0000
895 897 0.6055 700.0000
895 898 0.5829 700.0000
895 899 0.7110 700.0000
895 900 0.8611 700.0000
895 911 0.6637 700.0000
895 1003 0.5829 700.0000
895 1058 0.6339 700.0000
895 1060 0.7333 700.0000
896 898 0.6330 700.0000
896 899 0.5655 700.0000
896 900 0.5204 700.0000
896 901 0.8173 700.0000
896 908 0.7071 700.0000
896 911 0.7793 700.0000
896 1060 0.8195 700.0000
897 899 0.7141 700.0000
897 900 0.5240 700.0000
897 901 0.5461 700.0000
898 900 0.7584 700.0000
898 901 0.5206 700.0000
898 902 0.8894 700.0000
898 942 0.7880 700.0000
898 944 0.7932 700.0000
898 982 0.8917 700.0000
898 1003 0.6899 700.0000
899 901 0.7279 700.0000
899 902 0.6308 700.0000
899 903 0.4255 700.0000
899 904 0.7707 700.0000
899 906 0.7310 700.0000
899 908 0.7291 700.0000
899 944 0.7210 700.0000
899 982 0.5406 700.0000
899 983 0.8242 700.0000
899 985 0.8938 700.0000
899 986 0.8146 700.0000
899 1001 0.7331 700.0000
899 1003 0.8652 700.0000
899 1060 0.6598 700.0000
899 1062 0.7494 700.0000
900 902 0.6427 700.0000
900 903 0.5115 700.0000
900 904 0.4888 700.0000
900 905 0.8377 700.0000
900 906 0.8074 700.0000
900 908 0.7854 700.0000
900 982 0.8688 700.0000
901 903 0.7761 700.0000
901 904 0.8409 700.0000
901 981 0.8073 700.0000
901 982 0.8344 700.0000
902 904 0.6620 700.0000
902 905 0.7964 700.0000
902 906 0.8772 700.0000
902 981 0.5799 700.0000
902 982 0.5110 700.0000
902 983 0.4725 700.0000
902 986 0.8874 700.0000
903 905 0.5319 700.0000
903 906 0.4797 700.0000
903 908 0.8973 700.0000
903 981 0.8835 700.0000
903 982 0.5544 700.0000
903 983 0.5932 700.0000
903 986 0.6905 700.0000
903 1062 0.7967 700.0000
904 906 0.6304 700.0000
905 983 0.8899 700.0000
905 1064 0.6471 700.0000
906 908 0.7733 700.0000
906 986 0.7185 700.0000
906 999 0.7379 700.0000
906 1062 0.5639 700.0000
906 1063 0.7696 700.0000
906 1064 0.5413 700.0000
907 909 0.5706 700.0000
907 1062 0.8255 700.0000
907 1063 0.4650 700.0000
907 1064 0.8792 700.0000
908 910 0.7243 700.0000
908 911 0.7294 700.0000
908 1060 0.6910 700.0000
908 1061 0.6419 700.0000
908 1062 0.6234 700.0000
908 1063 0.7529 700.0000
909 911 0.8732 700.0000
909 998 0.7090 700.0000
909 1060 0.8777 700.0000
909 1061 0.4962 700.0000
909 1062 0.6996 700.0000
909 1063 0.5422 700.0000
910 912 0.5141 700.0000
910 1059 0.6981 700.0000
910 1060 0.6947 700.0000
910 1061 0.4382 700.0000
910 1062 0.8954 700.0000
911 913 0.8383 700.0000
911 1058 0.6884 700.0000
911 1059 0.6217 700.0000
911 1060 0.5535 700.0000
911 1061 0.6878 700.0000
912 914 0.7020 700.0000
912 956 0.8962 700.0000
912 1002 0.8754 700.0000
912 1058 0.7624 700.0000
912 1059 0.4290 700.0000
912 1060 0.7207 700.0000
912 1061 0.7143 700.0000
913 915 0.5422 700.0000
913 1057 0.6931 700.0000
913 1058 0.5858 700.0000
914 916 0.6975 700.0000
914 955 0.8752 700.0000
914 956 0.5647 700.0000
914 1002 0.8352 700.0000
914 1055 0.6610 700.0000
914 1056 0.5402 700.0000
914 1057 0.6294 700.0000
914 1058 0.6564 700.0000
914 1059 0.7391 700.0000
915 917 0.7684 700.0000
915 1055 0.8838 700.0000
915 1057 0.8880 700.0000
916 918 0.5329 700.0000
916 919 0.4429 700.0000
916 920 0.7479 700.0000
916 921 0.8336 700.0000
916 956 0.7708 700.0000
916 957 0.8385 700.0000
916 958 0.8726 700.0000
916 959 0.8798 700.0000
916 1055 0.6937 700.0000
916 1056 0.8068 700.0000
917 919 0.6170 700.0000
917 920 0.6421 700.0000
917 921 0.5837 700.0000
917 922 0.8770 700.0000
918 920 0.8585 700.0000
918 921 0.5690 700.0000
918 922 0.6902 700.0000
919 921 0.6802 700.0000
919 922 0.5575 700.0000
919 923 0.7665 700.0000
919 958 0.7669 700.0000
919 959 0.6697 700.0000
919 960 0.8861 700.0000
919 1052 0.8598 700.0000
919 1054 0.7690 700.0000
919 1055 0.5913 700.0000
919 1056 0.7545 700.0000
920 922 0.7303 700.0000
920 923 0.5725 700.0000
920 924 0.5202 700.0000
920 1005 0.8550 700.0000
920 1055 0.6103 700.0000
921 923 0.8070 700.0000
921 924 0.6427 700.0000
921 925 0.7212 700.0000
922 924 0.6858 700.0000
922 925 0.5688 700.0000
922 926 0.7357 700.0000
922 1052 0.5580 700.0000
922 1054 0.8683 700.0000
923 925 0.6849 700.0000
923 926 0.6808 700.0000
923 927 0.5921 700.0000
923 940 0.7980 700.0000
923 1005 0.6882 700.0000
923 1006 0.7767 700.0000
923 1007 0.6175 700.0000
923 1052 0.7617 700.0000
923 1053 0.7105 700.0000
923 1054 0.5732 700.0000
923 1055 0.6343 700.0000
924 926 0.7902 700.0000
924 927 0.5017 700.0000
924 928 0.7045 700.0000
925 927 0.6284 700.0000
925 928 0.5181 700.0000
925 929 0.5830 700.0000
925 930 0.8780 700.0000
925 1052 0.7775 700.0000
926 928 0.7926 700.0000
926 929 0.5147 700.0000
926 930 0.5523 700.0000
926 931 0.8618 700.0000
926 1007 0.6528 700.0000
926 1034 0.8768 700.0000
926 1050 0.7049 700.0000
926 1052 0.5340 700.0000
926 1053 0.5931 700.0000
927 929 0.7025 700.0000
927 930 0.5918 700.0000
927 931 0.4950 700.0000
927 932 0.8924 700.0000
927 937 0.7423 700.0000
927 939 0.6645 700.0000
927 940 0.7038 700.0000
927 1007 0.6293 700.0000
928 930 0.8394 700.0000
928 931 0.6298 700.0000
928 932 0.6926 700.0000
929 931 0.6422 700.0000
929 932 0.5544 700.0000
929 933 0.6552 700.0000
929 934 0.8818 700.0000
930 932 0.6695 700.0000
930 933 0.5499 700.0000
930 934 0.5660 700.0000
930 935 0.8910 700.0000
930 936 0.7754 700.0000
930 937 0.8699 700.0000
930 939 0.5066 700.0000
930 1007 0.5976 700.0000
930 1008 0.7957 700.0000
930 1009 0.6296 700.0000
930 1010 0.7957 700.0000
930 1034 0.5998 700.0000
930 1053 0.7950 700.0000
931 933 0.7588 700.0000
931 934 0.6329 700.0000
931 935 0.6356 700.0000
931 936 0.5786 700.0000
931 937 0.5032 700.0000
931 938 0.8791 700.0000
931 939 0.5681 700.0000
931 1007 0.8831 700.0000
932 934 0.5880 700.0000
932 935 0.5635 700.0000
932 936 0.7955 700.0000
933 935 0.7653 700.0000
933 936 0.8823 700.0000
933 1010 0.7932 700.0000
933 1024 0.8875 700.0000
933 1031 0.7242 700.0000
933 1032 0.8596 700.0000
933 1034 0.7182 700.0000
934 936 0.5016 700.0000
934 937 0.8607 700.0000
934 939 0.6630 700.0000
934 1009 0.6957 700.0000
934 1010 0.5909 700.0000
934 1034 0.7569 700.0000
935 937 0.7108 700.0000
935 939 0.8707 700.0000
936 938 0.5027 700.0000
936 939 0.5283 700.0000
936 1009 0.7539 700.0000
936 1010 0.8123 700.0000
937 939 0.5795 700.0000
937 940 0.8059 700.0000
938 940 0.7803 700.0000
938 941 0.8742 700.0000
938 1009 0.8055 700.0000
939 941 0.7772 700.0000
939 1006 0.8715 700.0000
939 1007 0.5738 700.0000
939 1008 0.5784 700.0000
939 1009 0.4252 700.0000
939 1010 0.7337 700.0000
939 1034 0.7875 700.0000
940 942 0.6929 700.0000
940 1005 0.5792 700.0000
940 1006 0.5961 700.0000
940 1007 0.5738 700.0000
940 1008 0.7358 700.0000
940 1009 0.8593 700.0000
941 943 0.6029 700.0000
941 980 0.8492 700.0000
941 1004 0.8822 700.0000
941 1005 0.8325 700.0000
941 1006 0.5406 700.0000
941 1007 0.7486 700.0000
941 1008 0.5462 700.0000
941 1009 0.7806 700.0000
941 1046 0.7205 700.0000
942 944 0.7966 700.0000
942 1003 0.4950 700.0000
942 1004 0.5981 700.0000
942 1005 0.5315 700.0000
942 1006 0.7227 700.0000
942 1057 0.7769 700.0000
942 1058 0.8865 700.0000
943 945 0.8381 700.0000
943 978 0.5356 700.0000
943 979 0.4946 700.0000
943 980 0.5736 700.0000
943 981 0.8691 700.0000
943 1003 0.5953 700.0000
943 1004 0.4910 700.0000
943 1005 0.8350 700.0000
943 1006 0.5840 700.0000
943 1046 0.7181 700.0000
944 946 0.8299 700.0000
944 978 0.7536 700.0000
944 979 0.4771 700.0000
944 980 0.6210 700.0000
944 981 0.6714 700.0000
944 982 0.4854 700.0000
944 983 0.8643 700.0000
944 984 0.8965 700.0000
944 985 0.6123 700.0000
944 986 0.8980 700.0000
944 1001 0.6459 700.0000
944 1002 0.8367 700.0000
944 1003 0.5186 700.0000
944 1004 0.6687 700.0000
944 1060 0.8664 700.0000
945 947 0.6167 700.0000
945 960 0.7192 700.0000
945 976 0.7509 700.0000
945 977 0.8113 700.0000
945 978 0.5726 700.0000
945 979 0.7597 700.0000
945 985 0.6235 700.0000
945 990 0.8067 700.0000
945 991 0.8893 700.0000
945 1001 0.6364 700.0000
945 1002 0.5490 700.0000
945 1004 0.7417 700.0000
946 948 0.7488 700.0000
946 968 0.8730 700.0000
946 978 0.8622 700.0000
946 979 0.8978 700.0000
946 984 0.8528 700.0000
946 985 0.4838 700.0000
946 986 0.7341 700.0000
946 987 0.8757 700.0000
946 989 0.8646 700.0000
946 990 0.5774 700.0000
946 991 0.5598 700.0000
946 992 0.8865 700.0000
946 1000 0.7634 700.0000
946 1001 0.5494 700.0000
946 1002 0.6608 700.0000
947 949 0.6163 700.0000
947 950 0.7582 700.0000
947 951 0.5880 700.0000
947 952 0.6651 700.0000
947 955 0.8807 700.0000
947 985 0.8276 700.0000
947 990 0.8298 700.0000
947 991 0.5492 700.0000
947 992 0.7592 700.0000
947 999 0.8183 700.0000
947 1000 0.5085 700.0000
947 1001 0.6359 700.0000
947 1002 0.6451 700.0000
947 1059 0.8758 700.0000
948 950 0.4760 700.0000
948 951 0.4442 700.0000
948 952 0.6967 700.0000
948 967 0.8467 700.0000
948 991 0.7105 700.0000
948 992 0.6003 700.0000
948 993 0.8605 700.0000
948 1000 0.6864 700.0000
949 951 0.5319 700.0000
949 952 0.5328 700.0000
949 953 0.7462 700.0000
949 992 0.8913 700.0000
949 993 0.8993 700.0000
949 994 0.7378 700.0000
949 998 0.8306 700.0000
949 1000 0.5836 700.0000
950 952 0.5369 700.0000
950 953 0.5842 700.0000
950 954 0.6456 700.0000
951 953 0.5747 700.0000
951 954 0.5156 700.0000
951 955 0.6455 700.0000
951 956 0.8835 700.0000
951 964 0.8448 700.0000
951 1000 0.8885 700.0000
952 954 0.6250 700.0000
952 955 0.5565 700.0000
952 956 0.5646 700.0000
952 1000 0.7305 700.0000
952 1002 0.7183 700.0000
952 1059 0.7577 700.0000
953 955 0.6273 700.0000
953 956 0.5647 700.0000
953 957 0.6047 700.0000
953 958 0.8411 700.0000
954 956 0.7412 700.0000
954 957 0.6578 700.0000
954 958 0.6133 700.0000
954 959 0.7462 700.0000
955 957 0.7644 700.0000
955 958 0.5951 700.0000
955 959 0.3827 700.0000
955 960 0.5440 700.0000
955 961 0.8504 700.0000
955 1002 0.6918 700.0000
955 1056 0.6496 700.0000
956 958 0.7399 700.0000
956 959 0.6793 700.0000
956 960 0.8991 700.0000
956 1002 0.7775 700.0000
956 1056 0.6520 700.0000
956 1059 0.8163 700.0000
957 959 0.8431 700.0000
958 960 0.8318 700.0000
958 961 0.8009 700.0000
959 961 0.6528 700.0000
959 1051 0.7136 700.0000
959 1054 0.7688 700.0000
959 1055 0.8547 700.0000
959 1056 0.6966 700.0000
960 976 0.6473 700.0000
960 978 0.8090 700.0000
960 1002 0.7863 700.0000
960 1004 0.8214 700.0000
960 1048 0.8969 700.0000
960 1051 0.6430 700.0000
960 1054 0.5467 700.0000
960 1055 0.8360 700.0000
960 1056 0.6427 700.0000
961 963 0.4411 700.0000
961 964 0.4807 700.0000
961 965 0.7914 700.0000
961 975 0.8803 700.0000
961 976 0.7870 700.0000
961 1051 0.5747 700.0000
962 964 0.8370 700.0000
962 965 0.7504 700.0000
962 974 0.8181 700.0000
962 975 0.6207 700.0000
962 976 0.7009 700.0000
962 1019 0.8411 700.0000
962 1048 0.7511 700.0000
962 1049 0.6628 700.0000
962 1050 0.7096 700.0000
962 1051 0.4850 700.0000
963 965 0.5568 700.0000
963 966 0.8833 700.0000
963 975 0.8605 700.0000
963 1051 0.8888 700.0000
964 966 0.8240 700.0000
964 967 0.6627 700.0000
965 967 0.6615 700.0000
965 968 0.7980 700.0000
965 969 0.6432 700.0000
965 970 0.6808 700.0000
965 973 0.7895 700.0000
965 974 0.6015 700.0000
965 975 0.5532 700.0000
965 976 0.7642 700.0000
965 977 0.8178 700.0000
966 968 0.5492 700.0000
966 969 0.4492 700.0000
966 970 0.5796 700.0000
966 973 0.8867 700.0000
966 974 0.7832 700.0000
966 975 0.8295 700.0000
967 969 0.7340 700.0000
967 990 0.8733 700.0000
967 992 0.8550 700.0000
968 970 0.8605 700.0000
968 977 0.8687 700.0000
968 989 0.5929 700.0000
968 990 0.5277 700.0000
968 992 0.8009 700.0000
969 971 0.6491 700.0000
969 972 0.8766 700.0000
969 973 0.7140 700.0000
969 974 0.8622 700.0000
969 975 0.7653 700.0000
969 977 0.5946 700.0000
969 990 0.7719 700.0000
970 972 0.7189 700.0000
970 973 0.4278 700.0000
970 974 0.5723 700.0000
970 975 0.7083 700.0000
970 977 0.7191 700.0000
970 1015 0.8267 700.0000
970 1016 0.5961 700.0000
970 1017 0.8219 700.0000
970 1018 0.8548 700.0000
971 973 0.5236 700.0000
971 974 0.8746 700.0000
971 977 0.7867 700.0000
971 1014 0.6997 700.0000
971 1015 0.6345 700.0000
971 1016 0.5506 700.0000
971 1017 0.8613 700.0000
971 1018 0.8640 700.0000
972 977 0.7487 700.0000
972 1013 0.6733 700.0000
972 1014 0.4601 700.0000
972 1015 0.6344 700.0000
972 1016 0.7979 700.0000
972 1018 0.8764 700.0000
972 1036 0.7200 700.0000
972 1037 0.6334 700.0000
972 1038 0.5682 700.0000
972 1045 0.6737 700.0000
972 1047 0.7499 700.0000
973 975 0.5032 700.0000
973 976 0.8428 700.0000
973 977 0.6385 700.0000
973 1014 0.7151 700.0000
973 1015 0.6182 700.0000
973 1016 0.6491 700.0000
973 1017 0.6796 700.0000
973 1018 0.5201 700.0000
973 1019 0.7531 700.0000
973 1020 0.8784 700.0000
973 1036 0.7534 700.0000
973 1047 0.6117 700.0000
973 1048 0.8342 700.0000
973 1049 0.7246 700.0000
974 1015 0.8756 700.0000
974 1016 0.7533 700.0000
974 1017 0.6420 700.0000
974 1018 0.6071 700.0000
974 1019 0.4895 700.0000
974 1020 0.8157 700.0000
974 1049 0.7616 700.0000
975 977 0.5118 700.0000
975 978 0.8646 700.0000
975 1018 0.8663 700.0000
975 1019 0.8212 700.0000
975 1036 0.8990 700.0000
975 1047 0.5418 700.0000
975 1048 0.5205 700.0000
975 1049 0.5455 700.0000
976 978 0.5483 700.0000
976 1047 0.5761 700.0000
976 1048 0.4311 700.0000
976 1049 0.7070 700.0000
976 1051 0.7598 700.0000
976 1053 0.8396 700.0000
976 1054 0.8359 700.0000
977 979 0.8331 700.0000
977 984 0.8789 700.0000
977 990 0.8750 700.0000
977 1036 0.8803 700.0000
977 1045 0.6635 700.0000
977 1046 0.8187 700.0000
977 1047 0.5041 700.0000
977 1048 0.7104 700.0000
978 980 0.8727 700.0000
978 1004 0.6561 700.0000
978 1006 0.6366 700.0000
978 1045 0.7430 700.0000
978 1046 0.6203 700.0000
978 1047 0.6653 700.0000
978 1048 0.6709 700.0000
978 1054 0.8068 700.0000
979 981 0.5578 700.0000
979 982 0.6561 700.0000
979 983 0.8534 700.0000
979 984 0.6344 700.0000
979 985 0.6373 700.0000
979 1004 0.8725 700.0000
979 1044 0.6172 700.0000
979 1045 0.5871 700.0000
979 1046 0.6817 700.0000
980 982 0.7241 700.0000
980 983 0.8889 700.0000
980 984 0.8798 700.0000
980 1043 0.7120 700.0000
980 1044 0.5459 700.0000
980 1045 0.7247 700.0000
980 1046 0.7516 700.0000
981 983 0.5203 700.0000
981 984 0.7115 700.0000
981 985 0.7938 700.0000
981 1044 0.6451 700.0000
981 1045 0.8996 700.0000
982 984 0.7077 700.0000
982 985 0.4934 700.0000
982 986 0.5782 700.0000
982 1001 0.7374 700.0000
983 985 0.6358 700.0000
983 986 0.5789 700.0000
983 987 0.7352 700.0000
984 986 0.7184 700.0000
984 987 0.6450 700.0000
984 989 0.8367 700.0000
984 990 0.5833 700.0000
984 1044 0.7637 700.0000
984 1045 0.7748 700.0000
985 987 0.6324 700.0000
985 989 0.8543 700.0000
985 990 0.5713 700.0000
985 991 0.6447 700.0000
985 1001 0.6021 700.0000
986 988 0.6466 700.0000
986 989 0.8181 700.0000
986 990 0.7184 700.0000
986 991 0.5039 700.0000
986 999 0.6259 700.0000
986 1001 0.6882 700.0000
986 1062 0.7004 700.0000
987 989 0.4678 700.0000
987 990 0.5249 700.0000
987 991 0.6003 700.0000
987 992 0.8457 700.0000
987 999 0.8629 700.0000
988 990 0.7470 700.0000
988 991 0.5375 700.0000
988 992 0.6162 700.0000
988 993 0.6098 700.0000
988 999 0.7009 700.0000
989 991 0.6625 700.0000
989 992 0.5713 700.0000
990 992 0.7485 700.0000
991 993 0.6233 700.0000
991 999 0.4550 700.0000
991 1000 0.6061 700.0000
991 1001 0.6912 700.0000
991 1062 0.7375 700.0000
992 999 0.8607 700.0000
993 995 0.7110 700.0000
993 996 0.8294 700.0000
993 997 0.5108 700.0000
993 998 0.7477 700.0000
993 999 0.5511 700.0000
993 1000 0.8197 700.0000
994 996 0.4294 700.0000
994 997 0.4447 700.0000
994 998 0.4095 700.0000
994 999 0.7389 700.0000
994 1000 0.7903 700.0000
995 997 0.6016 700.0000
995 998 0.6815 700.0000
996 998 0.4618 700.0000
996 1063 0.8631 700.0000
997 999 0.5997 700.0000
997 1062 0.7969 700.0000
997 1063 0.6222 700.0000
997 1064 0.7956 700.0000
998 1000 0.6709 700.0000
998 1061 0.6642 700.0000
998 1062 0.7646 700.0000
998 1063 0.7024 700.0000
999 1001 0.7488 700.0000
999 1060 0.8628 700.0000
999 1061 0.7055 700.0000
999 1062 0.3777 700.0000
999 1063 0.7817 700.0000
999 1064 0.8315 700.0000
1000 1002 0.7515 700.0000
1000 1059 0.6682 700.0000
1000 1060 0.6711 700.0000
1000 1061 0.5256 700.0000
1000 1062 0.6125 700.0000
1001 1003 0.8178 700.0000
1001 1059 0.6145 700.0000
1001 1060 0.4338 700.0000
1001 1061 0.7340 700.0000
1001 1062 0.6671 700.0000
1002 1004 0.6880 700.0000
1002 1056 0.5938 700.0000
1002 1057 0.8821 700.0000
1002 1058 0.8085 700.0000
1002 1059 0.4745 700.0000
1002 1060 0.6823 700.0000
1003 1005 0.7496 700.0000
1003 1056 0.8894 700.0000
1003 1057 0.6479 700.0000
1003 1058 0.5743 700.0000
1003 1060 0.8146 700.0000
1004 1006 0.5792 700.0000
1004 1054 0.6627 700.0000
1004 1055 0.7013 700.0000
1004 1056 0.5922 700.0000
1004 1057 0.6231 700.0000
1004 1058 0.7647 700.0000
1005 1007 0.8302 700.0000
1005 1054 0.7636 700.0000
1005 1055 0.6043 700.0000
1005 1056 0.7934 700.0000
1005 1057 0.5187 700.0000
1005 1058 0.8260 700.0000
1006 1008 0.5667 700.0000
1006 1009 0.8718 700.0000
1006 1046 0.7642 700.0000
1006 1048 0.8122 700.0000
1006 1053 0.6103 700.0000
1006 1054 0.5654 700.0000
1007 1009 0.6531 700.0000
1007 1034 0.7655 700.0000
1007 1035 0.8281 700.0000
1007 1048 0.8688 700.0000
1007 1052 0.8891 700.0000
1007 1053 0.4371 700.0000
1007 1054 0.6757 700.0000
1008 1010 0.7114 700.0000
1008 1011 0.6253 700.0000
1008 1034 0.6388 700.0000
1008 1035 0.5050 700.0000
1008 1036 0.8392 700.0000
1008 1046 0.6033 700.0000
1008 1047 0.8676 700.0000
1008 1048 0.8345 700.0000
1008 1053 0.7351 700.0000
1009 1011 0.5676 700.0000
1009 1033 0.8482 700.0000
1009 1034 0.5030 700.0000
1009 1035 0.5908 700.0000
1009 1046 0.8825 700.0000
1010 1012 0.7882 700.0000
1010 1024 0.7214 700.0000
1010 1033 0.5420 700.0000
1010 1034 0.5087 700.0000
1010 1035 0.6883 700.0000
1011 1033 0.7484 700.0000
1011 1034 0.7942 700.0000
1011 1035 0.5900 700.0000
1011 1036 0.6923 700.0000
1011 1037 0.6394 700.0000
1011 1039 0.8879 700.0000
1011 1040 0.5671 700.0000
1011 1043 0.7755 700.0000
1011 1046 0.7109 700.0000
1012 1014 0.6378 700.0000
1012 1021 0.8053 700.0000
1012 1022 0.6667 700.0000
1012 1033 0.5375 700.0000
1012 1035 0.6796 700.0000
1012 1036 0.5247 700.0000
1012 1037 0.5877 700.0000
1012 1039 0.8880 700.0000
1012 1040 0.6075 700.0000
1013 1015 0.6865 700.0000
1013 1036 0.6898 700.0000
1013 1037 0.5610 700.0000
1013 1038 0.6707 700.0000
1013 1039 0.7071 700.0000
1013 1040 0.6931 700.0000
1014 1016 0.8311 700.0000
1014 1017 0.8704 700.0000
1014 1018 0.6743 700.0000
1014 1022 0.8686 700.0000
1014 1036 0.5549 700.0000
1014 1037 0.5811 700.0000
1014 1038 0.7160 700.0000
1014 1047 0.8245 700.0000
1015 1017 0.4757 700.0000
1015 1018 0.4485 700.0000
1015 1036 0.8425 700.0000
1016 1018 0.6702 700.0000
1017 1019 0.6627 700.0000
1017 1020 0.8485 700.0000
1018 1020 0.5415 700.0000
1018 1021 0.6475 700.0000
1018 1022 0.7252 700.0000
1018 1036 0.7846 700.0000
1018 1047 0.8792 700.0000
1018 1049 0.7384 700.0000
1019 1021 0.7536 700.0000
1019 1049 0.6506 700.0000
1020 1022 0.6332 700.0000
1020 1032 0.7090 700.0000
1020 1049 0.5250 700.0000
1020 1050 0.8211 700.0000
1021 1023 0.7276 700.0000
1021 1032 0.5032 700.0000
1021 1033 0.6153 700.0000
1021 1034 0.6842 700.0000
1021 1035 0.6682 700.0000
1021 1036 0.6765 700.0000
1021 1047 0.8699 700.0000
1021 1048 0.8690 700.0000
1021 1049 0.5672 700.0000
1021 1050 0.8503 700.0000
1022 1024 0.7128 700.0000
1022 1031 0.8565 700.0000
1022 1032 0.5537 700.0000
1022 1033 0.4937 700.0000
1022 1034 0.8881 700.0000
1022 1035 0.8762 700.0000
1022 1036 0.7957 700.0000
1023 1025 0.5568 700.0000
1023 1026 0.5934 700.0000
1023 1028 0.6920 700.0000
1023 1029 0.6029 700.0000
1023 1030 0.7506 700.0000
1023 1031 0.5634 700.0000
1023 1032 0.5065 700.0000
1023 1033 0.5753 700.0000
1024 1026 0.8499 700.0000
1024 1028 0.7958 700.0000
1024 1030 0.8820 700.0000
1024 1031 0.4175 700.0000
1024 1032 0.5876 700.0000
1024 1033 0.4233 700.0000
1024 1034 0.8499 700.0000
1025 1027 0.4500 700.0000
1025 1028 0.4860 700.0000
1025 1029 0.6868 700.0000
1025 1030 0.8497 700.0000
1025 1031 0.6361 700.0000
1026 1028 0.6666 700.0000
1026 1029 0.6701 700.0000
1027 1029 0.7917 700.0000
1028 1030 0.4517 700.0000
1028 1031 0.5351 700.0000
1028 1032 0.8128 700.0000
1029 1031 0.6965 700.0000
1029 1032 0.7277 700.0000
1030 1032 0.5859 700.0000
1031 1033 0.6979 700.0000
1031 1034 0.8887 700.0000
1032 1034 0.6669 700.0000
1033 1035 0.6977 700.0000
1033 1036 0.7947 700.0000
1034 1036 0.8230 700.0000
1034 1048 0.8714 700.0000
1034 1049 0.8449 700.0000
1034 1050 0.8153 700.0000
1034 1053 0.7701 700.0000
1035 1037 0.7146 700.0000
1035 1046 0.6313 700.0000
1035 1047 0.5634 700.0000
1035 1048 0.6135 700.0000
1035 1049 0.6876 700.0000
1035 1053 0.7864 700.0000
1036 1038 0.8045 700.0000
1036 1040 0.8969 700.0000
1036 1045 0.7717 700.0000
1036 1046 0.6368 700.0000
1036 1047 0.4364 700.0000
1036 1048 0.7152 700.0000
1036 1049 0.7203 700.0000
1037 1039 0.5707 700.0000
1037 1040 0.5975 700.0000
1037 1043 0.6187 700.0000
1037 1044 0.7334 700.0000
1037 1045 0.5306 700.0000
1037 1046 0.5484 700.0000
1037 1047 0.6845 700.0000
1038 1040 0.7425 700.0000
1038 1042 0.8498 700.0000
1038 1043 0.5937 700.0000
1038 1044 0.5236 700.0000
1038 1045 0.4730 700.0000
1038 1046 0.7631 700.0000
1039 1041 0.5325 700.0000
1039 1042 0.5205 700.0000
1039 1043 0.5162 700.0000
1039 1044 0.7296 700.0000
1039 1045 0.8213 700.0000
1040 1042 0.7117 700.0000
1040 1043 0.6546 700.0000
1041 1043 0.7617 700.0000
1042 1044 0.8265 700.0000
1043 1045 0.6371 700.0000
1043 1046 0.6387 700.0000
1044 1046 0.6863 700.0000
1045 1047 0.6748 700.0000
1046 1048 0.7900 700.0000
1047 1049 0.5740 700.0000
1048 1050 0.6764 700.0000
1048 1051 0.7651 700.0000
1048 1053 0.5631 700.0000
1048 1054 0.8189 700.0000
1049 1051 0.8481 700.0000
1049 1053 0.7802 700.0000
1050 1052 0.5404 700.0000
1050 1053 0.5568 700.0000
1051 1053 0.6917 700.0000
1051 1054 0.7048 700.0000
1052 1054 0.7181 700.0000
1054 1056 0.6543 700.0000
1055 1057 0.5196 700.0000
1055 1058 0.8357 700.0000
1056 1058 0.7352 700.0000
1056 1059 0.8264 700.0000
1058 1060 0.8033 700.0000
1059 1061 0.6131 700.0000
1060 1062 0.6089 700.0000
1061 1063 0.8136 700.0000
1062 1064 0.8385 700.0000
