# CALVADOS-equivalent intra-domain harmonic restraints
# cutoff 0.9 nm, k 700.0 kJ/mol/nm^2, 0-based particle indices
371 379 0.3822 700.0
371 385 0.6723 700.0
379 385 0.3822 700.0
379 395 0.6890 700.0
385 395 0.3789 700.0
385 401 0.6341 700.0
395 401 0.3839 700.0
395 406 0.6306 700.0
401 406 0.3851 700.0
401 412 0.6441 700.0
406 412 0.3835 700.0
406 418 0.7032 700.0
412 418 0.3811 700.0
412 424 0.6745 700.0
412 432 0.8286 700.0
412 438 0.6268 700.0
412 444 0.6441 700.0
418 424 0.3840 700.0
418 432 0.5578 700.0
418 438 0.5445 700.0
418 444 0.6196 700.0
418 452 0.8880 700.0
424 432 0.3841 700.0
424 438 0.5596 700.0
424 444 0.4972 700.0
424 452 0.6339 700.0
424 459 0.8857 700.0
432 438 0.3836 700.0
432 444 0.5334 700.0
432 452 0.5199 700.0
432 459 0.6415 700.0
432 465 0.8695 700.0
438 444 0.3825 700.0
438 452 0.5456 700.0
438 459 0.5102 700.0
438 465 0.6020 700.0
438 471 0.8331 700.0
444 452 0.3862 700.0
444 459 0.5568 700.0
444 465 0.5211 700.0
444 471 0.5806 700.0
444 478 0.8651 700.0
444 595 0.7361 700.0
444 601 0.8501 700.0
452 459 0.3849 700.0
452 465 0.5569 700.0
452 471 0.5082 700.0
452 478 0.6415 700.0
452 484 0.8786 700.0
459 465 0.3831 700.0
459 471 0.5598 700.0
459 478 0.5595 700.0
459 484 0.6666 700.0
459 490 0.8679 700.0
465 471 0.3864 700.0
465 478 0.5464 700.0
465 484 0.4896 700.0
465 490 0.5492 700.0
465 496 0.8917 700.0
465 503 0.8738 700.0
465 509 0.7199 700.0
465 595 0.7827 700.0
471 478 0.3827 700.0
471 484 0.5282 700.0
471 490 0.4889 700.0
471 496 0.8442 700.0
471 509 0.8990 700.0
471 595 0.6928 700.0
478 484 0.3857 700.0
478 490 0.5916 700.0
478 496 0.8262 700.0
484 490 0.3865 700.0
484 496 0.5519 700.0
484 503 0.5425 700.0
484 509 0.6297 700.0
484 515 0.8789 700.0
490 496 0.3820 700.0
490 503 0.5594 700.0
490 509 0.5098 700.0
490 515 0.6189 700.0
490 521 0.8664 700.0
490 583 0.8722 700.0
490 589 0.7701 700.0
490 595 0.7393 700.0
496 503 0.3844 700.0
496 509 0.5446 700.0
496 515 0.5160 700.0
496 521 0.6131 700.0
496 527 0.8633 700.0
503 509 0.3831 700.0
503 515 0.5454 700.0
503 521 0.5056 700.0
503 527 0.6033 700.0
503 533 0.8471 700.0
509 515 0.3851 700.0
509 521 0.5625 700.0
509 527 0.5374 700.0
509 533 0.6126 700.0
509 539 0.8522 700.0
509 583 0.7572 700.0
509 589 0.8840 700.0
515 521 0.3869 700.0
515 527 0.5612 700.0
515 533 0.5290 700.0
515 539 0.6028 700.0
515 545 0.8507 700.0
515 571 0.8212 700.0
515 577 0.6358 700.0
515 583 0.5702 700.0
515 589 0.7521 700.0
521 527 0.3863 700.0
521 533 0.5670 700.0
521 539 0.5232 700.0
521 545 0.5953 700.0
521 551 0.8315 700.0
521 577 0.8638 700.0
527 533 0.3841 700.0
527 539 0.5443 700.0
527 545 0.5173 700.0
527 551 0.5626 700.0
527 558 0.7810 700.0
527 566 0.8981 700.0
527 571 0.8872 700.0
533 539 0.3819 700.0
533 545 0.5735 700.0
533 551 0.5414 700.0
533 558 0.5406 700.0
533 566 0.6449 700.0
533 571 0.5300 700.0
533 577 0.6326 700.0
533 583 0.7161 700.0
539 545 0.3854 700.0
539 551 0.5762 700.0
539 558 0.5612 700.0
539 566 0.4347 700.0
539 571 0.4819 700.0
539 577 0.5795 700.0
539 583 0.8257 700.0
545 551 0.3858 700.0
545 558 0.5976 700.0
545 566 0.5914 700.0
545 571 0.7993 700.0
551 558 0.3846 700.0
551 566 0.6263 700.0
551 571 0.7975 700.0
558 566 0.3858 700.0
558 571 0.5194 700.0
558 577 0.8635 700.0
566 571 0.3848 700.0
566 577 0.6900 700.0
571 577 0.3794 700.0
571 583 0.6744 700.0
577 583 0.3842 700.0
577 589 0.7204 700.0
583 589 0.3809 700.0
583 595 0.6960 700.0
589 595 0.3792 700.0
589 601 0.6338 700.0
595 601 0.3816 700.0
666 672 0.3810 700.0
666 678 0.6170 700.0
666 760 0.8537 700.0
666 766 0.5578 700.0
666 776 0.5135 700.0
666 783 0.6613 700.0
672 678 0.3863 700.0
672 684 0.5908 700.0
672 692 0.7537 700.0
672 754 0.6979 700.0
672 760 0.5835 700.0
672 766 0.4468 700.0
672 776 0.6442 700.0
672 783 0.8456 700.0
678 684 0.3844 700.0
678 692 0.7151 700.0
678 754 0.7582 700.0
678 760 0.5607 700.0
678 766 0.5829 700.0
678 776 0.7230 700.0
678 1771 0.8008 700.0
678 1777 0.8638 700.0
678 1797 0.6929 700.0
684 692 0.3847 700.0
684 699 0.7016 700.0
684 748 0.8156 700.0
684 754 0.5332 700.0
684 760 0.4954 700.0
684 766 0.7335 700.0
684 1789 0.8808 700.0
684 1797 0.6071 700.0
684 1816 0.7684 700.0
684 1822 0.8045 700.0
692 699 0.3838 700.0
692 706 0.7113 700.0
692 742 0.7137 700.0
692 748 0.5920 700.0
692 754 0.4362 700.0
692 760 0.6656 700.0
692 1816 0.8765 700.0
699 706 0.3816 700.0
699 712 0.6164 700.0
699 736 0.8813 700.0
699 742 0.5767 700.0
699 748 0.5377 700.0
699 754 0.6392 700.0
699 1816 0.8508 700.0
699 1842 0.7334 700.0
706 712 0.3857 700.0
706 718 0.5511 700.0
706 723 0.6649 700.0
706 729 0.7591 700.0
706 736 0.6023 700.0
706 742 0.4398 700.0
706 748 0.6197 700.0
706 754 0.8670 700.0
706 1842 0.8978 700.0
712 718 0.3832 700.0
712 723 0.7055 700.0
712 729 0.7894 700.0
712 736 0.5746 700.0
712 742 0.5695 700.0
712 748 0.6468 700.0
712 1613 0.8993 700.0
712 1619 0.6964 700.0
712 1638 0.7522 700.0
712 1644 0.8390 700.0
712 1842 0.7931 700.0
718 723 0.3864 700.0
718 729 0.5321 700.0
718 736 0.5129 700.0
718 742 0.7070 700.0
718 1638 0.7560 700.0
718 1644 0.8055 700.0
723 729 0.3890 700.0
723 736 0.6195 700.0
723 742 0.8197 700.0
729 736 0.3855 700.0
729 742 0.6813 700.0
729 1685 0.8746 700.0
729 1691 0.7807 700.0
729 1697 0.5823 700.0
729 1704 0.8450 700.0
736 742 0.3783 700.0
736 748 0.6760 700.0
736 1638 0.8866 700.0
736 1691 0.6626 700.0
736 1697 0.4485 700.0
736 1704 0.5539 700.0
736 1710 0.7414 700.0
742 748 0.3811 700.0
742 754 0.6494 700.0
742 1697 0.6114 700.0
742 1704 0.4806 700.0
742 1710 0.6186 700.0
742 1716 0.8366 700.0
748 754 0.3819 700.0
748 760 0.7122 700.0
748 1697 0.8746 700.0
748 1704 0.5976 700.0
748 1710 0.4818 700.0
748 1716 0.6017 700.0
748 1724 0.7561 700.0
748 1816 0.8744 700.0
754 760 0.3840 700.0
754 766 0.6586 700.0
754 1704 0.7550 700.0
754 1710 0.6354 700.0
754 1716 0.5003 700.0
754 1724 0.6121 700.0
754 1730 0.8512 700.0
754 1797 0.8734 700.0
754 1816 0.8648 700.0
760 766 0.3815 700.0
760 776 0.7094 700.0
760 1710 0.8634 700.0
760 1716 0.5808 700.0
760 1724 0.4683 700.0
760 1730 0.6027 700.0
760 1736 0.8432 700.0
760 1771 0.6936 700.0
760 1789 0.6649 700.0
760 1797 0.6276 700.0
760 1816 0.8192 700.0
766 776 0.3781 700.0
766 783 0.5656 700.0
766 789 0.8974 700.0
766 1716 0.6798 700.0
766 1724 0.6115 700.0
766 1730 0.4865 700.0
766 1736 0.6555 700.0
766 1742 0.8144 700.0
766 1771 0.6743 700.0
766 1789 0.8927 700.0
766 1797 0.8795 700.0
776 783 0.3813 700.0
776 789 0.7292 700.0
776 1724 0.8771 700.0
776 1730 0.6109 700.0
776 1736 0.5386 700.0
776 1742 0.5184 700.0
776 1748 0.7188 700.0
776 1754 0.7215 700.0
776 1765 0.8825 700.0
776 1771 0.6010 700.0
783 789 0.3826 700.0
783 795 0.6372 700.0
783 801 0.8855 700.0
783 807 0.7924 700.0
783 813 0.6575 700.0
783 1730 0.6144 700.0
783 1736 0.5616 700.0
783 1742 0.4795 700.0
783 1748 0.8348 700.0
789 795 0.3844 700.0
789 801 0.5411 700.0
789 807 0.5599 700.0
789 813 0.5830 700.0
789 1730 0.7458 700.0
789 1736 0.6377 700.0
789 1742 0.5216 700.0
795 801 0.3861 700.0
795 807 0.5448 700.0
795 813 0.4841 700.0
795 821 0.8197 700.0
795 845 0.7144 700.0
795 851 0.8682 700.0
795 857 0.9000 700.0
795 928 0.7946 700.0
795 946 0.8562 700.0
795 952 0.7592 700.0
795 1467 0.7468 700.0
795 1473 0.8707 700.0
795 1478 0.8092 700.0
795 1730 0.6777 700.0
795 1736 0.7046 700.0
795 1742 0.7775 700.0
801 807 0.3857 700.0
801 813 0.5933 700.0
801 821 0.8632 700.0
801 845 0.8551 700.0
801 928 0.8450 700.0
801 946 0.6754 700.0
801 952 0.5499 700.0
801 958 0.8890 700.0
801 964 0.8788 700.0
801 971 0.6134 700.0
801 977 0.7553 700.0
801 1167 0.6348 700.0
801 1172 0.7591 700.0
807 813 0.3845 700.0
807 821 0.6186 700.0
807 971 0.8321 700.0
807 1167 0.6834 700.0
807 1172 0.6166 700.0
807 1178 0.8736 700.0
813 821 0.3824 700.0
813 827 0.6314 700.0
813 845 0.8317 700.0
813 1167 0.8634 700.0
813 1172 0.6831 700.0
813 1178 0.8051 700.0
813 1467 0.7889 700.0
813 1730 0.8476 700.0
821 827 0.3865 700.0
821 833 0.7185 700.0
821 839 0.8669 700.0
821 845 0.8792 700.0
821 1167 0.8534 700.0
821 1172 0.5326 700.0
821 1178 0.6154 700.0
821 1455 0.8787 700.0
821 1467 0.8689 700.0
827 833 0.3842 700.0
827 839 0.5524 700.0
827 845 0.6826 700.0
827 1172 0.6972 700.0
827 1178 0.5326 700.0
827 1184 0.7884 700.0
827 1442 0.8671 700.0
827 1448 0.8013 700.0
827 1455 0.5218 700.0
827 1461 0.5849 700.0
827 1467 0.6614 700.0
827 1704 0.8897 700.0
827 1716 0.8603 700.0
833 839 0.3852 700.0
833 845 0.7088 700.0
833 1172 0.8051 700.0
833 1178 0.4824 700.0
833 1184 0.5240 700.0
833 1191 0.6812 700.0
833 1197 0.8982 700.0
833 1434 0.8322 700.0
833 1442 0.5493 700.0
833 1448 0.6298 700.0
833 1455 0.5123 700.0
833 1461 0.6042 700.0
833 1467 0.8329 700.0
839 845 0.3847 700.0
839 851 0.6671 700.0
839 1149 0.8311 700.0
839 1178 0.5507 700.0
839 1184 0.5885 700.0
839 1191 0.4990 700.0
839 1197 0.5739 700.0
839 1203 0.6904 700.0
839 1395 0.8384 700.0
839 1442 0.6719 700.0
839 1448 0.8383 700.0
839 1455 0.6450 700.0
839 1461 0.4781 700.0
839 1467 0.6415 700.0
839 1473 0.8960 700.0
845 851 0.3826 700.0
845 857 0.6393 700.0
845 1149 0.8366 700.0
845 1178 0.6706 700.0
845 1184 0.8340 700.0
845 1191 0.6640 700.0
845 1197 0.5041 700.0
845 1203 0.6150 700.0
845 1209 0.8590 700.0
845 1455 0.8786 700.0
845 1461 0.5857 700.0
845 1467 0.4902 700.0
845 1473 0.6628 700.0
845 1478 0.8703 700.0
851 857 0.3807 700.0
851 863 0.6662 700.0
851 869 0.8868 700.0
851 1191 0.8759 700.0
851 1197 0.5835 700.0
851 1203 0.4660 700.0
851 1209 0.5975 700.0
851 1217 0.6602 700.0
851 1369 0.7962 700.0
851 1461 0.7389 700.0
851 1467 0.5986 700.0
851 1473 0.5160 700.0
851 1478 0.6760 700.0
851 1490 0.8651 700.0
857 863 0.3853 700.0
857 869 0.5694 700.0
857 928 0.6668 700.0
857 934 0.5683 700.0
857 952 0.7642 700.0
857 1197 0.6530 700.0
857 1203 0.5875 700.0
857 1209 0.4699 700.0
857 1217 0.5981 700.0
857 1223 0.8469 700.0
857 1473 0.7811 700.0
857 1478 0.7510 700.0
857 1490 0.8080 700.0
863 869 0.3841 700.0
863 875 0.7145 700.0
863 905 0.8835 700.0
863 923 0.8182 700.0
863 928 0.6457 700.0
863 934 0.5958 700.0
863 1203 0.8732 700.0
863 1209 0.6300 700.0
863 1217 0.5625 700.0
863 1223 0.6383 700.0
863 1229 0.6994 700.0
863 1473 0.8950 700.0
863 1478 0.7349 700.0
863 1484 0.8263 700.0
863 1490 0.5527 700.0
863 1496 0.6730 700.0
863 1508 0.8927 700.0
869 875 0.3824 700.0
869 881 0.6833 700.0
869 887 0.8110 700.0
869 893 0.5843 700.0
869 899 0.7391 700.0
869 905 0.6777 700.0
869 928 0.8567 700.0
869 934 0.6281 700.0
869 1120 0.8649 700.0
869 1203 0.8970 700.0
869 1209 0.5364 700.0
869 1217 0.5448 700.0
869 1223 0.4925 700.0
869 1229 0.7185 700.0
869 1490 0.8650 700.0
869 1496 0.8717 700.0
875 881 0.3860 700.0
875 887 0.5558 700.0
875 893 0.5329 700.0
875 899 0.6546 700.0
875 905 0.7676 700.0
875 913 0.8915 700.0
875 1084 0.8981 700.0
875 1091 0.7743 700.0
875 1097 0.8575 700.0
875 1103 0.8044 700.0
875 1209 0.8338 700.0
875 1217 0.7850 700.0
875 1223 0.5332 700.0
875 1229 0.7437 700.0
875 1233 0.8943 700.0
881 887 0.3854 700.0
881 893 0.5622 700.0
881 899 0.7880 700.0
881 1052 0.8907 700.0
881 1084 0.5360 700.0
881 1091 0.4682 700.0
881 1097 0.5744 700.0
881 1103 0.6844 700.0
881 1217 0.8967 700.0
881 1223 0.6121 700.0
881 1229 0.8808 700.0
887 893 0.3875 700.0
887 899 0.5322 700.0
887 905 0.8694 700.0
887 1025 0.8409 700.0
887 1031 0.7953 700.0
887 1052 0.6766 700.0
887 1079 0.8266 700.0
887 1084 0.5343 700.0
887 1091 0.6653 700.0
887 1097 0.8993 700.0
893 899 0.3823 700.0
893 905 0.6005 700.0
893 913 0.8721 700.0
893 934 0.8969 700.0
893 1007 0.7586 700.0
893 1025 0.5693 700.0
893 1031 0.6855 700.0
893 1044 0.8484 700.0
893 1052 0.7213 700.0
893 1084 0.7654 700.0
893 1091 0.7512 700.0
893 1126 0.8352 700.0
893 1209 0.7462 700.0
893 1223 0.8445 700.0
899 905 0.3835 700.0
899 913 0.5483 700.0
899 918 0.8667 700.0
899 934 0.8259 700.0
899 940 0.8769 700.0
899 1007 0.6979 700.0
899 1025 0.7525 700.0
899 1031 0.7674 700.0
905 913 0.3802 700.0
905 918 0.6046 700.0
905 923 0.8324 700.0
905 928 0.8341 700.0
905 934 0.4787 700.0
905 940 0.5001 700.0
905 946 0.8577 700.0
905 952 0.8397 700.0
905 958 0.6977 700.0
905 1001 0.8808 700.0
905 1007 0.6582 700.0
905 1025 0.8686 700.0
913 918 0.3822 700.0
913 923 0.7388 700.0
913 934 0.6698 700.0
913 940 0.5492 700.0
918 923 0.3817 700.0
918 928 0.6547 700.0
918 934 0.5874 700.0
918 940 0.4909 700.0
918 946 0.7573 700.0
918 1513 0.8153 700.0
923 928 0.3825 700.0
923 934 0.5560 700.0
923 940 0.5778 700.0
923 946 0.6482 700.0
923 952 0.8973 700.0
923 1508 0.7416 700.0
923 1513 0.7388 700.0
928 934 0.3845 700.0
928 940 0.5550 700.0
928 946 0.4952 700.0
928 952 0.6161 700.0
928 958 0.8708 700.0
928 1478 0.8626 700.0
928 1508 0.8953 700.0
934 940 0.3826 700.0
934 946 0.5525 700.0
934 952 0.5338 700.0
934 958 0.6440 700.0
934 964 0.8733 700.0
934 1209 0.8507 700.0
940 946 0.3839 700.0
940 952 0.5379 700.0
940 958 0.5008 700.0
940 964 0.5958 700.0
940 971 0.8514 700.0
946 952 0.3852 700.0
946 958 0.5582 700.0
946 964 0.5113 700.0
946 971 0.6162 700.0
946 977 0.8355 700.0
952 958 0.3870 700.0
952 964 0.5485 700.0
952 971 0.5239 700.0
952 977 0.5637 700.0
952 982 0.7812 700.0
952 1001 0.8354 700.0
952 1149 0.8649 700.0
952 1167 0.7522 700.0
952 1197 0.8883 700.0
958 964 0.3841 700.0
958 971 0.5574 700.0
958 977 0.5102 700.0
958 982 0.5122 700.0
958 987 0.5755 700.0
958 995 0.7943 700.0
958 1001 0.5999 700.0
958 1007 0.6663 700.0
958 1149 0.8899 700.0
958 1155 0.8285 700.0
958 1167 0.8903 700.0
964 971 0.3833 700.0
964 977 0.5776 700.0
964 982 0.5472 700.0
964 987 0.7078 700.0
971 977 0.3845 700.0
971 982 0.5778 700.0
971 987 0.8905 700.0
971 1155 0.8471 700.0
971 1160 0.6801 700.0
971 1167 0.6411 700.0
977 982 0.3833 700.0
977 987 0.7117 700.0
977 995 0.7932 700.0
977 1001 0.7078 700.0
977 1149 0.6242 700.0
977 1155 0.4674 700.0
977 1160 0.4142 700.0
977 1167 0.4553 700.0
977 1172 0.8407 700.0
982 987 0.3795 700.0
982 995 0.5571 700.0
982 1001 0.6304 700.0
982 1007 0.8076 700.0
982 1149 0.8445 700.0
982 1155 0.5690 700.0
982 1160 0.6246 700.0
982 1167 0.8186 700.0
987 995 0.3857 700.0
987 1001 0.5256 700.0
987 1007 0.5336 700.0
987 1013 0.6449 700.0
987 1019 0.8793 700.0
987 1155 0.7847 700.0
995 1001 0.3873 700.0
995 1007 0.5492 700.0
995 1013 0.4963 700.0
995 1019 0.6031 700.0
995 1025 0.8406 700.0
995 1144 0.8009 700.0
995 1149 0.8452 700.0
995 1155 0.6263 700.0
1001 1007 0.3857 700.0
1001 1013 0.5555 700.0
1001 1019 0.5352 700.0
1001 1025 0.6201 700.0
1001 1031 0.8838 700.0
1001 1138 0.6452 700.0
1001 1144 0.6426 700.0
1001 1149 0.6590 700.0
1001 1155 0.6201 700.0
1001 1197 0.8283 700.0
1007 1013 0.3833 700.0
1007 1019 0.5574 700.0
1007 1025 0.4927 700.0
1007 1031 0.6265 700.0
1007 1038 0.8701 700.0
1007 1138 0.8855 700.0
1013 1019 0.3847 700.0
1013 1025 0.5280 700.0
1013 1031 0.5087 700.0
1013 1038 0.6235 700.0
1013 1044 0.8534 700.0
1019 1025 0.3853 700.0
1019 1031 0.5510 700.0
1019 1038 0.5018 700.0
1019 1044 0.6066 700.0
1019 1052 0.8744 700.0
1019 1132 0.8855 700.0
1019 1138 0.6132 700.0
1019 1144 0.7598 700.0
1025 1031 0.3856 700.0
1025 1038 0.5458 700.0
1025 1044 0.4970 700.0
1025 1052 0.6342 700.0
1025 1058 0.8610 700.0
1025 1126 0.7917 700.0
1025 1132 0.8026 700.0
1025 1138 0.6703 700.0
1025 1209 0.8695 700.0
1031 1038 0.3830 700.0
1031 1044 0.5337 700.0
1031 1052 0.5121 700.0
1031 1058 0.6012 700.0
1031 1064 0.8539 700.0
1038 1044 0.3833 700.0
1038 1052 0.5527 700.0
1038 1058 0.4972 700.0
1038 1064 0.6064 700.0
1038 1071 0.8459 700.0
1044 1052 0.3869 700.0
1044 1058 0.5522 700.0
1044 1064 0.5239 700.0
1044 1071 0.5850 700.0
1044 1079 0.7291 700.0
1044 1084 0.8556 700.0
1044 1126 0.7607 700.0
1044 1132 0.8465 700.0
1044 1138 0.8343 700.0
1052 1058 0.3840 700.0
1052 1064 0.5469 700.0
1052 1071 0.5280 700.0
1052 1079 0.4429 700.0
1052 1084 0.5407 700.0
1052 1091 0.7457 700.0
1052 1126 0.8995 700.0
1058 1064 0.3866 700.0
1058 1071 0.6022 700.0
1058 1079 0.5777 700.0
1058 1084 0.8234 700.0
1064 1071 0.3849 700.0
1064 1079 0.6082 700.0
1071 1079 0.3853 700.0
1071 1084 0.6949 700.0
1071 1091 0.8231 700.0
1079 1084 0.3836 700.0
1079 1091 0.6607 700.0
1084 1091 0.3834 700.0
1084 1097 0.6360 700.0
1091 1097 0.3830 700.0
1091 1103 0.6762 700.0
1091 1109 0.8445 700.0
1091 1114 0.6137 700.0
1091 1120 0.6665 700.0
1091 1126 0.7071 700.0
1091 1217 0.8575 700.0
1091 1223 0.6869 700.0
1097 1103 0.3830 700.0
1097 1109 0.6120 700.0
1097 1114 0.5489 700.0
1097 1120 0.7980 700.0
1097 1223 0.6617 700.0
1097 1229 0.8604 700.0
1103 1109 0.3850 700.0
1103 1114 0.5610 700.0
1103 1120 0.8394 700.0
1103 1217 0.8063 700.0
1103 1223 0.4875 700.0
1103 1229 0.5259 700.0
1103 1233 0.5550 700.0
1103 1239 0.8515 700.0
1103 1319 0.6206 700.0
1103 1326 0.7883 700.0
1103 1338 0.8296 700.0
1103 1345 0.7172 700.0
1109 1114 0.3859 700.0
1109 1120 0.7079 700.0
1109 1217 0.7234 700.0
1109 1223 0.5774 700.0
1109 1229 0.5755 700.0
1109 1233 0.7187 700.0
1109 1314 0.8280 700.0
1109 1319 0.4872 700.0
1109 1326 0.6051 700.0
1109 1332 0.7339 700.0
1109 1338 0.4675 700.0
1109 1345 0.3843 700.0
1109 1351 0.7646 700.0
1109 1357 0.8369 700.0
1109 1363 0.7162 700.0
1114 1120 0.3831 700.0
1114 1126 0.7197 700.0
1114 1209 0.8587 700.0
1114 1217 0.6177 700.0
1114 1223 0.5861 700.0
1114 1229 0.7917 700.0
1114 1319 0.8716 700.0
1114 1338 0.7113 700.0
1114 1345 0.5446 700.0
1114 1351 0.8805 700.0
1114 1357 0.8971 700.0
1114 1363 0.6117 700.0
1114 1369 0.8269 700.0
1120 1126 0.3804 700.0
1120 1132 0.6794 700.0
1120 1203 0.6522 700.0
1120 1209 0.5423 700.0
1120 1217 0.4471 700.0
1120 1223 0.6174 700.0
1120 1345 0.6988 700.0
1120 1363 0.6498 700.0
1120 1369 0.6937 700.0
1120 1387 0.8744 700.0
1126 1132 0.3845 700.0
1126 1138 0.6977 700.0
1126 1197 0.8392 700.0
1126 1203 0.5964 700.0
1126 1209 0.5013 700.0
1126 1217 0.6641 700.0
1126 1223 0.8457 700.0
1132 1138 0.3830 700.0
1132 1144 0.7128 700.0
1132 1191 0.6940 700.0
1132 1197 0.5713 700.0
1132 1203 0.4690 700.0
1132 1209 0.5867 700.0
1132 1217 0.8644 700.0
1138 1144 0.3788 700.0
1138 1149 0.6500 700.0
1138 1155 0.8774 700.0
1138 1191 0.5942 700.0
1138 1197 0.5438 700.0
1138 1203 0.6852 700.0
1138 1209 0.7778 700.0
1144 1149 0.3817 700.0
1144 1155 0.5758 700.0
1144 1178 0.8869 700.0
1144 1184 0.6638 700.0
1144 1191 0.4753 700.0
1144 1197 0.6095 700.0
1144 1203 0.8987 700.0
1149 1155 0.3834 700.0
1149 1160 0.6198 700.0
1149 1167 0.5479 700.0
1149 1172 0.7737 700.0
1149 1178 0.6077 700.0
1149 1184 0.5542 700.0
1149 1191 0.4586 700.0
1149 1197 0.5455 700.0
1155 1160 0.3857 700.0
1155 1167 0.5702 700.0
1155 1172 0.8741 700.0
1155 1178 0.8602 700.0
1155 1184 0.8348 700.0
1155 1191 0.8282 700.0
1160 1167 0.3858 700.0
1160 1172 0.6663 700.0
1160 1178 0.8235 700.0
1167 1172 0.3872 700.0
1167 1178 0.5444 700.0
1167 1184 0.7830 700.0
1167 1191 0.8650 700.0
1172 1178 0.3856 700.0
1172 1184 0.7153 700.0
1178 1184 0.3856 700.0
1178 1191 0.5813 700.0
1178 1197 0.7668 700.0
1184 1191 0.3824 700.0
1184 1197 0.7278 700.0
1184 1442 0.8462 700.0
1191 1197 0.3822 700.0
1191 1203 0.6576 700.0
1197 1203 0.3821 700.0
1197 1209 0.6127 700.0
1203 1209 0.3836 700.0
1203 1217 0.5996 700.0
1203 1369 0.7212 700.0
1203 1387 0.8767 700.0
1209 1217 0.3822 700.0
1209 1223 0.6562 700.0
1209 1369 0.8911 700.0
1217 1223 0.3832 700.0
1217 1229 0.6168 700.0
1217 1345 0.6172 700.0
1217 1351 0.8065 700.0
1217 1363 0.8170 700.0
1217 1369 0.7250 700.0
1217 1490 0.7896 700.0
1223 1229 0.3797 700.0
1223 1233 0.6828 700.0
1223 1319 0.8990 700.0
1223 1326 0.8470 700.0
1223 1345 0.6632 700.0
1223 1490 0.8246 700.0
1223 1496 0.8237 700.0
1229 1233 0.3850 700.0
1229 1239 0.6819 700.0
1229 1302 0.8499 700.0
1229 1319 0.6695 700.0
1229 1326 0.5474 700.0
1229 1332 0.8900 700.0
1229 1338 0.8634 700.0
1229 1345 0.6113 700.0
1229 1351 0.8761 700.0
1229 1490 0.6142 700.0
1229 1496 0.5397 700.0
1229 1519 0.7976 700.0
1233 1239 0.3806 700.0
1233 1246 0.6088 700.0
1233 1256 0.8643 700.0
1233 1297 0.8654 700.0
1233 1302 0.5561 700.0
1233 1308 0.7935 700.0
1233 1314 0.8909 700.0
1233 1319 0.5867 700.0
1233 1326 0.6043 700.0
1233 1345 0.8675 700.0
1233 1490 0.8649 700.0
1233 1496 0.6300 700.0
1233 1519 0.6887 700.0
1233 1533 0.7745 700.0
1239 1246 0.3814 700.0
1239 1256 0.6478 700.0
1239 1302 0.7084 700.0
1239 1496 0.6717 700.0
1239 1502 0.8998 700.0
1239 1513 0.8220 700.0
1239 1519 0.4478 700.0
1239 1527 0.6652 700.0
1239 1533 0.6735 700.0
1246 1256 0.3818 700.0
1246 1262 0.6529 700.0
1246 1278 0.7945 700.0
1246 1284 0.7406 700.0
1246 1302 0.6135 700.0
1246 1308 0.8776 700.0
1246 1496 0.7842 700.0
1246 1502 0.8678 700.0
1246 1519 0.5923 700.0
1246 1527 0.5559 700.0
1246 1533 0.4857 700.0
1246 1540 0.7795 700.0
1256 1262 0.3820 700.0
1256 1268 0.5478 700.0
1256 1278 0.5297 700.0
1256 1284 0.6231 700.0
1256 1297 0.8642 700.0
1256 1302 0.6889 700.0
1256 1527 0.8681 700.0
1256 1533 0.8224 700.0
1262 1268 0.3856 700.0
1262 1278 0.5616 700.0
1262 1284 0.5660 700.0
1262 1302 0.8892 700.0
1268 1278 0.3896 700.0
1268 1284 0.6046 700.0
1268 1291 0.8762 700.0
1278 1284 0.3858 700.0
1278 1291 0.5572 700.0
1278 1297 0.5275 700.0
1278 1302 0.6160 700.0
1278 1308 0.8621 700.0
1284 1291 0.3841 700.0
1284 1297 0.5604 700.0
1284 1302 0.5204 700.0
1284 1308 0.6116 700.0
1284 1314 0.8613 700.0
1291 1297 0.3837 700.0
1291 1302 0.5462 700.0
1291 1308 0.5060 700.0
1291 1314 0.6049 700.0
1291 1319 0.8575 700.0
1297 1302 0.3852 700.0
1297 1308 0.5517 700.0
1297 1314 0.5108 700.0
1297 1319 0.6169 700.0
1297 1326 0.8708 700.0
1302 1308 0.3855 700.0
1302 1314 0.5506 700.0
1302 1319 0.5147 700.0
1302 1326 0.6296 700.0
1302 1332 0.8694 700.0
1302 1533 0.8280 700.0
1308 1314 0.3849 700.0
1308 1319 0.5499 700.0
1308 1326 0.5167 700.0
1308 1332 0.6213 700.0
1308 1338 0.8693 700.0
1308 1533 0.8951 700.0
1308 1558 0.8369 700.0
1308 1564 0.7984 700.0
1308 1583 0.7149 700.0
1314 1319 0.3864 700.0
1314 1326 0.5488 700.0
1314 1332 0.5022 700.0
1314 1338 0.6194 700.0
1314 1345 0.8735 700.0
1319 1326 0.3850 700.0
1319 1332 0.5435 700.0
1319 1338 0.5033 700.0
1319 1345 0.6291 700.0
1319 1351 0.8844 700.0
1326 1332 0.3846 700.0
1326 1338 0.5415 700.0
1326 1345 0.5092 700.0
1326 1351 0.6418 700.0
1326 1357 0.8685 700.0
1326 1490 0.7714 700.0
1326 1496 0.7926 700.0
1326 1564 0.7931 700.0
1326 1583 0.7526 700.0
1326 1589 0.7620 700.0
1332 1338 0.3854 700.0
1332 1345 0.5490 700.0
1332 1351 0.5249 700.0
1332 1357 0.6169 700.0
1332 1363 0.8609 700.0
1332 1583 0.6767 700.0
1332 1589 0.6865 700.0
1332 1601 0.8913 700.0
1332 1607 0.6002 700.0
1332 1613 0.8849 700.0
1338 1345 0.3846 700.0
1338 1351 0.5506 700.0
1338 1357 0.5000 700.0
1338 1363 0.6021 700.0
1338 1369 0.8645 700.0
1338 1607 0.8788 700.0
1345 1351 0.3860 700.0
1345 1357 0.5508 700.0
1345 1363 0.5074 700.0
1345 1369 0.6336 700.0
1345 1375 0.8766 700.0
1345 1490 0.8748 700.0
1351 1357 0.3854 700.0
1351 1363 0.5422 700.0
1351 1369 0.5106 700.0
1351 1375 0.6235 700.0
1351 1381 0.8581 700.0
1351 1473 0.8872 700.0
1351 1490 0.8760 700.0
1351 1589 0.6683 700.0
1351 1607 0.6892 700.0
1351 1613 0.7226 700.0
1357 1363 0.3863 700.0
1357 1369 0.5471 700.0
1357 1375 0.5071 700.0
1357 1381 0.5962 700.0
1357 1387 0.8512 700.0
1357 1607 0.7232 700.0
1357 1613 0.7579 700.0
1357 1632 0.7008 700.0
1363 1369 0.3862 700.0
1363 1375 0.5525 700.0
1363 1381 0.5106 700.0
1363 1387 0.6171 700.0
1363 1395 0.8846 700.0
1369 1375 0.3843 700.0
1369 1381 0.5569 700.0
1369 1387 0.5213 700.0
1369 1395 0.6434 700.0
1369 1401 0.8600 700.0
1369 1473 0.8982 700.0
1375 1381 0.3843 700.0
1375 1387 0.5382 700.0
1375 1395 0.5300 700.0
1375 1401 0.5847 700.0
1375 1407 0.8140 700.0
1375 1613 0.7792 700.0
1375 1632 0.7890 700.0
1375 1638 0.8926 700.0
1381 1387 0.3829 700.0
1381 1395 0.5726 700.0
1381 1401 0.5213 700.0
1381 1407 0.5491 700.0
1381 1415 0.6742 700.0
1381 1422 0.8805 700.0
1387 1395 0.3862 700.0
1387 1401 0.5640 700.0
1387 1407 0.5666 700.0
1387 1415 0.4696 700.0
1387 1422 0.5944 700.0
1387 1428 0.8382 700.0
1395 1401 0.3853 700.0
1395 1407 0.6054 700.0
1395 1415 0.6216 700.0
1395 1422 0.5258 700.0
1395 1428 0.6240 700.0
1395 1434 0.8003 700.0
1395 1442 0.5890 700.0
1395 1448 0.7990 700.0
1395 1455 0.8643 700.0
1395 1461 0.7793 700.0
1395 1679 0.8027 700.0
1395 1685 0.8662 700.0
1395 1691 0.6972 700.0
1401 1407 0.3844 700.0
1401 1415 0.6375 700.0
1401 1422 0.6584 700.0
1401 1428 0.5961 700.0
1401 1442 0.7936 700.0
1401 1667 0.7670 700.0
1401 1673 0.7664 700.0
1401 1679 0.5209 700.0
1401 1685 0.7389 700.0
1401 1691 0.6420 700.0
1407 1415 0.3857 700.0
1407 1422 0.5928 700.0
1407 1428 0.6173 700.0
1407 1667 0.8880 700.0
1407 1673 0.7902 700.0
1407 1679 0.6802 700.0
1415 1422 0.3833 700.0
1415 1428 0.6316 700.0
1422 1428 0.3821 700.0
1422 1434 0.5522 700.0
1422 1442 0.6215 700.0
1422 1679 0.8742 700.0
1428 1434 0.3866 700.0
1428 1442 0.5457 700.0
1428 1448 0.7655 700.0
1428 1673 0.8454 700.0
1428 1679 0.5644 700.0
1428 1685 0.5717 700.0
1428 1691 0.7294 700.0
1434 1442 0.3857 700.0
1434 1448 0.6348 700.0
1434 1679 0.8414 700.0
1434 1685 0.6562 700.0
1434 1691 0.8043 700.0
1442 1448 0.3846 700.0
1442 1455 0.5813 700.0
1442 1461 0.7297 700.0
1442 1679 0.8610 700.0
1442 1685 0.6626 700.0
1442 1691 0.6024 700.0
1442 1697 0.8629 700.0
1448 1455 0.3837 700.0
1448 1461 0.7010 700.0
1448 1679 0.8347 700.0
1448 1685 0.5365 700.0
1448 1691 0.4019 700.0
1448 1697 0.5173 700.0
1448 1704 0.6489 700.0
1448 1710 0.8750 700.0
1455 1461 0.3855 700.0
1455 1467 0.6980 700.0
1455 1685 0.8843 700.0
1455 1691 0.6084 700.0
1455 1697 0.5987 700.0
1455 1704 0.4710 700.0
1455 1710 0.6013 700.0
1455 1716 0.7536 700.0
1461 1467 0.3835 700.0
1461 1473 0.6549 700.0
1461 1691 0.8138 700.0
1461 1697 0.8737 700.0
1461 1704 0.6460 700.0
1461 1710 0.5133 700.0
1461 1716 0.6034 700.0
1461 1724 0.8645 700.0
1467 1473 0.3863 700.0
1467 1478 0.6855 700.0
1467 1704 0.8506 700.0
1467 1710 0.6086 700.0
1467 1716 0.4533 700.0
1467 1724 0.5923 700.0
1467 1730 0.6242 700.0
1473 1478 0.3875 700.0
1473 1484 0.6907 700.0
1473 1490 0.7576 700.0
1473 1710 0.7387 700.0
1473 1716 0.6066 700.0
1473 1724 0.5000 700.0
1473 1730 0.5980 700.0
1473 1736 0.8645 700.0
1478 1484 0.3836 700.0
1478 1490 0.5372 700.0
1478 1496 0.8814 700.0
1478 1502 0.8955 700.0
1478 1716 0.8533 700.0
1478 1724 0.5909 700.0
1478 1730 0.5258 700.0
1478 1736 0.6133 700.0
1478 1765 0.8872 700.0
1484 1490 0.3851 700.0
1484 1496 0.6457 700.0
1484 1502 0.5721 700.0
1484 1508 0.7931 700.0
1484 1546 0.7525 700.0
1484 1564 0.6575 700.0
1484 1570 0.6144 700.0
1484 1589 0.7736 700.0
1484 1724 0.7657 700.0
1484 1730 0.7690 700.0
1484 1736 0.7481 700.0
1484 1765 0.7089 700.0
1484 1789 0.8055 700.0
1490 1496 0.3886 700.0
1490 1502 0.5705 700.0
1490 1508 0.7654 700.0
1490 1519 0.8680 700.0
1490 1533 0.8321 700.0
1490 1564 0.7302 700.0
1490 1570 0.8439 700.0
1490 1589 0.8265 700.0
1496 1502 0.3876 700.0
1496 1508 0.5577 700.0
1496 1513 0.6778 700.0
1496 1519 0.4892 700.0
1496 1527 0.6375 700.0
1496 1533 0.5408 700.0
1496 1540 0.8588 700.0
1496 1546 0.8654 700.0
1496 1564 0.7506 700.0
1502 1508 0.3864 700.0
1502 1513 0.6790 700.0
1502 1519 0.6086 700.0
1502 1527 0.5165 700.0
1502 1533 0.4439 700.0
1502 1540 0.6087 700.0
1502 1546 0.5384 700.0
1502 1552 0.8958 700.0
1502 1564 0.6439 700.0
1502 1570 0.8549 700.0
1502 1765 0.8794 700.0
1508 1513 0.3872 700.0
1508 1519 0.5536 700.0
1508 1527 0.5447 700.0
1508 1533 0.7131 700.0
1508 1540 0.8951 700.0
1508 1546 0.8404 700.0
1513 1519 0.3865 700.0
1513 1527 0.5455 700.0
1513 1533 0.8333 700.0
1519 1527 0.3873 700.0
1519 1533 0.5768 700.0
1527 1533 0.3820 700.0
1527 1540 0.6146 700.0
1527 1546 0.8089 700.0
1533 1540 0.3884 700.0
1533 1546 0.6113 700.0
1533 1552 0.8842 700.0
1533 1558 0.7565 700.0
1533 1564 0.6235 700.0
1540 1546 0.3830 700.0
1540 1552 0.5838 700.0
1540 1558 0.5462 700.0
1540 1564 0.5906 700.0
1540 1570 0.8715 700.0
1546 1552 0.3849 700.0
1546 1558 0.5542 700.0
1546 1564 0.4956 700.0
1546 1570 0.6148 700.0
1546 1576 0.8470 700.0
1546 1759 0.8692 700.0
1546 1765 0.7158 700.0
1546 1783 0.7076 700.0
1546 1789 0.8983 700.0
1552 1558 0.3836 700.0
1552 1564 0.5420 700.0
1552 1570 0.5363 700.0
1552 1576 0.6035 700.0
1552 1583 0.8437 700.0
1552 1765 0.8558 700.0
1552 1783 0.5880 700.0
1552 1789 0.7979 700.0
1552 1804 0.8675 700.0
1552 1810 0.7493 700.0
1558 1564 0.3859 700.0
1558 1570 0.5701 700.0
1558 1576 0.5144 700.0
1558 1583 0.5911 700.0
1558 1589 0.8554 700.0
1558 1810 0.8912 700.0
1564 1570 0.3844 700.0
1564 1576 0.5535 700.0
1564 1583 0.5177 700.0
1564 1589 0.6184 700.0
1564 1595 0.8743 700.0
1564 1783 0.8995 700.0
1564 1789 0.8991 700.0
1570 1576 0.3852 700.0
1570 1583 0.5491 700.0
1570 1589 0.5133 700.0
1570 1595 0.6178 700.0
1570 1601 0.8483 700.0
1570 1765 0.8093 700.0
1570 1783 0.6346 700.0
1570 1789 0.5362 700.0
1570 1797 0.8834 700.0
1570 1804 0.8684 700.0
1570 1810 0.6129 700.0
1570 1816 0.8404 700.0
1576 1583 0.3848 700.0
1576 1589 0.5543 700.0
1576 1595 0.5349 700.0
1576 1601 0.5976 700.0
1576 1607 0.8405 700.0
1576 1783 0.8218 700.0
1576 1789 0.7434 700.0
1576 1804 0.8527 700.0
1576 1810 0.5022 700.0
1576 1816 0.7642 700.0
1576 1828 0.8673 700.0
1576 1836 0.7868 700.0
1583 1589 0.3855 700.0
1583 1595 0.5692 700.0
1583 1601 0.5252 700.0
1583 1607 0.5927 700.0
1583 1613 0.8563 700.0
1583 1810 0.8664 700.0
1589 1595 0.3861 700.0
1589 1601 0.5598 700.0
1589 1607 0.5234 700.0
1589 1613 0.6224 700.0
1589 1619 0.8701 700.0
1589 1789 0.8855 700.0
1589 1810 0.8879 700.0
1595 1601 0.3837 700.0
1595 1607 0.5539 700.0
1595 1613 0.5204 700.0
1595 1619 0.6204 700.0
1595 1626 0.8732 700.0
1595 1724 0.8799 700.0
1595 1789 0.7812 700.0
1595 1810 0.6710 700.0
1595 1816 0.6299 700.0
1595 1836 0.7317 700.0
1595 1842 0.8453 700.0
1601 1607 0.3845 700.0
1601 1613 0.5483 700.0
1601 1619 0.5062 700.0
1601 1626 0.6133 700.0
1601 1632 0.8484 700.0
1601 1810 0.8418 700.0
1601 1816 0.8470 700.0
1601 1836 0.6735 700.0
1601 1842 0.8675 700.0
1607 1613 0.3852 700.0
1607 1619 0.5486 700.0
1607 1626 0.5230 700.0
1607 1632 0.5945 700.0
1607 1638 0.8636 700.0
1613 1619 0.3862 700.0
1613 1626 0.5640 700.0
1613 1632 0.5201 700.0
1613 1638 0.6321 700.0
1613 1644 0.8836 700.0
1619 1626 0.3851 700.0
1619 1632 0.5614 700.0
1619 1638 0.5518 700.0
1619 1644 0.6429 700.0
1619 1836 0.8314 700.0
1619 1842 0.7976 700.0
1626 1632 0.3854 700.0
1626 1638 0.5541 700.0
1626 1644 0.5314 700.0
1626 1650 0.8588 700.0
1632 1638 0.3850 700.0
1632 1644 0.5759 700.0
1632 1650 0.8386 700.0
1632 1655 0.8217 700.0
1638 1644 0.3859 700.0
1638 1650 0.6633 700.0
1638 1655 0.6481 700.0
1638 1667 0.8325 700.0
1644 1650 0.3837 700.0
1644 1655 0.5962 700.0
1650 1655 0.3886 700.0
1650 1661 0.6791 700.0
1655 1661 0.3846 700.0
1655 1667 0.5814 700.0
1661 1667 0.3832 700.0
1661 1673 0.6541 700.0
1667 1673 0.3827 700.0
1667 1679 0.5434 700.0
1667 1685 0.8629 700.0
1673 1679 0.3841 700.0
1673 1685 0.7106 700.0
1679 1685 0.3818 700.0
1679 1691 0.5441 700.0
1679 1697 0.8526 700.0
1685 1691 0.3867 700.0
1685 1697 0.6321 700.0
1691 1697 0.3847 700.0
1691 1704 0.6169 700.0
1691 1710 0.8084 700.0
1697 1704 0.3811 700.0
1697 1710 0.7119 700.0
1704 1710 0.3831 700.0
1704 1716 0.6323 700.0
1710 1716 0.3815 700.0
1710 1724 0.6615 700.0
1716 1724 0.3837 700.0
1716 1730 0.5868 700.0
1724 1730 0.3829 700.0
1724 1736 0.7126 700.0
1724 1771 0.8130 700.0
1724 1789 0.7076 700.0
1724 1797 0.8956 700.0
1730 1736 0.3807 700.0
1730 1742 0.7082 700.0
1730 1765 0.8461 700.0
1730 1771 0.7088 700.0
1730 1789 0.8506 700.0
1736 1742 0.3826 700.0
1736 1748 0.5398 700.0
1736 1754 0.7625 700.0
1736 1759 0.8893 700.0
1736 1765 0.6218 700.0
1736 1771 0.5817 700.0
1742 1748 0.3866 700.0
1742 1754 0.6566 700.0
1742 1765 0.7883 700.0
1742 1771 0.7424 700.0
1748 1754 0.3849 700.0
1748 1759 0.5590 700.0
1748 1765 0.5482 700.0
1748 1771 0.6303 700.0
1748 1777 0.8689 700.0
1754 1759 0.3881 700.0
1754 1765 0.5563 700.0
1754 1771 0.5122 700.0
1754 1777 0.6020 700.0
1754 1783 0.8551 700.0
1759 1765 0.3821 700.0
1759 1771 0.5568 700.0
1759 1777 0.5171 700.0
1759 1783 0.6144 700.0
1759 1789 0.8718 700.0
1765 1771 0.3844 700.0
1765 1777 0.5433 700.0
1765 1783 0.5021 700.0
1765 1789 0.6179 700.0
1765 1797 0.8549 700.0
1771 1777 0.3835 700.0
1771 1783 0.5480 700.0
1771 1789 0.5181 700.0
1771 1797 0.6096 700.0
1771 1804 0.8533 700.0
1777 1783 0.3851 700.0
1777 1789 0.5540 700.0
1777 1797 0.5071 700.0
1777 1804 0.6023 700.0
1777 1810 0.8541 700.0
1783 1789 0.3865 700.0
1783 1797 0.5495 700.0
1783 1804 0.5083 700.0
1783 1810 0.6059 700.0
1783 1816 0.8493 700.0
1789 1797 0.3836 700.0
1789 1804 0.5469 700.0
1789 1810 0.5090 700.0
1789 1816 0.5976 700.0
1789 1822 0.8531 700.0
1797 1804 0.3833 700.0
1797 1810 0.5549 700.0
1797 1816 0.5094 700.0
1797 1822 0.6072 700.0
1797 1828 0.8500 700.0
1804 1810 0.3852 700.0
1804 1816 0.5477 700.0
1804 1822 0.5207 700.0
1804 1828 0.6056 700.0
1804 1836 0.8600 700.0
1810 1816 0.3847 700.0
1810 1822 0.5621 700.0
1810 1828 0.5150 700.0
1810 1836 0.6060 700.0
1810 1842 0.8177 700.0
1816 1822 0.3854 700.0
1816 1828 0.5479 700.0
1816 1836 0.5307 700.0
1816 1842 0.5419 700.0
1822 1828 0.3841 700.0
1822 1836 0.5738 700.0
1822 1842 0.5490 700.0
1828 1836 0.3865 700.0
1828 1842 0.6034 700.0
1836 1842 0.3859 700.0
1932 1938 0.3820 700.0
1932 1944 0.6945 700.0
1932 1974 0.7114 700.0
1932 1980 0.5659 700.0
1932 1986 0.4349 700.0
1932 1992 0.6516 700.0
1932 1998 0.8997 700.0
1932 3019 0.8236 700.0
1938 1944 0.3828 700.0
1938 1950 0.6693 700.0
1938 1968 0.8543 700.0
1938 1974 0.6017 700.0
1938 1980 0.5326 700.0
1938 1986 0.6574 700.0
1938 3019 0.7831 700.0
1938 3045 0.6949 700.0
1938 3076 0.7427 700.0
1938 3082 0.8003 700.0
1944 1950 0.3827 700.0
1944 1956 0.6384 700.0
1944 1962 0.7132 700.0
1944 1968 0.5800 700.0
1944 1974 0.4550 700.0
1944 1980 0.6179 700.0
1944 1986 0.8776 700.0
1944 3076 0.7677 700.0
1944 3082 0.8781 700.0
1950 1956 0.3820 700.0
1950 1962 0.6159 700.0
1950 1968 0.5300 700.0
1950 1974 0.6503 700.0
1950 1980 0.7865 700.0
1950 2810 0.7403 700.0
1950 2830 0.6341 700.0
1950 2836 0.7923 700.0
1950 2857 0.8678 700.0
1950 3064 0.8680 700.0
1950 3076 0.8178 700.0
1956 1962 0.3884 700.0
1956 1968 0.5584 700.0
1956 1974 0.8142 700.0
1956 2830 0.6510 700.0
1956 2836 0.7436 700.0
1956 2849 0.8788 700.0
1956 2857 0.5812 700.0
1956 2863 0.8114 700.0
1956 2870 0.8973 700.0
1956 2878 0.8548 700.0
1962 1968 0.3860 700.0
1962 1974 0.6712 700.0
1962 2830 0.7346 700.0
1962 2849 0.8556 700.0
1962 2857 0.6123 700.0
1962 2863 0.6608 700.0
1962 2870 0.6337 700.0
1962 2878 0.4860 700.0
1962 2884 0.6688 700.0
1962 2890 0.8615 700.0
1968 1974 0.3844 700.0
1968 1980 0.6465 700.0
1968 2804 0.8610 700.0
1968 2810 0.8697 700.0
1968 2822 0.8887 700.0
1968 2830 0.5939 700.0
1968 2849 0.8958 700.0
1968 2857 0.7945 700.0
1968 2870 0.7476 700.0
1968 2878 0.5659 700.0
1968 2884 0.4859 700.0
1968 2890 0.5818 700.0
1968 2896 0.7420 700.0
1974 1980 0.3832 700.0
1974 1986 0.6619 700.0
1974 2878 0.8137 700.0
1974 2884 0.6354 700.0
1974 2890 0.4655 700.0
1974 2896 0.6109 700.0
1974 2902 0.8328 700.0
1980 1986 0.3853 700.0
1980 1992 0.7159 700.0
1980 2804 0.8080 700.0
1980 2884 0.8505 700.0
1980 2890 0.6032 700.0
1980 2896 0.4846 700.0
1980 2902 0.5959 700.0
1980 2909 0.7881 700.0
1986 1992 0.3834 700.0
1986 1998 0.6437 700.0
1986 2890 0.7749 700.0
1986 2896 0.6264 700.0
1986 2902 0.4736 700.0
1986 2909 0.6165 700.0
1986 2917 0.8479 700.0
1986 3019 0.8930 700.0
1992 1998 0.3825 700.0
1992 2004 0.6998 700.0
1992 2896 0.8741 700.0
1992 2902 0.5812 700.0
1992 2909 0.4805 700.0
1992 2917 0.6191 700.0
1992 2923 0.7459 700.0
1992 2972 0.8096 700.0
1992 2993 0.7457 700.0
1992 3001 0.7184 700.0
1992 3019 0.8399 700.0
1998 2004 0.3812 700.0
1998 2010 0.6098 700.0
1998 2902 0.6965 700.0
1998 2909 0.6199 700.0
1998 2917 0.5043 700.0
1998 2923 0.6192 700.0
1998 2929 0.8662 700.0
1998 2936 0.8973 700.0
1998 2972 0.8443 700.0
2004 2010 0.3810 700.0
2004 2015 0.7320 700.0
2004 2909 0.8471 700.0
2004 2917 0.5835 700.0
2004 2923 0.4874 700.0
2004 2929 0.5814 700.0
2004 2936 0.5215 700.0
2004 2942 0.8726 700.0
2004 2948 0.8702 700.0
2004 2954 0.8988 700.0
2004 2972 0.7404 700.0
2010 2015 0.3782 700.0
2010 2023 0.6500 700.0
2010 2029 0.8941 700.0
2010 2035 0.7769 700.0
2010 2045 0.8050 700.0
2010 2917 0.5952 700.0
2010 2923 0.5897 700.0
2010 2929 0.5201 700.0
2010 2936 0.5447 700.0
2015 2023 0.3830 700.0
2015 2029 0.5549 700.0
2015 2035 0.5533 700.0
2015 2045 0.6939 700.0
2015 2158 0.8954 700.0
2015 2177 0.8562 700.0
2015 2670 0.8466 700.0
2015 2917 0.6784 700.0
2015 2923 0.7215 700.0
2015 2929 0.5688 700.0
2015 2936 0.7441 700.0
2023 2029 0.3844 700.0
2023 2035 0.5463 700.0
2023 2045 0.5503 700.0
2023 2075 0.7359 700.0
2023 2081 0.8207 700.0
2023 2087 0.8643 700.0
2023 2158 0.7454 700.0
2023 2177 0.8085 700.0
2023 2183 0.7579 700.0
2023 2657 0.7263 700.0
2023 2663 0.7349 700.0
2023 2670 0.6090 700.0
2023 2909 0.8926 700.0
2023 2917 0.5895 700.0
2023 2923 0.7771 700.0
2023 2929 0.7666 700.0
2029 2035 0.3875 700.0
2029 2045 0.5762 700.0
2029 2051 0.8748 700.0
2029 2075 0.7641 700.0
2029 2158 0.8147 700.0
2029 2177 0.6426 700.0
2029 2183 0.5278 700.0
2029 2189 0.8823 700.0
2029 2195 0.8968 700.0
2029 2201 0.6672 700.0
2029 2207 0.8076 700.0
2029 2396 0.6578 700.0
2029 2402 0.8087 700.0
2035 2045 0.3821 700.0
2035 2051 0.6670 700.0
2035 2183 0.8990 700.0
2035 2201 0.8631 700.0
2035 2396 0.7122 700.0
2035 2402 0.7023 700.0
2045 2051 0.3812 700.0
2045 2057 0.6201 700.0
2045 2075 0.7463 700.0
2045 2396 0.8080 700.0
2045 2402 0.6569 700.0
2045 2410 0.7929 700.0
2045 2657 0.7018 700.0
2045 2917 0.8253 700.0
2051 2057 0.3831 700.0
2051 2063 0.7170 700.0
2051 2069 0.8332 700.0
2051 2075 0.8214 700.0
2051 2396 0.8163 700.0
2051 2402 0.5053 700.0
2051 2410 0.6127 700.0
2051 2645 0.8567 700.0
2051 2651 0.8770 700.0
2051 2657 0.8080 700.0
2057 2063 0.3830 700.0
2057 2069 0.5231 700.0
2057 2075 0.6511 700.0
2057 2402 0.6709 700.0
2057 2410 0.5263 700.0
2057 2416 0.7734 700.0
2057 2423 0.8941 700.0
2057 2639 0.8069 700.0
2057 2645 0.5078 700.0
2057 2651 0.5498 700.0
2057 2657 0.6314 700.0
2057 2890 0.8545 700.0
2057 2902 0.8782 700.0
2063 2069 0.3852 700.0
2063 2075 0.7059 700.0
2063 2377 0.8770 700.0
2063 2402 0.7917 700.0
2063 2410 0.4787 700.0
2063 2416 0.5069 700.0
2063 2423 0.6481 700.0
2063 2431 0.8738 700.0
2063 2633 0.6147 700.0
2063 2639 0.6560 700.0
2063 2645 0.5115 700.0
2063 2651 0.5982 700.0
2063 2657 0.8335 700.0
2069 2075 0.3829 700.0
2069 2081 0.6486 700.0
2069 2377 0.7840 700.0
2069 2402 0.8746 700.0
2069 2410 0.5428 700.0
2069 2416 0.6032 700.0
2069 2423 0.4936 700.0
2069 2431 0.5643 700.0
2069 2437 0.6845 700.0
2069 2603 0.8374 700.0
2069 2633 0.7445 700.0
2069 2639 0.8649 700.0
2069 2645 0.6351 700.0
2069 2651 0.4600 700.0
2069 2657 0.6282 700.0
2069 2663 0.8750 700.0
2075 2081 0.3827 700.0
2075 2087 0.6575 700.0
2075 2377 0.7869 700.0
2075 2396 0.8425 700.0
2075 2402 0.8495 700.0
2075 2410 0.6376 700.0
2075 2416 0.8324 700.0
2075 2423 0.6599 700.0
2075 2431 0.4982 700.0
2075 2437 0.6296 700.0
2075 2445 0.8706 700.0
2075 2645 0.8843 700.0
2075 2651 0.5934 700.0
2075 2657 0.4976 700.0
2075 2663 0.6499 700.0
2075 2670 0.8593 700.0
2081 2087 0.3816 700.0
2081 2093 0.6847 700.0
2081 2423 0.8625 700.0
2081 2431 0.5717 700.0
2081 2437 0.4719 700.0
2081 2445 0.6035 700.0
2081 2453 0.7139 700.0
2081 2578 0.8284 700.0
2081 2651 0.7410 700.0
2081 2657 0.6069 700.0
2081 2663 0.5112 700.0
2081 2670 0.6858 700.0
2081 2682 0.8896 700.0
2087 2093 0.3853 700.0
2087 2099 0.6329 700.0
2087 2158 0.6523 700.0
2087 2164 0.6050 700.0
2087 2183 0.7121 700.0
2087 2431 0.6668 700.0
2087 2437 0.5896 700.0
2087 2445 0.4656 700.0
2087 2453 0.5983 700.0
2087 2459 0.8820 700.0
2087 2663 0.7637 700.0
2087 2670 0.7494 700.0
2087 2682 0.8584 700.0
2093 2099 0.3833 700.0
2093 2105 0.7233 700.0
2093 2130 0.8377 700.0
2093 2142 0.8997 700.0
2093 2148 0.7559 700.0
2093 2152 0.8824 700.0
2093 2158 0.6259 700.0
2093 2164 0.5858 700.0
2093 2437 0.8552 700.0
2093 2445 0.5940 700.0
2093 2453 0.5040 700.0
2093 2459 0.6728 700.0
2093 2465 0.7714 700.0
2093 2670 0.8020 700.0
2093 2682 0.6779 700.0
2093 2688 0.8059 700.0
2099 2105 0.3762 700.0
2099 2110 0.6141 700.0
2099 2116 0.8440 700.0
2099 2124 0.7198 700.0
2099 2130 0.5189 700.0
2099 2136 0.7618 700.0
2099 2142 0.6700 700.0
2099 2148 0.7014 700.0
2099 2158 0.8069 700.0
2099 2164 0.5852 700.0
2099 2445 0.6362 700.0
2099 2453 0.5982 700.0
2099 2459 0.5470 700.0
2099 2465 0.6512 700.0
2105 2110 0.3881 700.0
2105 2116 0.5478 700.0
2105 2124 0.5249 700.0
2105 2130 0.5614 700.0
2105 2136 0.7945 700.0
2105 2142 0.6293 700.0
2105 2148 0.7927 700.0
2105 2164 0.8632 700.0
2105 2453 0.8352 700.0
2105 2459 0.5940 700.0
2105 2465 0.5572 700.0
2105 2475 0.7628 700.0
2110 2116 0.3849 700.0
2110 2124 0.5842 700.0
2110 2130 0.6828 700.0
2110 2453 0.8664 700.0
2110 2459 0.5427 700.0
2110 2465 0.6348 700.0
2110 2475 0.6872 700.0
2116 2124 0.3847 700.0
2116 2130 0.6820 700.0
2124 2130 0.3836 700.0
2124 2136 0.5463 700.0
2124 2142 0.5925 700.0
2130 2136 0.3868 700.0
2130 2142 0.5533 700.0
2130 2148 0.8010 700.0
2130 2164 0.6163 700.0
2130 2170 0.7776 700.0
2130 2189 0.8061 700.0
2130 2236 0.7371 700.0
2130 2255 0.8654 700.0
2136 2142 0.3853 700.0
2136 2148 0.6552 700.0
2136 2152 0.8518 700.0
2136 2164 0.5825 700.0
2136 2170 0.5389 700.0
2136 2189 0.7293 700.0
2136 2236 0.8911 700.0
2142 2148 0.3830 700.0
2142 2152 0.7116 700.0
2142 2158 0.8505 700.0
2142 2164 0.6286 700.0
2142 2170 0.6714 700.0
2142 2704 0.8940 700.0
2148 2152 0.3864 700.0
2148 2158 0.5693 700.0
2148 2164 0.5328 700.0
2148 2170 0.6145 700.0
2148 2177 0.8711 700.0
2148 2699 0.7743 700.0
2148 2704 0.6614 700.0
2152 2158 0.3868 700.0
2152 2164 0.5571 700.0
2152 2170 0.5201 700.0
2152 2177 0.6168 700.0
2152 2183 0.8610 700.0
2152 2699 0.8031 700.0
2152 2704 0.8610 700.0
2158 2164 0.3833 700.0
2158 2170 0.5522 700.0
2158 2177 0.5245 700.0
2158 2183 0.6086 700.0
2158 2189 0.8465 700.0
2158 2670 0.7488 700.0
2158 2699 0.8930 700.0
2164 2170 0.3869 700.0
2164 2177 0.5627 700.0
2164 2183 0.5247 700.0
2164 2189 0.5956 700.0
2164 2195 0.8491 700.0
2164 2445 0.8953 700.0
2170 2177 0.3852 700.0
2170 2183 0.5558 700.0
2170 2189 0.5138 700.0
2170 2195 0.5983 700.0
2170 2201 0.8630 700.0
2177 2183 0.3843 700.0
2177 2189 0.5576 700.0
2177 2195 0.5232 700.0
2177 2201 0.6330 700.0
2177 2207 0.8520 700.0
2183 2189 0.3854 700.0
2183 2195 0.5554 700.0
2183 2201 0.5323 700.0
2183 2207 0.5771 700.0
2183 2213 0.8117 700.0
2183 2396 0.8047 700.0
2189 2195 0.3842 700.0
2189 2201 0.5517 700.0
2189 2207 0.5141 700.0
2189 2213 0.5524 700.0
2189 2218 0.6767 700.0
2189 2224 0.8990 700.0
2189 2230 0.7011 700.0
2189 2236 0.7266 700.0
2195 2201 0.3844 700.0
2195 2207 0.5870 700.0
2195 2213 0.5470 700.0
2195 2218 0.7666 700.0
2201 2207 0.3857 700.0
2201 2213 0.5510 700.0
2201 2382 0.8648 700.0
2201 2390 0.6235 700.0
2201 2396 0.6540 700.0
2207 2213 0.3853 700.0
2207 2218 0.7099 700.0
2207 2224 0.7618 700.0
2207 2230 0.6225 700.0
2207 2236 0.8863 700.0
2207 2377 0.6840 700.0
2207 2382 0.5293 700.0
2207 2390 0.4517 700.0
2207 2396 0.5422 700.0
2213 2218 0.3840 700.0
2213 2224 0.5540 700.0
2213 2230 0.5972 700.0
2213 2236 0.7611 700.0
2213 2382 0.7210 700.0
2213 2390 0.6735 700.0
2213 2396 0.8990 700.0
2218 2224 0.3852 700.0
2218 2230 0.5363 700.0
2218 2236 0.5230 700.0
2218 2243 0.6607 700.0
2218 2249 0.8958 700.0
2224 2230 0.3844 700.0
2224 2236 0.5381 700.0
2224 2243 0.5030 700.0
2224 2249 0.6260 700.0
2224 2255 0.8551 700.0
2224 2382 0.7572 700.0
2230 2236 0.3849 700.0
2230 2243 0.5462 700.0
2230 2249 0.5194 700.0
2230 2255 0.6043 700.0
2230 2263 0.8674 700.0
2230 2364 0.6949 700.0
2230 2370 0.7268 700.0
2230 2377 0.7793 700.0
2230 2382 0.6708 700.0
2230 2431 0.8923 700.0
2236 2243 0.3830 700.0
2236 2249 0.5565 700.0
2236 2255 0.5068 700.0
2236 2263 0.6236 700.0
2236 2269 0.8624 700.0
2243 2249 0.3850 700.0
2243 2255 0.5493 700.0
2243 2263 0.5318 700.0
2243 2269 0.6198 700.0
2243 2275 0.8615 700.0
2249 2255 0.3850 700.0
2249 2263 0.5532 700.0
2249 2269 0.5041 700.0
2249 2275 0.5943 700.0
2249 2281 0.8377 700.0
2249 2364 0.6439 700.0
2249 2370 0.8062 700.0
2255 2263 0.3853 700.0
2255 2269 0.5539 700.0
2255 2275 0.5182 700.0
2255 2281 0.5996 700.0
2255 2288 0.8589 700.0
2255 2352 0.7519 700.0
2255 2358 0.7583 700.0
2255 2364 0.6221 700.0
2255 2445 0.8498 700.0
2263 2269 0.3848 700.0
2263 2275 0.5545 700.0
2263 2281 0.5034 700.0
2263 2288 0.6131 700.0
2263 2294 0.8773 700.0
2269 2275 0.3861 700.0
2269 2281 0.5462 700.0
2269 2288 0.5156 700.0
2269 2294 0.6411 700.0
2269 2301 0.8719 700.0
2275 2281 0.3825 700.0
2275 2288 0.5476 700.0
2275 2294 0.5222 700.0
2275 2301 0.5865 700.0
2275 2307 0.7440 700.0
2275 2352 0.7505 700.0
2275 2358 0.7799 700.0
2275 2364 0.7711 700.0
2281 2288 0.3847 700.0
2281 2294 0.5542 700.0
2281 2301 0.5503 700.0
2281 2307 0.4882 700.0
2281 2315 0.8633 700.0
2281 2352 0.7299 700.0
2288 2294 0.3882 700.0
2288 2301 0.6116 700.0
2288 2307 0.6182 700.0
2294 2301 0.3837 700.0
2294 2307 0.6210 700.0
2301 2307 0.3823 700.0
2301 2315 0.6358 700.0
2301 2334 0.8994 700.0
2301 2352 0.8510 700.0
2307 2315 0.3792 700.0
2307 2321 0.6422 700.0
2307 2328 0.8324 700.0
2307 2334 0.6758 700.0
2307 2352 0.8152 700.0
2315 2321 0.3841 700.0
2315 2328 0.5436 700.0
2315 2334 0.5487 700.0
2321 2328 0.3878 700.0
2321 2334 0.5791 700.0
2321 2340 0.8458 700.0
2321 2475 0.8977 700.0
2328 2334 0.3875 700.0
2328 2340 0.6503 700.0
2334 2340 0.3846 700.0
2334 2346 0.5868 700.0
2334 2352 0.7597 700.0
2334 2459 0.7937 700.0
2334 2553 0.8757 700.0
2340 2346 0.3876 700.0
2340 2352 0.6963 700.0
2340 2445 0.8074 700.0
2340 2453 0.5740 700.0
2340 2459 0.5063 700.0
2340 2465 0.7383 700.0
2340 2475 0.8014 700.0
2340 2526 0.7592 700.0
2340 2545 0.7608 700.0
2340 2553 0.5548 700.0
2340 2572 0.7505 700.0
2340 2578 0.8983 700.0
2346 2352 0.3833 700.0
2346 2358 0.6673 700.0
2346 2437 0.6138 700.0
2346 2445 0.5380 700.0
2346 2453 0.4791 700.0
2346 2459 0.6102 700.0
2346 2553 0.6471 700.0
2346 2572 0.6909 700.0
2346 2578 0.6915 700.0
2352 2358 0.3845 700.0
2352 2364 0.6916 700.0
2352 2431 0.8199 700.0
2352 2437 0.5787 700.0
2352 2445 0.5024 700.0
2352 2453 0.6809 700.0
2352 2459 0.7649 700.0
2358 2364 0.3836 700.0
2358 2370 0.7083 700.0
2358 2423 0.6649 700.0
2358 2431 0.5745 700.0
2358 2437 0.4828 700.0
2358 2445 0.6220 700.0
2364 2370 0.3839 700.0
2364 2377 0.6645 700.0
2364 2382 0.8627 700.0
2364 2416 0.8758 700.0
2364 2423 0.5659 700.0
2364 2431 0.5249 700.0
2364 2437 0.6770 700.0
2364 2445 0.7887 700.0
2370 2377 0.3855 700.0
2370 2382 0.5705 700.0
2370 2410 0.8052 700.0
2370 2416 0.5975 700.0
2370 2423 0.4452 700.0
2370 2431 0.5953 700.0
2370 2437 0.8920 700.0
2377 2382 0.3884 700.0
2377 2390 0.6337 700.0
2377 2396 0.5311 700.0
2377 2402 0.6915 700.0
2377 2410 0.5056 700.0
2377 2416 0.4913 700.0
2377 2423 0.4519 700.0
2377 2431 0.5503 700.0
2382 2390 0.3876 700.0
2382 2396 0.5565 700.0
2382 2402 0.8156 700.0
2382 2410 0.7928 700.0
2382 2416 0.7992 700.0
2382 2423 0.8249 700.0
2382 2431 0.8858 700.0
2390 2396 0.3867 700.0
2390 2402 0.6828 700.0
2390 2410 0.8427 700.0
2396 2402 0.3847 700.0
2396 2410 0.5506 700.0
2396 2416 0.8199 700.0
2396 2423 0.8882 700.0
2396 2431 0.8837 700.0
2402 2410 0.3839 700.0
2402 2416 0.7220 700.0
2410 2416 0.3844 700.0
2410 2423 0.5615 700.0
2410 2431 0.7324 700.0
2410 2651 0.8956 700.0
2416 2423 0.3824 700.0
2416 2431 0.7234 700.0
2423 2431 0.3820 700.0
2423 2437 0.6491 700.0
2431 2437 0.3818 700.0
2431 2445 0.6200 700.0
2437 2445 0.3820 700.0
2437 2453 0.6333 700.0
2437 2578 0.7110 700.0
2445 2453 0.3838 700.0
2445 2459 0.6230 700.0
2453 2459 0.3833 700.0
2453 2465 0.6590 700.0
2453 2532 0.8624 700.0
2453 2553 0.6340 700.0
2453 2559 0.8488 700.0
2453 2578 0.8409 700.0
2453 2682 0.8848 700.0
2459 2465 0.3826 700.0
2459 2475 0.6135 700.0
2459 2526 0.8495 700.0
2459 2553 0.7999 700.0
2465 2475 0.3830 700.0
2465 2483 0.6574 700.0
2465 2489 0.8976 700.0
2465 2495 0.8736 700.0
2465 2508 0.7704 700.0
2465 2526 0.7066 700.0
2465 2532 0.8557 700.0
2465 2710 0.8315 700.0
2475 2483 0.3843 700.0
2475 2489 0.5551 700.0
2475 2495 0.6522 700.0
2475 2502 0.8901 700.0
2475 2508 0.8347 700.0
2475 2526 0.7794 700.0
2483 2489 0.3858 700.0
2483 2495 0.5766 700.0
2483 2502 0.7728 700.0
2483 2508 0.8059 700.0
2489 2495 0.3880 700.0
2489 2502 0.7182 700.0
2495 2502 0.3856 700.0
2495 2508 0.6253 700.0
2495 2514 0.8625 700.0
2495 2520 0.6969 700.0
2495 2526 0.6562 700.0
2502 2508 0.3864 700.0
2502 2514 0.5739 700.0
2502 2520 0.5477 700.0
2502 2526 0.6471 700.0
2502 2532 0.8930 700.0
2508 2514 0.3904 700.0
2508 2520 0.5500 700.0
2508 2526 0.5118 700.0
2508 2532 0.6285 700.0
2508 2538 0.8802 700.0
2508 2688 0.7578 700.0
2508 2710 0.7003 700.0
2508 2716 0.8627 700.0
2508 2722 0.7201 700.0
2514 2520 0.3849 700.0
2514 2526 0.5482 700.0
2514 2532 0.5045 700.0
2514 2538 0.6283 700.0
2514 2545 0.8792 700.0
2514 2688 0.7906 700.0
2514 2722 0.6980 700.0
2514 2748 0.8056 700.0
2514 2754 0.7448 700.0
2514 2772 0.7778 700.0
2520 2526 0.3848 700.0
2520 2532 0.5383 700.0
2520 2538 0.5077 700.0
2520 2545 0.6188 700.0
2520 2553 0.8414 700.0
2526 2532 0.3849 700.0
2526 2538 0.5504 700.0
2526 2545 0.5305 700.0
2526 2553 0.5823 700.0
2526 2559 0.8361 700.0
2532 2538 0.3841 700.0
2532 2545 0.5706 700.0
2532 2553 0.5280 700.0
2532 2559 0.6043 700.0
2532 2565 0.8612 700.0
2532 2682 0.7231 700.0
2532 2688 0.6741 700.0
2532 2754 0.7789 700.0
2532 2772 0.7534 700.0
2532 2778 0.7780 700.0
2538 2545 0.3829 700.0
2538 2553 0.5641 700.0
2538 2559 0.5344 700.0
2538 2565 0.6324 700.0
2538 2572 0.8761 700.0
2538 2754 0.8982 700.0
2538 2772 0.6155 700.0
2538 2778 0.6988 700.0
2538 2792 0.8811 700.0
2538 2798 0.6942 700.0
2545 2553 0.3853 700.0
2545 2559 0.5470 700.0
2545 2565 0.5048 700.0
2545 2572 0.6076 700.0
2545 2578 0.8606 700.0
2545 2798 0.8836 700.0
2553 2559 0.3850 700.0
2553 2565 0.5434 700.0
2553 2572 0.5030 700.0
2553 2578 0.6121 700.0
2553 2584 0.8697 700.0
2559 2565 0.3837 700.0
2559 2572 0.5538 700.0
2559 2578 0.5181 700.0
2559 2584 0.6371 700.0
2559 2590 0.8759 700.0
2559 2772 0.8783 700.0
2559 2778 0.6874 700.0
2559 2798 0.6801 700.0
2559 2804 0.8108 700.0
2565 2572 0.3851 700.0
2565 2578 0.5488 700.0
2565 2584 0.5232 700.0
2565 2590 0.6185 700.0
2565 2596 0.8646 700.0
2565 2798 0.6308 700.0
2565 2804 0.8015 700.0
2565 2822 0.7826 700.0
2572 2578 0.3870 700.0
2572 2584 0.5528 700.0
2572 2590 0.5122 700.0
2572 2596 0.6127 700.0
2572 2603 0.8706 700.0
2578 2584 0.3854 700.0
2578 2590 0.5603 700.0
2578 2596 0.5230 700.0
2578 2603 0.6472 700.0
2578 2651 0.8804 700.0
2584 2590 0.3867 700.0
2584 2596 0.5457 700.0
2584 2603 0.5105 700.0
2584 2609 0.7006 700.0
2584 2651 0.8477 700.0
2584 2798 0.8684 700.0
2584 2804 0.7843 700.0
2584 2822 0.7376 700.0
2590 2596 0.3857 700.0
2590 2603 0.5352 700.0
2590 2609 0.5406 700.0
2590 2615 0.6618 700.0
2590 2621 0.8918 700.0
2590 2822 0.8427 700.0
2596 2603 0.3848 700.0
2596 2609 0.5359 700.0
2596 2615 0.4937 700.0
2596 2621 0.6058 700.0
2596 2627 0.8354 700.0
2596 2633 0.8092 700.0
2603 2609 0.3858 700.0
2603 2615 0.5613 700.0
2603 2621 0.5331 700.0
2603 2627 0.5856 700.0
2603 2633 0.4654 700.0
2603 2639 0.7358 700.0
2603 2645 0.8214 700.0
2603 2651 0.7988 700.0
2603 2884 0.8237 700.0
2609 2615 0.3846 700.0
2609 2621 0.5518 700.0
2609 2627 0.5125 700.0
2609 2633 0.6321 700.0
2609 2639 0.8643 700.0
2609 2870 0.7374 700.0
2615 2621 0.3852 700.0
2615 2627 0.5814 700.0
2615 2633 0.7905 700.0
2621 2627 0.3892 700.0
2621 2633 0.5513 700.0
2627 2633 0.3848 700.0
2627 2639 0.6578 700.0
2627 2870 0.8827 700.0
2633 2639 0.3853 700.0
2633 2645 0.5880 700.0
2633 2651 0.7581 700.0
2633 2878 0.8597 700.0
2633 2884 0.7225 700.0
2639 2645 0.3857 700.0
2639 2651 0.7151 700.0
2639 2870 0.8318 700.0
2639 2878 0.6108 700.0
2639 2884 0.4637 700.0
2639 2890 0.6164 700.0
2639 2896 0.8730 700.0
2645 2651 0.3839 700.0
2645 2657 0.7005 700.0
2645 2878 0.8580 700.0
2645 2884 0.5493 700.0
2645 2890 0.4520 700.0
2645 2896 0.6011 700.0
2645 2902 0.7998 700.0
2651 2657 0.3852 700.0
2651 2663 0.6693 700.0
2651 2884 0.7670 700.0
2651 2890 0.6281 700.0
2651 2896 0.5102 700.0
2651 2902 0.6331 700.0
2651 2909 0.8935 700.0
2657 2663 0.3833 700.0
2657 2670 0.6876 700.0
2657 2890 0.8338 700.0
2657 2896 0.5949 700.0
2657 2902 0.4605 700.0
2657 2909 0.6117 700.0
2657 2917 0.6698 700.0
2663 2670 0.3834 700.0
2663 2676 0.6559 700.0
2663 2682 0.7053 700.0
2663 2896 0.7588 700.0
2663 2902 0.6014 700.0
2663 2909 0.5030 700.0
2663 2917 0.5924 700.0
2663 2923 0.8711 700.0
2670 2676 0.3846 700.0
2670 2682 0.5372 700.0
2670 2688 0.8901 700.0
2670 2902 0.8370 700.0
2670 2909 0.5842 700.0
2670 2917 0.4877 700.0
2670 2923 0.6119 700.0
2670 2929 0.7987 700.0
2676 2682 0.3847 700.0
2676 2688 0.6543 700.0
2676 2693 0.6012 700.0
2676 2699 0.7906 700.0
2676 2735 0.8243 700.0
2676 2754 0.7683 700.0
2676 2760 0.7950 700.0
2676 2778 0.8962 700.0
2676 2909 0.6635 700.0
2676 2917 0.6573 700.0
2676 2923 0.5913 700.0
2676 2929 0.8198 700.0
2676 2966 0.7640 700.0
2676 2972 0.8928 700.0
2676 2993 0.8829 700.0
2682 2688 0.3824 700.0
2682 2693 0.5727 700.0
2682 2699 0.7441 700.0
2682 2710 0.8500 700.0
2682 2722 0.8698 700.0
2682 2754 0.7167 700.0
2682 2760 0.8884 700.0
2682 2778 0.8411 700.0
2688 2693 0.3882 700.0
2688 2699 0.5695 700.0
2688 2704 0.7079 700.0
2688 2710 0.4993 700.0
2688 2716 0.6419 700.0
2688 2722 0.5380 700.0
2688 2728 0.8220 700.0
2688 2735 0.8236 700.0
2688 2754 0.6561 700.0
2693 2699 0.3871 700.0
2693 2704 0.6868 700.0
2693 2710 0.6147 700.0
2693 2716 0.5384 700.0
2693 2722 0.5004 700.0
2693 2728 0.6252 700.0
2693 2735 0.5620 700.0
2693 2754 0.6663 700.0
2693 2966 0.7983 700.0
2699 2704 0.3870 700.0
2699 2710 0.5462 700.0
2699 2716 0.5634 700.0
2699 2722 0.7500 700.0
2704 2710 0.3856 700.0
2704 2716 0.5489 700.0
2704 2722 0.8453 700.0
2710 2716 0.3866 700.0
2710 2722 0.5703 700.0
2716 2722 0.3835 700.0
2716 2728 0.6196 700.0
2716 2735 0.8444 700.0
2722 2728 0.3840 700.0
2722 2735 0.6258 700.0
2722 2742 0.8469 700.0
2722 2748 0.6816 700.0
2722 2754 0.6145 700.0
2728 2735 0.3850 700.0
2728 2742 0.5562 700.0
2728 2748 0.5313 700.0
2728 2754 0.6143 700.0
2728 2760 0.8640 700.0
2735 2742 0.3852 700.0
2735 2748 0.5561 700.0
2735 2754 0.5095 700.0
2735 2760 0.6095 700.0
2735 2766 0.8622 700.0
2735 2960 0.8027 700.0
2735 2966 0.5779 700.0
2735 2987 0.6330 700.0
2735 2993 0.7871 700.0
2742 2748 0.3846 700.0
2742 2754 0.5502 700.0
2742 2760 0.5140 700.0
2742 2766 0.6158 700.0
2742 2772 0.8736 700.0
2742 2966 0.7972 700.0
2742 2987 0.5566 700.0
2742 2993 0.7319 700.0
2742 3007 0.8991 700.0
2742 3013 0.7824 700.0
2748 2754 0.3840 700.0
2748 2760 0.5464 700.0
2748 2766 0.5079 700.0
2748 2772 0.6211 700.0
2748 2778 0.8617 700.0
2754 2760 0.3850 700.0
2754 2766 0.5551 700.0
2754 2772 0.5333 700.0
2754 2778 0.6160 700.0
2754 2784 0.8596 700.0
2754 2993 0.8708 700.0
2760 2766 0.3870 700.0
2760 2772 0.5606 700.0
2760 2778 0.5271 700.0
2760 2784 0.6053 700.0
2760 2792 0.8460 700.0
2760 2966 0.8538 700.0
2760 2987 0.6828 700.0
2760 2993 0.5444 700.0
2760 3013 0.6658 700.0
2760 3019 0.8737 700.0
2766 2772 0.3858 700.0
2766 2778 0.5665 700.0
2766 2784 0.5365 700.0
2766 2792 0.6028 700.0
2766 2798 0.8740 700.0
2766 2993 0.8244 700.0
2766 3013 0.6769 700.0
2772 2778 0.3847 700.0
2772 2784 0.5591 700.0
2772 2792 0.5142 700.0
2772 2798 0.6303 700.0
2772 2804 0.8788 700.0
2778 2784 0.3848 700.0
2778 2792 0.5542 700.0
2778 2798 0.5408 700.0
2778 2804 0.6367 700.0
2778 2810 0.8717 700.0
2784 2792 0.3851 700.0
2784 2798 0.5541 700.0
2784 2804 0.5208 700.0
2784 2810 0.6043 700.0
2784 2816 0.8439 700.0
2784 2993 0.8732 700.0
2784 3013 0.7759 700.0
2784 3019 0.7721 700.0
2784 3038 0.8301 700.0
2792 2798 0.3841 700.0
2792 2804 0.5636 700.0
2792 2810 0.5268 700.0
2792 2816 0.5991 700.0
2792 2822 0.8521 700.0
2798 2804 0.3873 700.0
2798 2810 0.5544 700.0
2798 2816 0.5074 700.0
2798 2822 0.6042 700.0
2798 2830 0.8553 700.0
2804 2810 0.3846 700.0
2804 2816 0.5524 700.0
2804 2822 0.5108 700.0
2804 2830 0.6121 700.0
2804 2836 0.8789 700.0
2804 2896 0.8022 700.0
2810 2816 0.3843 700.0
2810 2822 0.5420 700.0
2810 2830 0.4969 700.0
2810 2836 0.6362 700.0
2810 2843 0.8771 700.0
2816 2822 0.3829 700.0
2816 2830 0.5462 700.0
2816 2836 0.5245 700.0
2816 2843 0.6291 700.0
2816 2849 0.8622 700.0
2822 2830 0.3864 700.0
2822 2836 0.5448 700.0
2822 2843 0.5157 700.0
2822 2849 0.5886 700.0
2822 2857 0.8374 700.0
2830 2836 0.3865 700.0
2830 2843 0.5699 700.0
2830 2849 0.5406 700.0
2830 2857 0.5927 700.0
2830 2863 0.8951 700.0
2830 2870 0.8223 700.0
2830 2884 0.8714 700.0
2836 2843 0.3819 700.0
2836 2849 0.5694 700.0
2836 2857 0.5835 700.0
2843 2849 0.3872 700.0
2843 2857 0.6115 700.0
2843 2863 0.8999 700.0
2849 2857 0.3872 700.0
2849 2863 0.5627 700.0
2849 2870 0.5675 700.0
2849 2878 0.8729 700.0
2857 2863 0.3879 700.0
2857 2870 0.5771 700.0
2857 2878 0.7965 700.0
2863 2870 0.3842 700.0
2863 2878 0.6485 700.0
2870 2878 0.3831 700.0
2870 2884 0.6261 700.0
2878 2884 0.3839 700.0
2878 2890 0.7102 700.0
2884 2890 0.3841 700.0
2884 2896 0.6365 700.0
2890 2896 0.3839 700.0
2890 2902 0.6629 700.0
2896 2902 0.3855 700.0
2896 2909 0.6834 700.0
2902 2909 0.3814 700.0
2902 2917 0.6020 700.0
2909 2917 0.3825 700.0
2909 2923 0.6364 700.0
2909 2993 0.8382 700.0
2917 2923 0.3814 700.0
2917 2929 0.6585 700.0
2917 2972 0.8915 700.0
2923 2929 0.3816 700.0
2923 2936 0.6296 700.0
2923 2942 0.8426 700.0
2923 2948 0.6681 700.0
2923 2954 0.8382 700.0
2923 2966 0.7074 700.0
2923 2972 0.6059 700.0
2923 2993 0.8774 700.0
2929 2936 0.3884 700.0
2929 2942 0.5701 700.0
2929 2948 0.5410 700.0
2929 2954 0.8141 700.0
2929 2966 0.8572 700.0
2929 2972 0.8163 700.0
2936 2942 0.3861 700.0
2936 2948 0.5622 700.0
2936 2954 0.6917 700.0
2936 2972 0.8375 700.0
2942 2948 0.3863 700.0
2942 2954 0.5605 700.0
2942 2960 0.8639 700.0
2948 2954 0.3843 700.0
2948 2960 0.5576 700.0
2948 2966 0.5447 700.0
2948 2972 0.6297 700.0
2948 2980 0.8793 700.0
2954 2960 0.3838 700.0
2954 2966 0.5549 700.0
2954 2972 0.5007 700.0
2954 2980 0.6141 700.0
2954 2987 0.8696 700.0
2960 2966 0.3850 700.0
2960 2972 0.5424 700.0
2960 2980 0.5090 700.0
2960 2987 0.6278 700.0
2960 2993 0.8792 700.0
2966 2972 0.3844 700.0
2966 2980 0.5451 700.0
2966 2987 0.5095 700.0
2966 2993 0.6269 700.0
2966 3001 0.8545 700.0
2972 2980 0.3863 700.0
2972 2987 0.5523 700.0
2972 2993 0.5284 700.0
2972 3001 0.6002 700.0
2972 3007 0.8465 700.0
2980 2987 0.3850 700.0
2980 2993 0.5592 700.0
2980 3001 0.5103 700.0
2980 3007 0.5931 700.0
2980 3013 0.8533 700.0
2987 2993 0.3861 700.0
2987 3001 0.5594 700.0
2987 3007 0.5203 700.0
2987 3013 0.6242 700.0
2987 3019 0.8722 700.0
2993 3001 0.3857 700.0
2993 3007 0.5472 700.0
2993 3013 0.5120 700.0
2993 3019 0.6164 700.0
2993 3025 0.8649 700.0
3001 3007 0.3845 700.0
3001 3013 0.5490 700.0
3001 3019 0.5082 700.0
3001 3025 0.6168 700.0
3001 3031 0.8613 700.0
3007 3013 0.3834 700.0
3007 3019 0.5498 700.0
3007 3025 0.5129 700.0
3007 3031 0.6159 700.0
3007 3038 0.8713 700.0
3013 3019 0.3865 700.0
3013 3025 0.5469 700.0
3013 3031 0.5018 700.0
3013 3038 0.6181 700.0
3013 3045 0.8550 700.0
3019 3025 0.3848 700.0
3019 3031 0.5470 700.0
3019 3038 0.5187 700.0
3019 3045 0.6011 700.0
3019 3051 0.8640 700.0
3025 3031 0.3858 700.0
3025 3038 0.5573 700.0
3025 3045 0.5133 700.0
3025 3051 0.6288 700.0
3025 3058 0.8765 700.0
3031 3038 0.3868 700.0
3031 3045 0.5605 700.0
3031 3051 0.5385 700.0
3031 3058 0.6428 700.0
3031 3064 0.8952 700.0
3038 3045 0.3845 700.0
3038 3051 0.5438 700.0
3038 3058 0.5050 700.0
3038 3064 0.6260 700.0
3038 3070 0.8748 700.0
3038 3076 0.8845 700.0
3045 3051 0.3857 700.0
3045 3058 0.5537 700.0
3045 3064 0.5290 700.0
3045 3070 0.6265 700.0
3045 3076 0.5463 700.0
3045 3082 0.7700 700.0
3051 3058 0.3851 700.0
3051 3064 0.5522 700.0
3051 3070 0.5285 700.0
3051 3076 0.6689 700.0
3051 3082 0.8712 700.0
3058 3064 0.3850 700.0
3058 3070 0.5751 700.0
3058 3076 0.8022 700.0
3064 3070 0.3895 700.0
3064 3076 0.5380 700.0
3070 3076 0.3846 700.0
3070 3082 0.6688 700.0
3076 3082 0.3833 700.0
3223 3229 0.3812 700.0
3223 3235 0.6316 700.0
3229 3235 0.3802 700.0
3229 3241 0.6049 700.0
3235 3241 0.3820 700.0
3235 3247 0.6636 700.0
3241 3247 0.3849 700.0
3241 3253 0.7005 700.0
3241 3290 0.7291 700.0
3241 3310 0.8211 700.0
3241 3316 0.7780 700.0
3247 3253 0.3826 700.0
3247 3258 0.7316 700.0
3247 3290 0.6986 700.0
3253 3258 0.3824 700.0
3253 3266 0.5675 700.0
3253 3272 0.7272 700.0
3253 3284 0.6938 700.0
3253 3290 0.5800 700.0
3258 3266 0.3803 700.0
3258 3272 0.6854 700.0
3258 3284 0.7728 700.0
3258 3290 0.7884 700.0
3266 3272 0.3837 700.0
3266 3278 0.5512 700.0
3266 3284 0.5322 700.0
3266 3290 0.6299 700.0
3266 3296 0.8659 700.0
3272 3278 0.3835 700.0
3272 3284 0.5507 700.0
3272 3290 0.5004 700.0
3272 3296 0.6020 700.0
3272 3304 0.8686 700.0
3278 3284 0.3856 700.0
3278 3290 0.5409 700.0
3278 3296 0.4945 700.0
3278 3304 0.6195 700.0
3278 3310 0.8492 700.0
3284 3290 0.3825 700.0
3284 3296 0.5409 700.0
3284 3304 0.5254 700.0
3284 3310 0.6054 700.0
3284 3316 0.8494 700.0
3290 3296 0.3826 700.0
3290 3304 0.5639 700.0
3290 3310 0.5098 700.0
3290 3316 0.6016 700.0
3290 3324 0.8591 700.0
3296 3304 0.3839 700.0
3296 3310 0.5430 700.0
3296 3316 0.5049 700.0
3296 3324 0.6104 700.0
3296 3330 0.8527 700.0
3304 3310 0.3833 700.0
3304 3316 0.5456 700.0
3304 3324 0.5074 700.0
3304 3330 0.6065 700.0
3304 3340 0.8576 700.0
3310 3316 0.3853 700.0
3310 3324 0.5545 700.0
3310 3330 0.5089 700.0
3310 3340 0.6148 700.0
3310 3346 0.8687 700.0
3316 3324 0.3850 700.0
3316 3330 0.5423 700.0
3316 3340 0.5051 700.0
3316 3346 0.6229 700.0
3316 3352 0.8698 700.0
3324 3330 0.3845 700.0
3324 3340 0.5523 700.0
3324 3346 0.5146 700.0
3324 3352 0.6320 700.0
3324 3359 0.8799 700.0
3330 3340 0.3870 700.0
3330 3346 0.5438 700.0
3330 3352 0.5062 700.0
3330 3359 0.6267 700.0
3330 3365 0.8680 700.0
3340 3346 0.3852 700.0
3340 3352 0.5456 700.0
3340 3359 0.5091 700.0
3340 3365 0.6151 700.0
3340 3371 0.8611 700.0
3346 3352 0.3855 700.0
3346 3359 0.5493 700.0
3346 3365 0.5087 700.0
3346 3371 0.6141 700.0
3352 3359 0.3856 700.0
3352 3365 0.5513 700.0
3352 3371 0.5101 700.0
3359 3365 0.3852 700.0
3359 3371 0.5460 700.0
3365 3371 0.3860 700.0
3395 3403 0.3836 700.0
3395 3411 0.7155 700.0
3395 3658 0.7504 700.0
3395 3664 0.5723 700.0
3395 3670 0.4461 700.0
3395 3676 0.6497 700.0
3395 3681 0.8460 700.0
3395 3687 0.8156 700.0
3395 3706 0.7488 700.0
3403 3411 0.3836 700.0
3403 3417 0.6728 700.0
3403 3652 0.8277 700.0
3403 3658 0.6017 700.0
3403 3664 0.5187 700.0
3403 3670 0.6538 700.0
3403 3706 0.7798 700.0
3403 3730 0.7932 700.0
3411 3417 0.3826 700.0
3411 3423 0.6227 700.0
3411 3646 0.6499 700.0
3411 3652 0.5678 700.0
3411 3658 0.4575 700.0
3411 3664 0.6146 700.0
3411 3670 0.8856 700.0
3411 3730 0.8937 700.0
3417 3423 0.3829 700.0
3417 3429 0.6244 700.0
3417 3640 0.8514 700.0
3417 3646 0.5492 700.0
3417 3652 0.5124 700.0
3417 3658 0.6573 700.0
3417 3664 0.8009 700.0
3417 3730 0.7939 700.0
3417 3748 0.8559 700.0
3417 3754 0.8017 700.0
3423 3429 0.3839 700.0
3423 3435 0.6925 700.0
3423 3449 0.8536 700.0
3423 3633 0.7198 700.0
3423 3640 0.5929 700.0
3423 3646 0.4436 700.0
3423 3652 0.6620 700.0
3423 3658 0.8667 700.0
3429 3435 0.3845 700.0
3429 3441 0.5429 700.0
3429 3449 0.5994 700.0
3429 3455 0.8595 700.0
3429 3633 0.7491 700.0
3429 3640 0.5832 700.0
3429 3646 0.6065 700.0
3429 3652 0.8086 700.0
3429 3772 0.7966 700.0
3435 3441 0.3862 700.0
3435 3449 0.5197 700.0
3435 3455 0.5949 700.0
3435 3461 0.8062 700.0
3435 3628 0.7941 700.0
3435 3633 0.6395 700.0
3435 3640 0.5148 700.0
3435 3646 0.7489 700.0
3441 3449 0.3863 700.0
3441 3455 0.5213 700.0
3441 3461 0.5345 700.0
3441 3469 0.7096 700.0
3441 3640 0.8023 700.0
3441 3772 0.6693 700.0
3441 3778 0.8882 700.0
3441 3791 0.6967 700.0
3441 3797 0.6452 700.0
3441 3815 0.8655 700.0
3449 3455 0.3886 700.0
3449 3461 0.5365 700.0
3449 3469 0.5384 700.0
3449 3599 0.8372 700.0
3449 3640 0.6480 700.0
3449 3646 0.7232 700.0
3449 3652 0.7899 700.0
3449 3772 0.7290 700.0
3449 3791 0.8592 700.0
3455 3461 0.3864 700.0
3455 3469 0.5764 700.0
3455 3475 0.8695 700.0
3455 3611 0.8389 700.0
3455 3640 0.7224 700.0
3461 3469 0.3828 700.0
3461 3475 0.6209 700.0
3461 3791 0.7408 700.0
3461 3797 0.8853 700.0
3461 3815 0.8423 700.0
3469 3475 0.3822 700.0
3469 3480 0.6970 700.0
3469 3487 0.7702 700.0
3469 3494 0.5493 700.0
3469 3500 0.6670 700.0
3469 3772 0.8390 700.0
3469 3791 0.7319 700.0
3475 3480 0.3833 700.0
3475 3487 0.5437 700.0
3475 3494 0.5418 700.0
3475 3500 0.6369 700.0
3475 3508 0.8672 700.0
3480 3487 0.3837 700.0
3480 3494 0.5571 700.0
3480 3500 0.5146 700.0
3480 3508 0.6053 700.0
3480 3514 0.8673 700.0
3487 3494 0.3830 700.0
3487 3500 0.5557 700.0
3487 3508 0.5101 700.0
3487 3514 0.6386 700.0
3487 3520 0.8872 700.0
3494 3500 0.3858 700.0
3494 3508 0.5376 700.0
3494 3514 0.4994 700.0
3494 3520 0.6326 700.0
3494 3526 0.8632 700.0
3494 3766 0.7437 700.0
3494 3772 0.8981 700.0
3494 3791 0.8778 700.0
3500 3508 0.3855 700.0
3500 3514 0.5339 700.0
3500 3520 0.4958 700.0
3500 3526 0.6045 700.0
3500 3532 0.8459 700.0
3508 3514 0.3870 700.0
3508 3520 0.5521 700.0
3508 3526 0.5009 700.0
3508 3532 0.6062 700.0
3508 3538 0.8654 700.0
3514 3520 0.3869 700.0
3514 3526 0.5445 700.0
3514 3532 0.4994 700.0
3514 3538 0.6180 700.0
3514 3544 0.8738 700.0
3514 3748 0.8722 700.0
3514 3766 0.8778 700.0
3520 3526 0.3847 700.0
3520 3532 0.5424 700.0
3520 3538 0.5117 700.0
3520 3544 0.6368 700.0
3520 3550 0.8795 700.0
3520 3587 0.7515 700.0
3520 3724 0.8734 700.0
3520 3748 0.7666 700.0
3526 3532 0.3831 700.0
3526 3538 0.5547 700.0
3526 3544 0.5241 700.0
3526 3550 0.6409 700.0
3526 3557 0.8873 700.0
3526 3587 0.8477 700.0
3532 3538 0.3858 700.0
3532 3544 0.5441 700.0
3532 3550 0.5062 700.0
3532 3557 0.6150 700.0
3532 3563 0.8393 700.0
3538 3544 0.3870 700.0
3538 3550 0.5466 700.0
3538 3557 0.5258 700.0
3538 3563 0.5729 700.0
3538 3569 0.8632 700.0
3538 3575 0.7688 700.0
3538 3587 0.8772 700.0
3538 3724 0.6570 700.0
3538 3742 0.8496 700.0
3544 3550 0.3868 700.0
3544 3557 0.5760 700.0
3544 3563 0.5406 700.0
3544 3569 0.6562 700.0
3544 3575 0.5431 700.0
3544 3581 0.6018 700.0
3544 3587 0.6850 700.0
3544 3724 0.8459 700.0
3550 3557 0.3838 700.0
3550 3563 0.5752 700.0
3550 3569 0.7253 700.0
3550 3575 0.8074 700.0
3557 3563 0.3844 700.0
3557 3569 0.6897 700.0
3557 3575 0.8485 700.0
3563 3569 0.3854 700.0
3563 3575 0.5350 700.0
3563 3581 0.8617 700.0
3563 3676 0.8367 700.0
3563 3681 0.8820 700.0
3563 3700 0.5712 700.0
3563 3706 0.8125 700.0
3563 3718 0.8552 700.0
3563 3724 0.7614 700.0
3569 3575 0.3854 700.0
3569 3581 0.7095 700.0
3569 3670 0.8709 700.0
3569 3676 0.6003 700.0
3569 3681 0.6810 700.0
3569 3700 0.6592 700.0
3569 3706 0.8347 700.0
3575 3581 0.3838 700.0
3575 3587 0.6598 700.0
3575 3664 0.6807 700.0
3575 3670 0.5524 700.0
3575 3676 0.4334 700.0
3575 3681 0.6979 700.0
3575 3700 0.6682 700.0
3575 3706 0.6529 700.0
3575 3724 0.7820 700.0
3581 3587 0.3852 700.0
3581 3593 0.6631 700.0
3581 3658 0.8009 700.0
3581 3664 0.5639 700.0
3581 3670 0.5114 700.0
3581 3676 0.6360 700.0
3587 3593 0.3847 700.0
3587 3599 0.6763 700.0
3587 3652 0.6500 700.0
3587 3658 0.5729 700.0
3587 3664 0.4642 700.0
3587 3670 0.6690 700.0
3593 3599 0.3829 700.0
3593 3605 0.6395 700.0
3593 3646 0.8198 700.0
3593 3652 0.5645 700.0
3593 3658 0.5052 700.0
3593 3664 0.6502 700.0
3593 3670 0.8655 700.0
3599 3605 0.3849 700.0
3599 3611 0.6580 700.0
3599 3640 0.7589 700.0
3599 3646 0.5940 700.0
3599 3652 0.4766 700.0
3599 3658 0.6419 700.0
3599 3664 0.8962 700.0
3605 3611 0.3831 700.0
3605 3617 0.6542 700.0
3605 3633 0.8292 700.0
3605 3640 0.5841 700.0
3605 3646 0.5086 700.0
3605 3652 0.6220 700.0
3605 3658 0.7258 700.0
3611 3617 0.3829 700.0
3611 3622 0.6985 700.0
3611 3628 0.8268 700.0
3611 3633 0.6373 700.0
3611 3640 0.4711 700.0
3611 3646 0.6545 700.0
3611 3652 0.8908 700.0
3617 3622 0.3861 700.0
3617 3628 0.6009 700.0
3617 3633 0.5073 700.0
3617 3640 0.6022 700.0
3617 3646 0.8376 700.0
3622 3628 0.3835 700.0
3622 3633 0.5700 700.0
3622 3640 0.8064 700.0
3628 3633 0.3868 700.0
3628 3640 0.7004 700.0
3633 3640 0.3824 700.0
3633 3646 0.6683 700.0
3640 3646 0.3790 700.0
3640 3652 0.7200 700.0
3646 3652 0.3782 700.0
3646 3658 0.6234 700.0
3652 3658 0.3810 700.0
3652 3664 0.6250 700.0
3658 3664 0.3822 700.0
3658 3670 0.6781 700.0
3664 3670 0.3838 700.0
3664 3676 0.6928 700.0
3664 3706 0.7137 700.0
3664 3724 0.8273 700.0
3664 3730 0.7776 700.0
3670 3676 0.3831 700.0
3670 3681 0.7365 700.0
3670 3687 0.8809 700.0
3670 3706 0.6823 700.0
3676 3681 0.3808 700.0
3676 3687 0.6374 700.0
3676 3694 0.8415 700.0
3676 3700 0.6681 700.0
3676 3706 0.5598 700.0
3681 3687 0.3859 700.0
3681 3694 0.5730 700.0
3681 3700 0.5539 700.0
3681 3706 0.5843 700.0
3681 3712 0.8653 700.0
3687 3694 0.3850 700.0
3687 3700 0.5658 700.0
3687 3706 0.4969 700.0
3687 3712 0.6147 700.0
3687 3718 0.8699 700.0
3694 3700 0.3850 700.0
3694 3706 0.5460 700.0
3694 3712 0.5386 700.0
3694 3718 0.6474 700.0
3694 3724 0.8812 700.0
3700 3706 0.3849 700.0
3700 3712 0.5538 700.0
3700 3718 0.5098 700.0
3700 3724 0.6065 700.0
3700 3730 0.8521 700.0
3706 3712 0.3857 700.0
3706 3718 0.5478 700.0
3706 3724 0.5172 700.0
3706 3730 0.5995 700.0
3706 3736 0.8577 700.0
3712 3718 0.3849 700.0
3712 3724 0.5619 700.0
3712 3730 0.5248 700.0
3712 3736 0.6259 700.0
3712 3742 0.8764 700.0
3718 3724 0.3846 700.0
3718 3730 0.5603 700.0
3718 3736 0.5345 700.0
3718 3742 0.6365 700.0
3718 3748 0.8805 700.0
3724 3730 0.3854 700.0
3724 3736 0.5481 700.0
3724 3742 0.5121 700.0
3724 3748 0.6132 700.0
3724 3754 0.8560 700.0
3730 3736 0.3849 700.0
3730 3742 0.5524 700.0
3730 3748 0.5176 700.0
3730 3754 0.6055 700.0
3730 3760 0.8624 700.0
3736 3742 0.3849 700.0
3736 3748 0.5561 700.0
3736 3754 0.5174 700.0
3736 3760 0.6223 700.0
3736 3766 0.8612 700.0
3742 3748 0.3856 700.0
3742 3754 0.5555 700.0
3742 3760 0.5246 700.0
3742 3766 0.6162 700.0
3742 3772 0.8691 700.0
3748 3754 0.3846 700.0
3748 3760 0.5488 700.0
3748 3766 0.4970 700.0
3748 3772 0.6105 700.0
3748 3778 0.8623 700.0
3754 3760 0.3864 700.0
3754 3766 0.5450 700.0
3754 3772 0.5094 700.0
3754 3778 0.6238 700.0
3754 3784 0.8767 700.0
3760 3766 0.3848 700.0
3760 3772 0.5471 700.0
3760 3778 0.5075 700.0
3760 3784 0.6366 700.0
3760 3791 0.8793 700.0
3766 3772 0.3856 700.0
3766 3778 0.5483 700.0
3766 3784 0.5148 700.0
3766 3791 0.6312 700.0
3766 3797 0.8628 700.0
3772 3778 0.3855 700.0
3772 3784 0.5392 700.0
3772 3791 0.5011 700.0
3772 3797 0.6001 700.0
3772 3803 0.8590 700.0
3778 3784 0.3871 700.0
3778 3791 0.5554 700.0
3778 3797 0.5011 700.0
3778 3803 0.6228 700.0
3778 3809 0.8695 700.0
3784 3791 0.3857 700.0
3784 3797 0.5407 700.0
3784 3803 0.5139 700.0
3784 3809 0.6192 700.0
3784 3815 0.8638 700.0
3791 3797 0.3843 700.0
3791 3803 0.5497 700.0
3791 3809 0.5073 700.0
3791 3815 0.6150 700.0
3791 3821 0.8571 700.0
3797 3803 0.3854 700.0
3797 3809 0.5546 700.0
3797 3815 0.5178 700.0
3797 3821 0.6159 700.0
3797 3827 0.8762 700.0
3803 3809 0.3858 700.0
3803 3815 0.5427 700.0
3803 3821 0.4954 700.0
3803 3827 0.6229 700.0
3803 3834 0.8644 700.0
3809 3815 0.3841 700.0
3809 3821 0.5474 700.0
3809 3827 0.5178 700.0
3809 3834 0.6272 700.0
3809 3841 0.8775 700.0
3815 3821 0.3840 700.0
3815 3827 0.5449 700.0
3815 3834 0.4984 700.0
3815 3841 0.6281 700.0
3815 3848 0.8697 700.0
3821 3827 0.3880 700.0
3821 3834 0.5468 700.0
3821 3841 0.5111 700.0
3821 3848 0.6249 700.0
3821 3854 0.8803 700.0
3827 3834 0.3862 700.0
3827 3841 0.5387 700.0
3827 3848 0.4969 700.0
3827 3854 0.6282 700.0
3827 3861 0.8578 700.0
3834 3841 0.3859 700.0
3834 3848 0.5549 700.0
3834 3854 0.5291 700.0
3834 3861 0.6328 700.0
3834 3866 0.8900 700.0
3841 3848 0.3848 700.0
3841 3854 0.5433 700.0
3841 3861 0.4847 700.0
3841 3866 0.6236 700.0
3841 3872 0.8752 700.0
3848 3854 0.3840 700.0
3848 3861 0.5302 700.0
3848 3866 0.5063 700.0
3848 3872 0.6291 700.0
3848 3882 0.8619 700.0
3854 3861 0.3837 700.0
3854 3866 0.5502 700.0
3854 3872 0.5201 700.0
3854 3882 0.6125 700.0
3854 3889 0.8561 700.0
3861 3866 0.3857 700.0
3861 3872 0.5596 700.0
3861 3882 0.5192 700.0
3861 3889 0.6139 700.0
3866 3872 0.3856 700.0
3866 3882 0.5520 700.0
3866 3889 0.5096 700.0
3872 3882 0.3869 700.0
3872 3889 0.5449 700.0
3882 3889 0.3826 700.0
4028 4034 0.3812 700.0
4028 4041 0.6067 700.0
4028 4205 0.7825 700.0
4028 4212 0.5823 700.0
4028 4218 0.5040 700.0
4028 4224 0.6676 700.0
4028 4481 0.8338 700.0
4034 4041 0.3803 700.0
4034 4046 0.6876 700.0
4034 4199 0.5621 700.0
4034 4205 0.5608 700.0
4034 4212 0.4944 700.0
4034 4218 0.6610 700.0
4034 4481 0.8334 700.0
4034 5105 0.8683 700.0
4034 5113 0.8449 700.0
4041 4046 0.3834 700.0
4041 4052 0.6078 700.0
4041 4193 0.8511 700.0
4041 4199 0.5228 700.0
4041 4205 0.5263 700.0
4041 4212 0.6791 700.0
4041 4218 0.8041 700.0
4046 4052 0.3830 700.0
4046 4057 0.6701 700.0
4046 4186 0.7893 700.0
4046 4193 0.6316 700.0
4046 4199 0.4720 700.0
4046 4205 0.6415 700.0
4052 4057 0.3826 700.0
4052 4062 0.6223 700.0
4052 4068 0.8075 700.0
4052 4086 0.8731 700.0
4052 4193 0.6654 700.0
4052 4199 0.5930 700.0
4052 4205 0.6109 700.0
4057 4062 0.3853 700.0
4057 4068 0.6192 700.0
4057 4086 0.8864 700.0
4062 4068 0.3827 700.0
4062 4074 0.6620 700.0
4062 4080 0.8221 700.0
4062 4086 0.6233 700.0
4062 4092 0.6435 700.0
4068 4074 0.3837 700.0
4068 4080 0.5376 700.0
4068 4086 0.5259 700.0
4068 4092 0.6271 700.0
4068 4098 0.8713 700.0
4074 4080 0.3859 700.0
4074 4086 0.5566 700.0
4074 4092 0.5064 700.0
4074 4098 0.6187 700.0
4074 4104 0.8568 700.0
4080 4086 0.3860 700.0
4080 4092 0.5490 700.0
4080 4098 0.5202 700.0
4080 4104 0.6121 700.0
4080 4110 0.8566 700.0
4086 4092 0.3848 700.0
4086 4098 0.5463 700.0
4086 4104 0.4905 700.0
4086 4110 0.5962 700.0
4086 4117 0.8641 700.0
4086 4193 0.8639 700.0
4092 4098 0.3835 700.0
4092 4104 0.5441 700.0
4092 4110 0.4974 700.0
4092 4117 0.6386 700.0
4092 4124 0.8871 700.0
4098 4104 0.3840 700.0
4098 4110 0.5386 700.0
4098 4117 0.5129 700.0
4098 4124 0.6565 700.0
4104 4110 0.3860 700.0
4104 4117 0.5422 700.0
4104 4124 0.5088 700.0
4104 4130 0.6635 700.0
4104 4138 0.8880 700.0
4110 4117 0.3854 700.0
4110 4124 0.5384 700.0
4110 4130 0.5211 700.0
4110 4138 0.6347 700.0
4110 4144 0.8735 700.0
4110 4168 0.8384 700.0
4110 4174 0.6584 700.0
4110 4193 0.8962 700.0
4110 5119 0.8983 700.0
4117 4124 0.3855 700.0
4117 4130 0.5463 700.0
4117 4138 0.4967 700.0
4117 4144 0.6076 700.0
4117 4151 0.8681 700.0
4117 4174 0.8804 700.0
4124 4130 0.3841 700.0
4124 4138 0.5458 700.0
4124 4144 0.5100 700.0
4124 4151 0.6473 700.0
4124 4162 0.8717 700.0
4124 4646 0.7745 700.0
4130 4138 0.3860 700.0
4130 4144 0.5520 700.0
4130 4151 0.5204 700.0
4130 4157 0.6685 700.0
4130 4162 0.5196 700.0
4130 4168 0.6825 700.0
4130 4174 0.6958 700.0
4130 4646 0.6741 700.0
4130 4652 0.8160 700.0
4130 4671 0.8618 700.0
4130 5135 0.8546 700.0
4138 4144 0.3873 700.0
4138 4151 0.5317 700.0
4138 4157 0.5117 700.0
4138 4162 0.4898 700.0
4138 4168 0.5269 700.0
4138 4174 0.6960 700.0
4144 4151 0.3850 700.0
4144 4157 0.5528 700.0
4144 4162 0.7325 700.0
4144 4168 0.8843 700.0
4144 4652 0.8321 700.0
4151 4157 0.3875 700.0
4151 4162 0.5706 700.0
4151 4168 0.8718 700.0
4151 4646 0.6438 700.0
4151 4652 0.4973 700.0
4151 4659 0.8616 700.0
4151 4665 0.8793 700.0
4151 4671 0.6514 700.0
4151 4677 0.8609 700.0
4157 4162 0.3856 700.0
4157 4168 0.6403 700.0
4157 4652 0.7938 700.0
4157 4671 0.7024 700.0
4157 4677 0.8968 700.0
4157 5141 0.8587 700.0
4157 5147 0.6173 700.0
4162 4168 0.3814 700.0
4162 4174 0.6153 700.0
4162 4646 0.8994 700.0
4162 4652 0.8998 700.0
4162 4671 0.6804 700.0
4162 4753 0.8400 700.0
4162 5135 0.5836 700.0
4162 5141 0.5741 700.0
4162 5147 0.5053 700.0
4168 4174 0.3838 700.0
4168 4180 0.6387 700.0
4168 5129 0.8605 700.0
4168 5135 0.5315 700.0
4168 5141 0.5156 700.0
4168 5147 0.6019 700.0
4174 4180 0.3829 700.0
4174 4186 0.5847 700.0
4174 4193 0.7634 700.0
4174 5119 0.6855 700.0
4174 5129 0.6070 700.0
4174 5135 0.4395 700.0
4174 5141 0.6628 700.0
4174 5147 0.8948 700.0
4180 4186 0.3839 700.0
4180 4193 0.7256 700.0
4180 5119 0.7770 700.0
4180 5129 0.5648 700.0
4180 5135 0.5345 700.0
4180 5141 0.7165 700.0
4186 4193 0.3826 700.0
4186 4199 0.6696 700.0
4186 5113 0.8114 700.0
4186 5119 0.5979 700.0
4186 5129 0.5077 700.0
4186 5135 0.7068 700.0
4193 4199 0.3821 700.0
4193 4205 0.6845 700.0
4193 5105 0.6731 700.0
4193 5113 0.5743 700.0
4193 5119 0.4753 700.0
4193 5129 0.6383 700.0
4193 5135 0.8973 700.0
4199 4205 0.3818 700.0
4199 4212 0.6349 700.0
4199 5099 0.8544 700.0
4199 5105 0.5556 700.0
4199 5113 0.5186 700.0
4199 5119 0.6720 700.0
4199 5129 0.8462 700.0
4205 4212 0.3812 700.0
4205 4218 0.6507 700.0
4205 5093 0.8629 700.0
4205 5099 0.5902 700.0
4205 5105 0.4574 700.0
4205 5113 0.6551 700.0
4212 4218 0.3810 700.0
4212 4224 0.6585 700.0
4212 4481 0.6668 700.0
4212 5093 0.6472 700.0
4212 5099 0.5217 700.0
4212 5105 0.5567 700.0
4212 5113 0.7127 700.0
4218 4224 0.3831 700.0
4218 4230 0.6546 700.0
4218 4242 0.8731 700.0
4218 4248 0.8246 700.0
4218 4481 0.8050 700.0
4218 5093 0.8414 700.0
4218 5099 0.7340 700.0
4218 5105 0.8980 700.0
4224 4230 0.3828 700.0
4224 4236 0.5664 700.0
4224 4242 0.5493 700.0
4224 4248 0.6105 700.0
4224 4254 0.8711 700.0
4224 4481 0.7314 700.0
4224 4487 0.7234 700.0
4224 4494 0.8968 700.0
4224 5093 0.8871 700.0
4230 4236 0.3857 700.0
4230 4242 0.5573 700.0
4230 4248 0.4957 700.0
4230 4254 0.6079 700.0
4230 4260 0.8648 700.0
4236 4242 0.3813 700.0
4236 4248 0.5404 700.0
4236 4254 0.5141 700.0
4236 4260 0.6291 700.0
4236 4266 0.8644 700.0
4236 4487 0.8925 700.0
4236 4494 0.8726 700.0
4242 4248 0.3851 700.0
4242 4254 0.5488 700.0
4242 4260 0.5084 700.0
4242 4266 0.6116 700.0
4242 4274 0.8647 700.0
4242 4481 0.8661 700.0
4242 4487 0.7715 700.0
4242 4494 0.6731 700.0
4242 4500 0.6814 700.0
4242 5070 0.7699 700.0
4242 5088 0.7025 700.0
4242 5093 0.8957 700.0
4248 4254 0.3853 700.0
4248 4260 0.5471 700.0
4248 4266 0.5025 700.0
4248 4274 0.6111 700.0
4248 4280 0.8560 700.0
4248 5070 0.8977 700.0
4248 5088 0.6863 700.0
4254 4260 0.3856 700.0
4254 4266 0.5475 700.0
4254 4274 0.5162 700.0
4254 4280 0.6152 700.0
4254 4287 0.8643 700.0
4260 4266 0.3854 700.0
4260 4274 0.5585 700.0
4260 4280 0.5146 700.0
4260 4287 0.6247 700.0
4260 4294 0.8668 700.0
4260 5070 0.6239 700.0
4260 5076 0.8830 700.0
4266 4274 0.3864 700.0
4266 4280 0.5454 700.0
4266 4287 0.5067 700.0
4266 4294 0.6140 700.0
4266 4301 0.8705 700.0
4266 4805 0.8758 700.0
4266 5065 0.8808 700.0
4266 5070 0.5235 700.0
4266 5076 0.6144 700.0
4266 5082 0.6864 700.0
4266 5088 0.6619 700.0
4274 4280 0.3845 700.0
4274 4287 0.5420 700.0
4274 4294 0.4893 700.0
4274 4301 0.6174 700.0
4274 4308 0.8655 700.0
4274 5070 0.8796 700.0
4280 4287 0.3850 700.0
4280 4294 0.5418 700.0
4280 4301 0.5125 700.0
4280 4308 0.6264 700.0
4280 4314 0.8744 700.0
4280 5070 0.8720 700.0
4287 4294 0.3857 700.0
4287 4301 0.5491 700.0
4287 4308 0.5117 700.0
4287 4314 0.6328 700.0
4287 4320 0.8719 700.0
4287 4805 0.8624 700.0
4287 5070 0.6391 700.0
4287 5076 0.6555 700.0
4294 4301 0.3858 700.0
4294 4308 0.5542 700.0
4294 4314 0.5212 700.0
4294 4320 0.6259 700.0
4294 4326 0.8812 700.0
4294 4360 0.8238 700.0
4294 4365 0.6828 700.0
4294 4805 0.7109 700.0
4294 5070 0.8882 700.0
4294 5076 0.7514 700.0
4301 4308 0.3860 700.0
4301 4314 0.5404 700.0
4301 4320 0.4935 700.0
4301 4326 0.6169 700.0
4301 4332 0.8570 700.0
4301 4360 0.8504 700.0
4301 4365 0.8581 700.0
4308 4314 0.3845 700.0
4308 4320 0.5494 700.0
4308 4326 0.5216 700.0
4308 4332 0.6197 700.0
4308 4339 0.8741 700.0
4314 4320 0.3872 700.0
4314 4326 0.5540 700.0
4314 4332 0.5080 700.0
4314 4339 0.6142 700.0
4314 4345 0.8297 700.0
4314 4353 0.8265 700.0
4314 4360 0.7726 700.0
4314 4365 0.6185 700.0
4314 4805 0.8772 700.0
4314 4817 0.7673 700.0
4314 4960 0.8364 700.0
4320 4326 0.3867 700.0
4320 4332 0.5501 700.0
4320 4339 0.5348 700.0
4320 4345 0.5571 700.0
4320 4353 0.5346 700.0
4320 4360 0.5188 700.0
4320 4365 0.5850 700.0
4326 4332 0.3855 700.0
4326 4339 0.5715 700.0
4326 4345 0.5373 700.0
4326 4353 0.7502 700.0
4326 4360 0.8702 700.0
4332 4339 0.3841 700.0
4332 4345 0.5925 700.0
4332 4353 0.8151 700.0
4332 4941 0.8933 700.0
4339 4345 0.3873 700.0
4339 4353 0.5193 700.0
4339 4360 0.7577 700.0
4339 4365 0.7630 700.0
4339 4817 0.8947 700.0
4345 4353 0.3887 700.0
4345 4360 0.7185 700.0
4353 4360 0.3810 700.0
4353 4365 0.6279 700.0
4353 4371 0.8985 700.0
4360 4365 0.3850 700.0
4360 4371 0.6442 700.0
4360 4377 0.8935 700.0
4360 4817 0.8483 700.0
4365 4371 0.3809 700.0
4365 4377 0.6289 700.0
4365 4805 0.6569 700.0
4365 4811 0.7311 700.0
4365 4817 0.4869 700.0
4365 4822 0.7871 700.0
4371 4377 0.3829 700.0
4371 4383 0.6858 700.0
4371 4799 0.8548 700.0
4371 4805 0.6068 700.0
4371 4811 0.5776 700.0
4371 4817 0.4704 700.0
4371 4822 0.7560 700.0
4377 4383 0.3820 700.0
4377 4391 0.7017 700.0
4377 4793 0.6519 700.0
4377 4799 0.5355 700.0
4377 4805 0.4382 700.0
4377 4811 0.5539 700.0
4377 4817 0.6801 700.0
4383 4391 0.3794 700.0
4383 4398 0.5923 700.0
4383 4633 0.8381 700.0
4383 4787 0.8129 700.0
4383 4793 0.5758 700.0
4383 4799 0.5317 700.0
4383 4805 0.6680 700.0
4383 4811 0.6860 700.0
4391 4398 0.3830 700.0
4391 4404 0.7167 700.0
4391 4633 0.7426 700.0
4391 4781 0.6817 700.0
4391 4787 0.5641 700.0
4391 4793 0.4738 700.0
4391 4799 0.6299 700.0
4398 4404 0.3819 700.0
4398 4412 0.7045 700.0
4398 4619 0.5870 700.0
4398 4627 0.5527 700.0
4398 4633 0.5049 700.0
4398 4640 0.8234 700.0
4398 4773 0.8295 700.0
4398 4781 0.5830 700.0
4398 4787 0.5454 700.0
4398 4793 0.6451 700.0
4398 4799 0.6677 700.0
4398 5025 0.8930 700.0
4398 5031 0.8458 700.0
4404 4412 0.3816 700.0
4404 4418 0.6857 700.0
4404 4611 0.8861 700.0
4404 4619 0.5464 700.0
4404 4627 0.5168 700.0
4404 4633 0.6203 700.0
4404 4640 0.7804 700.0
4404 4646 0.7282 700.0
4404 4665 0.8085 700.0
4404 4767 0.6589 700.0
4404 4773 0.5613 700.0
4404 4781 0.4730 700.0
4404 4787 0.6217 700.0
4404 4793 0.8902 700.0
4412 4418 0.3811 700.0
4412 4424 0.6273 700.0
4412 4540 0.7602 700.0
4412 4611 0.7091 700.0
4412 4619 0.5184 700.0
4412 4627 0.6467 700.0
4412 4665 0.7778 700.0
4412 4759 0.8540 700.0
4412 4767 0.5609 700.0
4412 4773 0.5221 700.0
4412 4781 0.6745 700.0
4412 4787 0.7862 700.0
4418 4424 0.3840 700.0
4418 4429 0.6911 700.0
4418 4540 0.6915 700.0
4418 4619 0.8513 700.0
4418 4665 0.7141 700.0
4418 4671 0.8958 700.0
4418 4690 0.7780 700.0
4418 4753 0.7421 700.0
4418 4759 0.5785 700.0
4418 4767 0.4384 700.0
4418 4773 0.6233 700.0
4418 4781 0.9000 700.0
4424 4429 0.3852 700.0
4424 4435 0.6423 700.0
4424 4443 0.8277 700.0
4424 4449 0.6542 700.0
4424 4457 0.6412 700.0
4424 4475 0.8598 700.0
4424 4532 0.6431 700.0
4424 4540 0.5528 700.0
4424 4753 0.8047 700.0
4424 4759 0.5772 700.0
4424 4767 0.6178 700.0
4424 4773 0.7161 700.0
4429 4435 0.3846 700.0
4429 4443 0.5598 700.0
4429 4449 0.5770 700.0
4429 4457 0.6725 700.0
4429 4532 0.7324 700.0
4429 4540 0.7316 700.0
4429 4753 0.7699 700.0
4429 4759 0.6599 700.0
4429 4767 0.8798 700.0
4435 4443 0.3858 700.0
4435 4449 0.5481 700.0
4435 4457 0.5300 700.0
4435 4463 0.8022 700.0
4435 4747 0.8521 700.0
4435 4753 0.7988 700.0
4435 4759 0.6564 700.0
4443 4449 0.3867 700.0
4443 4457 0.5908 700.0
4443 4463 0.7268 700.0
4443 4469 0.8095 700.0
4443 4532 0.8792 700.0
4449 4457 0.3860 700.0
4449 4463 0.5632 700.0
4449 4469 0.5190 700.0
4449 4475 0.6155 700.0
4449 4481 0.8755 700.0
4449 4532 0.5982 700.0
4449 4540 0.8623 700.0
4457 4463 0.3852 700.0
4457 4469 0.5544 700.0
4457 4475 0.5257 700.0
4457 4481 0.6439 700.0
4457 4487 0.8787 700.0
4457 4532 0.8546 700.0
4457 4759 0.7700 700.0
4457 4773 0.8508 700.0
4457 5113 0.8364 700.0
4463 4469 0.3852 700.0
4463 4475 0.5533 700.0
4463 4481 0.5198 700.0
4463 4487 0.6261 700.0
4463 4494 0.8818 700.0
4469 4475 0.3863 700.0
4469 4481 0.5414 700.0
4469 4487 0.4910 700.0
4469 4494 0.5905 700.0
4469 4500 0.7123 700.0
4469 4505 0.8350 700.0
4469 4532 0.8720 700.0
4475 4481 0.3843 700.0
4475 4487 0.5422 700.0
4475 4494 0.5507 700.0
4475 4500 0.4411 700.0
4475 4505 0.5315 700.0
4475 4513 0.7636 700.0
4475 4532 0.7901 700.0
4475 4773 0.8987 700.0
4475 5093 0.7530 700.0
4481 4487 0.3859 700.0
4481 4494 0.6112 700.0
4481 4500 0.5849 700.0
4481 4505 0.8265 700.0
4481 5088 0.8756 700.0
4481 5093 0.6705 700.0
4481 5099 0.8999 700.0
4481 5113 0.8980 700.0
4487 4494 0.3871 700.0
4487 4500 0.6116 700.0
4494 4500 0.3846 700.0
4494 4505 0.6979 700.0
4494 4513 0.8447 700.0
4494 5065 0.8533 700.0
4500 4505 0.3813 700.0
4500 4513 0.6653 700.0
4500 5065 0.6092 700.0
4500 5070 0.7216 700.0
4500 5082 0.7210 700.0
4500 5088 0.6421 700.0
4500 5093 0.6892 700.0
4505 4513 0.3823 700.0
4505 4519 0.6918 700.0
4505 4526 0.8600 700.0
4505 4532 0.7120 700.0
4505 4540 0.8423 700.0
4505 4605 0.7288 700.0
4505 5059 0.8515 700.0
4505 5065 0.5075 700.0
4505 5070 0.7913 700.0
4505 5076 0.8918 700.0
4505 5082 0.6846 700.0
4505 5088 0.7661 700.0
4505 5093 0.7876 700.0
4513 4519 0.3828 700.0
4513 4526 0.5444 700.0
4513 4532 0.5656 700.0
4513 4540 0.7481 700.0
4513 4546 0.8910 700.0
4513 4600 0.8379 700.0
4513 4605 0.6325 700.0
4513 5051 0.8963 700.0
4513 5059 0.7938 700.0
4513 5065 0.5662 700.0
4519 4526 0.3831 700.0
4519 4532 0.5695 700.0
4519 4540 0.6042 700.0
4519 4546 0.5839 700.0
4519 4594 0.7719 700.0
4519 4600 0.5765 700.0
4519 4605 0.4650 700.0
4519 4611 0.7624 700.0
4519 5051 0.8234 700.0
4519 5059 0.8920 700.0
4519 5065 0.8082 700.0
4526 4532 0.3867 700.0
4526 4540 0.5676 700.0
4526 4546 0.5806 700.0
4526 4605 0.8244 700.0
4532 4540 0.3828 700.0
4532 4546 0.6421 700.0
4532 4605 0.8792 700.0
4540 4546 0.3813 700.0
4540 4551 0.6505 700.0
4540 4605 0.7435 700.0
4540 4611 0.7496 700.0
4546 4551 0.3839 700.0
4546 4557 0.6442 700.0
4546 4563 0.8186 700.0
4546 4568 0.7462 700.0
4546 4594 0.8754 700.0
4546 4600 0.8310 700.0
4546 4605 0.7214 700.0
4546 4611 0.7283 700.0
4551 4557 0.3862 700.0
4551 4563 0.5253 700.0
4551 4568 0.5626 700.0
4551 4574 0.8598 700.0
4551 4605 0.8952 700.0
4551 4611 0.7413 700.0
4557 4563 0.3856 700.0
4557 4568 0.6553 700.0
4563 4568 0.3885 700.0
4563 4574 0.5656 700.0
4563 4581 0.8825 700.0
4563 4862 0.8758 700.0
4568 4574 0.3880 700.0
4568 4581 0.5702 700.0
4568 4589 0.5614 700.0
4568 4594 0.6306 700.0
4568 4600 0.8113 700.0
4568 4611 0.8695 700.0
4568 4855 0.8646 700.0
4568 4862 0.6044 700.0
4574 4581 0.3839 700.0
4574 4589 0.5923 700.0
4574 4594 0.8509 700.0
4574 4850 0.7378 700.0
4574 4855 0.6165 700.0
4574 4862 0.4736 700.0
4574 4868 0.8565 700.0
4574 4984 0.8297 700.0
4581 4589 0.3849 700.0
4581 4594 0.7322 700.0
4581 4600 0.8175 700.0
4581 4611 0.8926 700.0
4581 4844 0.7577 700.0
4581 4850 0.4003 700.0
4581 4855 0.4331 700.0
4581 4862 0.4886 700.0
4581 4868 0.7846 700.0
4581 4874 0.7055 700.0
4581 4972 0.6992 700.0
4581 4978 0.6830 700.0
4581 4984 0.6485 700.0
4581 5025 0.8831 700.0
4581 5031 0.8581 700.0
4581 5039 0.7115 700.0
4589 4594 0.3809 700.0
4589 4600 0.5695 700.0
4589 4605 0.8769 700.0
4589 4850 0.6094 700.0
4589 4855 0.5335 700.0
4589 4862 0.4248 700.0
4589 4868 0.5660 700.0
4589 4874 0.4313 700.0
4589 4880 0.5989 700.0
4589 4886 0.7825 700.0
4589 4891 0.8533 700.0
4589 4972 0.7947 700.0
4589 5039 0.7326 700.0
4589 5051 0.8905 700.0
4594 4600 0.3874 700.0
4594 4605 0.7326 700.0
4594 4855 0.8981 700.0
4594 4862 0.6926 700.0
4594 4868 0.7236 700.0
4594 4874 0.5963 700.0
4594 4880 0.4940 700.0
4594 4886 0.7560 700.0
4594 5039 0.8338 700.0
4594 5045 0.8977 700.0
4594 5051 0.7629 700.0
4600 4605 0.3847 700.0
4600 4611 0.6348 700.0
4600 4874 0.8016 700.0
4600 4880 0.6790 700.0
4600 4886 0.7529 700.0
4600 4891 0.8993 700.0
4600 4966 0.8968 700.0
4600 5039 0.5610 700.0
4600 5045 0.5502 700.0
4600 5051 0.4719 700.0
4600 5059 0.7762 700.0
4605 4611 0.3826 700.0
4605 4619 0.6812 700.0
4605 5031 0.8197 700.0
4605 5039 0.5337 700.0
4605 5045 0.5254 700.0
4605 5051 0.6139 700.0
4605 5059 0.7660 700.0
4605 5065 0.7464 700.0
4611 4619 0.3819 700.0
4611 4627 0.6937 700.0
4611 5025 0.6995 700.0
4611 5031 0.5893 700.0
4611 5039 0.4663 700.0
4611 5045 0.6801 700.0
4619 4627 0.3821 700.0
4619 4633 0.7029 700.0
4619 4787 0.8726 700.0
4619 4799 0.8432 700.0
4619 5019 0.8521 700.0
4619 5025 0.5827 700.0
4619 5031 0.5211 700.0
4619 5039 0.6331 700.0
4619 5045 0.8243 700.0
4627 4633 0.3820 700.0
4627 4640 0.5414 700.0
4627 4646 0.7234 700.0
4627 4659 0.7961 700.0
4627 4665 0.7252 700.0
4627 5013 0.8828 700.0
4627 5019 0.5727 700.0
4627 5025 0.4585 700.0
4627 5031 0.6215 700.0
4627 5039 0.8859 700.0
4633 4640 0.3837 700.0
4633 4646 0.6496 700.0
4633 4659 0.8791 700.0
4633 4665 0.8879 700.0
4633 5013 0.8028 700.0
4633 5019 0.5183 700.0
4633 5025 0.6499 700.0
4633 5031 0.8109 700.0
4640 4646 0.3848 700.0
4640 4652 0.5471 700.0
4640 4659 0.5567 700.0
4640 4665 0.6597 700.0
4640 4671 0.8961 700.0
4640 5019 0.6106 700.0
4640 5025 0.7940 700.0
4646 4652 0.3861 700.0
4646 4659 0.5526 700.0
4646 4665 0.4912 700.0
4646 4671 0.6109 700.0
4646 4677 0.8642 700.0
4652 4659 0.3836 700.0
4652 4665 0.5331 700.0
4652 4671 0.5072 700.0
4652 4677 0.6177 700.0
4652 4683 0.8606 700.0
4659 4665 0.3841 700.0
4659 4671 0.5558 700.0
4659 4677 0.5170 700.0
4659 4683 0.6215 700.0
4659 4690 0.8606 700.0
4665 4671 0.3858 700.0
4665 4677 0.5533 700.0
4665 4683 0.5179 700.0
4665 4690 0.6123 700.0
4665 4696 0.8724 700.0
4665 4767 0.8877 700.0
4671 4677 0.3865 700.0
4671 4683 0.5475 700.0
4671 4690 0.4976 700.0
4671 4696 0.6252 700.0
4671 4703 0.8871 700.0
4671 4753 0.8988 700.0
4671 5147 0.8289 700.0
4677 4683 0.3855 700.0
4677 4690 0.5461 700.0
4677 4696 0.5141 700.0
4677 4703 0.6567 700.0
4677 4710 0.8954 700.0
4683 4690 0.3829 700.0
4683 4696 0.5396 700.0
4683 4703 0.5190 700.0
4683 4710 0.6236 700.0
4683 4716 0.8484 700.0
4690 4696 0.3876 700.0
4690 4703 0.5516 700.0
4690 4710 0.5307 700.0
4690 4716 0.5775 700.0
4690 4722 0.8527 700.0
4690 4753 0.7420 700.0
4690 5147 0.8921 700.0
4696 4703 0.3856 700.0
4696 4710 0.5801 700.0
4696 4716 0.5653 700.0
4696 4722 0.6520 700.0
4696 5147 0.7909 700.0
4703 4710 0.3845 700.0
4703 4716 0.5894 700.0
4703 4722 0.6726 700.0
4710 4716 0.3853 700.0
4710 4722 0.6389 700.0
4710 4728 0.8683 700.0
4710 4734 0.8953 700.0
4716 4722 0.3823 700.0
4716 4728 0.5270 700.0
4716 4734 0.5230 700.0
4716 4740 0.7805 700.0
4716 4753 0.8511 700.0
4722 4728 0.3871 700.0
4722 4734 0.6143 700.0
4722 4740 0.8042 700.0
4728 4734 0.3865 700.0
4728 4740 0.6435 700.0
4734 4740 0.3836 700.0
4734 4747 0.5606 700.0
4734 4753 0.7353 700.0
4740 4747 0.3863 700.0
4740 4753 0.6799 700.0
4740 5135 0.8528 700.0
4740 5141 0.5944 700.0
4740 5147 0.7129 700.0
4747 4753 0.3843 700.0
4747 4759 0.6677 700.0
4747 5129 0.6796 700.0
4747 5135 0.5764 700.0
4747 5141 0.5029 700.0
4747 5147 0.7721 700.0
4753 4759 0.3827 700.0
4753 4767 0.6535 700.0
4753 5119 0.8094 700.0
4753 5129 0.5863 700.0
4753 5135 0.4956 700.0
4753 5141 0.5822 700.0
4753 5147 0.7811 700.0
4759 4767 0.3829 700.0
4759 4773 0.6742 700.0
4759 5113 0.6893 700.0
4759 5119 0.5831 700.0
4759 5129 0.4876 700.0
4759 5135 0.6330 700.0
4759 5141 0.8834 700.0
4767 4773 0.3792 700.0
4767 4781 0.6527 700.0
4767 5105 0.8323 700.0
4767 5113 0.5863 700.0
4767 5119 0.5044 700.0
4767 5129 0.6571 700.0
4767 5135 0.7727 700.0
4773 4781 0.3780 700.0
4773 4787 0.6140 700.0
4773 5093 0.6339 700.0
4773 5099 0.7437 700.0
4773 5105 0.5809 700.0
4773 5113 0.4689 700.0
4773 5119 0.6188 700.0
4773 5129 0.8897 700.0
4781 4787 0.3828 700.0
4781 4793 0.7195 700.0
4781 5088 0.8682 700.0
4781 5093 0.6074 700.0
4781 5099 0.5811 700.0
4781 5105 0.5073 700.0
4781 5113 0.6352 700.0
4781 5119 0.7517 700.0
4787 4793 0.3792 700.0
4787 4799 0.6030 700.0
4787 5082 0.6301 700.0
4787 5088 0.5357 700.0
4787 5093 0.4329 700.0
4787 5099 0.5191 700.0
4787 5105 0.6908 700.0
4787 5113 0.8955 700.0
4793 4799 0.3857 700.0
4793 4805 0.6848 700.0
4793 5076 0.8324 700.0
4793 5082 0.5663 700.0
4793 5088 0.5405 700.0
4793 5093 0.6675 700.0
4793 5099 0.6910 700.0
4799 4805 0.3842 700.0
4799 4811 0.5843 700.0
4799 4817 0.8987 700.0
4799 5031 0.8994 700.0
4799 5045 0.8390 700.0
4799 5076 0.5733 700.0
4799 5082 0.4303 700.0
4799 5088 0.6616 700.0
4799 5093 0.8785 700.0
4805 4811 0.3828 700.0
4805 4817 0.5707 700.0
4805 4960 0.7985 700.0
4805 4966 0.8366 700.0
4805 5045 0.8295 700.0
4805 5070 0.8781 700.0
4805 5076 0.5049 700.0
4805 5082 0.6274 700.0
4805 5088 0.8968 700.0
4811 4817 0.3848 700.0
4811 4822 0.6462 700.0
4811 4830 0.6728 700.0
4811 4960 0.6127 700.0
4811 4966 0.5534 700.0
4811 4972 0.8119 700.0
4811 5031 0.7444 700.0
4811 5039 0.8238 700.0
4811 5045 0.7156 700.0
4811 5076 0.7563 700.0
4811 5082 0.8868 700.0
4817 4822 0.3831 700.0
4817 4830 0.6248 700.0
4817 4952 0.7527 700.0
4817 4960 0.5263 700.0
4817 4966 0.6734 700.0
4822 4830 0.3807 700.0
4822 4838 0.7090 700.0
4822 4947 0.8823 700.0
4822 4952 0.5390 700.0
4822 4960 0.5369 700.0
4822 4966 0.6595 700.0
4822 4972 0.8353 700.0
4830 4838 0.3819 700.0
4830 4844 0.7106 700.0
4830 4850 0.8657 700.0
4830 4891 0.8150 700.0
4830 4952 0.5526 700.0
4830 4960 0.5903 700.0
4830 4966 0.4780 700.0
4830 4972 0.4915 700.0
4830 4978 0.6591 700.0
4830 4996 0.7478 700.0
4830 5031 0.8621 700.0
4838 4844 0.3836 700.0
4838 4850 0.6348 700.0
4838 4891 0.8197 700.0
4838 4896 0.7734 700.0
4838 4907 0.8875 700.0
4838 4952 0.6899 700.0
4838 4960 0.8664 700.0
4838 4966 0.6986 700.0
4838 4972 0.4971 700.0
4838 4978 0.6169 700.0
4838 4984 0.8702 700.0
4838 4990 0.8190 700.0
4838 4996 0.6170 700.0
4844 4850 0.3829 700.0
4844 4855 0.6761 700.0
4844 4966 0.8999 700.0
4844 4972 0.5555 700.0
4844 4978 0.5240 700.0
4844 4984 0.6128 700.0
4844 4990 0.6141 700.0
4844 4996 0.5942 700.0
4850 4855 0.3834 700.0
4850 4862 0.6971 700.0
4850 4868 0.8665 700.0
4850 4874 0.7031 700.0
4850 4891 0.8279 700.0
4850 4896 0.8625 700.0
4850 4966 0.8390 700.0
4850 4972 0.4775 700.0
4850 4978 0.5247 700.0
4850 4984 0.5988 700.0
4850 4990 0.8086 700.0
4850 5031 0.8723 700.0
4850 5039 0.7813 700.0
4855 4862 0.3895 700.0
4855 4868 0.5527 700.0
4855 4874 0.5583 700.0
4855 4972 0.8248 700.0
4855 4978 0.8934 700.0
4855 4984 0.8716 700.0
4862 4868 0.3859 700.0
4862 4874 0.5601 700.0
4862 4880 0.8295 700.0
4868 4874 0.3848 700.0
4868 4880 0.6237 700.0
4868 4886 0.8937 700.0
4874 4880 0.3849 700.0
4874 4886 0.5401 700.0
4874 4891 0.6440 700.0
4874 4896 0.7097 700.0
4874 4972 0.8785 700.0
4880 4886 0.3860 700.0
4880 4891 0.7023 700.0
4880 4896 0.8796 700.0
4880 5051 0.7523 700.0
4886 4891 0.3862 700.0
4886 4896 0.6398 700.0
4886 4947 0.8360 700.0
4886 4952 0.8862 700.0
4886 4960 0.8948 700.0
4886 4966 0.8392 700.0
4886 5045 0.8370 700.0
4886 5051 0.5897 700.0
4886 5059 0.8950 700.0
4891 4896 0.3873 700.0
4891 4901 0.6678 700.0
4891 4947 0.5858 700.0
4891 4952 0.5305 700.0
4891 4960 0.6154 700.0
4891 4966 0.5669 700.0
4891 4972 0.6443 700.0
4891 5039 0.8878 700.0
4891 5045 0.7810 700.0
4891 5051 0.7020 700.0
4896 4901 0.3858 700.0
4896 4907 0.6598 700.0
4896 4913 0.8367 700.0
4896 4941 0.8735 700.0
4896 4947 0.5408 700.0
4896 4952 0.5847 700.0
4896 4960 0.8574 700.0
4896 4966 0.8490 700.0
4896 4972 0.8221 700.0
4901 4907 0.3863 700.0
4901 4913 0.5351 700.0
4901 4918 0.6581 700.0
4901 4924 0.7278 700.0
4901 4929 0.5746 700.0
4901 4935 0.6819 700.0
4901 4941 0.5729 700.0
4901 4947 0.3746 700.0
4901 4952 0.5971 700.0
4907 4913 0.3858 700.0
4907 4918 0.7160 700.0
4907 4924 0.8618 700.0
4907 4929 0.6302 700.0
4907 4935 0.8271 700.0
4907 4941 0.6123 700.0
4907 4947 0.5065 700.0
4907 4952 0.5834 700.0
4913 4918 0.3872 700.0
4913 4924 0.6198 700.0
4913 4929 0.5343 700.0
4913 4935 0.8733 700.0
4913 4941 0.8187 700.0
4913 4947 0.8058 700.0
4918 4924 0.3855 700.0
4918 4929 0.5696 700.0
4924 4929 0.3856 700.0
4924 4935 0.6586 700.0
4924 4941 0.8859 700.0
4929 4935 0.3850 700.0
4929 4941 0.5310 700.0
4929 4947 0.7200 700.0
4935 4941 0.3836 700.0
4935 4947 0.6552 700.0
4941 4947 0.3821 700.0
4941 4952 0.7032 700.0
4947 4952 0.3793 700.0
4947 4960 0.6451 700.0
4947 4966 0.8790 700.0
4952 4960 0.3839 700.0
4952 4966 0.5731 700.0
4952 4972 0.7546 700.0
4960 4966 0.3847 700.0
4960 4972 0.7301 700.0
4960 5045 0.7133 700.0
4960 5051 0.8096 700.0
4960 5076 0.8954 700.0
4966 4972 0.3834 700.0
4966 4978 0.6984 700.0
4966 5031 0.6965 700.0
4966 5039 0.5674 700.0
4966 5045 0.4820 700.0
4966 5051 0.6988 700.0
4972 4978 0.3843 700.0
4972 4984 0.7234 700.0
4972 4990 0.8808 700.0
4972 4996 0.8517 700.0
4972 5025 0.8516 700.0
4972 5031 0.5948 700.0
4972 5039 0.5189 700.0
4972 5045 0.6758 700.0
4972 5051 0.8960 700.0
4978 4984 0.3820 700.0
4978 4990 0.5468 700.0
4978 4996 0.6304 700.0
4978 5013 0.5906 700.0
4978 5019 0.7483 700.0
4978 5025 0.5576 700.0
4978 5031 0.4633 700.0
4978 5039 0.6104 700.0
4984 4990 0.3847 700.0
4984 4996 0.6888 700.0
4984 5008 0.8377 700.0
4984 5013 0.5966 700.0
4984 5019 0.6707 700.0
4984 5025 0.5430 700.0
4984 5031 0.6889 700.0
4984 5039 0.8557 700.0
4990 4996 0.3862 700.0
4990 5002 0.5677 700.0
4990 5008 0.5519 700.0
4990 5013 0.4793 700.0
4990 5019 0.7247 700.0
4990 5025 0.7809 700.0
4996 5002 0.3853 700.0
4996 5008 0.5758 700.0
4996 5013 0.5705 700.0
5002 5008 0.3857 700.0
5002 5013 0.6317 700.0
5008 5013 0.3836 700.0
5008 5019 0.6519 700.0
5013 5019 0.3830 700.0
5013 5025 0.5759 700.0
5013 5031 0.7057 700.0
5019 5025 0.3848 700.0
5019 5031 0.6741 700.0
5025 5031 0.3816 700.0
5025 5039 0.6817 700.0
5031 5039 0.3827 700.0
5031 5045 0.6685 700.0
5039 5045 0.3819 700.0
5039 5051 0.6795 700.0
5045 5051 0.3841 700.0
5045 5059 0.5830 700.0
5045 5065 0.7508 700.0
5045 5076 0.7050 700.0
5045 5082 0.8319 700.0
5051 5059 0.3849 700.0
5051 5065 0.6820 700.0
5051 5070 0.8976 700.0
5051 5076 0.8103 700.0
5059 5065 0.3836 700.0
5059 5070 0.5355 700.0
5059 5076 0.5703 700.0
5059 5082 0.7995 700.0
5065 5070 0.3865 700.0
5065 5076 0.5382 700.0
5065 5082 0.5833 700.0
5065 5088 0.8178 700.0
5070 5076 0.3861 700.0
5070 5082 0.5491 700.0
5070 5088 0.7264 700.0
5076 5082 0.3850 700.0
5076 5088 0.7026 700.0
5082 5088 0.3818 700.0
5082 5093 0.6717 700.0
5088 5093 0.3848 700.0
5088 5099 0.6279 700.0
5093 5099 0.3846 700.0
5093 5105 0.5996 700.0
5093 5113 0.7662 700.0
5099 5105 0.3827 700.0
5099 5113 0.7140 700.0
5105 5113 0.3818 700.0
5105 5119 0.6392 700.0
5113 5119 0.3825 700.0
5113 5129 0.6497 700.0
5119 5129 0.3842 700.0
5119 5135 0.6223 700.0
5129 5135 0.3819 700.0
5129 5141 0.7254 700.0
5135 5141 0.3824 700.0
5135 5147 0.6881 700.0
5141 5147 0.3808 700.0
5408 5414 0.3827 700.0
5408 5420 0.6484 700.0
5408 5674 0.8440 700.0
5408 5682 0.5852 700.0
5408 5689 0.5008 700.0
5408 5695 0.6396 700.0
5408 5701 0.8107 700.0
5408 5740 0.7673 700.0
5408 5878 0.7472 700.0
5408 5884 0.7369 700.0
5414 5420 0.3833 700.0
5414 5426 0.6948 700.0
5414 5668 0.6982 700.0
5414 5674 0.5889 700.0
5414 5682 0.4762 700.0
5414 5689 0.6177 700.0
5414 5695 0.8876 700.0
5414 5870 0.8618 700.0
5414 5878 0.6151 700.0
5414 5884 0.5169 700.0
5420 5426 0.3824 700.0
5420 5433 0.6876 700.0
5420 5663 0.8373 700.0
5420 5668 0.5743 700.0
5420 5674 0.5264 700.0
5420 5682 0.6352 700.0
5420 5689 0.7214 700.0
5420 5864 0.6559 700.0
5420 5870 0.5575 700.0
5420 5878 0.4617 700.0
5420 5884 0.5558 700.0
5426 5433 0.3824 700.0
5426 5439 0.6808 700.0
5426 5447 0.8839 700.0
5426 5652 0.8837 700.0
5426 5657 0.8628 700.0
5426 5663 0.5629 700.0
5426 5668 0.4407 700.0
5426 5674 0.6225 700.0
5426 5682 0.8907 700.0
5426 5858 0.8660 700.0
5426 5864 0.5825 700.0
5426 5870 0.5007 700.0
5426 5878 0.6442 700.0
5426 5884 0.6972 700.0
5433 5439 0.3848 700.0
5433 5447 0.5491 700.0
5433 5454 0.7089 700.0
5433 5477 0.8484 700.0
5433 5657 0.8640 700.0
5433 5663 0.5098 700.0
5433 5668 0.6444 700.0
5433 5674 0.8056 700.0
5433 5853 0.7255 700.0
5433 5858 0.6598 700.0
5433 5864 0.5199 700.0
5433 5870 0.6513 700.0
5439 5447 0.3883 700.0
5439 5454 0.6697 700.0
5439 5657 0.8058 700.0
5439 5663 0.5706 700.0
5439 5668 0.8506 700.0
5439 5853 0.7638 700.0
5439 5858 0.7991 700.0
5439 5864 0.8208 700.0
5447 5454 0.3845 700.0
5447 5460 0.7017 700.0
5447 5477 0.7045 700.0
5447 5657 0.8133 700.0
5447 5663 0.5774 700.0
5447 5823 0.8440 700.0
5447 5853 0.8051 700.0
5454 5460 0.3846 700.0
5454 5464 0.7399 700.0
5454 5470 0.8177 700.0
5454 5477 0.6177 700.0
5454 5483 0.7795 700.0
5454 5657 0.6263 700.0
5454 5663 0.4528 700.0
5454 5668 0.7952 700.0
5460 5464 0.3881 700.0
5460 5470 0.5552 700.0
5460 5477 0.5437 700.0
5460 5483 0.6532 700.0
5460 5657 0.8973 700.0
5460 5663 0.7734 700.0
5464 5470 0.3862 700.0
5464 5477 0.5565 700.0
5464 5483 0.5196 700.0
5464 5490 0.6500 700.0
5464 5497 0.8860 700.0
5470 5477 0.3862 700.0
5470 5483 0.5501 700.0
5470 5490 0.5363 700.0
5470 5497 0.6371 700.0
5470 5504 0.8768 700.0
5470 5823 0.8425 700.0
5477 5483 0.3841 700.0
5477 5490 0.5540 700.0
5477 5497 0.5098 700.0
5477 5504 0.6110 700.0
5477 5510 0.8584 700.0
5477 5663 0.8785 700.0
5477 5811 0.8846 700.0
5477 5823 0.7109 700.0
5483 5490 0.3865 700.0
5483 5497 0.5503 700.0
5483 5504 0.5141 700.0
5483 5510 0.6165 700.0
5483 5516 0.8705 700.0
5483 5608 0.6508 700.0
5483 5614 0.7326 700.0
5483 5620 0.7841 700.0
5483 5674 0.7543 700.0
5490 5497 0.3847 700.0
5490 5504 0.5498 700.0
5490 5510 0.5059 700.0
5490 5516 0.6194 700.0
5490 5522 0.8504 700.0
5490 5608 0.7771 700.0
5497 5504 0.3850 700.0
5497 5510 0.5445 700.0
5497 5516 0.5156 700.0
5497 5522 0.5982 700.0
5497 5530 0.8644 700.0
5497 5811 0.7234 700.0
5497 5817 0.8085 700.0
5497 5823 0.7922 700.0
5504 5510 0.3834 700.0
5504 5516 0.5530 700.0
5504 5522 0.4933 700.0
5504 5530 0.6081 700.0
5504 5538 0.8429 700.0
5504 5608 0.7157 700.0
5504 5674 0.8683 700.0
5504 5689 0.8740 700.0
5504 5811 0.7245 700.0
5504 5864 0.8815 700.0
5510 5516 0.3844 700.0
5510 5522 0.5438 700.0
5510 5530 0.5369 700.0
5510 5538 0.6066 700.0
5510 5544 0.8710 700.0
5510 5596 0.6991 700.0
5510 5602 0.6221 700.0
5510 5608 0.5463 700.0
5510 5614 0.8905 700.0
5510 5689 0.7862 700.0
5516 5522 0.3857 700.0
5516 5530 0.5703 700.0
5516 5538 0.5152 700.0
5516 5544 0.6370 700.0
5516 5596 0.8910 700.0
5522 5530 0.3843 700.0
5522 5538 0.5509 700.0
5522 5544 0.5353 700.0
5522 5550 0.8469 700.0
5522 5563 0.6359 700.0
5522 5569 0.6157 700.0
5522 5580 0.8037 700.0
5522 5805 0.8675 700.0
5522 5811 0.7160 700.0
5530 5538 0.3845 700.0
5530 5544 0.5377 700.0
5530 5550 0.7365 700.0
5530 5563 0.7529 700.0
5530 5569 0.5443 700.0
5530 5575 0.7404 700.0
5530 5580 0.5022 700.0
5530 5585 0.6388 700.0
5530 5590 0.7754 700.0
5530 5596 0.6916 700.0
5530 5602 0.8645 700.0
5530 5608 0.8764 700.0
5530 5689 0.8118 700.0
5530 5701 0.8728 700.0
5530 5734 0.8889 700.0
5530 5760 0.7934 700.0
5538 5544 0.3858 700.0
5538 5550 0.6333 700.0
5538 5563 0.8502 700.0
5538 5569 0.7613 700.0
5538 5575 0.8364 700.0
5538 5580 0.5548 700.0
5538 5585 0.4447 700.0
5538 5590 0.5088 700.0
5538 5596 0.5904 700.0
5538 5602 0.8334 700.0
5538 5701 0.8670 700.0
5538 5734 0.8902 700.0
5544 5550 0.3836 700.0
5544 5556 0.5377 700.0
5544 5563 0.5321 700.0
5544 5569 0.5939 700.0
5544 5575 0.6744 700.0
5544 5580 0.5831 700.0
5544 5585 0.6002 700.0
5544 5590 0.8154 700.0
5550 5556 0.3867 700.0
5550 5563 0.5772 700.0
5550 5569 0.5758 700.0
5550 5575 0.4248 700.0
5550 5580 0.4686 700.0
5550 5585 0.5505 700.0
5550 5590 0.8901 700.0
5550 5734 0.7849 700.0
5550 5753 0.8721 700.0
5550 5760 0.8817 700.0
5556 5563 0.3840 700.0
5556 5569 0.6067 700.0
5556 5575 0.5719 700.0
5556 5580 0.7836 700.0
5563 5569 0.3852 700.0
5563 5575 0.6034 700.0
5563 5580 0.7786 700.0
5563 5797 0.8579 700.0
5569 5575 0.3835 700.0
5569 5580 0.5140 700.0
5569 5585 0.8397 700.0
5569 5753 0.8016 700.0
5569 5760 0.5842 700.0
5569 5779 0.7359 700.0
5569 5791 0.8758 700.0
5569 5797 0.6781 700.0
5569 5805 0.8612 700.0
5575 5580 0.3855 700.0
5575 5585 0.7067 700.0
5575 5734 0.6629 700.0
5575 5740 0.8146 700.0
5575 5747 0.8573 700.0
5575 5753 0.5165 700.0
5575 5760 0.5026 700.0
5575 5766 0.8597 700.0
5575 5772 0.8443 700.0
5575 5779 0.6937 700.0
5580 5585 0.3822 700.0
5580 5590 0.7199 700.0
5580 5596 0.8019 700.0
5580 5701 0.7973 700.0
5580 5728 0.8246 700.0
5580 5734 0.4497 700.0
5580 5740 0.6141 700.0
5580 5747 0.8223 700.0
5580 5753 0.6271 700.0
5580 5760 0.5398 700.0
5585 5590 0.3819 700.0
5585 5596 0.6157 700.0
5585 5701 0.6896 700.0
5585 5709 0.7617 700.0
5585 5715 0.7321 700.0
5585 5728 0.8516 700.0
5585 5734 0.5124 700.0
5585 5740 0.7815 700.0
5585 5760 0.8982 700.0
5590 5596 0.3834 700.0
5590 5602 0.7310 700.0
5590 5695 0.8590 700.0
5590 5701 0.5938 700.0
5590 5709 0.5680 700.0
5590 5715 0.7286 700.0
5590 5734 0.7778 700.0
5596 5602 0.3826 700.0
5596 5608 0.6828 700.0
5596 5689 0.6583 700.0
5596 5695 0.5260 700.0
5596 5701 0.4159 700.0
5596 5709 0.5724 700.0
5596 5715 0.8245 700.0
5596 5734 0.8807 700.0
5602 5608 0.3833 700.0
5602 5614 0.6668 700.0
5602 5682 0.8112 700.0
5602 5689 0.5751 700.0
5602 5695 0.5247 700.0
5602 5701 0.6691 700.0
5602 5709 0.8369 700.0
5608 5614 0.3828 700.0
5608 5620 0.7096 700.0
5608 5674 0.6526 700.0
5608 5682 0.5594 700.0
5608 5689 0.4640 700.0
5608 5695 0.6515 700.0
5614 5620 0.3838 700.0
5614 5626 0.6472 700.0
5614 5674 0.5775 700.0
5614 5682 0.5215 700.0
5614 5689 0.6701 700.0
5614 5695 0.8358 700.0
5620 5626 0.3818 700.0
5620 5632 0.6491 700.0
5620 5638 0.8927 700.0
5620 5646 0.8142 700.0
5620 5657 0.8959 700.0
5620 5663 0.8254 700.0
5620 5668 0.6821 700.0
5620 5674 0.4951 700.0
5620 5682 0.6252 700.0
5626 5632 0.3866 700.0
5626 5638 0.5592 700.0
5626 5646 0.5771 700.0
5626 5652 0.8686 700.0
5626 5668 0.7546 700.0
5626 5674 0.6798 700.0
5626 5682 0.7136 700.0
5632 5638 0.3871 700.0
5632 5646 0.6012 700.0
5632 5652 0.8574 700.0
5638 5646 0.3858 700.0
5638 5652 0.6956 700.0
5646 5652 0.3826 700.0
5646 5657 0.6547 700.0
5646 5663 0.8285 700.0
5646 5668 0.6298 700.0
5646 5674 0.8393 700.0
5652 5657 0.3879 700.0
5652 5663 0.6288 700.0
5652 5668 0.5881 700.0
5657 5663 0.3842 700.0
5657 5668 0.5777 700.0
5657 5674 0.8812 700.0
5663 5668 0.3869 700.0
5663 5674 0.6499 700.0
5668 5674 0.3827 700.0
5668 5682 0.7018 700.0
5668 5884 0.8997 700.0
5674 5682 0.3828 700.0
5674 5689 0.6487 700.0
5682 5689 0.3841 700.0
5682 5695 0.6528 700.0
5689 5695 0.3820 700.0
5689 5701 0.6441 700.0
5695 5701 0.3816 700.0
5695 5709 0.6650 700.0
5695 5715 0.8899 700.0
5695 5740 0.8537 700.0
5701 5709 0.3829 700.0
5701 5715 0.5370 700.0
5701 5721 0.6851 700.0
5701 5728 0.8894 700.0
5701 5734 0.6756 700.0
5701 5740 0.6266 700.0
5709 5715 0.3854 700.0
5709 5721 0.6977 700.0
5709 5734 0.7944 700.0
5709 5740 0.8771 700.0
5715 5721 0.3833 700.0
5715 5728 0.5487 700.0
5715 5734 0.5517 700.0
5715 5740 0.6942 700.0
5721 5728 0.3833 700.0
5721 5734 0.5483 700.0
5721 5740 0.5291 700.0
5721 5747 0.6354 700.0
5721 5753 0.8860 700.0
5728 5734 0.3862 700.0
5728 5740 0.5499 700.0
5728 5747 0.5097 700.0
5728 5753 0.6277 700.0
5728 5760 0.8770 700.0
5734 5740 0.3861 700.0
5734 5747 0.5537 700.0
5734 5753 0.5296 700.0
5734 5760 0.6426 700.0
5734 5766 0.8858 700.0
5740 5747 0.3850 700.0
5740 5753 0.5540 700.0
5740 5760 0.5177 700.0
5740 5766 0.6309 700.0
5740 5772 0.8695 700.0
5747 5753 0.3864 700.0
5747 5760 0.5466 700.0
5747 5766 0.5109 700.0
5747 5772 0.6115 700.0
5747 5779 0.8746 700.0
5753 5760 0.3863 700.0
5753 5766 0.5484 700.0
5753 5772 0.5012 700.0
5753 5779 0.6262 700.0
5760 5766 0.3842 700.0
5760 5772 0.5491 700.0
5760 5779 0.5316 700.0
5760 5786 0.7002 700.0
5760 5791 0.8842 700.0
5760 5797 0.8565 700.0
5766 5772 0.3857 700.0
5766 5779 0.5567 700.0
5766 5786 0.5646 700.0
5766 5791 0.8775 700.0
5766 5878 0.7990 700.0
5772 5779 0.3860 700.0
5772 5786 0.5496 700.0
5772 5791 0.8887 700.0
5779 5786 0.3873 700.0
5779 5791 0.5879 700.0
5779 5797 0.7667 700.0
5786 5791 0.3849 700.0
5786 5797 0.6628 700.0
5786 5870 0.8966 700.0
5786 5878 0.8151 700.0
5791 5797 0.3819 700.0
5791 5805 0.7023 700.0
5791 5858 0.8078 700.0
5791 5864 0.7669 700.0
5791 5870 0.8029 700.0
5791 5878 0.8835 700.0
5797 5805 0.3827 700.0
5797 5811 0.7186 700.0
5797 5853 0.8768 700.0
5797 5858 0.6043 700.0
5797 5864 0.5210 700.0
5797 5870 0.7209 700.0
5797 5878 0.8448 700.0
5805 5811 0.3838 700.0
5805 5817 0.7031 700.0
5805 5847 0.6420 700.0
5805 5853 0.5463 700.0
5805 5858 0.4253 700.0
5805 5864 0.5244 700.0
5805 5870 0.8609 700.0
5811 5817 0.3829 700.0
5811 5823 0.6331 700.0
5811 5841 0.8229 700.0
5811 5847 0.5724 700.0
5811 5853 0.5238 700.0
5811 5858 0.6465 700.0
5811 5864 0.7238 700.0
5817 5823 0.3848 700.0
5817 5829 0.6474 700.0
5817 5835 0.5545 700.0
5817 5841 0.5349 700.0
5817 5847 0.4599 700.0
5817 5853 0.5919 700.0
5817 5858 0.8790 700.0
5823 5829 0.3843 700.0
5823 5835 0.5462 700.0
5823 5841 0.5418 700.0
5823 5847 0.6438 700.0
5823 5853 0.6440 700.0
5829 5835 0.3867 700.0
5829 5841 0.5503 700.0
5829 5847 0.8393 700.0
5835 5841 0.3866 700.0
5835 5847 0.6781 700.0
5841 5847 0.3844 700.0
5841 5853 0.6305 700.0
5847 5853 0.3833 700.0
5847 5858 0.6611 700.0
5853 5858 0.3855 700.0
5853 5864 0.6660 700.0
5858 5864 0.3835 700.0
5858 5870 0.6528 700.0
5864 5870 0.3824 700.0
5864 5878 0.6578 700.0
5870 5878 0.3819 700.0
5870 5884 0.6317 700.0
5878 5884 0.3836 700.0
6196 6202 0.3826 700.0
6196 6208 0.6623 700.0
6196 6420 0.8241 700.0
6196 6426 0.5712 700.0
6196 6432 0.5543 700.0
6196 6437 0.5674 700.0
6196 6443 0.5815 700.0
6196 6463 0.7331 700.0
6202 6208 0.3829 700.0
6202 6214 0.6909 700.0
6202 6413 0.6629 700.0
6202 6420 0.5607 700.0
6202 6426 0.4292 700.0
6202 6432 0.6618 700.0
6202 6437 0.8500 700.0
6202 6443 0.8841 700.0
6202 6463 0.8078 700.0
6208 6214 0.3826 700.0
6208 6220 0.6237 700.0
6208 6407 0.8420 700.0
6208 6413 0.5756 700.0
6208 6420 0.5233 700.0
6208 6426 0.6448 700.0
6208 6432 0.8809 700.0
6208 6463 0.7429 700.0
6214 6220 0.3849 700.0
6214 6226 0.6598 700.0
6214 6377 0.8721 700.0
6214 6401 0.6256 700.0
6214 6407 0.5852 700.0
6214 6413 0.4659 700.0
6214 6420 0.6318 700.0
6214 6426 0.8872 700.0
6220 6226 0.3831 700.0
6220 6232 0.5920 700.0
6220 6238 0.8955 700.0
6220 6396 0.8433 700.0
6220 6401 0.5481 700.0
6220 6407 0.5074 700.0
6220 6413 0.5973 700.0
6220 6420 0.6763 700.0
6226 6232 0.3831 700.0
6226 6238 0.5575 700.0
6226 6244 0.6164 700.0
6226 6250 0.7796 700.0
6226 6396 0.6293 700.0
6226 6401 0.4858 700.0
6226 6407 0.6698 700.0
6226 6413 0.8981 700.0
6232 6238 0.3851 700.0
6232 6244 0.5482 700.0
6232 6250 0.5628 700.0
6232 6258 0.7660 700.0
6232 6264 0.8335 700.0
6232 6283 0.7786 700.0
6232 6390 0.8917 700.0
6232 6396 0.5158 700.0
6232 6401 0.5521 700.0
6232 6407 0.6548 700.0
6238 6244 0.3846 700.0
6238 6250 0.5749 700.0
6238 6258 0.7784 700.0
6238 6396 0.6073 700.0
6238 6401 0.7917 700.0
6244 6250 0.3847 700.0
6244 6258 0.7168 700.0
6244 6534 0.7673 700.0
6250 6258 0.3817 700.0
6250 6264 0.6729 700.0
6250 6271 0.8161 700.0
6250 6277 0.6144 700.0
6250 6283 0.6621 700.0
6250 6510 0.7904 700.0
6250 6528 0.8444 700.0
6250 6534 0.7711 700.0
6258 6264 0.3840 700.0
6258 6271 0.5329 700.0
6258 6277 0.5231 700.0
6258 6283 0.6316 700.0
6258 6290 0.8608 700.0
6264 6271 0.3848 700.0
6264 6277 0.5621 700.0
6264 6283 0.5115 700.0
6264 6290 0.6051 700.0
6264 6296 0.8685 700.0
6271 6277 0.3855 700.0
6271 6283 0.5386 700.0
6271 6290 0.4974 700.0
6271 6296 0.6222 700.0
6277 6283 0.3838 700.0
6277 6290 0.5505 700.0
6277 6296 0.5162 700.0
6277 6304 0.6878 700.0
6277 6510 0.7837 700.0
6277 6528 0.8253 700.0
6283 6290 0.3835 700.0
6283 6296 0.5408 700.0
6283 6304 0.5460 700.0
6283 6310 0.7754 700.0
6283 6510 0.8791 700.0
6290 6296 0.3859 700.0
6290 6304 0.5482 700.0
6290 6310 0.5922 700.0
6290 6316 0.7370 700.0
6296 6304 0.3880 700.0
6296 6310 0.5361 700.0
6296 6316 0.5037 700.0
6296 6322 0.6199 700.0
6296 6328 0.8655 700.0
6304 6310 0.3855 700.0
6304 6316 0.5442 700.0
6304 6322 0.5023 700.0
6304 6328 0.6055 700.0
6304 6333 0.8060 700.0
6304 6345 0.8390 700.0
6304 6482 0.6475 700.0
6304 6502 0.8517 700.0
6304 6510 0.8800 700.0
6310 6316 0.3838 700.0
6310 6322 0.5523 700.0
6310 6328 0.5263 700.0
6310 6333 0.5200 700.0
6310 6339 0.7960 700.0
6310 6345 0.6792 700.0
6310 6351 0.8487 700.0
6310 6358 0.8632 700.0
6316 6322 0.3841 700.0
6316 6328 0.5619 700.0
6316 6333 0.5791 700.0
6322 6328 0.3847 700.0
6322 6333 0.6445 700.0
6322 6457 0.8442 700.0
6322 6475 0.8026 700.0
6322 6482 0.7561 700.0
6322 6502 0.8897 700.0
6328 6333 0.3878 700.0
6328 6339 0.5546 700.0
6328 6345 0.5825 700.0
6328 6432 0.8676 700.0
6328 6457 0.5996 700.0
6328 6463 0.8607 700.0
6328 6475 0.8017 700.0
6328 6482 0.7694 700.0
6333 6339 0.3872 700.0
6333 6345 0.5552 700.0
6333 6351 0.8349 700.0
6339 6345 0.3840 700.0
6339 6351 0.6736 700.0
6339 6426 0.8869 700.0
6339 6432 0.6539 700.0
6339 6437 0.8174 700.0
6339 6457 0.7888 700.0
6345 6351 0.3804 700.0
6345 6358 0.6518 700.0
6345 6420 0.6758 700.0
6345 6426 0.5684 700.0
6345 6432 0.4749 700.0
6345 6437 0.7793 700.0
6345 6457 0.7236 700.0
6345 6463 0.8438 700.0
6351 6358 0.3823 700.0
6351 6365 0.6650 700.0
6351 6413 0.8207 700.0
6351 6420 0.5976 700.0
6351 6426 0.5062 700.0
6351 6432 0.6374 700.0
6358 6365 0.3802 700.0
6358 6371 0.6584 700.0
6358 6407 0.6896 700.0
6358 6413 0.5700 700.0
6358 6420 0.4787 700.0
6358 6426 0.6285 700.0
6358 6432 0.8924 700.0
6365 6371 0.3815 700.0
6365 6377 0.6323 700.0
6365 6407 0.5992 700.0
6365 6413 0.4970 700.0
6365 6420 0.6539 700.0
6365 6426 0.7940 700.0
6371 6377 0.3824 700.0
6371 6382 0.6994 700.0
6371 6396 0.8787 700.0
6371 6401 0.7417 700.0
6371 6407 0.5044 700.0
6371 6413 0.6421 700.0
6371 6420 0.8973 700.0
6377 6382 0.3818 700.0
6377 6390 0.6844 700.0
6377 6396 0.6930 700.0
6377 6401 0.5244 700.0
6377 6407 0.4894 700.0
6377 6413 0.6456 700.0
6382 6390 0.3878 700.0
6382 6396 0.5877 700.0
6382 6401 0.6017 700.0
6382 6407 0.7691 700.0
6390 6396 0.3848 700.0
6390 6401 0.5709 700.0
6390 6407 0.8834 700.0
6396 6401 0.3850 700.0
6396 6407 0.6675 700.0
6401 6407 0.3853 700.0
6401 6413 0.6716 700.0
6407 6413 0.3838 700.0
6407 6420 0.6430 700.0
6413 6420 0.3814 700.0
6413 6426 0.6449 700.0
6420 6426 0.3831 700.0
6420 6432 0.6821 700.0
6420 6463 0.7721 700.0
6426 6432 0.3846 700.0
6426 6437 0.7283 700.0
6426 6457 0.8821 700.0
6426 6463 0.7717 700.0
6432 6437 0.3813 700.0
6432 6443 0.6646 700.0
6432 6451 0.8243 700.0
6432 6457 0.6159 700.0
6432 6463 0.6547 700.0
6437 6443 0.3839 700.0
6437 6451 0.5618 700.0
6437 6457 0.5421 700.0
6437 6463 0.6522 700.0
6437 6469 0.8848 700.0
6443 6451 0.3856 700.0
6443 6457 0.5543 700.0
6443 6463 0.5243 700.0
6443 6469 0.6222 700.0
6443 6475 0.8777 700.0
6451 6457 0.3832 700.0
6451 6463 0.5460 700.0
6451 6469 0.4977 700.0
6451 6475 0.6149 700.0
6451 6482 0.8609 700.0
6457 6463 0.3851 700.0
6457 6469 0.5450 700.0
6457 6475 0.5177 700.0
6457 6482 0.6242 700.0
6457 6488 0.8647 700.0
6463 6469 0.3854 700.0
6463 6475 0.5558 700.0
6463 6482 0.5152 700.0
6463 6488 0.6164 700.0
6463 6496 0.8682 700.0
6469 6475 0.3868 700.0
6469 6482 0.5473 700.0
6469 6488 0.5092 700.0
6469 6496 0.6187 700.0
6469 6502 0.8689 700.0
6475 6482 0.3830 700.0
6475 6488 0.5468 700.0
6475 6496 0.5113 700.0
6475 6502 0.6154 700.0
6475 6510 0.8607 700.0
6482 6488 0.3813 700.0
6482 6496 0.5469 700.0
6482 6502 0.5192 700.0
6482 6510 0.6091 700.0
6482 6516 0.8452 700.0
6488 6496 0.3838 700.0
6488 6502 0.5594 700.0
6488 6510 0.5294 700.0
6488 6516 0.6004 700.0
6488 6522 0.8669 700.0
6496 6502 0.3844 700.0
6496 6510 0.5605 700.0
6496 6516 0.5173 700.0
6496 6522 0.6302 700.0
6496 6528 0.8775 700.0
6502 6510 0.3839 700.0
6502 6516 0.5528 700.0
6502 6522 0.5314 700.0
6502 6528 0.6364 700.0
6502 6534 0.8723 700.0
6510 6516 0.3851 700.0
6510 6522 0.5481 700.0
6510 6528 0.5067 700.0
6510 6534 0.6044 700.0
6510 6542 0.8698 700.0
6516 6522 0.3853 700.0
6516 6528 0.5499 700.0
6516 6534 0.5078 700.0
6516 6542 0.6330 700.0
6516 6548 0.8795 700.0
6522 6528 0.3855 700.0
6522 6534 0.5510 700.0
6522 6542 0.5307 700.0
6522 6548 0.6431 700.0
6522 6554 0.8872 700.0
6528 6534 0.3842 700.0
6528 6542 0.5511 700.0
6528 6548 0.5143 700.0
6528 6554 0.6282 700.0
6528 6560 0.8917 700.0
6534 6542 0.3860 700.0
6534 6548 0.5492 700.0
6534 6554 0.5171 700.0
6534 6560 0.6485 700.0
6534 6566 0.8924 700.0
6542 6548 0.3855 700.0
6542 6554 0.5503 700.0
6542 6560 0.5378 700.0
6542 6566 0.6532 700.0
6548 6554 0.3852 700.0
6548 6560 0.5610 700.0
6548 6566 0.5269 700.0
6548 6572 0.6594 700.0
6554 6560 0.3856 700.0
6554 6566 0.5454 700.0
6554 6572 0.5293 700.0
6554 6579 0.6792 700.0
6560 6566 0.3862 700.0
6560 6572 0.5530 700.0
6560 6579 0.5535 700.0
6560 6585 0.7380 700.0
6566 6572 0.3873 700.0
6566 6579 0.5682 700.0
6566 6585 0.6049 700.0
6566 6591 0.8212 700.0
6572 6579 0.3862 700.0
6572 6585 0.5684 700.0
6572 6591 0.6368 700.0
6579 6585 0.3879 700.0
6579 6591 0.5767 700.0
6585 6591 0.3886 700.0
6786 6792 0.3849 700.0
6786 6798 0.5559 700.0
6786 6806 0.8359 700.0
6786 7071 0.8602 700.0
6792 6798 0.3853 700.0
6792 6806 0.7170 700.0
6792 7065 0.8421 700.0
6792 7071 0.5895 700.0
6792 7077 0.5649 700.0
6792 7085 0.7521 700.0
6792 7127 0.8302 700.0
6792 7151 0.8573 700.0
6798 6806 0.3830 700.0
6798 6814 0.6716 700.0
6798 7059 0.6305 700.0
6798 7065 0.5220 700.0
6798 7071 0.4177 700.0
6798 7077 0.6018 700.0
6798 7151 0.8706 700.0
6806 6814 0.3800 700.0
6806 6820 0.6380 700.0
6806 7053 0.8023 700.0
6806 7059 0.5547 700.0
6806 7065 0.5063 700.0
6806 7071 0.6628 700.0
6806 7077 0.8429 700.0
6806 7151 0.8390 700.0
6806 7178 0.8650 700.0
6814 6820 0.3836 700.0
6814 6825 0.7018 700.0
6814 7024 0.7997 700.0
6814 7047 0.6457 700.0
6814 7053 0.5587 700.0
6814 7059 0.4555 700.0
6814 7065 0.6450 700.0
6814 7071 0.8935 700.0
6820 6825 0.3842 700.0
6820 6831 0.6327 700.0
6820 6836 0.8756 700.0
6820 6842 0.7319 700.0
6820 6850 0.6592 700.0
6820 7041 0.8720 700.0
6820 7047 0.5657 700.0
6820 7053 0.5351 700.0
6820 7059 0.6585 700.0
6820 7065 0.7953 700.0
6825 6831 0.3848 700.0
6825 6836 0.5709 700.0
6825 6842 0.5582 700.0
6825 6850 0.6263 700.0
6825 6858 0.8813 700.0
6825 7041 0.5900 700.0
6825 7047 0.4534 700.0
6825 7053 0.6177 700.0
6825 7059 0.8991 700.0
6831 6836 0.3891 700.0
6831 6842 0.5557 700.0
6831 6850 0.5024 700.0
6831 6858 0.6111 700.0
6831 6864 0.8579 700.0
6831 7018 0.8305 700.0
6831 7035 0.8228 700.0
6831 7041 0.5089 700.0
6831 7047 0.4888 700.0
6831 7053 0.5563 700.0
6836 6842 0.3840 700.0
6836 6850 0.5513 700.0
6836 6858 0.5250 700.0
6836 6864 0.6255 700.0
6836 6872 0.8697 700.0
6836 7041 0.7408 700.0
6836 7047 0.8393 700.0
6842 6850 0.3826 700.0
6842 6858 0.5473 700.0
6842 6864 0.4988 700.0
6842 6872 0.6104 700.0
6842 6880 0.8660 700.0
6842 7196 0.8682 700.0
6842 7223 0.6409 700.0
6850 6858 0.3841 700.0
6850 6864 0.5389 700.0
6850 6872 0.4981 700.0
6850 6880 0.6236 700.0
6850 6887 0.8534 700.0
6850 7047 0.8772 700.0
6850 7053 0.7512 700.0
6850 7196 0.8155 700.0
6850 7223 0.8591 700.0
6858 6864 0.3824 700.0
6858 6872 0.5424 700.0
6858 6880 0.5073 700.0
6858 6887 0.6058 700.0
6858 6895 0.8747 700.0
6864 6872 0.3843 700.0
6864 6880 0.5451 700.0
6864 6887 0.4894 700.0
6864 6895 0.6214 700.0
6864 6901 0.8319 700.0
6864 7217 0.8682 700.0
6864 7223 0.7963 700.0
6872 6880 0.3860 700.0
6872 6887 0.5411 700.0
6872 6895 0.5350 700.0
6872 6901 0.5662 700.0
6872 6906 0.7511 700.0
6872 6918 0.8842 700.0
6872 7196 0.6756 700.0
6872 7217 0.6752 700.0
6872 7223 0.7199 700.0
6880 6887 0.3830 700.0
6880 6895 0.5677 700.0
6880 6901 0.5161 700.0
6880 6906 0.4711 700.0
6880 6912 0.7891 700.0
6880 6918 0.7918 700.0
6880 6925 0.8256 700.0
6887 6895 0.3860 700.0
6887 6901 0.5800 700.0
6887 6906 0.5786 700.0
6895 6901 0.3858 700.0
6895 6906 0.6200 700.0
6895 7217 0.8300 700.0
6901 6906 0.3886 700.0
6901 6912 0.5755 700.0
6901 6918 0.5423 700.0
6901 6925 0.8123 700.0
6901 7217 0.8800 700.0
6906 6912 0.3849 700.0
6906 6918 0.5784 700.0
6906 6925 0.7342 700.0
6906 6931 0.8344 700.0
6912 6918 0.3838 700.0
6912 6925 0.5765 700.0
6912 6931 0.5423 700.0
6912 6937 0.6120 700.0
6912 6943 0.8861 700.0
6918 6925 0.3846 700.0
6918 6931 0.5503 700.0
6918 6937 0.4965 700.0
6918 6943 0.6290 700.0
6918 6949 0.8726 700.0
6918 7170 0.8477 700.0
6918 7190 0.8676 700.0
6925 6931 0.3847 700.0
6925 6937 0.5399 700.0
6925 6943 0.5222 700.0
6925 6949 0.6310 700.0
6925 6955 0.8768 700.0
6925 6994 0.7643 700.0
6925 7170 0.7672 700.0
6931 6937 0.3850 700.0
6931 6943 0.5523 700.0
6931 6949 0.5098 700.0
6931 6955 0.6215 700.0
6931 6962 0.8539 700.0
6931 6988 0.8731 700.0
6931 6994 0.8573 700.0
6937 6943 0.3851 700.0
6937 6949 0.5512 700.0
6937 6955 0.5247 700.0
6937 6962 0.5953 700.0
6937 6969 0.8571 700.0
6943 6949 0.3849 700.0
6943 6955 0.5526 700.0
6943 6962 0.5093 700.0
6943 6969 0.6006 700.0
6943 6977 0.7985 700.0
6943 6982 0.7623 700.0
6943 6988 0.8798 700.0
6943 6994 0.8845 700.0
6943 7145 0.6183 700.0
6943 7151 0.8888 700.0
6943 7164 0.7377 700.0
6943 7170 0.7241 700.0
6949 6955 0.3851 700.0
6949 6962 0.5680 700.0
6949 6969 0.5686 700.0
6949 6977 0.5550 700.0
6949 6982 0.4742 700.0
6949 6988 0.5504 700.0
6949 6994 0.6812 700.0
6949 7145 0.7482 700.0
6955 6962 0.3842 700.0
6955 6969 0.5764 700.0
6955 6977 0.5339 700.0
6955 6982 0.6975 700.0
6955 6988 0.8433 700.0
6962 6969 0.3827 700.0
6962 6977 0.5885 700.0
6962 6982 0.8053 700.0
6962 7116 0.8850 700.0
6962 7145 0.8116 700.0
6969 6977 0.3861 700.0
6969 6982 0.5598 700.0
6969 6988 0.8993 700.0
6969 7091 0.8837 700.0
6969 7110 0.8769 700.0
6969 7116 0.5415 700.0
6969 7121 0.5406 700.0
6969 7127 0.7171 700.0
6969 7139 0.7234 700.0
6969 7145 0.5783 700.0
6977 6982 0.3846 700.0
6977 6988 0.7102 700.0
6977 7091 0.6699 700.0
6977 7097 0.7199 700.0
6977 7110 0.6988 700.0
6977 7116 0.4353 700.0
6977 7121 0.6818 700.0
6977 7127 0.8225 700.0
6977 7145 0.8527 700.0
6982 6988 0.3811 700.0
6982 6994 0.6606 700.0
6982 7077 0.6615 700.0
6982 7085 0.5714 700.0
6982 7091 0.4671 700.0
6982 7097 0.6809 700.0
6982 7110 0.8731 700.0
6982 7116 0.5562 700.0
6982 7121 0.7199 700.0
6982 7127 0.6610 700.0
6982 7145 0.7329 700.0
6988 6994 0.3830 700.0
6988 7000 0.6393 700.0
6988 7071 0.8070 700.0
6988 7077 0.5859 700.0
6988 7085 0.5236 700.0
6988 7091 0.6338 700.0
6988 7097 0.8257 700.0
6994 7000 0.3813 700.0
6994 7006 0.6373 700.0
6994 7065 0.6166 700.0
6994 7071 0.5528 700.0
6994 7077 0.4781 700.0
6994 7085 0.6489 700.0
7000 7006 0.3820 700.0
7000 7012 0.6536 700.0
7000 7059 0.8021 700.0
7000 7065 0.5667 700.0
7000 7071 0.5019 700.0
7000 7077 0.6565 700.0
7000 7085 0.7809 700.0
7006 7012 0.3829 700.0
7006 7018 0.6988 700.0
7006 7053 0.6838 700.0
7006 7059 0.5840 700.0
7006 7065 0.4778 700.0
7006 7071 0.6497 700.0
7012 7018 0.3824 700.0
7012 7024 0.6064 700.0
7012 7047 0.8876 700.0
7012 7053 0.5813 700.0
7012 7059 0.5157 700.0
7012 7065 0.6558 700.0
7012 7071 0.7951 700.0
7018 7024 0.3853 700.0
7018 7030 0.5724 700.0
7018 7035 0.7234 700.0
7018 7041 0.7957 700.0
7018 7047 0.6163 700.0
7018 7053 0.4585 700.0
7018 7059 0.6009 700.0
7018 7065 0.8836 700.0
7024 7030 0.3842 700.0
7024 7035 0.7216 700.0
7024 7041 0.8085 700.0
7024 7047 0.5716 700.0
7024 7053 0.5538 700.0
7024 7059 0.5773 700.0
7030 7035 0.3899 700.0
7030 7041 0.5587 700.0
7030 7047 0.5104 700.0
7030 7053 0.7126 700.0
7030 7059 0.8848 700.0
7035 7041 0.3873 700.0
7035 7047 0.6099 700.0
7035 7053 0.8587 700.0
7041 7047 0.3887 700.0
7041 7053 0.7079 700.0
7047 7053 0.3826 700.0
7047 7059 0.6758 700.0
7053 7059 0.3813 700.0
7053 7065 0.6499 700.0
7059 7065 0.3825 700.0
7059 7071 0.6264 700.0
7065 7071 0.3825 700.0
7065 7077 0.6496 700.0
7071 7077 0.3826 700.0
7071 7085 0.6489 700.0
7077 7085 0.3828 700.0
7077 7091 0.6874 700.0
7077 7127 0.6796 700.0
7077 7145 0.8170 700.0
7077 7151 0.7552 700.0
7085 7091 0.3848 700.0
7085 7097 0.7014 700.0
7085 7116 0.8620 700.0
7085 7127 0.7245 700.0
7091 7097 0.3826 700.0
7091 7103 0.5970 700.0
7091 7110 0.7034 700.0
7091 7116 0.5307 700.0
7091 7121 0.7430 700.0
7091 7127 0.6473 700.0
7097 7103 0.3916 700.0
7097 7110 0.5895 700.0
7097 7116 0.6198 700.0
7103 7110 0.3918 700.0
7103 7116 0.6203 700.0
7110 7116 0.3859 700.0
7110 7121 0.6820 700.0
7116 7121 0.3840 700.0
7116 7127 0.5990 700.0
7116 7145 0.8547 700.0
7121 7127 0.3823 700.0
7121 7133 0.5682 700.0
7121 7139 0.5578 700.0
7121 7145 0.6231 700.0
7121 7151 0.8797 700.0
7127 7133 0.3829 700.0
7127 7139 0.5633 700.0
7127 7145 0.5094 700.0
7127 7151 0.6182 700.0
7127 7158 0.8684 700.0
7133 7139 0.3844 700.0
7133 7145 0.5414 700.0
7133 7151 0.5135 700.0
7133 7158 0.6169 700.0
7133 7164 0.8497 700.0
7139 7145 0.3849 700.0
7139 7151 0.5491 700.0
7139 7158 0.5101 700.0
7139 7164 0.5933 700.0
7139 7170 0.8490 700.0
7145 7151 0.3860 700.0
7145 7158 0.5581 700.0
7145 7164 0.5112 700.0
7145 7170 0.6135 700.0
7145 7178 0.8598 700.0
7151 7158 0.3835 700.0
7151 7164 0.5465 700.0
7151 7170 0.5117 700.0
7151 7178 0.6010 700.0
7151 7184 0.8515 700.0
7158 7164 0.3834 700.0
7158 7170 0.5455 700.0
7158 7178 0.5069 700.0
7158 7184 0.5973 700.0
7158 7190 0.8448 700.0
7164 7170 0.3834 700.0
7164 7178 0.5630 700.0
7164 7184 0.5350 700.0
7164 7190 0.6145 700.0
7164 7196 0.8437 700.0
7170 7178 0.3851 700.0
7170 7184 0.5583 700.0
7170 7190 0.5278 700.0
7170 7196 0.5831 700.0
7170 7204 0.8385 700.0
7178 7184 0.3848 700.0
7178 7190 0.5610 700.0
7178 7196 0.5127 700.0
7178 7204 0.5922 700.0
7178 7210 0.8432 700.0
7184 7190 0.3825 700.0
7184 7196 0.5565 700.0
7184 7204 0.5282 700.0
7184 7210 0.6061 700.0
7184 7217 0.8718 700.0
7190 7196 0.3838 700.0
7190 7204 0.5553 700.0
7190 7210 0.5142 700.0
7190 7217 0.6302 700.0
7190 7223 0.8619 700.0
7196 7204 0.3835 700.0
7196 7210 0.5554 700.0
7196 7217 0.5395 700.0
7196 7223 0.6054 700.0
7204 7210 0.3852 700.0
7204 7217 0.5520 700.0
7204 7223 0.5123 700.0
7210 7217 0.3840 700.0
7210 7223 0.5759 700.0
7217 7223 0.3869 700.0
7240 7246 0.3777 700.0
7240 7253 0.6813 700.0
7240 7485 0.6646 700.0
7240 7491 0.5020 700.0
7240 7496 0.5091 700.0
7240 7502 0.7266 700.0
7246 7253 0.3783 700.0
7246 7259 0.6612 700.0
7246 7479 0.8099 700.0
7246 7485 0.5806 700.0
7246 7491 0.5674 700.0
7246 7496 0.5994 700.0
7246 7502 0.6270 700.0
7246 7520 0.8070 700.0
7253 7259 0.3812 700.0
7253 7265 0.6977 700.0
7253 7473 0.6975 700.0
7253 7479 0.5682 700.0
7253 7485 0.4554 700.0
7253 7491 0.6785 700.0
7253 7496 0.8602 700.0
7253 7502 0.8711 700.0
7253 7520 0.8302 700.0
7259 7265 0.3819 700.0
7259 7271 0.6857 700.0
7259 7467 0.8394 700.0
7259 7473 0.5881 700.0
7259 7479 0.5266 700.0
7259 7485 0.6657 700.0
7259 7491 0.8877 700.0
7259 7520 0.7497 700.0
7265 7271 0.3843 700.0
7265 7277 0.6516 700.0
7265 7461 0.6758 700.0
7265 7467 0.5627 700.0
7265 7473 0.4426 700.0
7265 7479 0.6021 700.0
7265 7485 0.8798 700.0
7271 7277 0.3817 700.0
7271 7283 0.6491 700.0
7271 7456 0.8726 700.0
7271 7461 0.5721 700.0
7271 7467 0.5045 700.0
7271 7473 0.6416 700.0
7271 7479 0.7684 700.0
7271 7544 0.7895 700.0
7277 7283 0.3850 700.0
7277 7289 0.6973 700.0
7277 7295 0.8854 700.0
7277 7320 0.8267 700.0
7277 7451 0.8995 700.0
7277 7456 0.6213 700.0
7277 7461 0.4290 700.0
7277 7467 0.6191 700.0
7277 7473 0.8591 700.0
7283 7289 0.3829 700.0
7283 7295 0.5733 700.0
7283 7301 0.7361 700.0
7283 7314 0.7026 700.0
7283 7320 0.6056 700.0
7283 7451 0.8928 700.0
7283 7456 0.5225 700.0
7283 7461 0.5748 700.0
7283 7467 0.7483 700.0
7289 7295 0.3879 700.0
7289 7301 0.7240 700.0
7289 7307 0.8843 700.0
7289 7314 0.7218 700.0
7289 7320 0.7928 700.0
7289 7456 0.6360 700.0
7289 7461 0.8496 700.0
7295 7301 0.3860 700.0
7295 7307 0.5398 700.0
7295 7314 0.5302 700.0
7295 7320 0.6315 700.0
7295 7326 0.8783 700.0
7295 7451 0.7618 700.0
7295 7456 0.4984 700.0
7295 7461 0.8437 700.0
7301 7307 0.3867 700.0
7301 7314 0.5448 700.0
7301 7320 0.4863 700.0
7301 7326 0.6081 700.0
7301 7332 0.8581 700.0
7301 7438 0.7682 700.0
7301 7444 0.7491 700.0
7301 7451 0.5512 700.0
7301 7456 0.3871 700.0
7301 7461 0.7424 700.0
7307 7314 0.3816 700.0
7307 7320 0.5445 700.0
7307 7326 0.5203 700.0
7307 7332 0.6283 700.0
7307 7339 0.8795 700.0
7307 7456 0.7434 700.0
7314 7320 0.3834 700.0
7314 7326 0.5476 700.0
7314 7332 0.5065 700.0
7314 7339 0.6279 700.0
7314 7347 0.8531 700.0
7314 7456 0.7396 700.0
7320 7326 0.3844 700.0
7320 7332 0.5477 700.0
7320 7339 0.5237 700.0
7320 7347 0.6045 700.0
7320 7354 0.8723 700.0
7320 7438 0.6562 700.0
7320 7444 0.8502 700.0
7320 7451 0.8381 700.0
7320 7456 0.5320 700.0
7320 7461 0.6683 700.0
7320 7467 0.6472 700.0
7326 7332 0.3850 700.0
7326 7339 0.5510 700.0
7326 7347 0.4898 700.0
7326 7354 0.6243 700.0
7326 7360 0.8709 700.0
7326 7438 0.6694 700.0
7326 7456 0.7923 700.0
7326 7467 0.8539 700.0
7332 7339 0.3837 700.0
7332 7347 0.5436 700.0
7332 7354 0.5281 700.0
7332 7360 0.6332 700.0
7332 7366 0.8640 700.0
7339 7347 0.3838 700.0
7339 7354 0.5433 700.0
7339 7360 0.5058 700.0
7339 7366 0.5858 700.0
7339 7372 0.8296 700.0
7339 7467 0.8684 700.0
7339 7564 0.7326 700.0
7347 7354 0.3849 700.0
7347 7360 0.5620 700.0
7347 7366 0.5293 700.0
7347 7372 0.5925 700.0
7347 7378 0.8643 700.0
7347 7425 0.6352 700.0
7347 7431 0.7499 700.0
7347 7438 0.7241 700.0
7347 7467 0.7474 700.0
7354 7360 0.3839 700.0
7354 7366 0.5635 700.0
7354 7372 0.5282 700.0
7354 7378 0.6468 700.0
7360 7366 0.3845 700.0
7360 7372 0.5633 700.0
7360 7378 0.5426 700.0
7360 7386 0.6666 700.0
7360 7392 0.8831 700.0
7366 7372 0.3868 700.0
7366 7378 0.5348 700.0
7366 7386 0.5090 700.0
7366 7392 0.5739 700.0
7366 7400 0.8309 700.0
7366 7413 0.8251 700.0
7366 7425 0.8066 700.0
7366 7538 0.6708 700.0
7366 7557 0.8352 700.0
7366 7564 0.8715 700.0
7372 7378 0.3833 700.0
7372 7386 0.5551 700.0
7372 7392 0.5333 700.0
7372 7400 0.5913 700.0
7372 7406 0.8430 700.0
7372 7413 0.7060 700.0
7372 7419 0.7658 700.0
7372 7425 0.7066 700.0
7378 7386 0.3850 700.0
7378 7392 0.5975 700.0
7378 7400 0.6454 700.0
7386 7392 0.3849 700.0
7386 7400 0.6188 700.0
7386 7413 0.8999 700.0
7386 7538 0.8711 700.0
7392 7400 0.3834 700.0
7392 7406 0.5481 700.0
7392 7413 0.5385 700.0
7392 7419 0.8435 700.0
7392 7514 0.6976 700.0
7392 7532 0.8952 700.0
7392 7538 0.7630 700.0
7400 7406 0.3870 700.0
7400 7413 0.5657 700.0
7400 7419 0.7857 700.0
7406 7413 0.3838 700.0
7406 7419 0.6537 700.0
7406 7485 0.8788 700.0
7406 7491 0.6550 700.0
7406 7496 0.8203 700.0
7406 7514 0.7737 700.0
7413 7419 0.3827 700.0
7413 7425 0.6158 700.0
7413 7479 0.6703 700.0
7413 7485 0.5807 700.0
7413 7491 0.4822 700.0
7413 7496 0.7586 700.0
7413 7514 0.6623 700.0
7413 7520 0.7413 700.0
7413 7538 0.8687 700.0
7419 7425 0.3830 700.0
7419 7431 0.6745 700.0
7419 7473 0.8107 700.0
7419 7479 0.5996 700.0
7419 7485 0.5050 700.0
7419 7491 0.6383 700.0
7425 7431 0.3824 700.0
7425 7438 0.6797 700.0
7425 7467 0.6559 700.0
7425 7473 0.5725 700.0
7425 7479 0.4869 700.0
7425 7485 0.6430 700.0
7425 7491 0.8789 700.0
7431 7438 0.3818 700.0
7431 7444 0.6702 700.0
7431 7461 0.8089 700.0
7431 7467 0.5575 700.0
7431 7473 0.5046 700.0
7431 7479 0.6718 700.0
7431 7485 0.8441 700.0
7438 7444 0.3820 700.0
7438 7451 0.6694 700.0
7438 7456 0.6499 700.0
7438 7461 0.5610 700.0
7438 7467 0.4660 700.0
7438 7473 0.6401 700.0
7444 7451 0.3822 700.0
7444 7456 0.5671 700.0
7444 7461 0.5270 700.0
7444 7467 0.6668 700.0
7444 7473 0.8045 700.0
7451 7456 0.3865 700.0
7451 7461 0.5665 700.0
7451 7467 0.8574 700.0
7456 7461 0.3850 700.0
7456 7467 0.6681 700.0
7461 7467 0.3830 700.0
7461 7473 0.6481 700.0
7467 7473 0.3810 700.0
7467 7479 0.6222 700.0
7473 7479 0.3833 700.0
7473 7485 0.6574 700.0
7479 7485 0.3839 700.0
7479 7491 0.6578 700.0
7479 7520 0.6499 700.0
7479 7538 0.8530 700.0
7485 7491 0.3836 700.0
7485 7496 0.7284 700.0
7485 7502 0.8981 700.0
7485 7514 0.8890 700.0
7485 7520 0.7345 700.0
7491 7496 0.3832 700.0
7491 7502 0.6633 700.0
7491 7508 0.8247 700.0
7491 7514 0.6313 700.0
7491 7520 0.6305 700.0
7496 7502 0.3836 700.0
7496 7508 0.5407 700.0
7496 7514 0.5290 700.0
7496 7520 0.6215 700.0
7496 7526 0.8563 700.0
7502 7508 0.3845 700.0
7502 7514 0.5655 700.0
7502 7520 0.5188 700.0
7502 7526 0.6035 700.0
7502 7532 0.8586 700.0
7508 7514 0.3851 700.0
7508 7520 0.5474 700.0
7508 7526 0.5076 700.0
7508 7532 0.6059 700.0
7508 7538 0.8490 700.0
7514 7520 0.3847 700.0
7514 7526 0.5507 700.0
7514 7532 0.5137 700.0
7514 7538 0.6010 700.0
7514 7544 0.8518 700.0
7520 7526 0.3842 700.0
7520 7532 0.5541 700.0
7520 7538 0.5102 700.0
7520 7544 0.6066 700.0
7520 7551 0.8524 700.0
7526 7532 0.3841 700.0
7526 7538 0.5502 700.0
7526 7544 0.5094 700.0
7526 7551 0.6087 700.0
7526 7557 0.8698 700.0
7532 7538 0.3852 700.0
7532 7544 0.5479 700.0
7532 7551 0.5005 700.0
7532 7557 0.6296 700.0
7532 7564 0.8685 700.0
7538 7544 0.3869 700.0
7538 7551 0.5430 700.0
7538 7557 0.5141 700.0
7538 7564 0.6245 700.0
7538 7570 0.8652 700.0
7544 7551 0.3820 700.0
7544 7557 0.5432 700.0
7544 7564 0.4974 700.0
7544 7570 0.6097 700.0
7544 7576 0.8577 700.0
7551 7557 0.3857 700.0
7551 7564 0.5454 700.0
7551 7570 0.5000 700.0
7551 7576 0.6085 700.0
7551 7582 0.8554 700.0
7557 7564 0.3822 700.0
7557 7570 0.5363 700.0
7557 7576 0.4976 700.0
7557 7582 0.6074 700.0
7557 7588 0.8539 700.0
7564 7570 0.3857 700.0
7564 7576 0.5587 700.0
7564 7582 0.5148 700.0
7564 7588 0.6274 700.0
7564 7596 0.8882 700.0
7570 7576 0.3873 700.0
7570 7582 0.5385 700.0
7570 7588 0.4948 700.0
7570 7596 0.6429 700.0
7576 7582 0.3835 700.0
7576 7588 0.5423 700.0
7576 7596 0.5128 700.0
7582 7588 0.3874 700.0
7582 7596 0.5366 700.0
7588 7596 0.3853 700.0
7697 7703 0.3817 700.0
7697 7709 0.6546 700.0
7697 7936 0.8078 700.0
7697 7942 0.5543 700.0
7697 7948 0.5020 700.0
7697 7954 0.6532 700.0
7697 7960 0.8942 700.0
7697 8050 0.7570 700.0
7697 8078 0.8526 700.0
7703 7709 0.3840 700.0
7703 7715 0.7014 700.0
7703 7721 0.8823 700.0
7703 7929 0.6135 700.0
7703 7936 0.5686 700.0
7703 7942 0.4570 700.0
7703 7948 0.6493 700.0
7709 7715 0.3817 700.0
7709 7721 0.6178 700.0
7709 7727 0.8807 700.0
7709 7733 0.7506 700.0
7709 7741 0.6671 700.0
7709 7923 0.8669 700.0
7709 7929 0.5500 700.0
7709 7936 0.5254 700.0
7709 7942 0.6512 700.0
7709 7948 0.8123 700.0
7715 7721 0.3848 700.0
7715 7727 0.5652 700.0
7715 7733 0.5351 700.0
7715 7741 0.6103 700.0
7715 7749 0.8761 700.0
7715 7923 0.6147 700.0
7715 7929 0.4642 700.0
7715 7936 0.6027 700.0
7715 7942 0.8845 700.0
7721 7727 0.3828 700.0
7721 7733 0.5443 700.0
7721 7741 0.4941 700.0
7721 7749 0.6145 700.0
7721 7756 0.8877 700.0
7721 7905 0.7179 700.0
7721 7911 0.8560 700.0
7721 7918 0.8120 700.0
7721 7923 0.5431 700.0
7721 7929 0.4694 700.0
7721 7936 0.4882 700.0
7721 7942 0.8622 700.0
7727 7733 0.3835 700.0
7727 7741 0.5511 700.0
7727 7749 0.5278 700.0
7727 7756 0.6800 700.0
7727 7923 0.7441 700.0
7727 7929 0.8098 700.0
7727 7936 0.8667 700.0
7733 7741 0.3844 700.0
7733 7749 0.5485 700.0
7733 7756 0.5429 700.0
7733 7762 0.6917 700.0
7733 7768 0.8708 700.0
7733 8124 0.8300 700.0
7741 7749 0.3866 700.0
7741 7756 0.5493 700.0
7741 7762 0.5292 700.0
7741 7768 0.5672 700.0
7741 7786 0.8226 700.0
7741 7929 0.8676 700.0
7741 7936 0.7065 700.0
7741 8096 0.8464 700.0
7741 8124 0.8998 700.0
7749 7756 0.3844 700.0
7749 7762 0.5402 700.0
7749 7768 0.4858 700.0
7749 7774 0.8118 700.0
7756 7762 0.3842 700.0
7756 7768 0.5853 700.0
7756 7774 0.8034 700.0
7756 8124 0.8718 700.0
7762 7768 0.3848 700.0
7762 7774 0.5795 700.0
7762 7780 0.5734 700.0
7762 7786 0.5970 700.0
7762 7792 0.8592 700.0
7762 8096 0.7756 700.0
7762 8118 0.6566 700.0
7762 8124 0.7192 700.0
7768 7774 0.3846 700.0
7768 7780 0.5651 700.0
7768 7786 0.5044 700.0
7768 7792 0.5924 700.0
7768 7798 0.8640 700.0
7774 7780 0.3831 700.0
7774 7786 0.5551 700.0
7774 7792 0.5392 700.0
7774 7798 0.6607 700.0
7774 7804 0.8929 700.0
7780 7786 0.3832 700.0
7780 7792 0.5561 700.0
7780 7798 0.5282 700.0
7780 7804 0.6335 700.0
7780 7810 0.8665 700.0
7780 8090 0.8505 700.0
7780 8096 0.8785 700.0
7780 8118 0.7339 700.0
7786 7792 0.3853 700.0
7786 7798 0.5395 700.0
7786 7804 0.4985 700.0
7786 7810 0.5932 700.0
7786 7816 0.8552 700.0
7786 8070 0.7926 700.0
7786 8090 0.6964 700.0
7786 8096 0.6712 700.0
7786 8118 0.7813 700.0
7792 7798 0.3831 700.0
7792 7804 0.5497 700.0
7792 7810 0.4989 700.0
7792 7816 0.6233 700.0
7792 7822 0.8729 700.0
7798 7804 0.3845 700.0
7798 7810 0.5473 700.0
7798 7816 0.5193 700.0
7798 7822 0.6427 700.0
7798 7828 0.8737 700.0
7804 7810 0.3856 700.0
7804 7816 0.5414 700.0
7804 7822 0.5019 700.0
7804 7828 0.6088 700.0
7804 7834 0.8572 700.0
7804 8064 0.8602 700.0
7804 8070 0.7229 700.0
7804 8090 0.6764 700.0
7804 8096 0.8886 700.0
7810 7816 0.3857 700.0
7810 7822 0.5440 700.0
7810 7828 0.4947 700.0
7810 7834 0.6076 700.0
7810 7840 0.8687 700.0
7810 7880 0.7286 700.0
7810 8044 0.8504 700.0
7810 8064 0.8860 700.0
7810 8070 0.6832 700.0
7810 8090 0.8786 700.0
7816 7822 0.3843 700.0
7816 7828 0.5463 700.0
7816 7834 0.5072 700.0
7816 7840 0.6369 700.0
7816 7847 0.8647 700.0
7816 7874 0.8955 700.0
7816 7880 0.8378 700.0
7822 7828 0.3852 700.0
7822 7834 0.5459 700.0
7822 7840 0.5202 700.0
7822 7847 0.6030 700.0
7822 7854 0.8636 700.0
7828 7834 0.3855 700.0
7828 7840 0.5485 700.0
7828 7847 0.5028 700.0
7828 7854 0.6024 700.0
7828 7862 0.7930 700.0
7828 7868 0.7715 700.0
7828 7880 0.8906 700.0
7828 8036 0.8843 700.0
7828 8044 0.5926 700.0
7828 8050 0.8912 700.0
7828 8064 0.7074 700.0
7828 8070 0.7388 700.0
7834 7840 0.3850 700.0
7834 7847 0.5646 700.0
7834 7854 0.5636 700.0
7834 7862 0.5419 700.0
7834 7868 0.4816 700.0
7834 7874 0.5818 700.0
7834 7880 0.6906 700.0
7834 7960 0.8354 700.0
7834 8044 0.7611 700.0
7840 7847 0.3842 700.0
7840 7854 0.5744 700.0
7840 7862 0.5259 700.0
7840 7868 0.7080 700.0
7840 7874 0.8832 700.0
7847 7854 0.3827 700.0
7847 7862 0.5882 700.0
7847 7868 0.8102 700.0
7847 8044 0.8428 700.0
7854 7862 0.3863 700.0
7854 7868 0.5574 700.0
7854 7974 0.8113 700.0
7854 8012 0.8768 700.0
7854 8018 0.5923 700.0
7854 8024 0.7516 700.0
7854 8036 0.7575 700.0
7854 8044 0.6610 700.0
7862 7868 0.3823 700.0
7862 7874 0.7159 700.0
7862 7974 0.6698 700.0
7862 7980 0.6267 700.0
7862 7987 0.7722 700.0
7862 8018 0.7774 700.0
7868 7874 0.3815 700.0
7868 7880 0.6701 700.0
7868 7960 0.6492 700.0
7868 7968 0.5561 700.0
7868 7974 0.4418 700.0
7868 7980 0.5151 700.0
7868 7987 0.7864 700.0
7868 8012 0.8421 700.0
7868 8018 0.7442 700.0
7868 8024 0.7003 700.0
7868 8044 0.8012 700.0
7874 7880 0.3825 700.0
7874 7886 0.6864 700.0
7874 7954 0.8269 700.0
7874 7960 0.5724 700.0
7874 7968 0.5231 700.0
7874 7974 0.6302 700.0
7874 7980 0.6487 700.0
7880 7886 0.3820 700.0
7880 7893 0.6563 700.0
7880 7948 0.7001 700.0
7880 7954 0.5590 700.0
7880 7960 0.4530 700.0
7880 7968 0.6351 700.0
7880 7974 0.8902 700.0
7886 7893 0.3808 700.0
7886 7899 0.6431 700.0
7886 7942 0.8000 700.0
7886 7948 0.5832 700.0
7886 7954 0.5026 700.0
7886 7960 0.6473 700.0
7886 7968 0.8128 700.0
7893 7899 0.3826 700.0
7893 7905 0.7051 700.0
7893 7936 0.6943 700.0
7893 7942 0.5755 700.0
7893 7948 0.4659 700.0
7893 7954 0.6420 700.0
7893 7960 0.8905 700.0
7899 7905 0.3823 700.0
7899 7911 0.6566 700.0
7899 7929 0.8562 700.0
7899 7936 0.5744 700.0
7899 7942 0.5159 700.0
7899 7948 0.6595 700.0
7899 7954 0.8325 700.0
7905 7911 0.3849 700.0
7905 7918 0.6199 700.0
7905 7923 0.7432 700.0
7905 7929 0.5917 700.0
7905 7936 0.4456 700.0
7905 7942 0.6050 700.0
7905 7948 0.8880 700.0
7911 7918 0.3820 700.0
7911 7923 0.6227 700.0
7911 7929 0.5256 700.0
7911 7936 0.6084 700.0
7911 7942 0.6993 700.0
7918 7923 0.3858 700.0
7918 7929 0.5574 700.0
7918 7936 0.7918 700.0
7923 7929 0.3858 700.0
7923 7936 0.7032 700.0
7929 7936 0.3800 700.0
7929 7942 0.6330 700.0
7936 7942 0.3810 700.0
7936 7948 0.6583 700.0
7942 7948 0.3843 700.0
7942 7954 0.6512 700.0
7948 7954 0.3825 700.0
7948 7960 0.6785 700.0
7948 8050 0.8812 700.0
7954 7960 0.3830 700.0
7954 7968 0.6572 700.0
7954 8024 0.8781 700.0
7954 8050 0.8427 700.0
7960 7968 0.3839 700.0
7960 7974 0.6838 700.0
7960 8018 0.8976 700.0
7960 8024 0.5626 700.0
7960 8030 0.8484 700.0
7960 8044 0.6957 700.0
7960 8050 0.7173 700.0
7968 7974 0.3827 700.0
7968 7980 0.6508 700.0
7968 7987 0.8900 700.0
7968 8012 0.7892 700.0
7968 8018 0.8437 700.0
7968 8024 0.6090 700.0
7974 7980 0.3842 700.0
7974 7987 0.5344 700.0
7974 7993 0.6786 700.0
7974 8000 0.8975 700.0
7974 8006 0.7435 700.0
7974 8012 0.5360 700.0
7974 8018 0.6495 700.0
7974 8024 0.6121 700.0
7980 7987 0.3839 700.0
7980 7993 0.6665 700.0
7980 8006 0.8713 700.0
7980 8012 0.8202 700.0
7987 7993 0.3846 700.0
7987 8000 0.5531 700.0
7987 8006 0.5892 700.0
7987 8012 0.6911 700.0
7993 8000 0.3854 700.0
7993 8006 0.5843 700.0
7993 8012 0.6765 700.0
8000 8006 0.3866 700.0
8000 8012 0.6712 700.0
8006 8012 0.3814 700.0
8006 8018 0.6288 700.0
8012 8018 0.3858 700.0
8012 8024 0.5617 700.0
8012 8030 0.7650 700.0
8018 8024 0.3861 700.0
8018 8030 0.5494 700.0
8018 8036 0.5521 700.0
8018 8044 0.6527 700.0
8018 8050 0.8940 700.0
8024 8030 0.3873 700.0
8024 8036 0.5454 700.0
8024 8044 0.4897 700.0
8024 8050 0.6141 700.0
8024 8058 0.8645 700.0
8030 8036 0.3848 700.0
8030 8044 0.5465 700.0
8030 8050 0.5189 700.0
8030 8058 0.6352 700.0
8030 8064 0.8789 700.0
8036 8044 0.3819 700.0
8036 8050 0.5419 700.0
8036 8058 0.5032 700.0
8036 8064 0.6151 700.0
8036 8070 0.8529 700.0
8044 8050 0.3837 700.0
8044 8058 0.5456 700.0
8044 8064 0.5128 700.0
8044 8070 0.6039 700.0
8044 8078 0.8558 700.0
8050 8058 0.3841 700.0
8050 8064 0.5544 700.0
8050 8070 0.5105 700.0
8050 8078 0.6114 700.0
8050 8084 0.8611 700.0
8058 8064 0.3858 700.0
8058 8070 0.5518 700.0
8058 8078 0.5205 700.0
8058 8084 0.6308 700.0
8058 8090 0.8785 700.0
8064 8070 0.3838 700.0
8064 8078 0.5515 700.0
8064 8084 0.5046 700.0
8064 8090 0.6219 700.0
8064 8096 0.8569 700.0
8070 8078 0.3844 700.0
8070 8084 0.5319 700.0
8070 8090 0.5042 700.0
8070 8096 0.5958 700.0
8070 8104 0.8482 700.0
8078 8084 0.3848 700.0
8078 8090 0.5557 700.0
8078 8096 0.5028 700.0
8078 8104 0.6032 700.0
8078 8110 0.8449 700.0
8084 8090 0.3788 700.0
8084 8096 0.5443 700.0
8084 8104 0.5210 700.0
8084 8110 0.5985 700.0
8084 8118 0.8468 700.0
8090 8096 0.3847 700.0
8090 8104 0.5569 700.0
8090 8110 0.5092 700.0
8090 8118 0.5990 700.0
8090 8124 0.8378 700.0
8096 8104 0.3843 700.0
8096 8110 0.5534 700.0
8096 8118 0.5238 700.0
8096 8124 0.5955 700.0
8096 8130 0.8662 700.0
8104 8110 0.3828 700.0
8104 8118 0.5539 700.0
8104 8124 0.4952 700.0
8104 8130 0.6235 700.0
8104 8136 0.8876 700.0
8110 8118 0.3837 700.0
8110 8124 0.5449 700.0
8110 8130 0.5264 700.0
8110 8136 0.6758 700.0
8118 8124 0.3863 700.0
8118 8130 0.5442 700.0
8118 8136 0.5190 700.0
8124 8130 0.3849 700.0
8124 8136 0.5379 700.0
8130 8136 0.3859 700.0
8148 8154 0.3797 700.0
8148 8161 0.6585 700.0
8148 8427 0.8226 700.0
8148 8433 0.5789 700.0
8148 8439 0.5645 700.0
8148 8444 0.5983 700.0
8148 8449 0.6401 700.0
8148 8469 0.7940 700.0
8154 8161 0.3823 700.0
8154 8167 0.6751 700.0
8154 8421 0.6885 700.0
8154 8427 0.5685 700.0
8154 8433 0.4489 700.0
8154 8439 0.6737 700.0
8154 8444 0.8658 700.0
8154 8449 0.8890 700.0
8154 8469 0.8322 700.0
8161 8167 0.3826 700.0
8161 8173 0.6453 700.0
8161 8415 0.8307 700.0
8161 8421 0.5736 700.0
8161 8427 0.5180 700.0
8161 8433 0.6507 700.0
8161 8439 0.8733 700.0
8161 8469 0.7655 700.0
8161 8494 0.8676 700.0
8167 8173 0.3815 700.0
8167 8179 0.6453 700.0
8167 8409 0.6611 700.0
8167 8415 0.5771 700.0
8167 8421 0.4412 700.0
8167 8427 0.6328 700.0
8167 8433 0.8871 700.0
8173 8179 0.3815 700.0
8173 8185 0.6097 700.0
8173 8191 0.8857 700.0
8173 8403 0.8710 700.0
8173 8409 0.5488 700.0
8173 8415 0.5028 700.0
8173 8421 0.6150 700.0
8173 8427 0.7740 700.0
8173 8494 0.7978 700.0
8173 8515 0.8963 700.0
8179 8185 0.3821 700.0
8179 8191 0.5469 700.0
8179 8198 0.6862 700.0
8179 8204 0.8490 700.0
8179 8403 0.6188 700.0
8179 8409 0.4525 700.0
8179 8415 0.6571 700.0
8179 8421 0.8754 700.0
8185 8191 0.3889 700.0
8185 8198 0.5452 700.0
8185 8204 0.5491 700.0
8185 8210 0.7753 700.0
8185 8228 0.6686 700.0
8185 8397 0.8118 700.0
8185 8403 0.5401 700.0
8185 8409 0.5127 700.0
8185 8415 0.6906 700.0
8191 8198 0.3862 700.0
8191 8204 0.5663 700.0
8191 8210 0.6397 700.0
8191 8228 0.8325 700.0
8191 8403 0.6653 700.0
8191 8409 0.7904 700.0
8198 8204 0.3880 700.0
8198 8210 0.5791 700.0
8198 8521 0.8884 700.0
8204 8210 0.3860 700.0
8204 8215 0.6470 700.0
8204 8222 0.5636 700.0
8204 8228 0.5958 700.0
8204 8521 0.7437 700.0
8210 8215 0.3872 700.0
8210 8222 0.5614 700.0
8210 8228 0.6328 700.0
8215 8222 0.3860 700.0
8215 8228 0.5569 700.0
8215 8235 0.6600 700.0
8215 8242 0.8536 700.0
8222 8228 0.3874 700.0
8222 8235 0.5476 700.0
8222 8242 0.5732 700.0
8222 8250 0.7324 700.0
8228 8235 0.3845 700.0
8228 8242 0.5462 700.0
8228 8250 0.5429 700.0
8228 8256 0.7257 700.0
8228 8397 0.8827 700.0
8228 8403 0.8871 700.0
8235 8242 0.3838 700.0
8235 8250 0.5617 700.0
8235 8256 0.5832 700.0
8235 8264 0.7354 700.0
8242 8250 0.3857 700.0
8242 8256 0.5503 700.0
8242 8264 0.5461 700.0
8242 8270 0.8944 700.0
8242 8276 0.8592 700.0
8242 8283 0.6938 700.0
8250 8256 0.3856 700.0
8250 8264 0.5536 700.0
8250 8270 0.8209 700.0
8250 8276 0.8595 700.0
8250 8283 0.5794 700.0
8250 8291 0.7437 700.0
8250 8385 0.8131 700.0
8250 8515 0.8441 700.0
8256 8264 0.3848 700.0
8256 8270 0.6612 700.0
8256 8276 0.8609 700.0
8256 8283 0.7187 700.0
8256 8291 0.7750 700.0
8256 8385 0.7625 700.0
8256 8391 0.8807 700.0
8256 8397 0.8567 700.0
8264 8270 0.3845 700.0
8264 8276 0.5357 700.0
8264 8283 0.5497 700.0
8264 8291 0.6884 700.0
8270 8276 0.3852 700.0
8270 8283 0.5473 700.0
8270 8291 0.5214 700.0
8270 8297 0.6345 700.0
8270 8303 0.8707 700.0
8276 8283 0.3835 700.0
8276 8291 0.5544 700.0
8276 8297 0.5258 700.0
8276 8303 0.6117 700.0
8276 8309 0.8476 700.0
8283 8291 0.3832 700.0
8283 8297 0.5506 700.0
8283 8303 0.5157 700.0
8283 8309 0.5903 700.0
8283 8317 0.8531 700.0
8291 8297 0.3842 700.0
8291 8303 0.5631 700.0
8291 8309 0.5134 700.0
8291 8317 0.6176 700.0
8291 8324 0.8636 700.0
8291 8371 0.8808 700.0
8297 8303 0.3855 700.0
8297 8309 0.5454 700.0
8297 8317 0.5198 700.0
8297 8324 0.6182 700.0
8297 8331 0.8736 700.0
8303 8309 0.3847 700.0
8303 8317 0.5559 700.0
8303 8324 0.5080 700.0
8303 8331 0.6185 700.0
8303 8338 0.8398 700.0
8309 8317 0.3864 700.0
8309 8324 0.5450 700.0
8309 8331 0.5254 700.0
8309 8338 0.5706 700.0
8309 8345 0.7766 700.0
8309 8357 0.8820 700.0
8309 8371 0.8971 700.0
8309 8488 0.8005 700.0
8309 8507 0.8436 700.0
8309 8515 0.8693 700.0
8317 8324 0.3834 700.0
8317 8331 0.5637 700.0
8317 8338 0.5188 700.0
8317 8345 0.5029 700.0
8317 8351 0.8179 700.0
8317 8357 0.7591 700.0
8317 8363 0.7991 700.0
8317 8371 0.8744 700.0
8324 8331 0.3868 700.0
8324 8338 0.5772 700.0
8324 8345 0.5760 700.0
8331 8338 0.3834 700.0
8331 8345 0.6145 700.0
8331 8351 0.8944 700.0
8331 8488 0.8363 700.0
8338 8345 0.3874 700.0
8338 8351 0.5538 700.0
8338 8357 0.5547 700.0
8338 8363 0.8289 700.0
8338 8461 0.7296 700.0
8338 8469 0.8745 700.0
8338 8481 0.8075 700.0
8338 8488 0.6349 700.0
8345 8351 0.3856 700.0
8345 8357 0.5627 700.0
8345 8363 0.7647 700.0
8351 8357 0.3856 700.0
8351 8363 0.6687 700.0
8351 8433 0.8660 700.0
8351 8439 0.6335 700.0
8351 8444 0.7813 700.0
8351 8461 0.6806 700.0
8351 8469 0.8748 700.0
8357 8363 0.3776 700.0
8357 8371 0.6422 700.0
8357 8427 0.6534 700.0
8357 8433 0.5625 700.0
8357 8439 0.4773 700.0
8357 8444 0.7626 700.0
8357 8461 0.6569 700.0
8357 8469 0.6652 700.0
8357 8488 0.7273 700.0
8363 8371 0.3814 700.0
8363 8379 0.7082 700.0
8363 8421 0.8250 700.0
8363 8427 0.5834 700.0
8363 8433 0.5051 700.0
8363 8439 0.6429 700.0
8371 8379 0.3810 700.0
8371 8385 0.6497 700.0
8371 8415 0.6891 700.0
8371 8421 0.5497 700.0
8371 8427 0.4541 700.0
8371 8433 0.6201 700.0
8371 8439 0.8865 700.0
8379 8385 0.3812 700.0
8379 8391 0.6654 700.0
8379 8409 0.8482 700.0
8379 8415 0.5776 700.0
8379 8421 0.5077 700.0
8379 8427 0.6689 700.0
8379 8433 0.8589 700.0
8385 8391 0.3825 700.0
8385 8397 0.6931 700.0
8385 8403 0.8216 700.0
8385 8409 0.6289 700.0
8385 8415 0.4496 700.0
8385 8421 0.6393 700.0
8385 8427 0.8763 700.0
8391 8397 0.3862 700.0
8391 8403 0.5602 700.0
8391 8409 0.5160 700.0
8391 8415 0.5955 700.0
8391 8421 0.8117 700.0
8397 8403 0.3862 700.0
8397 8409 0.6076 700.0
8397 8415 0.8258 700.0
8403 8409 0.3838 700.0
8403 8415 0.7295 700.0
8409 8415 0.3805 700.0
8409 8421 0.6550 700.0
8415 8421 0.3815 700.0
8415 8427 0.6487 700.0
8421 8427 0.3827 700.0
8421 8433 0.6698 700.0
8427 8433 0.3857 700.0
8427 8439 0.6745 700.0
8427 8469 0.6785 700.0
8427 8488 0.7938 700.0
8427 8494 0.7925 700.0
8433 8439 0.3827 700.0
8433 8444 0.7310 700.0
8433 8449 0.8978 700.0
8433 8469 0.7041 700.0
8439 8444 0.3819 700.0
8439 8449 0.6523 700.0
8439 8455 0.8311 700.0
8439 8461 0.6322 700.0
8439 8469 0.5779 700.0
8444 8449 0.3884 700.0
8444 8455 0.5623 700.0
8444 8461 0.5396 700.0
8444 8469 0.6032 700.0
8444 8475 0.8705 700.0
8449 8455 0.3841 700.0
8449 8461 0.5533 700.0
8449 8469 0.5047 700.0
8449 8475 0.6150 700.0
8449 8481 0.8824 700.0
8455 8461 0.3844 700.0
8455 8469 0.5620 700.0
8455 8475 0.5481 700.0
8455 8481 0.6763 700.0
8455 8488 0.8943 700.0
8461 8469 0.3843 700.0
8461 8475 0.5499 700.0
8461 8481 0.5301 700.0
8461 8488 0.6153 700.0
8461 8494 0.8558 700.0
8469 8475 0.3840 700.0
8469 8481 0.5485 700.0
8469 8488 0.5011 700.0
8469 8494 0.5888 700.0
8469 8501 0.8461 700.0
8475 8481 0.3866 700.0
8475 8488 0.5588 700.0
8475 8494 0.5189 700.0
8475 8501 0.6217 700.0
8475 8507 0.8715 700.0
8481 8488 0.3830 700.0
8481 8494 0.5479 700.0
8481 8501 0.5141 700.0
8481 8507 0.6250 700.0
8481 8515 0.8824 700.0
8488 8494 0.3851 700.0
8488 8501 0.5478 700.0
8488 8507 0.5060 700.0
8488 8515 0.6341 700.0
8488 8521 0.8715 700.0
8494 8501 0.3821 700.0
8494 8507 0.5389 700.0
8494 8515 0.5165 700.0
8494 8521 0.6126 700.0
8501 8507 0.3841 700.0
8501 8515 0.5551 700.0
8501 8521 0.5133 700.0
8507 8515 0.3866 700.0
8507 8521 0.5585 700.0
8515 8521 0.3861 700.0
8815 8822 0.3807 700.0
8815 8828 0.6128 700.0
8815 8835 0.8197 700.0
8822 8828 0.3824 700.0
8822 8835 0.5781 700.0
8822 8840 0.8923 700.0
8828 8835 0.3824 700.0
8828 8840 0.6474 700.0
8828 8882 0.6286 700.0
8828 8888 0.6939 700.0
8835 8840 0.3833 700.0
8835 8846 0.6483 700.0
8835 8876 0.8634 700.0
8835 8882 0.6135 700.0
8835 8888 0.5844 700.0
8835 8965 0.7724 700.0
8835 8971 0.8310 700.0
8840 8846 0.3818 700.0
8840 8852 0.6098 700.0
8840 8858 0.8777 700.0
8840 8864 0.8327 700.0
8840 8870 0.6002 700.0
8840 8876 0.5467 700.0
8840 8882 0.4655 700.0
8840 8888 0.5508 700.0
8840 8965 0.8580 700.0
8840 8971 0.7746 700.0
8840 8979 0.8842 700.0
8846 8852 0.3856 700.0
8846 8858 0.5435 700.0
8846 8864 0.5754 700.0
8846 8870 0.5230 700.0
8846 8876 0.5565 700.0
8846 8882 0.6019 700.0
8846 8888 0.5148 700.0
8846 8894 0.8279 700.0
8846 8906 0.8926 700.0
8846 8965 0.7080 700.0
8846 8971 0.4905 700.0
8846 8979 0.6049 700.0
8846 8996 0.8261 700.0
8852 8858 0.3869 700.0
8852 8864 0.5872 700.0
8852 8870 0.5092 700.0
8852 8876 0.7675 700.0
8852 8965 0.8694 700.0
8852 8971 0.7077 700.0
8852 8979 0.8968 700.0
8852 9070 0.7899 700.0
8852 9076 0.7547 700.0
8858 8864 0.3852 700.0
8858 8870 0.5812 700.0
8858 8876 0.8173 700.0
8858 8971 0.7347 700.0
8858 8979 0.8061 700.0
8858 8996 0.6299 700.0
8858 9002 0.7475 700.0
8858 9021 0.8259 700.0
8858 9070 0.7476 700.0
8858 9076 0.8960 700.0
8864 8870 0.3871 700.0
8864 8876 0.5376 700.0
8864 8882 0.8464 700.0
8864 8888 0.8799 700.0
8864 8971 0.8866 700.0
8864 8979 0.8135 700.0
8864 8996 0.6962 700.0
8870 8876 0.3844 700.0
8870 8882 0.7091 700.0
8870 8888 0.8662 700.0
8876 8882 0.3837 700.0
8876 8888 0.6276 700.0
8876 8894 0.8300 700.0
8876 8979 0.8781 700.0
8882 8888 0.3830 700.0
8882 8894 0.6231 700.0
8882 8979 0.8192 700.0
8888 8894 0.3818 700.0
8888 8900 0.6594 700.0
8888 8906 0.5807 700.0
8888 8913 0.8726 700.0
8888 8965 0.7955 700.0
8888 8971 0.6027 700.0
8888 8979 0.4997 700.0
8888 8985 0.8462 700.0
8894 8900 0.3851 700.0
8894 8906 0.5504 700.0
8894 8913 0.8738 700.0
8894 8971 0.7879 700.0
8894 8979 0.5028 700.0
8894 8985 0.7200 700.0
8894 8990 0.8581 700.0
8900 8906 0.3832 700.0
8900 8913 0.6507 700.0
8900 8971 0.8152 700.0
8900 8979 0.5452 700.0
8900 8985 0.5399 700.0
8900 8990 0.7818 700.0
8906 8913 0.3841 700.0
8906 8920 0.6619 700.0
8906 8965 0.6569 700.0
8906 8971 0.5727 700.0
8906 8979 0.5005 700.0
8906 8985 0.5722 700.0
8913 8920 0.3832 700.0
8913 8926 0.6543 700.0
8913 8957 0.8380 700.0
8913 8965 0.5725 700.0
8913 8971 0.5412 700.0
8913 8979 0.5961 700.0
8913 8985 0.5004 700.0
8913 8990 0.8831 700.0
8913 9002 0.7653 700.0
8920 8926 0.3817 700.0
8920 8931 0.6289 700.0
8920 8944 0.8451 700.0
8920 8950 0.5559 700.0
8920 8957 0.5657 700.0
8920 8965 0.4541 700.0
8920 8971 0.6595 700.0
8920 8979 0.8847 700.0
8920 8985 0.8528 700.0
8926 8931 0.3873 700.0
8926 8937 0.5906 700.0
8926 8944 0.5986 700.0
8926 8950 0.4925 700.0
8926 8957 0.5537 700.0
8926 8965 0.6537 700.0
8926 8971 0.8267 700.0
8926 9002 0.8991 700.0
8926 9065 0.7723 700.0
8926 9106 0.8644 700.0
8931 8937 0.3884 700.0
8931 8944 0.6113 700.0
8931 8950 0.5660 700.0
8931 8957 0.8236 700.0
8931 9106 0.8798 700.0
8937 8944 0.3844 700.0
8937 8950 0.5892 700.0
8937 8957 0.8453 700.0
8937 9094 0.7533 700.0
8937 9100 0.8629 700.0
8937 9106 0.7951 700.0
8944 8950 0.3876 700.0
8944 8957 0.5587 700.0
8944 9065 0.7843 700.0
8944 9082 0.7564 700.0
8944 9094 0.6784 700.0
8950 8957 0.3847 700.0
8950 8965 0.6450 700.0
8957 8965 0.3806 700.0
8957 8971 0.6883 700.0
8957 9065 0.7715 700.0
8957 9070 0.8968 700.0
8957 9076 0.7322 700.0
8957 9082 0.8274 700.0
8965 8971 0.3835 700.0
8965 8979 0.7251 700.0
8965 8985 0.8895 700.0
8965 9002 0.8815 700.0
8971 8979 0.3798 700.0
8971 8985 0.6113 700.0
8971 8990 0.8479 700.0
8971 8996 0.6877 700.0
8971 9002 0.6035 700.0
8979 8985 0.3849 700.0
8979 8990 0.5645 700.0
8979 8996 0.5264 700.0
8979 9002 0.6212 700.0
8979 9008 0.8489 700.0
8985 8990 0.3883 700.0
8985 8996 0.5580 700.0
8985 9002 0.5473 700.0
8985 9008 0.5984 700.0
8985 9014 0.8547 700.0
8990 8996 0.3852 700.0
8990 9002 0.5728 700.0
8990 9008 0.5246 700.0
8990 9014 0.6140 700.0
8990 9021 0.8615 700.0
8996 9002 0.3830 700.0
8996 9008 0.5592 700.0
8996 9014 0.5310 700.0
8996 9021 0.6175 700.0
8996 9027 0.8652 700.0
9002 9008 0.3846 700.0
9002 9014 0.5389 700.0
9002 9021 0.4896 700.0
9002 9027 0.5929 700.0
9002 9033 0.8536 700.0
9002 9065 0.8237 700.0
9002 9070 0.8203 700.0
9008 9014 0.3839 700.0
9008 9021 0.5536 700.0
9008 9027 0.5145 700.0
9008 9033 0.6287 700.0
9014 9021 0.3847 700.0
9014 9027 0.5481 700.0
9014 9033 0.5208 700.0
9014 9039 0.6851 700.0
9014 9047 0.8922 700.0
9021 9027 0.3859 700.0
9021 9033 0.5538 700.0
9021 9039 0.5541 700.0
9021 9047 0.6250 700.0
9021 9053 0.7354 700.0
9021 9059 0.8082 700.0
9021 9065 0.8412 700.0
9021 9070 0.7648 700.0
9027 9033 0.3862 700.0
9027 9039 0.5430 700.0
9027 9047 0.4978 700.0
9027 9053 0.4293 700.0
9027 9059 0.6363 700.0
9027 9065 0.7780 700.0
9027 9070 0.8802 700.0
9027 9106 0.8174 700.0
9027 9114 0.8695 700.0
9033 9039 0.3846 700.0
9033 9047 0.5780 700.0
9033 9053 0.6482 700.0
9039 9047 0.3833 700.0
9039 9053 0.6767 700.0
9047 9053 0.3862 700.0
9047 9059 0.5673 700.0
9047 9065 0.8620 700.0
9047 9100 0.8849 700.0
9047 9114 0.8443 700.0
9047 9125 0.7004 700.0
9047 9131 0.8592 700.0
9053 9059 0.3856 700.0
9053 9065 0.7060 700.0
9053 9094 0.8627 700.0
9053 9100 0.6063 700.0
9053 9106 0.5239 700.0
9053 9114 0.5207 700.0
9053 9119 0.7237 700.0
9053 9125 0.6650 700.0
9059 9065 0.3807 700.0
9059 9070 0.6240 700.0
9059 9076 0.8723 700.0
9059 9082 0.8163 700.0
9059 9088 0.5274 700.0
9059 9094 0.5352 700.0
9059 9100 0.4340 700.0
9059 9106 0.5530 700.0
9059 9114 0.7341 700.0
9059 9125 0.8331 700.0
9065 9070 0.3876 700.0
9065 9076 0.5466 700.0
9065 9082 0.5654 700.0
9065 9088 0.4699 700.0
9065 9094 0.5154 700.0
9065 9100 0.6524 700.0
9065 9106 0.7455 700.0
9070 9076 0.3856 700.0
9070 9082 0.6134 700.0
9070 9088 0.5803 700.0
9070 9094 0.8206 700.0
9076 9082 0.3842 700.0
9076 9088 0.6028 700.0
9076 9094 0.8242 700.0
9082 9088 0.3863 700.0
9082 9094 0.5534 700.0
9088 9094 0.3883 700.0
9088 9100 0.6270 700.0
9094 9100 0.3827 700.0
9094 9106 0.6645 700.0
9100 9106 0.3849 700.0
9100 9114 0.5853 700.0
9100 9119 0.7817 700.0
9100 9125 0.7840 700.0
9106 9114 0.3837 700.0
9106 9119 0.7316 700.0
9106 9125 0.8668 700.0
9114 9119 0.3807 700.0
9114 9125 0.6127 700.0
9119 9125 0.3805 700.0
9119 9131 0.6458 700.0
9125 9131 0.3818 700.0
9138 9143 0.3819 700.0
9138 9149 0.5715 700.0
9138 9375 0.8695 700.0
9138 9582 0.8940 700.0
9138 9602 0.6311 700.0
9138 9608 0.4570 700.0
9138 9615 0.4731 700.0
9138 9621 0.8141 700.0
9138 9627 0.8126 700.0
9138 9635 0.7496 700.0
9138 9736 0.8892 700.0
9143 9149 0.3840 700.0
9143 9154 0.6460 700.0
9143 9363 0.8570 700.0
9143 9375 0.6178 700.0
9143 9381 0.7041 700.0
9143 9602 0.8841 700.0
9143 9608 0.5831 700.0
9143 9615 0.7088 700.0
9143 9627 0.7651 700.0
9143 9635 0.5806 700.0
9143 9641 0.7711 700.0
9149 9154 0.3844 700.0
9149 9160 0.6662 700.0
9149 9166 0.8528 700.0
9149 9327 0.8925 700.0
9149 9588 0.8085 700.0
9149 9602 0.8394 700.0
9149 9608 0.4546 700.0
9149 9615 0.6151 700.0
9149 9621 0.6850 700.0
9149 9627 0.4942 700.0
9149 9635 0.4716 700.0
9149 9641 0.7174 700.0
9149 9714 0.8340 700.0
9149 9736 0.8610 700.0
9154 9160 0.3804 700.0
9154 9166 0.6415 700.0
9154 9327 0.6589 700.0
9154 9333 0.6858 700.0
9154 9340 0.7883 700.0
9154 9346 0.7361 700.0
9154 9357 0.8643 700.0
9154 9437 0.8761 700.0
9154 9608 0.7584 700.0
9154 9627 0.7202 700.0
9154 9635 0.6770 700.0
9154 9641 0.7415 700.0
9154 9714 0.7686 700.0
9160 9166 0.3803 700.0
9160 9171 0.7318 700.0
9160 9321 0.8772 700.0
9160 9327 0.5928 700.0
9160 9333 0.5622 700.0
9160 9340 0.7997 700.0
9160 9346 0.7988 700.0
9160 9608 0.8698 700.0
9166 9171 0.3798 700.0
9166 9177 0.7034 700.0
9166 9313 0.7203 700.0
9166 9321 0.5413 700.0
9166 9327 0.3993 700.0
9166 9333 0.5359 700.0
9166 9340 0.8901 700.0
9166 9437 0.8734 700.0
9171 9177 0.3811 700.0
9171 9183 0.6536 700.0
9171 9307 0.8085 700.0
9171 9313 0.5781 700.0
9171 9321 0.5225 700.0
9171 9327 0.6370 700.0
9171 9333 0.8528 700.0
9171 9588 0.8651 700.0
9177 9183 0.3833 700.0
9177 9189 0.7021 700.0
9177 9301 0.7032 700.0
9177 9307 0.5840 700.0
9177 9313 0.4667 700.0
9177 9321 0.6595 700.0
9177 9327 0.8567 700.0
9177 9567 0.7603 700.0
9177 9588 0.7433 700.0
9183 9189 0.3810 700.0
9183 9197 0.7141 700.0
9183 9295 0.8435 700.0
9183 9301 0.5816 700.0
9183 9307 0.5317 700.0
9183 9313 0.6620 700.0
9183 9321 0.8486 700.0
9189 9197 0.3810 700.0
9189 9203 0.6973 700.0
9189 9289 0.6680 700.0
9189 9295 0.5415 700.0
9189 9301 0.4285 700.0
9189 9307 0.5946 700.0
9189 9313 0.8724 700.0
9189 9542 0.8962 700.0
9197 9203 0.3831 700.0
9197 9209 0.6669 700.0
9197 9283 0.8374 700.0
9197 9289 0.5898 700.0
9197 9295 0.5217 700.0
9197 9301 0.6641 700.0
9197 9307 0.8317 700.0
9203 9209 0.3817 700.0
9203 9215 0.6747 700.0
9203 9222 0.8807 700.0
9203 9278 0.6787 700.0
9203 9283 0.5645 700.0
9203 9289 0.4614 700.0
9203 9295 0.6001 700.0
9203 9301 0.8791 700.0
9203 9492 0.7406 700.0
9209 9215 0.3834 700.0
9209 9222 0.5409 700.0
9209 9228 0.7863 700.0
9209 9278 0.5677 700.0
9209 9283 0.5062 700.0
9209 9289 0.6399 700.0
9209 9295 0.7140 700.0
9209 9492 0.8643 700.0
9215 9222 0.3820 700.0
9215 9228 0.6484 700.0
9215 9270 0.7703 700.0
9215 9278 0.4614 700.0
9215 9283 0.6461 700.0
9222 9228 0.3827 700.0
9222 9234 0.6928 700.0
9222 9258 0.8362 700.0
9222 9270 0.7797 700.0
9222 9278 0.5289 700.0
9222 9283 0.6071 700.0
9228 9234 0.3818 700.0
9228 9239 0.6664 700.0
9228 9245 0.8517 700.0
9228 9250 0.6175 700.0
9228 9258 0.5037 700.0
9228 9264 0.6890 700.0
9228 9270 0.5567 700.0
9228 9278 0.4738 700.0
9228 9283 0.5623 700.0
9228 9486 0.7308 700.0
9228 9492 0.8440 700.0
9228 9789 0.8853 700.0
9234 9239 0.3857 700.0
9234 9245 0.6229 700.0
9234 9250 0.5251 700.0
9234 9258 0.6071 700.0
9234 9264 0.8871 700.0
9234 9270 0.7629 700.0
9234 9278 0.7316 700.0
9234 9283 0.6410 700.0
9234 9473 0.8515 700.0
9234 9481 0.8034 700.0
9234 9486 0.6398 700.0
9234 9789 0.6169 700.0
9234 9796 0.7422 700.0
9234 9844 0.6472 700.0
9234 9851 0.7271 700.0
9239 9245 0.3854 700.0
9239 9250 0.5462 700.0
9239 9258 0.6183 700.0
9239 9789 0.7704 700.0
9239 9796 0.6915 700.0
9239 9809 0.8597 700.0
9239 9839 0.8922 700.0
9239 9844 0.5464 700.0
9239 9851 0.4806 700.0
9239 9857 0.8206 700.0
9245 9250 0.3871 700.0
9245 9258 0.5972 700.0
9245 9264 0.8827 700.0
9245 9844 0.7154 700.0
9245 9851 0.5203 700.0
9245 9857 0.7311 700.0
9245 9862 0.7019 700.0
9250 9258 0.3849 700.0
9250 9264 0.5642 700.0
9250 9270 0.5718 700.0
9250 9278 0.8027 700.0
9250 9283 0.8841 700.0
9250 9486 0.6433 700.0
9250 9492 0.8596 700.0
9250 9498 0.8415 700.0
9250 9851 0.8142 700.0
9258 9264 0.3862 700.0
9258 9270 0.5589 700.0
9258 9278 0.7783 700.0
9264 9270 0.3849 700.0
9264 9278 0.7169 700.0
9264 9498 0.8893 700.0
9270 9278 0.3807 700.0
9270 9283 0.6753 700.0
9270 9486 0.6344 700.0
9270 9492 0.5536 700.0
9270 9498 0.6197 700.0
9278 9283 0.3840 700.0
9278 9289 0.6837 700.0
9278 9481 0.8857 700.0
9278 9486 0.6172 700.0
9278 9492 0.4963 700.0
9278 9498 0.7723 700.0
9283 9289 0.3802 700.0
9283 9295 0.6167 700.0
9283 9473 0.6637 700.0
9283 9481 0.5853 700.0
9283 9486 0.4778 700.0
9283 9492 0.5039 700.0
9283 9498 0.8582 700.0
9283 9789 0.8848 700.0
9289 9295 0.3843 700.0
9289 9301 0.6363 700.0
9289 9467 0.8245 700.0
9289 9473 0.5707 700.0
9289 9481 0.5005 700.0
9289 9486 0.5890 700.0
9289 9492 0.5416 700.0
9289 9517 0.7895 700.0
9289 9522 0.8179 700.0
9289 9542 0.8447 700.0
9295 9301 0.3828 700.0
9295 9307 0.6538 700.0
9295 9461 0.6835 700.0
9295 9467 0.5904 700.0
9295 9473 0.4935 700.0
9295 9481 0.6741 700.0
9295 9486 0.8891 700.0
9301 9307 0.3834 700.0
9301 9313 0.6627 700.0
9301 9454 0.8207 700.0
9301 9461 0.5561 700.0
9301 9467 0.4993 700.0
9301 9473 0.6178 700.0
9301 9481 0.7975 700.0
9301 9542 0.8483 700.0
9307 9313 0.3809 700.0
9307 9321 0.6485 700.0
9307 9448 0.7234 700.0
9307 9454 0.5860 700.0
9307 9461 0.4570 700.0
9307 9467 0.6531 700.0
9313 9321 0.3829 700.0
9313 9327 0.6244 700.0
9313 9442 0.7999 700.0
9313 9448 0.5621 700.0
9313 9454 0.5081 700.0
9313 9461 0.6255 700.0
9313 9467 0.8201 700.0
9321 9327 0.3822 700.0
9321 9333 0.6645 700.0
9321 9437 0.7685 700.0
9321 9442 0.6137 700.0
9321 9448 0.4604 700.0
9321 9454 0.6676 700.0
9321 9461 0.8865 700.0
9327 9333 0.3836 700.0
9327 9340 0.6815 700.0
9327 9431 0.8791 700.0
9327 9437 0.5275 700.0
9327 9442 0.5178 700.0
9327 9448 0.6172 700.0
9327 9454 0.8369 700.0
9327 9627 0.8910 700.0
9327 9714 0.8094 700.0
9333 9340 0.3794 700.0
9333 9346 0.6378 700.0
9333 9424 0.8932 700.0
9333 9431 0.7286 700.0
9333 9437 0.4357 700.0
9333 9442 0.6743 700.0
9333 9448 0.8738 700.0
9340 9346 0.3829 700.0
9340 9351 0.7381 700.0
9340 9417 0.7572 700.0
9340 9424 0.5699 700.0
9340 9431 0.4422 700.0
9340 9437 0.3769 700.0
9340 9442 0.7512 700.0
9340 9714 0.8779 700.0
9346 9351 0.3812 700.0
9346 9357 0.6655 700.0
9346 9410 0.8563 700.0
9346 9417 0.5757 700.0
9346 9424 0.5580 700.0
9346 9431 0.6766 700.0
9346 9437 0.7314 700.0
9351 9357 0.3829 700.0
9351 9363 0.6388 700.0
9351 9399 0.7454 700.0
9351 9405 0.5695 700.0
9351 9410 0.5531 700.0
9351 9417 0.4334 700.0
9351 9424 0.6104 700.0
9351 9431 0.8929 700.0
9357 9363 0.3837 700.0
9357 9369 0.6894 700.0
9357 9375 0.7608 700.0
9357 9381 0.5540 700.0
9357 9388 0.7630 700.0
9357 9394 0.6241 700.0
9357 9399 0.4706 700.0
9357 9405 0.5220 700.0
9357 9410 0.5400 700.0
9357 9417 0.6121 700.0
9357 9424 0.7046 700.0
9357 9641 0.7530 700.0
9357 9702 0.8189 700.0
9363 9369 0.3860 700.0
9363 9375 0.5301 700.0
9363 9381 0.5466 700.0
9363 9388 0.8437 700.0
9363 9394 0.7794 700.0
9363 9399 0.4941 700.0
9363 9405 0.6415 700.0
9363 9410 0.8414 700.0
9369 9375 0.3866 700.0
9369 9381 0.5458 700.0
9369 9388 0.7682 700.0
9369 9394 0.7764 700.0
9369 9399 0.5204 700.0
9369 9405 0.8098 700.0
9375 9381 0.3865 700.0
9375 9388 0.7001 700.0
9375 9394 0.8753 700.0
9375 9399 0.7588 700.0
9381 9388 0.3869 700.0
9381 9394 0.5724 700.0
9381 9399 0.5946 700.0
9381 9635 0.7923 700.0
9381 9641 0.6286 700.0
9381 9647 0.7447 700.0
9388 9394 0.3856 700.0
9388 9399 0.6349 700.0
9388 9641 0.7443 700.0
9388 9647 0.6518 700.0
9388 9702 0.8004 700.0
9394 9399 0.3870 700.0
9394 9405 0.6478 700.0
9394 9410 0.5886 700.0
9394 9417 0.8890 700.0
9394 9641 0.8959 700.0
9394 9647 0.8401 700.0
9394 9702 0.7300 700.0
9399 9405 0.3842 700.0
9399 9410 0.5651 700.0
9399 9417 0.8663 700.0
9405 9410 0.3864 700.0
9405 9417 0.6641 700.0
9410 9417 0.3817 700.0
9410 9424 0.6724 700.0
9410 9702 0.7311 700.0
9417 9424 0.3815 700.0
9417 9431 0.6873 700.0
9417 9702 0.7167 700.0
9417 9708 0.8539 700.0
9424 9431 0.3849 700.0
9424 9437 0.6744 700.0
9424 9641 0.7635 700.0
9424 9696 0.8953 700.0
9424 9702 0.5510 700.0
9424 9708 0.5235 700.0
9424 9714 0.7063 700.0
9431 9437 0.3817 700.0
9431 9442 0.6633 700.0
9431 9702 0.8233 700.0
9431 9708 0.6281 700.0
9431 9714 0.7321 700.0
9437 9442 0.3829 700.0
9437 9448 0.7171 700.0
9437 9708 0.8074 700.0
9437 9714 0.7177 700.0
9442 9448 0.3789 700.0
9442 9454 0.6592 700.0
9442 9708 0.8677 700.0
9442 9714 0.6933 700.0
9448 9454 0.3841 700.0
9448 9461 0.6977 700.0
9454 9461 0.3810 700.0
9454 9467 0.6719 700.0
9454 9777 0.7621 700.0
9461 9467 0.3813 700.0
9461 9473 0.7003 700.0
9461 9762 0.8737 700.0
9461 9770 0.8389 700.0
9461 9777 0.5852 700.0
9461 9783 0.8326 700.0
9467 9473 0.3825 700.0
9467 9481 0.7055 700.0
9467 9762 0.5885 700.0
9467 9770 0.5301 700.0
9467 9777 0.4522 700.0
9467 9783 0.7121 700.0
9467 9789 0.8498 700.0
9473 9481 0.3830 700.0
9473 9486 0.6981 700.0
9473 9762 0.7427 700.0
9473 9770 0.5480 700.0
9473 9777 0.6261 700.0
9473 9783 0.6987 700.0
9473 9789 0.6544 700.0
9473 9839 0.8259 700.0
9481 9486 0.3846 700.0
9481 9492 0.6346 700.0
9481 9498 0.8452 700.0
9481 9517 0.5492 700.0
9481 9522 0.7962 700.0
9481 9536 0.8185 700.0
9481 9542 0.7769 700.0
9481 9762 0.8734 700.0
9481 9770 0.7365 700.0
9481 9789 0.8769 700.0
9481 9882 0.8444 700.0
9486 9492 0.3845 700.0
9486 9498 0.5547 700.0
9486 9504 0.8682 700.0
9486 9511 0.8045 700.0
9486 9517 0.5264 700.0
9486 9522 0.7879 700.0
9492 9498 0.3839 700.0
9492 9504 0.7043 700.0
9492 9511 0.8080 700.0
9492 9517 0.5702 700.0
9492 9522 0.6305 700.0
9498 9504 0.3867 700.0
9498 9511 0.5555 700.0
9498 9517 0.5240 700.0
9498 9522 0.6112 700.0
9498 9529 0.8565 700.0
9504 9511 0.3848 700.0
9504 9517 0.5688 700.0
9504 9522 0.5290 700.0
9504 9529 0.6233 700.0
9504 9536 0.8824 700.0
9511 9517 0.3846 700.0
9511 9522 0.5430 700.0
9511 9529 0.4937 700.0
9511 9536 0.6242 700.0
9511 9542 0.8604 700.0
9511 9882 0.7166 700.0
9517 9522 0.3863 700.0
9517 9529 0.5380 700.0
9517 9536 0.5023 700.0
9517 9542 0.6134 700.0
9517 9548 0.8785 700.0
9517 9882 0.6979 700.0
9522 9529 0.3845 700.0
9522 9536 0.5421 700.0
9522 9542 0.4891 700.0
9522 9548 0.6357 700.0
9522 9555 0.8753 700.0
9529 9536 0.3846 700.0
9529 9542 0.5431 700.0
9529 9548 0.5277 700.0
9529 9555 0.6455 700.0
9529 9561 0.8761 700.0
9536 9542 0.3854 700.0
9536 9548 0.5471 700.0
9536 9555 0.5051 700.0
9536 9561 0.6103 700.0
9536 9567 0.8696 700.0
9536 9882 0.7227 700.0
9536 9902 0.7653 700.0
9536 9908 0.6712 700.0
9536 9927 0.8818 700.0
9542 9548 0.3869 700.0
9542 9555 0.5476 700.0
9542 9561 0.5028 700.0
9542 9567 0.6322 700.0
9542 9575 0.8822 700.0
9548 9555 0.3832 700.0
9548 9561 0.5456 700.0
9548 9567 0.5164 700.0
9548 9575 0.6497 700.0
9548 9582 0.8742 700.0
9555 9561 0.3860 700.0
9555 9567 0.5431 700.0
9555 9575 0.5080 700.0
9555 9582 0.6189 700.0
9555 9588 0.8645 700.0
9555 9908 0.8022 700.0
9555 9927 0.7175 700.0
9561 9567 0.3855 700.0
9561 9575 0.5384 700.0
9561 9582 0.4818 700.0
9561 9588 0.6035 700.0
9561 9596 0.8563 700.0
9561 9615 0.8939 700.0
9561 9621 0.7591 700.0
9561 9748 0.8905 700.0
9561 9927 0.7794 700.0
9567 9575 0.3845 700.0
9567 9582 0.5383 700.0
9567 9588 0.5000 700.0
9567 9596 0.6157 700.0
9567 9602 0.8545 700.0
9575 9582 0.3841 700.0
9575 9588 0.5452 700.0
9575 9596 0.5115 700.0
9575 9602 0.6162 700.0
9575 9608 0.8682 700.0
9575 9615 0.8719 700.0
9582 9588 0.3833 700.0
9582 9596 0.5542 700.0
9582 9602 0.5049 700.0
9582 9608 0.6268 700.0
9582 9615 0.5131 700.0
9582 9621 0.5970 700.0
9582 9927 0.7446 700.0
9582 9946 0.8222 700.0
9588 9596 0.3852 700.0
9588 9602 0.5341 700.0
9588 9608 0.4965 700.0
9588 9615 0.5750 700.0
9588 9621 0.5496 700.0
9588 9627 0.8095 700.0
9596 9602 0.3848 700.0
9596 9608 0.5441 700.0
9596 9615 0.7712 700.0
9596 9621 0.8920 700.0
9602 9608 0.3881 700.0
9602 9615 0.5544 700.0
9602 9621 0.8313 700.0
9608 9615 0.3865 700.0
9608 9621 0.6111 700.0
9608 9627 0.6949 700.0
9608 9635 0.8175 700.0
9615 9621 0.3884 700.0
9615 9627 0.5785 700.0
9615 9635 0.7435 700.0
9615 9726 0.8835 700.0
9615 9736 0.6512 700.0
9615 9742 0.8547 700.0
9615 9748 0.8215 700.0
9615 9946 0.7905 700.0
9621 9627 0.3837 700.0
9621 9635 0.7173 700.0
9621 9720 0.8761 700.0
9621 9726 0.6140 700.0
9621 9736 0.5460 700.0
9621 9742 0.7639 700.0
9621 9748 0.6347 700.0
9621 9754 0.8952 700.0
9627 9635 0.3821 700.0
9627 9641 0.7106 700.0
9627 9714 0.6595 700.0
9627 9720 0.5600 700.0
9627 9726 0.4576 700.0
9627 9736 0.4859 700.0
9627 9742 0.8416 700.0
9627 9748 0.8541 700.0
9635 9641 0.3839 700.0
9635 9647 0.6427 700.0
9635 9708 0.8348 700.0
9635 9714 0.5698 700.0
9635 9720 0.5455 700.0
9635 9726 0.6274 700.0
9635 9736 0.5669 700.0
9641 9647 0.3813 700.0
9641 9652 0.7274 700.0
9641 9660 0.8881 700.0
9641 9696 0.8370 700.0
9641 9702 0.6135 700.0
9641 9708 0.5369 700.0
9641 9714 0.4442 700.0
9641 9720 0.5853 700.0
9641 9726 0.8517 700.0
9641 9736 0.8790 700.0
9647 9652 0.3807 700.0
9647 9660 0.6562 700.0
9647 9690 0.8570 700.0
9647 9696 0.5640 700.0
9647 9702 0.5136 700.0
9647 9708 0.5558 700.0
9647 9714 0.6370 700.0
9647 9720 0.6364 700.0
9652 9660 0.3837 700.0
9652 9666 0.6145 700.0
9652 9679 0.8535 700.0
9652 9685 0.7205 700.0
9652 9690 0.5751 700.0
9652 9696 0.4047 700.0
9652 9702 0.6166 700.0
9652 9708 0.6416 700.0
9652 9714 0.8077 700.0
9652 9720 0.7167 700.0
9660 9666 0.3812 700.0
9660 9673 0.5501 700.0
9660 9679 0.5431 700.0
9660 9685 0.5668 700.0
9660 9690 0.5395 700.0
9660 9696 0.6097 700.0
9660 9702 0.8159 700.0
9660 9708 0.6612 700.0
9660 9714 0.7656 700.0
9660 9720 0.6041 700.0
9660 9726 0.8734 700.0
9666 9673 0.3831 700.0
9666 9679 0.5591 700.0
9666 9685 0.5057 700.0
9666 9690 0.7134 700.0
9666 9696 0.8676 700.0
9666 9720 0.8916 700.0
9673 9679 0.3841 700.0
9673 9685 0.5790 700.0
9673 9690 0.8195 700.0
9679 9685 0.3850 700.0
9679 9690 0.5421 700.0
9679 9696 0.8716 700.0
9685 9690 0.3864 700.0
9685 9696 0.7097 700.0
9690 9696 0.3837 700.0
9690 9702 0.6949 700.0
9690 9708 0.7154 700.0
9696 9702 0.3827 700.0
9696 9708 0.5647 700.0
9696 9714 0.8900 700.0
9702 9708 0.3857 700.0
9702 9714 0.7117 700.0
9708 9714 0.3818 700.0
9708 9720 0.6288 700.0
9714 9720 0.3857 700.0
9714 9726 0.7159 700.0
9720 9726 0.3820 700.0
9720 9736 0.6412 700.0
9726 9736 0.3843 700.0
9726 9742 0.6221 700.0
9726 9748 0.6797 700.0
9726 9754 0.7522 700.0
9726 9762 0.8529 700.0
9736 9742 0.3867 700.0
9736 9748 0.5732 700.0
9736 9754 0.8138 700.0
9742 9748 0.3855 700.0
9742 9754 0.6179 700.0
9742 9921 0.7156 700.0
9742 9927 0.8856 700.0
9748 9754 0.3806 700.0
9748 9762 0.6511 700.0
9748 9902 0.6427 700.0
9748 9921 0.5866 700.0
9748 9927 0.6759 700.0
9748 9946 0.8995 700.0
9754 9762 0.3805 700.0
9754 9770 0.6877 700.0
9754 9831 0.8721 700.0
9754 9874 0.8694 700.0
9754 9895 0.8445 700.0
9754 9902 0.6289 700.0
9754 9921 0.7916 700.0
9762 9770 0.3824 700.0
9762 9777 0.5917 700.0
9762 9783 0.8973 700.0
9762 9831 0.7415 700.0
9762 9839 0.8831 700.0
9762 9874 0.8946 700.0
9762 9902 0.7854 700.0
9770 9777 0.3842 700.0
9770 9783 0.5585 700.0
9770 9789 0.7352 700.0
9770 9813 0.8369 700.0
9770 9825 0.8572 700.0
9770 9831 0.5041 700.0
9770 9839 0.5229 700.0
9770 9844 0.7594 700.0
9770 9874 0.8499 700.0
9777 9783 0.3849 700.0
9777 9789 0.6971 700.0
9777 9825 0.8157 700.0
9777 9831 0.5678 700.0
9777 9839 0.6274 700.0
9783 9789 0.3835 700.0
9783 9796 0.5496 700.0
9783 9804 0.7255 700.0
9783 9809 0.8412 700.0
9783 9825 0.6621 700.0
9783 9831 0.5639 700.0
9783 9839 0.4253 700.0
9783 9844 0.7165 700.0
9789 9796 0.3853 700.0
9789 9804 0.7289 700.0
9789 9809 0.8408 700.0
9789 9831 0.8288 700.0
9789 9839 0.5103 700.0
9789 9844 0.5687 700.0
9789 9851 0.8399 700.0
9796 9804 0.3835 700.0
9796 9809 0.5862 700.0
9796 9813 0.8910 700.0
9796 9825 0.7352 700.0
9796 9831 0.8101 700.0
9796 9839 0.4770 700.0
9796 9844 0.4795 700.0
9796 9851 0.6888 700.0
9804 9809 0.3844 700.0
9804 9813 0.6902 700.0
9804 9819 0.6746 700.0
9804 9825 0.5101 700.0
9804 9831 0.7301 700.0
9804 9839 0.5265 700.0
9804 9844 0.5975 700.0
9804 9851 0.7314 700.0
9809 9813 0.3861 700.0
9809 9819 0.5585 700.0
9809 9825 0.5745 700.0
9809 9831 0.6425 700.0
9809 9839 0.4592 700.0
9809 9844 0.4328 700.0
9809 9851 0.4905 700.0
9809 9857 0.5994 700.0
9813 9819 0.3864 700.0
9813 9825 0.5521 700.0
9813 9831 0.4916 700.0
9813 9839 0.5482 700.0
9813 9844 0.6590 700.0
9813 9851 0.7325 700.0
9813 9857 0.6127 700.0
9813 9874 0.8647 700.0
9819 9825 0.3841 700.0
9819 9831 0.5602 700.0
9819 9839 0.7245 700.0
9825 9831 0.3861 700.0
9825 9839 0.5205 700.0
9825 9844 0.8254 700.0
9831 9839 0.3852 700.0
9831 9844 0.7338 700.0
9839 9844 0.3824 700.0
9839 9851 0.6569 700.0
9839 9857 0.7253 700.0
9844 9851 0.3017 700.0
9844 9857 0.5013 700.0
9844 9862 0.8223 700.0
9844 9874 0.8929 700.0
9851 9857 0.3850 700.0
9851 9862 0.6371 700.0
9851 9874 0.8997 700.0
9857 9862 0.3865 700.0
9857 9868 0.5647 700.0
9857 9874 0.5543 700.0
9857 9882 0.8385 700.0
9862 9868 0.3857 700.0
9862 9874 0.5806 700.0
9862 9882 0.7379 700.0
9862 9888 0.8434 700.0
9868 9874 0.3859 700.0
9868 9882 0.5812 700.0
9868 9888 0.5460 700.0
9868 9895 0.6354 700.0
9868 9902 0.8881 700.0
9874 9882 0.3852 700.0
9874 9888 0.5409 700.0
9874 9895 0.5159 700.0
9874 9902 0.6123 700.0
9874 9908 0.8575 700.0
9882 9888 0.3849 700.0
9882 9895 0.5659 700.0
9882 9902 0.5441 700.0
9882 9908 0.6328 700.0
9882 9915 0.8838 700.0
9888 9895 0.3865 700.0
9888 9902 0.5699 700.0
9888 9908 0.5327 700.0
9888 9915 0.6425 700.0
9888 9921 0.8887 700.0
9895 9902 0.3839 700.0
9895 9908 0.5410 700.0
9895 9915 0.5041 700.0
9895 9921 0.6225 700.0
9895 9927 0.8647 700.0
9902 9908 0.3870 700.0
9902 9915 0.5426 700.0
9902 9921 0.4967 700.0
9902 9927 0.6126 700.0
9902 9933 0.8504 700.0
9908 9915 0.3847 700.0
9908 9921 0.5438 700.0
9908 9927 0.5025 700.0
9908 9933 0.6022 700.0
9908 9940 0.8584 700.0
9915 9921 0.3864 700.0
9915 9927 0.5474 700.0
9915 9933 0.4941 700.0
9915 9940 0.6160 700.0
9915 9946 0.8764 700.0
9921 9927 0.3849 700.0
9921 9933 0.5426 700.0
9921 9940 0.5097 700.0
9921 9946 0.6620 700.0
9927 9933 0.3849 700.0
9927 9940 0.5447 700.0
9927 9946 0.5136 700.0
9933 9940 0.3844 700.0
9933 9946 0.5233 700.0
9940 9946 0.3863 700.0
