i j d[nm] fc
7 9 0.8414 700.0000
7 57 0.7502 700.0000
7 58 0.6297 700.0000
7 59 0.6953 700.0000
7 60 0.6677 700.0000
7 61 0.4708 700.0000
7 62 0.8835 700.0000
7 63 0.8445 700.0000
7 64 0.5288 700.0000
8 10 0.7828 700.0000
8 55 0.6750 700.0000
8 56 0.6188 700.0000
8 57 0.5234 700.0000
8 58 0.6844 700.0000
8 64 0.6336 700.0000
9 11 0.6674 700.0000
9 31 0.8533 700.0000
9 55 0.6539 700.0000
9 56 0.4551 700.0000
9 57 0.7148 700.0000
9 58 0.6509 700.0000
9 64 0.6100 700.0000
9 67 0.7753 700.0000
9 68 0.7549 700.0000
9 87 0.6307 700.0000
9 88 0.6756 700.0000
10 12 0.6092 700.0000
10 47 0.8545 700.0000
10 53 0.6305 700.0000
10 54 0.7475 700.0000
10 55 0.5768 700.0000
10 56 0.7277 700.0000
10 86 0.7561 700.0000
10 87 0.6391 700.0000
10 88 0.4400 700.0000
11 13 0.7178 700.0000
11 15 0.8720 700.0000
11 27 0.7589 700.0000
11 31 0.8373 700.0000
11 44 0.8968 700.0000
11 52 0.8452 700.0000
11 53 0.6964 700.0000
11 54 0.5124 700.0000
11 55 0.6691 700.0000
11 56 0.6738 700.0000
11 85 0.6601 700.0000
11 86 0.5962 700.0000
11 87 0.5816 700.0000
11 88 0.6952 700.0000
12 14 0.8585 700.0000
12 15 0.7445 700.0000
12 52 0.6523 700.0000
12 53 0.5309 700.0000
12 54 0.7582 700.0000
12 85 0.7300 700.0000
12 86 0.4665 700.0000
12 87 0.7477 700.0000
12 88 0.6911 700.0000
13 15 0.3618 700.0000
13 16 0.6108 700.0000
13 52 0.6818 700.0000
13 53 0.8536 700.0000
13 54 0.8496 700.0000
13 83 0.6737 700.0000
13 84 0.7243 700.0000
13 85 0.5974 700.0000
13 86 0.6440 700.0000
14 16 0.6172 700.0000
14 82 0.7907 700.0000
14 83 0.4927 700.0000
14 84 0.5912 700.0000
14 85 0.7660 700.0000
15 17 0.7511 700.0000
15 18 0.8266 700.0000
15 19 0.5722 700.0000
15 20 0.6767 700.0000
15 23 0.6985 700.0000
15 52 0.6117 700.0000
15 54 0.7873 700.0000
15 83 0.5948 700.0000
15 85 0.8187 700.0000
16 18 0.5718 700.0000
16 19 0.6119 700.0000
16 20 0.8422 700.0000
16 51 0.8520 700.0000
16 52 0.5809 700.0000
17 19 0.6432 700.0000
17 50 0.8676 700.0000
17 51 0.6921 700.0000
17 52 0.5858 700.0000
18 20 0.7253 700.0000
18 51 0.7036 700.0000
18 52 0.7588 700.0000
19 21 0.7229 700.0000
19 23 0.6577 700.0000
19 46 0.8220 700.0000
19 51 0.6431 700.0000
19 52 0.6353 700.0000
19 54 0.8340 700.0000
20 22 0.6768 700.0000
20 23 0.5154 700.0000
20 77 0.7551 700.0000
20 80 0.7159 700.0000
20 83 0.8860 700.0000
21 23 0.8179 700.0000
22 24 0.6755 700.0000
22 25 0.5711 700.0000
22 26 0.6996 700.0000
22 77 0.8466 700.0000
23 25 0.6450 700.0000
23 26 0.5879 700.0000
23 27 0.5399 700.0000
23 44 0.8966 700.0000
23 46 0.8818 700.0000
23 54 0.7068 700.0000
23 75 0.8189 700.0000
23 77 0.7170 700.0000
23 83 0.8452 700.0000
24 26 0.7375 700.0000
24 27 0.5561 700.0000
24 28 0.6106 700.0000
24 43 0.8737 700.0000
24 44 0.4723 700.0000
24 45 0.8123 700.0000
24 46 0.6904 700.0000
24 54 0.6486 700.0000
25 27 0.6440 700.0000
25 28 0.5237 700.0000
25 29 0.5850 700.0000
25 44 0.7487 700.0000
26 28 0.7526 700.0000
26 29 0.4940 700.0000
26 30 0.8143 700.0000
26 75 0.7098 700.0000
26 76 0.8665 700.0000
26 77 0.6056 700.0000
27 29 0.7147 700.0000
27 30 0.6154 700.0000
27 31 0.5744 700.0000
27 44 0.6307 700.0000
27 54 0.6891 700.0000
27 56 0.8097 700.0000
27 75 0.6983 700.0000
27 85 0.8360 700.0000
28 30 0.8798 700.0000
28 31 0.7018 700.0000
28 32 0.5251 700.0000
28 40 0.8780 700.0000
28 42 0.5306 700.0000
28 43 0.6768 700.0000
28 44 0.4960 700.0000
28 56 0.8300 700.0000
29 31 0.8365 700.0000
29 32 0.5992 700.0000
29 33 0.7725 700.0000
29 36 0.8270 700.0000
30 32 0.8084 700.0000
30 33 0.6005 700.0000
30 34 0.8767 700.0000
30 36 0.5205 700.0000
30 37 0.4873 700.0000
30 38 0.8248 700.0000
30 39 0.8208 700.0000
30 73 0.6727 700.0000
30 74 0.8305 700.0000
30 75 0.6042 700.0000
30 76 0.8633 700.0000
30 85 0.7843 700.0000
31 33 0.6941 700.0000
31 34 0.8921 700.0000
31 36 0.8736 700.0000
31 37 0.5167 700.0000
31 38 0.7379 700.0000
31 39 0.6424 700.0000
31 40 0.6864 700.0000
31 42 0.6480 700.0000
31 44 0.8115 700.0000
31 56 0.6497 700.0000
31 58 0.7415 700.0000
31 67 0.7040 700.0000
31 73 0.7729 700.0000
31 85 0.8763 700.0000
31 87 0.8994 700.0000
32 34 0.7886 700.0000
32 37 0.8739 700.0000
32 39 0.6972 700.0000
32 40 0.4639 700.0000
32 41 0.6589 700.0000
32 42 0.4766 700.0000
32 58 0.8826 700.0000
33 35 0.6068 700.0000
33 36 0.4776 700.0000
33 37 0.5229 700.0000
33 38 0.6243 700.0000
33 39 0.5279 700.0000
33 40 0.6362 700.0000
34 36 0.7223 700.0000
34 37 0.5744 700.0000
34 38 0.4560 700.0000
34 39 0.4135 700.0000
34 40 0.6306 700.0000
34 63 0.8783 700.0000
34 66 0.8516 700.0000
35 37 0.7789 700.0000
35 38 0.8128 700.0000
36 38 0.8854 700.0000
36 75 0.8648 700.0000
36 76 0.8585 700.0000
37 39 0.4690 700.0000
37 40 0.7633 700.0000
37 63 0.8970 700.0000
37 66 0.8276 700.0000
37 67 0.5559 700.0000
37 70 0.5570 700.0000
37 73 0.6265 700.0000
38 40 0.6701 700.0000
38 63 0.6439 700.0000
38 66 0.5093 700.0000
38 67 0.5020 700.0000
38 69 0.8669 700.0000
38 70 0.6205 700.0000
38 73 0.8867 700.0000
39 41 0.8678 700.0000
39 42 0.7918 700.0000
39 58 0.7390 700.0000
39 62 0.8784 700.0000
39 63 0.5261 700.0000
39 66 0.6282 700.0000
39 67 0.6251 700.0000
39 70 0.8923 700.0000
40 42 0.5004 700.0000
40 58 0.6011 700.0000
40 60 0.8249 700.0000
40 63 0.5831 700.0000
40 66 0.8993 700.0000
40 67 0.8869 700.0000
41 43 0.8666 700.0000
41 58 0.7182 700.0000
41 59 0.6262 700.0000
41 60 0.7398 700.0000
41 63 0.8460 700.0000
42 44 0.6481 700.0000
42 56 0.6280 700.0000
42 57 0.7026 700.0000
42 58 0.5150 700.0000
42 63 0.8885 700.0000
43 45 0.4929 700.0000
43 55 0.8280 700.0000
43 56 0.6882 700.0000
43 57 0.4961 700.0000
43 58 0.8258 700.0000
44 46 0.8023 700.0000
44 54 0.6664 700.0000
44 55 0.6478 700.0000
44 56 0.5430 700.0000
44 57 0.6679 700.0000
45 47 0.8762 700.0000
45 54 0.8578 700.0000
45 55 0.5953 700.0000
45 56 0.7817 700.0000
45 57 0.5962 700.0000
46 48 0.6222 700.0000
46 50 0.7058 700.0000
46 51 0.5784 700.0000
46 52 0.7637 700.0000
46 53 0.8429 700.0000
46 54 0.5024 700.0000
46 55 0.7594 700.0000
47 49 0.5547 700.0000
47 50 0.4350 700.0000
47 51 0.6315 700.0000
47 52 0.7439 700.0000
47 53 0.5470 700.0000
47 54 0.6692 700.0000
47 55 0.6364 700.0000
48 50 0.6210 700.0000
48 51 0.7246 700.0000
48 53 0.8923 700.0000
49 53 0.8544 700.0000
50 52 0.4663 700.0000
50 53 0.4260 700.0000
50 54 0.7921 700.0000
51 53 0.6797 700.0000
51 54 0.7663 700.0000
52 54 0.6384 700.0000
53 55 0.8152 700.0000
54 56 0.7761 700.0000
55 57 0.5644 700.0000
56 58 0.5382 700.0000
56 64 0.8802 700.0000
58 60 0.6903 700.0000
58 61 0.8249 700.0000
58 62 0.8619 700.0000
58 63 0.5496 700.0000
58 64 0.5935 700.0000
58 67 0.7864 700.0000
59 61 0.8295 700.0000
59 62 0.8754 700.0000
59 63 0.8446 700.0000
60 62 0.4845 700.0000
60 63 0.5311 700.0000
60 64 0.8032 700.0000
61 63 0.7011 700.0000
61 64 0.4804 700.0000
61 65 0.6347 700.0000
62 64 0.7211 700.0000
62 65 0.6527 700.0000
62 66 0.5599 700.0000
63 65 0.6796 700.0000
63 66 0.4773 700.0000
63 67 0.6619 700.0000
64 66 0.8205 700.0000
64 67 0.7121 700.0000
64 68 0.6535 700.0000
65 67 0.6614 700.0000
65 68 0.5082 700.0000
65 69 0.5865 700.0000
66 68 0.7746 700.0000
66 69 0.5914 700.0000
66 70 0.8446 700.0000
67 69 0.6510 700.0000
67 70 0.6041 700.0000
67 73 0.7099 700.0000
67 87 0.7010 700.0000
68 70 0.8194 700.0000
68 71 0.8952 700.0000
68 73 0.8927 700.0000
68 87 0.6108 700.0000
68 88 0.8485 700.0000
69 71 0.7802 700.0000
70 72 0.5743 700.0000
70 73 0.5270 700.0000
71 73 0.8337 700.0000
72 74 0.6427 700.0000
72 84 0.8069 700.0000
72 85 0.8191 700.0000
73 75 0.8496 700.0000
73 84 0.8064 700.0000
73 85 0.4786 700.0000
73 86 0.7205 700.0000
73 87 0.6398 700.0000
74 76 0.6954 700.0000
74 82 0.6132 700.0000
74 83 0.7667 700.0000
74 84 0.5306 700.0000
74 85 0.6347 700.0000
75 77 0.6637 700.0000
75 81 0.7329 700.0000
75 82 0.6162 700.0000
75 83 0.4956 700.0000
75 84 0.8261 700.0000
75 85 0.6621 700.0000
76 78 0.6741 700.0000
76 81 0.5773 700.0000
76 82 0.5311 700.0000
76 83 0.7010 700.0000
77 79 0.6215 700.0000
77 80 0.4504 700.0000
77 81 0.5847 700.0000
77 82 0.8398 700.0000
77 83 0.6938 700.0000
78 80 0.7926 700.0000
78 81 0.7365 700.0000
79 81 0.5560 700.0000
80 82 0.8795 700.0000
80 83 0.7552 700.0000
81 83 0.5335 700.0000
82 84 0.6606 700.0000
83 85 0.7221 700.0000
84 86 0.7786 700.0000
85 87 0.6674 700.0000
86 88 0.6217 700.0000
150 152 0.7394 700.0000
150 192 0.6664 700.0000
150 193 0.5922 700.0000
150 194 0.5361 700.0000
150 195 0.6690 700.0000
150 201 0.7811 700.0000
150 222 0.8900 700.0000
150 223 0.6678 700.0000
151 153 0.5840 700.0000
151 191 0.7494 700.0000
151 192 0.5888 700.0000
151 193 0.4382 700.0000
151 194 0.7372 700.0000
151 195 0.7173 700.0000
151 201 0.6964 700.0000
151 204 0.7109 700.0000
151 205 0.7184 700.0000
151 221 0.7210 700.0000
151 222 0.6451 700.0000
151 223 0.5775 700.0000
152 154 0.5834 700.0000
152 190 0.6864 700.0000
152 191 0.5426 700.0000
152 192 0.5592 700.0000
152 193 0.6667 700.0000
152 205 0.8498 700.0000
152 220 0.7065 700.0000
152 221 0.5859 700.0000
152 222 0.4086 700.0000
152 223 0.6769 700.0000
153 155 0.8530 700.0000
153 156 0.7788 700.0000
153 165 0.7172 700.0000
153 190 0.7023 700.0000
153 191 0.4643 700.0000
153 192 0.6711 700.0000
153 193 0.6872 700.0000
153 205 0.8732 700.0000
153 208 0.7873 700.0000
153 214 0.7918 700.0000
153 219 0.5700 700.0000
153 220 0.5986 700.0000
153 221 0.5257 700.0000
153 222 0.7484 700.0000
154 156 0.7681 700.0000
154 189 0.7615 700.0000
154 190 0.5787 700.0000
154 191 0.7233 700.0000
154 219 0.7074 700.0000
154 220 0.4191 700.0000
154 221 0.6701 700.0000
154 222 0.5970 700.0000
155 157 0.6717 700.0000
155 189 0.6120 700.0000
155 190 0.7632 700.0000
155 217 0.8873 700.0000
155 218 0.6413 700.0000
155 219 0.5795 700.0000
155 220 0.5495 700.0000
156 158 0.6506 700.0000
156 159 0.7868 700.0000
156 160 0.5493 700.0000
156 161 0.8897 700.0000
156 165 0.8855 700.0000
156 184 0.7440 700.0000
156 185 0.8199 700.0000
156 186 0.6054 700.0000
156 189 0.4539 700.0000
156 190 0.5653 700.0000
156 191 0.6504 700.0000
156 217 0.8351 700.0000
156 219 0.6886 700.0000
157 159 0.5242 700.0000
157 160 0.5984 700.0000
157 189 0.7532 700.0000
157 217 0.6427 700.0000
157 218 0.6703 700.0000
157 219 0.7770 700.0000
158 160 0.5358 700.0000
158 161 0.8009 700.0000
158 186 0.6409 700.0000
158 189 0.8160 700.0000
159 161 0.6916 700.0000
159 164 0.7830 700.0000
159 217 0.7839 700.0000
160 162 0.7689 700.0000
160 163 0.8882 700.0000
160 164 0.5502 700.0000
160 165 0.6871 700.0000
160 184 0.8399 700.0000
160 186 0.7898 700.0000
160 217 0.7209 700.0000
160 219 0.8784 700.0000
161 163 0.5063 700.0000
161 164 0.4005 700.0000
161 165 0.6307 700.0000
161 166 0.8477 700.0000
161 184 0.8168 700.0000
162 164 0.6603 700.0000
162 165 0.6197 700.0000
162 166 0.6326 700.0000
162 182 0.6626 700.0000
162 184 0.6873 700.0000
163 165 0.6767 700.0000
163 166 0.5378 700.0000
163 167 0.6218 700.0000
164 166 0.7461 700.0000
164 167 0.6482 700.0000
164 168 0.6981 700.0000
164 217 0.8613 700.0000
165 167 0.6762 700.0000
165 168 0.5315 700.0000
165 169 0.6529 700.0000
165 182 0.6548 700.0000
165 184 0.8365 700.0000
165 191 0.7476 700.0000
165 193 0.8342 700.0000
165 219 0.8923 700.0000
166 168 0.6711 700.0000
166 169 0.5777 700.0000
166 170 0.5808 700.0000
166 176 0.8905 700.0000
166 177 0.5882 700.0000
166 180 0.6441 700.0000
166 182 0.6244 700.0000
167 169 0.6659 700.0000
167 170 0.5034 700.0000
167 171 0.6070 700.0000
167 177 0.8793 700.0000
168 170 0.7044 700.0000
168 171 0.5545 700.0000
168 172 0.6321 700.0000
168 208 0.8286 700.0000
168 211 0.7456 700.0000
168 213 0.6752 700.0000
168 214 0.7240 700.0000
169 171 0.6248 700.0000
169 172 0.5354 700.0000
169 173 0.5490 700.0000
169 174 0.7625 700.0000
169 175 0.7073 700.0000
169 176 0.8759 700.0000
169 177 0.8752 700.0000
169 180 0.6237 700.0000
169 182 0.8668 700.0000
169 193 0.7463 700.0000
169 195 0.8305 700.0000
169 204 0.7196 700.0000
169 208 0.8430 700.0000
170 172 0.7721 700.0000
170 173 0.6537 700.0000
170 174 0.5969 700.0000
170 175 0.5972 700.0000
170 176 0.5797 700.0000
170 177 0.6666 700.0000
170 179 0.8974 700.0000
170 180 0.7022 700.0000
171 173 0.6842 700.0000
171 174 0.6885 700.0000
171 175 0.8883 700.0000
171 211 0.8307 700.0000
172 174 0.7078 700.0000
172 175 0.8612 700.0000
172 204 0.5793 700.0000
172 207 0.6177 700.0000
172 208 0.5925 700.0000
172 211 0.6460 700.0000
173 175 0.4270 700.0000
173 176 0.8201 700.0000
173 179 0.8986 700.0000
173 180 0.8238 700.0000
173 195 0.8256 700.0000
173 199 0.7556 700.0000
173 204 0.6283 700.0000
173 207 0.8818 700.0000
174 176 0.6656 700.0000
174 179 0.8474 700.0000
175 177 0.8193 700.0000
175 178 0.8640 700.0000
175 179 0.5111 700.0000
175 180 0.6309 700.0000
175 195 0.7821 700.0000
175 197 0.6799 700.0000
175 199 0.8225 700.0000
176 178 0.4887 700.0000
176 179 0.4161 700.0000
176 180 0.5900 700.0000
176 197 0.8452 700.0000
177 179 0.6681 700.0000
177 180 0.4867 700.0000
177 181 0.8023 700.0000
177 182 0.8352 700.0000
178 180 0.6844 700.0000
178 196 0.7857 700.0000
179 195 0.7432 700.0000
179 196 0.5578 700.0000
179 197 0.5008 700.0000
180 182 0.6636 700.0000
180 193 0.6686 700.0000
180 194 0.6580 700.0000
180 195 0.5829 700.0000
180 196 0.6911 700.0000
180 197 0.8769 700.0000
181 183 0.6626 700.0000
181 192 0.7726 700.0000
181 193 0.6741 700.0000
181 194 0.4721 700.0000
181 195 0.8238 700.0000
181 196 0.7146 700.0000
182 184 0.6675 700.0000
182 191 0.7132 700.0000
182 192 0.6024 700.0000
182 193 0.5645 700.0000
182 194 0.6976 700.0000
183 185 0.6028 700.0000
183 190 0.8272 700.0000
183 191 0.6574 700.0000
183 192 0.4895 700.0000
183 193 0.7846 700.0000
183 194 0.8125 700.0000
184 186 0.5251 700.0000
184 189 0.8862 700.0000
184 190 0.6610 700.0000
184 191 0.5624 700.0000
184 192 0.7269 700.0000
185 187 0.5863 700.0000
185 188 0.5612 700.0000
185 189 0.7063 700.0000
185 190 0.4416 700.0000
185 191 0.6064 700.0000
185 192 0.7336 700.0000
186 188 0.8450 700.0000
186 189 0.5807 700.0000
186 190 0.7180 700.0000
186 191 0.8573 700.0000
187 189 0.7198 700.0000
187 190 0.8401 700.0000
188 190 0.6075 700.0000
189 191 0.8290 700.0000
190 192 0.6712 700.0000
191 193 0.6740 700.0000
191 219 0.8765 700.0000
192 194 0.6420 700.0000
193 195 0.5570 700.0000
193 204 0.8685 700.0000
194 196 0.6344 700.0000
195 197 0.7028 700.0000
195 198 0.8222 700.0000
195 199 0.5764 700.0000
195 201 0.7223 700.0000
195 204 0.7939 700.0000
197 199 0.6561 700.0000
198 200 0.7495 700.0000
198 201 0.8494 700.0000
199 201 0.5293 700.0000
199 202 0.8723 700.0000
199 203 0.8410 700.0000
199 204 0.7168 700.0000
200 202 0.5017 700.0000
200 203 0.5056 700.0000
200 204 0.7238 700.0000
200 205 0.8662 700.0000
201 203 0.7929 700.0000
201 204 0.5748 700.0000
201 205 0.6513 700.0000
201 223 0.6435 700.0000
202 204 0.7581 700.0000
202 205 0.5893 700.0000
202 206 0.7315 700.0000
202 223 0.6988 700.0000
203 205 0.8103 700.0000
203 206 0.6507 700.0000
203 207 0.5651 700.0000
204 206 0.7527 700.0000
204 207 0.5664 700.0000
204 208 0.5216 700.0000
204 209 0.8995 700.0000
204 221 0.8360 700.0000
205 207 0.6262 700.0000
205 208 0.4983 700.0000
205 209 0.6160 700.0000
205 210 0.8666 700.0000
205 221 0.5321 700.0000
205 222 0.8477 700.0000
205 223 0.7121 700.0000
206 208 0.6419 700.0000
206 209 0.5139 700.0000
206 210 0.5127 700.0000
206 221 0.8805 700.0000
207 209 0.6491 700.0000
207 210 0.5294 700.0000
207 211 0.7323 700.0000
208 210 0.6680 700.0000
208 211 0.5798 700.0000
208 213 0.8824 700.0000
208 214 0.5897 700.0000
208 215 0.8777 700.0000
208 219 0.8473 700.0000
208 220 0.8870 700.0000
208 221 0.5817 700.0000
209 211 0.7349 700.0000
209 214 0.7040 700.0000
209 215 0.6857 700.0000
209 220 0.8322 700.0000
209 221 0.6160 700.0000
210 215 0.8133 700.0000
211 213 0.4811 700.0000
211 214 0.5305 700.0000
211 215 0.6792 700.0000
212 214 0.7055 700.0000
212 215 0.5412 700.0000
212 216 0.5580 700.0000
212 217 0.8835 700.0000
213 215 0.6450 700.0000
213 216 0.5006 700.0000
213 217 0.5887 700.0000
213 219 0.8208 700.0000
214 216 0.7099 700.0000
214 217 0.5536 700.0000
214 218 0.7773 700.0000
214 219 0.4630 700.0000
214 220 0.7693 700.0000
214 221 0.7467 700.0000
215 217 0.7773 700.0000
215 218 0.7335 700.0000
215 219 0.7793 700.0000
216 218 0.7212 700.0000
216 219 0.8942 700.0000
217 219 0.5125 700.0000
218 220 0.7957 700.0000
219 221 0.6470 700.0000
220 222 0.7156 700.0000
221 223 0.8378 700.0000
229 231 0.8713 700.0000
229 260 0.8883 700.0000
229 271 0.6573 700.0000
229 272 0.6051 700.0000
229 273 0.5320 700.0000
229 274 0.6597 700.0000
229 280 0.7520 700.0000
229 299 0.6978 700.0000
229 300 0.5315 700.0000
229 301 0.7238 700.0000
229 302 0.8449 700.0000
230 232 0.6140 700.0000
230 248 0.8090 700.0000
230 270 0.7198 700.0000
230 271 0.6125 700.0000
230 272 0.4408 700.0000
230 273 0.7848 700.0000
230 274 0.6900 700.0000
230 280 0.6665 700.0000
230 283 0.7765 700.0000
230 284 0.7933 700.0000
230 297 0.6246 700.0000
230 298 0.7160 700.0000
230 299 0.6158 700.0000
230 300 0.7017 700.0000
231 233 0.5262 700.0000
231 264 0.7939 700.0000
231 267 0.8137 700.0000
231 269 0.5813 700.0000
231 270 0.5124 700.0000
231 271 0.5600 700.0000
231 272 0.8406 700.0000
231 296 0.8188 700.0000
231 297 0.7722 700.0000
231 298 0.6049 700.0000
231 299 0.7886 700.0000
231 300 0.6271 700.0000
232 234 0.7395 700.0000
232 235 0.6425 700.0000
232 244 0.8449 700.0000
232 248 0.8519 700.0000
232 268 0.8153 700.0000
232 269 0.5615 700.0000
232 270 0.4044 700.0000
232 271 0.6792 700.0000
232 272 0.6847 700.0000
232 295 0.6418 700.0000
232 296 0.5803 700.0000
232 297 0.5676 700.0000
232 298 0.6929 700.0000
233 235 0.6968 700.0000
233 267 0.7808 700.0000
233 268 0.6523 700.0000
233 269 0.5667 700.0000
233 270 0.7061 700.0000
233 295 0.7421 700.0000
233 296 0.4602 700.0000
233 297 0.7150 700.0000
233 298 0.6399 700.0000
234 236 0.7362 700.0000
234 268 0.6054 700.0000
234 269 0.7935 700.0000
234 293 0.6721 700.0000
234 294 0.6103 700.0000
234 295 0.5807 700.0000
234 296 0.5418 700.0000
235 237 0.7149 700.0000
235 238 0.8042 700.0000
235 239 0.6426 700.0000
235 244 0.8230 700.0000
235 263 0.7180 700.0000
235 265 0.8240 700.0000
235 268 0.4522 700.0000
235 269 0.5788 700.0000
235 270 0.7141 700.0000
235 290 0.6886 700.0000
235 293 0.7742 700.0000
235 294 0.8890 700.0000
235 295 0.6932 700.0000
235 296 0.8465 700.0000
236 238 0.5666 700.0000
236 239 0.5622 700.0000
236 268 0.6929 700.0000
236 290 0.6135 700.0000
236 291 0.6511 700.0000
236 293 0.6307 700.0000
236 295 0.8958 700.0000
237 239 0.6218 700.0000
237 265 0.8765 700.0000
237 268 0.7969 700.0000
237 291 0.8859 700.0000
238 240 0.6098 700.0000
238 243 0.8511 700.0000
238 263 0.8093 700.0000
238 265 0.8605 700.0000
238 291 0.8908 700.0000
239 241 0.7391 700.0000
239 243 0.6624 700.0000
239 244 0.6961 700.0000
239 263 0.5729 700.0000
239 265 0.7608 700.0000
239 268 0.8642 700.0000
239 290 0.7934 700.0000
240 242 0.6430 700.0000
240 243 0.4197 700.0000
240 244 0.5836 700.0000
240 261 0.8988 700.0000
240 263 0.6951 700.0000
241 243 0.6551 700.0000
241 244 0.5890 700.0000
241 245 0.7213 700.0000
241 260 0.8443 700.0000
241 261 0.4791 700.0000
241 262 0.7851 700.0000
241 263 0.6051 700.0000
241 270 0.8814 700.0000
242 244 0.7710 700.0000
242 245 0.5745 700.0000
242 246 0.5507 700.0000
243 245 0.6818 700.0000
243 246 0.5416 700.0000
243 247 0.7029 700.0000
243 248 0.8700 700.0000
243 290 0.7535 700.0000
244 246 0.6848 700.0000
244 247 0.6004 700.0000
244 248 0.5931 700.0000
244 261 0.6863 700.0000
244 263 0.7942 700.0000
244 270 0.7794 700.0000
244 272 0.7548 700.0000
244 290 0.7169 700.0000
245 247 0.8527 700.0000
245 248 0.7176 700.0000
245 249 0.4994 700.0000
245 256 0.8343 700.0000
245 258 0.4963 700.0000
245 259 0.7640 700.0000
245 260 0.8115 700.0000
245 261 0.6546 700.0000
245 272 0.8389 700.0000
246 248 0.7707 700.0000
246 249 0.5346 700.0000
246 250 0.7165 700.0000
246 258 0.8898 700.0000
247 249 0.7927 700.0000
247 250 0.6074 700.0000
247 253 0.5291 700.0000
247 254 0.8727 700.0000
247 255 0.8282 700.0000
247 288 0.7299 700.0000
247 289 0.8656 700.0000
247 290 0.6109 700.0000
247 295 0.8939 700.0000
248 250 0.7458 700.0000
248 253 0.6701 700.0000
248 254 0.7525 700.0000
248 255 0.6513 700.0000
248 256 0.6767 700.0000
248 258 0.7473 700.0000
248 272 0.6308 700.0000
248 274 0.7536 700.0000
248 279 0.8903 700.0000
248 283 0.7123 700.0000
248 288 0.8063 700.0000
249 251 0.7813 700.0000
249 255 0.6587 700.0000
249 256 0.4488 700.0000
249 257 0.6886 700.0000
249 258 0.5283 700.0000
249 274 0.8570 700.0000
250 252 0.5475 700.0000
250 253 0.4594 700.0000
250 254 0.6587 700.0000
250 255 0.5545 700.0000
250 256 0.7265 700.0000
251 253 0.5948 700.0000
251 254 0.5269 700.0000
251 255 0.4513 700.0000
251 256 0.6895 700.0000
252 254 0.7998 700.0000
252 255 0.8594 700.0000
253 255 0.5878 700.0000
253 256 0.8923 700.0000
253 283 0.7611 700.0000
253 286 0.7274 700.0000
253 288 0.6367 700.0000
253 289 0.8689 700.0000
254 256 0.6650 700.0000
254 279 0.6099 700.0000
254 282 0.4971 700.0000
254 283 0.5230 700.0000
254 285 0.8610 700.0000
254 286 0.6619 700.0000
254 288 0.8703 700.0000
255 258 0.8969 700.0000
255 274 0.8041 700.0000
255 279 0.5467 700.0000
255 282 0.6905 700.0000
255 283 0.6683 700.0000
256 258 0.5695 700.0000
256 274 0.5861 700.0000
256 275 0.8261 700.0000
256 276 0.7541 700.0000
256 279 0.5741 700.0000
256 283 0.8824 700.0000
257 259 0.6671 700.0000
257 274 0.7881 700.0000
257 275 0.4554 700.0000
257 276 0.8057 700.0000
258 260 0.6534 700.0000
258 261 0.7362 700.0000
258 272 0.6973 700.0000
258 273 0.6489 700.0000
258 274 0.5225 700.0000
258 275 0.6269 700.0000
259 261 0.7155 700.0000
259 272 0.7907 700.0000
259 273 0.4493 700.0000
259 274 0.6541 700.0000
259 275 0.5171 700.0000
260 262 0.6722 700.0000
260 271 0.7335 700.0000
260 272 0.6490 700.0000
260 273 0.4641 700.0000
260 274 0.8363 700.0000
261 263 0.7997 700.0000
261 270 0.7262 700.0000
261 271 0.6429 700.0000
261 272 0.5647 700.0000
261 273 0.7509 700.0000
262 264 0.5415 700.0000
262 269 0.8220 700.0000
262 270 0.6300 700.0000
262 271 0.4604 700.0000
262 272 0.7990 700.0000
263 265 0.4501 700.0000
263 266 0.8771 700.0000
263 267 0.8438 700.0000
263 268 0.7143 700.0000
263 269 0.5670 700.0000
263 270 0.6105 700.0000
263 271 0.8660 700.0000
264 266 0.7263 700.0000
264 267 0.5299 700.0000
264 268 0.7410 700.0000
264 269 0.4411 700.0000
264 270 0.5612 700.0000
264 271 0.6834 700.0000
265 267 0.6505 700.0000
265 268 0.5865 700.0000
265 269 0.6497 700.0000
266 268 0.7592 700.0000
266 269 0.8619 700.0000
267 269 0.4774 700.0000
267 270 0.8257 700.0000
268 270 0.7760 700.0000
269 271 0.7136 700.0000
270 272 0.6007 700.0000
271 273 0.7637 700.0000
271 300 0.6486 700.0000
272 274 0.5867 700.0000
273 275 0.6777 700.0000
274 276 0.6579 700.0000
274 279 0.5692 700.0000
274 280 0.6714 700.0000
274 283 0.8537 700.0000
276 278 0.4977 700.0000
276 279 0.5309 700.0000
276 280 0.8143 700.0000
277 279 0.7599 700.0000
277 280 0.6189 700.0000
277 281 0.6358 700.0000
278 280 0.7766 700.0000
278 281 0.6313 700.0000
278 282 0.7793 700.0000
279 281 0.6229 700.0000
279 282 0.5181 700.0000
279 283 0.5897 700.0000
280 282 0.6388 700.0000
280 283 0.5490 700.0000
280 284 0.5727 700.0000
280 297 0.8881 700.0000
280 299 0.7586 700.0000
281 283 0.6928 700.0000
281 284 0.6335 700.0000
281 285 0.7484 700.0000
282 284 0.7054 700.0000
282 285 0.5637 700.0000
282 286 0.6215 700.0000
283 285 0.6109 700.0000
283 286 0.5136 700.0000
283 288 0.7145 700.0000
283 297 0.6969 700.0000
284 286 0.6761 700.0000
284 297 0.5350 700.0000
284 298 0.7241 700.0000
284 299 0.7035 700.0000
285 287 0.7132 700.0000
285 288 0.8815 700.0000
286 288 0.5483 700.0000
286 297 0.8588 700.0000
287 289 0.7242 700.0000
287 294 0.8582 700.0000
287 295 0.8529 700.0000
288 290 0.8133 700.0000
288 294 0.7335 700.0000
288 295 0.4838 700.0000
288 296 0.7912 700.0000
288 297 0.7419 700.0000
289 291 0.7688 700.0000
289 292 0.6867 700.0000
289 293 0.6643 700.0000
289 294 0.5366 700.0000
289 295 0.5983 700.0000
290 292 0.8100 700.0000
290 293 0.6798 700.0000
290 294 0.8334 700.0000
290 295 0.6879 700.0000
291 293 0.6342 700.0000
292 294 0.8417 700.0000
293 295 0.6909 700.0000
294 296 0.6888 700.0000
295 297 0.6442 700.0000
296 298 0.5631 700.0000
297 299 0.7156 700.0000
298 300 0.8981 700.0000
299 301 0.5640 700.0000
300 302 0.5476 700.0000
300 303 0.8288 700.0000
300 304 0.7402 700.0000
301 303 0.6677 700.0000
301 304 0.5952 700.0000
302 304 0.5621 700.0000
322 324 0.6330 700.0000
322 364 0.7990 700.0000
322 365 0.6496 700.0000
322 366 0.3981 700.0000
322 367 0.8040 700.0000
322 368 0.8894 700.0000
322 383 0.7820 700.0000
322 384 0.5557 700.0000
322 387 0.7507 700.0000
322 388 0.7613 700.0000
323 325 0.7650 700.0000
323 363 0.5442 700.0000
323 364 0.6048 700.0000
323 365 0.5288 700.0000
323 366 0.7160 700.0000
324 326 0.7379 700.0000
324 362 0.8566 700.0000
324 363 0.7329 700.0000
324 364 0.5600 700.0000
324 365 0.7877 700.0000
324 366 0.7221 700.0000
324 388 0.6741 700.0000
324 391 0.7028 700.0000
324 392 0.8436 700.0000
324 395 0.8952 700.0000
325 327 0.6927 700.0000
325 361 0.8787 700.0000
325 362 0.5516 700.0000
325 363 0.5929 700.0000
325 364 0.6845 700.0000
325 395 0.7741 700.0000
326 328 0.7312 700.0000
326 329 0.8376 700.0000
326 330 0.6037 700.0000
326 331 0.6730 700.0000
326 334 0.8899 700.0000
326 357 0.8763 700.0000
326 361 0.8269 700.0000
326 362 0.4426 700.0000
326 363 0.7377 700.0000
326 364 0.7104 700.0000
326 391 0.8884 700.0000
326 395 0.6109 700.0000
327 329 0.5703 700.0000
327 330 0.5394 700.0000
327 331 0.8307 700.0000
327 362 0.7206 700.0000
327 395 0.6876 700.0000
328 330 0.6993 700.0000
328 331 0.5473 700.0000
328 332 0.5461 700.0000
328 361 0.7465 700.0000
328 362 0.6401 700.0000
329 331 0.7067 700.0000
329 332 0.5040 700.0000
329 333 0.7688 700.0000
330 332 0.7087 700.0000
330 333 0.5629 700.0000
330 334 0.5725 700.0000
330 362 0.8642 700.0000
330 395 0.7593 700.0000
331 333 0.8570 700.0000
331 334 0.6508 700.0000
331 335 0.5123 700.0000
331 357 0.7564 700.0000
331 358 0.6680 700.0000
331 359 0.8572 700.0000
331 360 0.8022 700.0000
331 361 0.6061 700.0000
331 362 0.5159 700.0000
331 363 0.8798 700.0000
332 334 0.7765 700.0000
332 335 0.6183 700.0000
332 336 0.6789 700.0000
333 335 0.7798 700.0000
333 336 0.6017 700.0000
333 337 0.5496 700.0000
333 340 0.7625 700.0000
334 336 0.7326 700.0000
334 337 0.6110 700.0000
334 338 0.7252 700.0000
334 339 0.8253 700.0000
334 340 0.5701 700.0000
334 341 0.5742 700.0000
334 344 0.8566 700.0000
334 357 0.8087 700.0000
335 337 0.7999 700.0000
335 338 0.6698 700.0000
335 341 0.7820 700.0000
335 357 0.8041 700.0000
335 358 0.8602 700.0000
335 359 0.7996 700.0000
336 338 0.7857 700.0000
337 339 0.5146 700.0000
337 340 0.5767 700.0000
337 341 0.8230 700.0000
338 340 0.6771 700.0000
338 341 0.5326 700.0000
338 342 0.6232 700.0000
339 341 0.6763 700.0000
339 342 0.6145 700.0000
339 343 0.5910 700.0000
340 342 0.6904 700.0000
340 343 0.4762 700.0000
340 344 0.6451 700.0000
341 343 0.6872 700.0000
341 344 0.5396 700.0000
341 345 0.5760 700.0000
341 355 0.8463 700.0000
341 357 0.6079 700.0000
342 344 0.7408 700.0000
342 345 0.5915 700.0000
342 346 0.6537 700.0000
343 345 0.7446 700.0000
343 346 0.6402 700.0000
343 347 0.7191 700.0000
344 346 0.6737 700.0000
344 347 0.5594 700.0000
344 348 0.6263 700.0000
344 349 0.8842 700.0000
344 355 0.7661 700.0000
344 357 0.8223 700.0000
344 391 0.7612 700.0000
344 394 0.6416 700.0000
345 347 0.7538 700.0000
345 348 0.6263 700.0000
345 349 0.5392 700.0000
345 353 0.7812 700.0000
345 354 0.8091 700.0000
345 355 0.5184 700.0000
345 357 0.7494 700.0000
346 348 0.7508 700.0000
346 349 0.4426 700.0000
346 350 0.6436 700.0000
347 349 0.8272 700.0000
347 350 0.5439 700.0000
347 351 0.7620 700.0000
347 390 0.7044 700.0000
347 391 0.8637 700.0000
347 394 0.6909 700.0000
348 350 0.7175 700.0000
348 351 0.4922 700.0000
348 352 0.8532 700.0000
348 353 0.4790 700.0000
348 354 0.8798 700.0000
348 355 0.6683 700.0000
348 366 0.8215 700.0000
348 387 0.6311 700.0000
348 390 0.6070 700.0000
348 391 0.6575 700.0000
348 394 0.8250 700.0000
349 351 0.8128 700.0000
349 352 0.8061 700.0000
349 353 0.6145 700.0000
349 354 0.6725 700.0000
349 355 0.7827 700.0000
349 369 0.8914 700.0000
350 352 0.8187 700.0000
351 353 0.5173 700.0000
351 372 0.8791 700.0000
351 379 0.8707 700.0000
351 383 0.7013 700.0000
351 386 0.7178 700.0000
351 387 0.5967 700.0000
351 390 0.7154 700.0000
352 354 0.8940 700.0000
352 368 0.7970 700.0000
352 369 0.5572 700.0000
352 370 0.7532 700.0000
352 371 0.4868 700.0000
352 372 0.4914 700.0000
352 373 0.8826 700.0000
352 374 0.8493 700.0000
352 375 0.6600 700.0000
352 379 0.7876 700.0000
352 383 0.7393 700.0000
353 355 0.6130 700.0000
353 366 0.6472 700.0000
353 367 0.8089 700.0000
353 368 0.6379 700.0000
353 369 0.6121 700.0000
353 371 0.8935 700.0000
353 372 0.8730 700.0000
353 383 0.6866 700.0000
353 387 0.6852 700.0000
354 356 0.7423 700.0000
354 365 0.8655 700.0000
354 366 0.7546 700.0000
354 367 0.5403 700.0000
354 368 0.6183 700.0000
354 369 0.5767 700.0000
354 370 0.8733 700.0000
355 357 0.5626 700.0000
355 364 0.6316 700.0000
355 365 0.6180 700.0000
355 366 0.5831 700.0000
355 367 0.7366 700.0000
356 358 0.7094 700.0000
356 363 0.8975 700.0000
356 364 0.5912 700.0000
356 365 0.4124 700.0000
356 366 0.7243 700.0000
356 367 0.6392 700.0000
357 359 0.8871 700.0000
357 361 0.9000 700.0000
357 362 0.7871 700.0000
357 363 0.8625 700.0000
357 364 0.5239 700.0000
357 365 0.7468 700.0000
358 360 0.5679 700.0000
358 361 0.4178 700.0000
358 362 0.5962 700.0000
358 363 0.5819 700.0000
358 364 0.7040 700.0000
358 365 0.8297 700.0000
359 361 0.7502 700.0000
360 362 0.8377 700.0000
360 363 0.8972 700.0000
361 363 0.4651 700.0000
361 364 0.8387 700.0000
362 364 0.6433 700.0000
363 365 0.7182 700.0000
364 366 0.6205 700.0000
364 391 0.8278 700.0000
365 367 0.5616 700.0000
366 368 0.7312 700.0000
366 383 0.7697 700.0000
366 384 0.8023 700.0000
366 387 0.6916 700.0000
366 388 0.8371 700.0000
366 391 0.8672 700.0000
367 369 0.8139 700.0000
368 370 0.6966 700.0000
368 371 0.8527 700.0000
368 372 0.6788 700.0000
368 383 0.6319 700.0000
369 371 0.4725 700.0000
369 372 0.5330 700.0000
369 373 0.7915 700.0000
369 383 0.8201 700.0000
370 372 0.5884 700.0000
370 373 0.5867 700.0000
370 374 0.7436 700.0000
371 373 0.6053 700.0000
371 374 0.5548 700.0000
371 375 0.7162 700.0000
372 374 0.6398 700.0000
372 375 0.5668 700.0000
372 376 0.6560 700.0000
372 379 0.7342 700.0000
372 380 0.5624 700.0000
372 383 0.6912 700.0000
373 375 0.6899 700.0000
373 376 0.6336 700.0000
373 377 0.8976 700.0000
373 380 0.7674 700.0000
374 376 0.6867 700.0000
375 378 0.8209 700.0000
375 379 0.4720 700.0000
375 380 0.7953 700.0000
376 378 0.4967 700.0000
376 379 0.5709 700.0000
376 380 0.5456 700.0000
377 380 0.6698 700.0000
377 381 0.8328 700.0000
378 380 0.5897 700.0000
378 381 0.6040 700.0000
378 382 0.6886 700.0000
379 382 0.6660 700.0000
379 383 0.8596 700.0000
379 386 0.8160 700.0000
380 382 0.6555 700.0000
380 383 0.6517 700.0000
382 384 0.7225 700.0000
382 385 0.5653 700.0000
382 386 0.5040 700.0000
382 387 0.8474 700.0000
383 385 0.6872 700.0000
383 386 0.6505 700.0000
383 387 0.5271 700.0000
383 388 0.8853 700.0000
384 386 0.7384 700.0000
384 387 0.6233 700.0000
384 388 0.6854 700.0000
385 387 0.5250 700.0000
385 388 0.5152 700.0000
385 389 0.5745 700.0000
385 390 0.8367 700.0000
386 388 0.6837 700.0000
386 389 0.5869 700.0000
386 390 0.6928 700.0000
387 389 0.6040 700.0000
387 390 0.5462 700.0000
387 391 0.6722 700.0000
387 392 0.8819 700.0000
388 390 0.5903 700.0000
388 391 0.5473 700.0000
388 392 0.5726 700.0000
388 393 0.8850 700.0000
389 391 0.6734 700.0000
389 392 0.5256 700.0000
389 393 0.6621 700.0000
390 392 0.5889 700.0000
390 393 0.5455 700.0000
390 394 0.6239 700.0000
391 393 0.6389 700.0000
391 394 0.5103 700.0000
391 395 0.6842 700.0000
392 394 0.5954 700.0000
392 395 0.5427 700.0000
392 396 0.6661 700.0000
393 395 0.7522 700.0000
393 396 0.5114 700.0000
393 397 0.6146 700.0000
394 396 0.6198 700.0000
394 397 0.5115 700.0000
395 397 0.8264 700.0000
398 436 0.8327 700.0000
398 437 0.5091 700.0000
398 438 0.5169 700.0000
398 439 0.6692 700.0000
399 401 0.6067 700.0000
399 435 0.7790 700.0000
399 436 0.6975 700.0000
399 437 0.5707 700.0000
399 438 0.8421 700.0000
399 439 0.4624 700.0000
399 442 0.5657 700.0000
399 443 0.7819 700.0000
400 402 0.7001 700.0000
400 434 0.7183 700.0000
400 435 0.6448 700.0000
400 436 0.5625 700.0000
400 437 0.6771 700.0000
400 439 0.8769 700.0000
400 442 0.7756 700.0000
401 403 0.6420 700.0000
401 433 0.7954 700.0000
401 434 0.6687 700.0000
401 435 0.4896 700.0000
401 436 0.7720 700.0000
401 442 0.6600 700.0000
401 443 0.8800 700.0000
401 446 0.6801 700.0000
402 404 0.8459 700.0000
402 432 0.5827 700.0000
402 433 0.6350 700.0000
402 434 0.5733 700.0000
402 435 0.6528 700.0000
402 446 0.8605 700.0000
403 405 0.6491 700.0000
403 432 0.5718 700.0000
403 433 0.4307 700.0000
403 434 0.7131 700.0000
403 435 0.6992 700.0000
403 446 0.6711 700.0000
403 449 0.7499 700.0000
403 450 0.7540 700.0000
404 406 0.7930 700.0000
404 430 0.8565 700.0000
404 431 0.5534 700.0000
404 432 0.5185 700.0000
404 433 0.7957 700.0000
405 407 0.6284 700.0000
405 408 0.8656 700.0000
405 409 0.7291 700.0000
405 410 0.6272 700.0000
405 426 0.7166 700.0000
405 431 0.5944 700.0000
405 432 0.6724 700.0000
405 433 0.6461 700.0000
405 449 0.8547 700.0000
405 453 0.8546 700.0000
406 408 0.4721 700.0000
406 409 0.5450 700.0000
406 410 0.7879 700.0000
406 411 0.8733 700.0000
406 431 0.6372 700.0000
407 409 0.6868 700.0000
407 410 0.6792 700.0000
407 411 0.6546 700.0000
407 426 0.7193 700.0000
407 428 0.7535 700.0000
407 431 0.6340 700.0000
408 410 0.8106 700.0000
408 411 0.5804 700.0000
408 412 0.6909 700.0000
409 411 0.7212 700.0000
409 412 0.5282 700.0000
409 413 0.5958 700.0000
409 452 0.8602 700.0000
409 453 0.5569 700.0000
409 456 0.7901 700.0000
410 412 0.7173 700.0000
410 413 0.5153 700.0000
410 414 0.4694 700.0000
410 415 0.8443 700.0000
410 417 0.7311 700.0000
410 424 0.8913 700.0000
410 426 0.5816 700.0000
410 433 0.7092 700.0000
410 449 0.8257 700.0000
411 413 0.7071 700.0000
411 414 0.4989 700.0000
411 415 0.8236 700.0000
411 426 0.8908 700.0000
412 414 0.6309 700.0000
412 415 0.7454 700.0000
412 416 0.8087 700.0000
412 452 0.8636 700.0000
412 453 0.8657 700.0000
412 456 0.7453 700.0000
413 415 0.6611 700.0000
413 416 0.5483 700.0000
413 417 0.6179 700.0000
413 449 0.7256 700.0000
413 452 0.5430 700.0000
413 453 0.6714 700.0000
413 456 0.8985 700.0000
414 416 0.7175 700.0000
414 417 0.6649 700.0000
414 418 0.7574 700.0000
414 426 0.8954 700.0000
415 417 0.6615 700.0000
415 418 0.5771 700.0000
416 418 0.6475 700.0000
416 448 0.8951 700.0000
416 452 0.6404 700.0000
417 419 0.7381 700.0000
417 424 0.7272 700.0000
417 445 0.7574 700.0000
417 448 0.6979 700.0000
417 449 0.6396 700.0000
417 452 0.7845 700.0000
418 420 0.7463 700.0000
418 424 0.8139 700.0000
419 421 0.4441 700.0000
419 422 0.5178 700.0000
419 423 0.8989 700.0000
419 424 0.7555 700.0000
419 441 0.7907 700.0000
419 444 0.8998 700.0000
419 445 0.6523 700.0000
420 422 0.6670 700.0000
420 424 0.8966 700.0000
421 437 0.8846 700.0000
421 438 0.7770 700.0000
421 441 0.4737 700.0000
421 442 0.8487 700.0000
421 444 0.8324 700.0000
421 445 0.7718 700.0000
422 424 0.5803 700.0000
422 435 0.6377 700.0000
422 436 0.5109 700.0000
422 437 0.6040 700.0000
422 438 0.8115 700.0000
422 441 0.6325 700.0000
422 442 0.6427 700.0000
422 445 0.6962 700.0000
423 425 0.6028 700.0000
423 434 0.6817 700.0000
423 435 0.6259 700.0000
423 436 0.4145 700.0000
423 437 0.7320 700.0000
424 426 0.8602 700.0000
424 433 0.6797 700.0000
424 434 0.6626 700.0000
424 435 0.5876 700.0000
424 436 0.7172 700.0000
424 445 0.8480 700.0000
425 427 0.6859 700.0000
425 433 0.6983 700.0000
425 434 0.4820 700.0000
425 435 0.8114 700.0000
425 436 0.8552 700.0000
426 428 0.5310 700.0000
426 429 0.8781 700.0000
426 430 0.8560 700.0000
426 431 0.7424 700.0000
426 432 0.6850 700.0000
426 433 0.5492 700.0000
426 434 0.7523 700.0000
427 429 0.5157 700.0000
427 430 0.4367 700.0000
427 431 0.6977 700.0000
427 432 0.5438 700.0000
427 433 0.7403 700.0000
427 434 0.7209 700.0000
428 430 0.6978 700.0000
428 431 0.6517 700.0000
428 432 0.8405 700.0000
429 431 0.7174 700.0000
429 432 0.8744 700.0000
430 432 0.4858 700.0000
432 434 0.6654 700.0000
433 435 0.6020 700.0000
433 449 0.8302 700.0000
434 436 0.6816 700.0000
435 437 0.7476 700.0000
435 442 0.5405 700.0000
435 445 0.7143 700.0000
435 446 0.7320 700.0000
436 438 0.8345 700.0000
436 439 0.8831 700.0000
436 441 0.8682 700.0000
436 442 0.6316 700.0000
437 439 0.5770 700.0000
437 440 0.8800 700.0000
437 441 0.6560 700.0000
437 442 0.5750 700.0000
438 440 0.6129 700.0000
438 441 0.5249 700.0000
438 442 0.7757 700.0000
439 441 0.6285 700.0000
439 442 0.5681 700.0000
439 443 0.6660 700.0000
440 442 0.7493 700.0000
440 443 0.6760 700.0000
440 444 0.8131 700.0000
441 443 0.7436 700.0000
441 444 0.6120 700.0000
441 445 0.7017 700.0000
442 444 0.6243 700.0000
442 445 0.5798 700.0000
442 446 0.6633 700.0000
443 445 0.7731 700.0000
443 446 0.6164 700.0000
443 447 0.8085 700.0000
444 446 0.6702 700.0000
444 447 0.5944 700.0000
444 448 0.6436 700.0000
445 447 0.6337 700.0000
445 448 0.5088 700.0000
445 449 0.6976 700.0000
446 448 0.7898 700.0000
446 449 0.6843 700.0000
446 450 0.6029 700.0000
447 449 0.6269 700.0000
447 450 0.5485 700.0000
447 451 0.6397 700.0000
448 450 0.8276 700.0000
448 451 0.6217 700.0000
448 452 0.7494 700.0000
449 451 0.6756 700.0000
449 452 0.6157 700.0000
449 453 0.7312 700.0000
450 453 0.8161 700.0000
451 453 0.7605 700.0000
451 454 0.7380 700.0000
452 454 0.7527 700.0000
452 455 0.6493 700.0000
452 456 0.8277 700.0000
453 455 0.7019 700.0000
453 456 0.7708 700.0000
454 456 0.8061 700.0000
454 457 0.8508 700.0000
455 457 0.6495 700.0000
455 458 0.7455 700.0000
456 458 0.7295 700.0000
456 459 0.8250 700.0000
457 459 0.8206 700.0000
458 460 0.8580 700.0000
467 469 0.7506 700.0000
467 511 0.6327 700.0000
467 512 0.6666 700.0000
467 514 0.8962 700.0000
468 470 0.6200 700.0000
468 500 0.8163 700.0000
468 509 0.5892 700.0000
468 510 0.7288 700.0000
468 511 0.5843 700.0000
468 512 0.8671 700.0000
469 471 0.6865 700.0000
469 508 0.8618 700.0000
469 509 0.7099 700.0000
469 510 0.5517 700.0000
469 511 0.8891 700.0000
469 512 0.8856 700.0000
469 514 0.8978 700.0000
469 517 0.6664 700.0000
469 518 0.7493 700.0000
469 521 0.7212 700.0000
470 472 0.7808 700.0000
470 500 0.8985 700.0000
470 502 0.8577 700.0000
470 505 0.8241 700.0000
470 507 0.4967 700.0000
470 508 0.6943 700.0000
470 509 0.5255 700.0000
470 510 0.7493 700.0000
471 473 0.5986 700.0000
471 507 0.6587 700.0000
471 508 0.4612 700.0000
471 509 0.7052 700.0000
471 510 0.6829 700.0000
471 520 0.8846 700.0000
471 521 0.5623 700.0000
471 524 0.7348 700.0000
471 525 0.7020 700.0000
472 474 0.7513 700.0000
472 505 0.8220 700.0000
472 506 0.6364 700.0000
472 507 0.5145 700.0000
472 508 0.7664 700.0000
473 475 0.6671 700.0000
473 476 0.7712 700.0000
473 477 0.5961 700.0000
473 478 0.6711 700.0000
473 481 0.8708 700.0000
473 501 0.6659 700.0000
473 506 0.6175 700.0000
473 507 0.6638 700.0000
473 508 0.5727 700.0000
473 524 0.8510 700.0000
473 528 0.7655 700.0000
474 476 0.4650 700.0000
474 477 0.4461 700.0000
474 478 0.7398 700.0000
474 501 0.7968 700.0000
474 506 0.5662 700.0000
474 528 0.8787 700.0000
475 477 0.7209 700.0000
475 478 0.6396 700.0000
475 479 0.7547 700.0000
475 501 0.6693 700.0000
475 503 0.7060 700.0000
475 506 0.5997 700.0000
476 478 0.6557 700.0000
476 479 0.5204 700.0000
476 480 0.5799 700.0000
476 481 0.8079 700.0000
477 480 0.7133 700.0000
477 481 0.7946 700.0000
477 528 0.5127 700.0000
477 529 0.8766 700.0000
478 480 0.7535 700.0000
478 481 0.5506 700.0000
478 482 0.5120 700.0000
478 483 0.8784 700.0000
478 487 0.8326 700.0000
478 499 0.8860 700.0000
478 501 0.4982 700.0000
478 503 0.8076 700.0000
478 508 0.6957 700.0000
479 481 0.7320 700.0000
479 482 0.5772 700.0000
479 483 0.5249 700.0000
480 482 0.6562 700.0000
480 483 0.5817 700.0000
480 484 0.6553 700.0000
480 527 0.8699 700.0000
480 528 0.8951 700.0000
481 483 0.7154 700.0000
481 484 0.5016 700.0000
481 485 0.8338 700.0000
481 486 0.6337 700.0000
481 487 0.5869 700.0000
481 524 0.6875 700.0000
481 527 0.7142 700.0000
481 528 0.7764 700.0000
482 484 0.5766 700.0000
482 485 0.8857 700.0000
482 486 0.8671 700.0000
482 487 0.6059 700.0000
482 488 0.8194 700.0000
483 485 0.8803 700.0000
484 486 0.5282 700.0000
484 487 0.6100 700.0000
484 488 0.7126 700.0000
484 527 0.8210 700.0000
485 487 0.6578 700.0000
485 488 0.5467 700.0000
485 489 0.6384 700.0000
485 490 0.8648 700.0000
486 488 0.6602 700.0000
486 489 0.5823 700.0000
486 490 0.5618 700.0000
486 491 0.8913 700.0000
486 520 0.8488 700.0000
486 523 0.6541 700.0000
486 524 0.6843 700.0000
486 527 0.7179 700.0000
487 489 0.7545 700.0000
487 490 0.5497 700.0000
487 491 0.6318 700.0000
487 499 0.7059 700.0000
487 520 0.8772 700.0000
487 524 0.7795 700.0000
488 490 0.6902 700.0000
488 491 0.5682 700.0000
488 492 0.6876 700.0000
489 491 0.7276 700.0000
489 492 0.5493 700.0000
489 493 0.5066 700.0000
489 494 0.8241 700.0000
489 523 0.8498 700.0000
490 492 0.6533 700.0000
490 493 0.5554 700.0000
490 494 0.5454 700.0000
490 495 0.8749 700.0000
490 497 0.7478 700.0000
490 499 0.8515 700.0000
490 516 0.8435 700.0000
490 519 0.6927 700.0000
490 520 0.6015 700.0000
490 523 0.6819 700.0000
490 524 0.8370 700.0000
491 493 0.7550 700.0000
491 494 0.5811 700.0000
491 495 0.5935 700.0000
491 497 0.6087 700.0000
491 499 0.7194 700.0000
492 494 0.6370 700.0000
492 495 0.6397 700.0000
493 495 0.7847 700.0000
493 516 0.8500 700.0000
493 519 0.7518 700.0000
494 496 0.6835 700.0000
494 497 0.5472 700.0000
494 513 0.8152 700.0000
494 515 0.8546 700.0000
494 516 0.4925 700.0000
494 517 0.8650 700.0000
494 519 0.7186 700.0000
494 520 0.8073 700.0000
495 497 0.6188 700.0000
495 516 0.8252 700.0000
496 498 0.8133 700.0000
496 512 0.6920 700.0000
496 513 0.5977 700.0000
496 516 0.7498 700.0000
497 499 0.5686 700.0000
497 510 0.6668 700.0000
497 511 0.6755 700.0000
497 512 0.6057 700.0000
497 513 0.6799 700.0000
497 516 0.6317 700.0000
497 517 0.6906 700.0000
497 520 0.8208 700.0000
498 500 0.6632 700.0000
498 509 0.8316 700.0000
498 510 0.7359 700.0000
498 511 0.3888 700.0000
498 512 0.6785 700.0000
499 501 0.8907 700.0000
499 508 0.6737 700.0000
499 509 0.6789 700.0000
499 510 0.5828 700.0000
499 511 0.7939 700.0000
499 520 0.8988 700.0000
500 502 0.7170 700.0000
500 507 0.8997 700.0000
500 508 0.5805 700.0000
500 509 0.3823 700.0000
500 510 0.6621 700.0000
500 511 0.7526 700.0000
501 503 0.5176 700.0000
501 504 0.8321 700.0000
501 505 0.7726 700.0000
501 506 0.6849 700.0000
501 507 0.6770 700.0000
501 508 0.5394 700.0000
501 509 0.7087 700.0000
502 504 0.4986 700.0000
502 505 0.4366 700.0000
502 506 0.6765 700.0000
502 507 0.5503 700.0000
502 508 0.7751 700.0000
502 509 0.6999 700.0000
503 505 0.8685 700.0000
503 506 0.8167 700.0000
504 506 0.6386 700.0000
504 507 0.8118 700.0000
505 507 0.4314 700.0000
507 509 0.6455 700.0000
508 510 0.5832 700.0000
508 521 0.8762 700.0000
508 524 0.8182 700.0000
509 511 0.7409 700.0000
510 512 0.7063 700.0000
510 517 0.5214 700.0000
510 518 0.8958 700.0000
510 520 0.7283 700.0000
510 521 0.7283 700.0000
511 513 0.7862 700.0000
511 517 0.8546 700.0000
512 514 0.5905 700.0000
512 515 0.8006 700.0000
512 516 0.6894 700.0000
512 517 0.5982 700.0000
513 515 0.5595 700.0000
513 516 0.4764 700.0000
513 517 0.6127 700.0000
514 516 0.6176 700.0000
514 517 0.5346 700.0000
514 518 0.5664 700.0000
515 517 0.5432 700.0000
515 518 0.5552 700.0000
515 519 0.6652 700.0000
515 520 0.8525 700.0000
516 518 0.7743 700.0000
516 519 0.5833 700.0000
516 520 0.7095 700.0000
517 519 0.7190 700.0000
517 520 0.5637 700.0000
517 521 0.6287 700.0000
517 522 0.8933 700.0000
518 520 0.7621 700.0000
518 521 0.5867 700.0000
518 522 0.7585 700.0000
519 521 0.8163 700.0000
519 522 0.6375 700.0000
519 523 0.5513 700.0000
520 522 0.5556 700.0000
520 523 0.5081 700.0000
520 524 0.5489 700.0000
520 525 0.8127 700.0000
521 523 0.8184 700.0000
521 524 0.6430 700.0000
521 525 0.5508 700.0000
522 524 0.6529 700.0000
522 525 0.5193 700.0000
522 526 0.6902 700.0000
523 525 0.7844 700.0000
523 526 0.6284 700.0000
523 527 0.7911 700.0000
524 526 0.7323 700.0000
524 527 0.6730 700.0000
524 528 0.6501 700.0000
525 527 0.8585 700.0000
525 528 0.6240 700.0000
525 529 0.5945 700.0000
526 528 0.7307 700.0000
526 529 0.6946 700.0000
527 529 0.8315 700.0000
532 534 0.7942 700.0000
532 577 0.7785 700.0000
532 578 0.5498 700.0000
532 579 0.4373 700.0000
532 580 0.6660 700.0000
532 581 0.5956 700.0000
532 582 0.6391 700.0000
532 584 0.8151 700.0000
532 585 0.5881 700.0000
533 535 0.7536 700.0000
533 576 0.6095 700.0000
533 577 0.6638 700.0000
533 578 0.5089 700.0000
533 579 0.7203 700.0000
533 585 0.7918 700.0000
534 536 0.5663 700.0000
534 575 0.8122 700.0000
534 576 0.7051 700.0000
534 577 0.5450 700.0000
534 578 0.8504 700.0000
534 585 0.6134 700.0000
534 586 0.8114 700.0000
534 589 0.6534 700.0000
535 537 0.7497 700.0000
535 571 0.6714 700.0000
535 574 0.5619 700.0000
535 575 0.5812 700.0000
535 576 0.5139 700.0000
535 577 0.6757 700.0000
536 538 0.6282 700.0000
536 574 0.6284 700.0000
536 575 0.4430 700.0000
536 576 0.7277 700.0000
536 577 0.6418 700.0000
536 589 0.6367 700.0000
536 592 0.7457 700.0000
536 593 0.8042 700.0000
537 539 0.7722 700.0000
537 573 0.7091 700.0000
537 574 0.5857 700.0000
537 575 0.7086 700.0000
538 540 0.6382 700.0000
538 541 0.8093 700.0000
538 542 0.5468 700.0000
538 543 0.6251 700.0000
538 546 0.8812 700.0000
538 573 0.7974 700.0000
538 574 0.7129 700.0000
538 575 0.6545 700.0000
538 592 0.8229 700.0000
538 593 0.8011 700.0000
539 541 0.4491 700.0000
539 542 0.4291 700.0000
539 543 0.6858 700.0000
539 544 0.8211 700.0000
540 542 0.6129 700.0000
540 543 0.5999 700.0000
540 544 0.6034 700.0000
540 573 0.8417 700.0000
541 543 0.7848 700.0000
541 544 0.5794 700.0000
541 545 0.8647 700.0000
542 544 0.6936 700.0000
542 545 0.5770 700.0000
542 546 0.6119 700.0000
542 592 0.8447 700.0000
543 545 0.8076 700.0000
543 546 0.5601 700.0000
543 547 0.5304 700.0000
543 570 0.6304 700.0000
543 572 0.7285 700.0000
543 573 0.6298 700.0000
543 574 0.6881 700.0000
543 575 0.7077 700.0000
544 546 0.7515 700.0000
544 547 0.5484 700.0000
544 548 0.6581 700.0000
545 547 0.7415 700.0000
545 548 0.5785 700.0000
545 549 0.5403 700.0000
545 554 0.7750 700.0000
546 548 0.7179 700.0000
546 549 0.5327 700.0000
546 554 0.7285 700.0000
546 568 0.5940 700.0000
546 570 0.6857 700.0000
546 575 0.7935 700.0000
546 592 0.8743 700.0000
547 549 0.7115 700.0000
547 570 0.6568 700.0000
549 551 0.7960 700.0000
549 553 0.7933 700.0000
549 554 0.6115 700.0000
549 568 0.8080 700.0000
550 552 0.5167 700.0000
550 553 0.4370 700.0000
550 554 0.7002 700.0000
550 555 0.8153 700.0000
550 556 0.8991 700.0000
550 568 0.8535 700.0000
551 553 0.7686 700.0000
551 554 0.8270 700.0000
551 555 0.6612 700.0000
551 567 0.7045 700.0000
551 568 0.5464 700.0000
551 569 0.6244 700.0000
551 570 0.8353 700.0000
552 554 0.8843 700.0000
552 555 0.6638 700.0000
552 556 0.6886 700.0000
552 567 0.8387 700.0000
552 568 0.8268 700.0000
553 555 0.7223 700.0000
553 556 0.5754 700.0000
553 557 0.7304 700.0000
554 556 0.7621 700.0000
554 557 0.5527 700.0000
554 558 0.5432 700.0000
554 559 0.7788 700.0000
554 568 0.6711 700.0000
555 557 0.6097 700.0000
555 558 0.5484 700.0000
555 559 0.4958 700.0000
555 560 0.6515 700.0000
555 561 0.8972 700.0000
555 564 0.8987 700.0000
555 566 0.6267 700.0000
555 567 0.5875 700.0000
555 568 0.5710 700.0000
556 558 0.8288 700.0000
556 559 0.8011 700.0000
556 560 0.5250 700.0000
556 561 0.7346 700.0000
556 566 0.8948 700.0000
557 559 0.7285 700.0000
557 560 0.6891 700.0000
557 561 0.5815 700.0000
557 562 0.7875 700.0000
558 560 0.7632 700.0000
558 561 0.7447 700.0000
558 562 0.7005 700.0000
558 564 0.7774 700.0000
558 566 0.8178 700.0000
558 568 0.8334 700.0000
558 588 0.7723 700.0000
558 591 0.5766 700.0000
558 592 0.6679 700.0000
558 595 0.7099 700.0000
559 561 0.7371 700.0000
559 562 0.6941 700.0000
559 564 0.4778 700.0000
559 565 0.7763 700.0000
559 566 0.4609 700.0000
559 567 0.6981 700.0000
559 568 0.8061 700.0000
559 577 0.8753 700.0000
559 584 0.8732 700.0000
559 587 0.8674 700.0000
559 588 0.5626 700.0000
559 591 0.6465 700.0000
559 592 0.7398 700.0000
560 562 0.6751 700.0000
560 563 0.6756 700.0000
560 564 0.5704 700.0000
560 565 0.6317 700.0000
560 566 0.6370 700.0000
561 563 0.5938 700.0000
561 564 0.7204 700.0000
562 564 0.5956 700.0000
562 591 0.7297 700.0000
563 565 0.8455 700.0000
564 566 0.5345 700.0000
564 579 0.8453 700.0000
564 584 0.5837 700.0000
564 585 0.8922 700.0000
564 587 0.5924 700.0000
564 588 0.6253 700.0000
564 591 0.7843 700.0000
565 567 0.7947 700.0000
565 578 0.8547 700.0000
565 579 0.5755 700.0000
565 580 0.5042 700.0000
565 581 0.7328 700.0000
565 584 0.6737 700.0000
566 568 0.8486 700.0000
566 577 0.7262 700.0000
566 578 0.6000 700.0000
566 579 0.5400 700.0000
566 580 0.7413 700.0000
566 581 0.8884 700.0000
566 584 0.6940 700.0000
566 585 0.7777 700.0000
566 588 0.6733 700.0000
567 569 0.5975 700.0000
567 576 0.7383 700.0000
567 577 0.5939 700.0000
567 578 0.4233 700.0000
567 579 0.6846 700.0000
567 588 0.8885 700.0000
568 570 0.6546 700.0000
568 575 0.6747 700.0000
568 576 0.7527 700.0000
568 577 0.7211 700.0000
568 578 0.8651 700.0000
568 592 0.7771 700.0000
569 571 0.7292 700.0000
569 575 0.7315 700.0000
569 576 0.4760 700.0000
569 577 0.7376 700.0000
569 578 0.6873 700.0000
570 572 0.6093 700.0000
570 573 0.8157 700.0000
570 574 0.6514 700.0000
570 575 0.5878 700.0000
570 576 0.6917 700.0000
571 573 0.7279 700.0000
571 574 0.5053 700.0000
571 575 0.7050 700.0000
571 576 0.5765 700.0000
572 574 0.5032 700.0000
572 575 0.8279 700.0000
573 575 0.7949 700.0000
574 576 0.6861 700.0000
575 577 0.6012 700.0000
575 592 0.7723 700.0000
576 578 0.5995 700.0000
577 579 0.7215 700.0000
577 585 0.5922 700.0000
577 588 0.6605 700.0000
577 589 0.7152 700.0000
577 592 0.7807 700.0000
578 580 0.7586 700.0000
578 581 0.8967 700.0000
578 585 0.7051 700.0000
579 581 0.4683 700.0000
579 582 0.7121 700.0000
579 584 0.5546 700.0000
579 585 0.5334 700.0000
579 588 0.8463 700.0000
580 582 0.8380 700.0000
580 584 0.7309 700.0000
580 585 0.8761 700.0000
581 583 0.5705 700.0000
581 584 0.4578 700.0000
581 585 0.6174 700.0000
581 586 0.8575 700.0000
581 587 0.8999 700.0000
582 584 0.5670 700.0000
582 585 0.5440 700.0000
582 586 0.6391 700.0000
582 587 0.8941 700.0000
583 585 0.7534 700.0000
583 586 0.6363 700.0000
583 587 0.6084 700.0000
584 586 0.5796 700.0000
584 587 0.4643 700.0000
584 588 0.6013 700.0000
585 587 0.7094 700.0000
585 588 0.5602 700.0000
585 589 0.6455 700.0000
586 588 0.6300 700.0000
586 589 0.5493 700.0000
586 590 0.7259 700.0000
587 589 0.7991 700.0000
587 590 0.6326 700.0000
587 591 0.7384 700.0000
588 590 0.6483 700.0000
588 591 0.5599 700.0000
588 592 0.6080 700.0000
588 593 0.8318 700.0000
589 591 0.8183 700.0000
589 592 0.6572 700.0000
589 593 0.6175 700.0000
590 592 0.8352 700.0000
590 593 0.6586 700.0000
590 594 0.6232 700.0000
591 593 0.7160 700.0000
591 594 0.5134 700.0000
591 595 0.5677 700.0000
592 594 0.6966 700.0000
592 595 0.6456 700.0000
593 595 0.6826 700.0000
596 598 0.8938 700.0000
596 648 0.7975 700.0000
596 649 0.4843 700.0000
596 650 0.5553 700.0000
596 651 0.6555 700.0000
597 599 0.6239 700.0000
597 647 0.8065 700.0000
597 648 0.6625 700.0000
597 649 0.5323 700.0000
597 650 0.7252 700.0000
597 651 0.5345 700.0000
597 654 0.6148 700.0000
597 655 0.7848 700.0000
598 600 0.5980 700.0000
598 646 0.7375 700.0000
598 647 0.7352 700.0000
598 648 0.6471 700.0000
598 649 0.8111 700.0000
598 654 0.8652 700.0000
599 601 0.7573 700.0000
599 645 0.8858 700.0000
599 646 0.7717 700.0000
599 647 0.5209 700.0000
599 648 0.7814 700.0000
599 649 0.8947 700.0000
599 651 0.8847 700.0000
599 654 0.5679 700.0000
599 655 0.6485 700.0000
599 657 0.8470 700.0000
599 658 0.4940 700.0000
600 602 0.7207 700.0000
600 644 0.6053 700.0000
600 645 0.7085 700.0000
600 646 0.5441 700.0000
600 647 0.7784 700.0000
601 603 0.6492 700.0000
601 643 0.7845 700.0000
601 644 0.6469 700.0000
601 645 0.4083 700.0000
601 646 0.7163 700.0000
601 647 0.7523 700.0000
601 658 0.6216 700.0000
601 661 0.7079 700.0000
601 662 0.6295 700.0000
601 665 0.7519 700.0000
602 604 0.7329 700.0000
602 642 0.7801 700.0000
602 643 0.6494 700.0000
602 644 0.5585 700.0000
602 645 0.7836 700.0000
603 605 0.6072 700.0000
603 606 0.7242 700.0000
603 608 0.7449 700.0000
603 609 0.7425 700.0000
603 642 0.6160 700.0000
603 643 0.3794 700.0000
603 644 0.6634 700.0000
603 645 0.7267 700.0000
603 665 0.6995 700.0000
604 641 0.8332 700.0000
604 642 0.7023 700.0000
604 643 0.7646 700.0000
605 607 0.4807 700.0000
605 608 0.5827 700.0000
605 609 0.7878 700.0000
605 641 0.8726 700.0000
605 642 0.8059 700.0000
605 643 0.7755 700.0000
606 608 0.7271 700.0000
606 609 0.6525 700.0000
606 610 0.6517 700.0000
606 638 0.6672 700.0000
606 639 0.7112 700.0000
606 641 0.7480 700.0000
606 642 0.6819 700.0000
606 643 0.6351 700.0000
607 609 0.7307 700.0000
607 610 0.5935 700.0000
607 611 0.8157 700.0000
608 610 0.6459 700.0000
608 611 0.6044 700.0000
608 613 0.8911 700.0000
608 614 0.6218 700.0000
608 664 0.7297 700.0000
608 665 0.6466 700.0000
608 668 0.6377 700.0000
609 611 0.6199 700.0000
609 614 0.4881 700.0000
609 615 0.7403 700.0000
609 636 0.6222 700.0000
609 638 0.8867 700.0000
609 643 0.7752 700.0000
609 645 0.8276 700.0000
609 665 0.8469 700.0000
610 614 0.8135 700.0000
610 615 0.7227 700.0000
610 636 0.8900 700.0000
611 613 0.5969 700.0000
611 614 0.5984 700.0000
611 615 0.4930 700.0000
611 616 0.8214 700.0000
612 615 0.6162 700.0000
612 616 0.7858 700.0000
613 615 0.8102 700.0000
613 616 0.6902 700.0000
613 617 0.7508 700.0000
613 664 0.7053 700.0000
613 668 0.7532 700.0000
614 616 0.6855 700.0000
614 617 0.5795 700.0000
614 618 0.5403 700.0000
614 636 0.7994 700.0000
614 645 0.8788 700.0000
614 661 0.6604 700.0000
614 664 0.6103 700.0000
614 665 0.7770 700.0000
614 668 0.8913 700.0000
615 617 0.7992 700.0000
615 618 0.6348 700.0000
615 619 0.7782 700.0000
616 618 0.4963 700.0000
616 619 0.5292 700.0000
616 620 0.5053 700.0000
616 621 0.7847 700.0000
617 619 0.7539 700.0000
617 620 0.5565 700.0000
617 621 0.5527 700.0000
617 622 0.8772 700.0000
617 657 0.8904 700.0000
617 660 0.7381 700.0000
617 661 0.6724 700.0000
617 664 0.6993 700.0000
618 620 0.6311 700.0000
618 621 0.5500 700.0000
618 622 0.5966 700.0000
618 634 0.6639 700.0000
618 657 0.8866 700.0000
618 661 0.7549 700.0000
619 621 0.7187 700.0000
619 622 0.5823 700.0000
619 623 0.5746 700.0000
620 622 0.6948 700.0000
620 623 0.5662 700.0000
620 624 0.7030 700.0000
621 623 0.7563 700.0000
621 624 0.5690 700.0000
621 625 0.6063 700.0000
621 626 0.8439 700.0000
621 632 0.8280 700.0000
621 634 0.8534 700.0000
621 656 0.8790 700.0000
621 657 0.6081 700.0000
621 660 0.7613 700.0000
621 661 0.8074 700.0000
622 624 0.7628 700.0000
622 625 0.6487 700.0000
622 626 0.5186 700.0000
622 630 0.8178 700.0000
622 631 0.8709 700.0000
622 632 0.6163 700.0000
622 633 0.7534 700.0000
622 634 0.6717 700.0000
622 657 0.8757 700.0000
623 625 0.8224 700.0000
623 626 0.7034 700.0000
623 627 0.7471 700.0000
624 626 0.7617 700.0000
624 627 0.7735 700.0000
625 627 0.7174 700.0000
625 630 0.8633 700.0000
625 631 0.5859 700.0000
625 632 0.6167 700.0000
625 650 0.8871 700.0000
625 652 0.8397 700.0000
625 653 0.5521 700.0000
625 656 0.7646 700.0000
625 657 0.7654 700.0000
626 628 0.6733 700.0000
626 629 0.6363 700.0000
626 630 0.4267 700.0000
626 631 0.5351 700.0000
626 632 0.5742 700.0000
626 633 0.8323 700.0000
627 629 0.6235 700.0000
627 630 0.7578 700.0000
627 631 0.8306 700.0000
628 630 0.6584 700.0000
628 631 0.8412 700.0000
629 631 0.6025 700.0000
630 632 0.6261 700.0000
630 633 0.7397 700.0000
631 633 0.7681 700.0000
631 648 0.8658 700.0000
631 649 0.6225 700.0000
631 650 0.4830 700.0000
631 652 0.8881 700.0000
631 653 0.5521 700.0000
631 654 0.8481 700.0000
632 634 0.6589 700.0000
632 647 0.7071 700.0000
632 648 0.6093 700.0000
632 649 0.5856 700.0000
632 650 0.6696 700.0000
632 653 0.6440 700.0000
632 654 0.6813 700.0000
632 657 0.7503 700.0000
633 635 0.5925 700.0000
633 646 0.7842 700.0000
633 647 0.6681 700.0000
633 648 0.4757 700.0000
633 649 0.7056 700.0000
634 636 0.6660 700.0000
634 645 0.6783 700.0000
634 646 0.6562 700.0000
634 647 0.5671 700.0000
634 648 0.7313 700.0000
634 657 0.8072 700.0000
634 661 0.8624 700.0000
635 637 0.6591 700.0000
635 644 0.8902 700.0000
635 645 0.6612 700.0000
635 646 0.4573 700.0000
635 647 0.7232 700.0000
635 648 0.7349 700.0000
636 638 0.6918 700.0000
636 643 0.7849 700.0000
636 644 0.8104 700.0000
636 645 0.5844 700.0000
636 646 0.7633 700.0000
637 639 0.7380 700.0000
637 642 0.8524 700.0000
637 643 0.6245 700.0000
637 644 0.4747 700.0000
637 645 0.6889 700.0000
637 646 0.6807 700.0000
638 640 0.8217 700.0000
638 641 0.8706 700.0000
638 642 0.6832 700.0000
638 643 0.5793 700.0000
638 644 0.7600 700.0000
639 641 0.4952 700.0000
639 642 0.4182 700.0000
639 643 0.5996 700.0000
639 644 0.8185 700.0000
640 642 0.7561 700.0000
641 643 0.7585 700.0000
642 644 0.6869 700.0000
643 645 0.6927 700.0000
644 646 0.6409 700.0000
645 647 0.6311 700.0000
645 658 0.8595 700.0000
645 661 0.7586 700.0000
646 648 0.6316 700.0000
647 649 0.7324 700.0000
647 654 0.5222 700.0000
647 655 0.8511 700.0000
647 657 0.6336 700.0000
647 658 0.6757 700.0000
647 661 0.8196 700.0000
648 650 0.7772 700.0000
648 654 0.6599 700.0000
649 651 0.6229 700.0000
649 653 0.6919 700.0000
649 654 0.5620 700.0000
650 652 0.6753 700.0000
650 653 0.4729 700.0000
650 654 0.6388 700.0000
650 655 0.8966 700.0000
651 653 0.6027 700.0000
651 654 0.5450 700.0000
651 655 0.5662 700.0000
651 656 0.8807 700.0000
652 654 0.7188 700.0000
652 655 0.6442 700.0000
652 656 0.5423 700.0000
653 655 0.6919 700.0000
653 656 0.5629 700.0000
653 657 0.7102 700.0000
654 656 0.6699 700.0000
654 657 0.5362 700.0000
654 658 0.7015 700.0000
655 657 0.6724 700.0000
655 658 0.6370 700.0000
655 659 0.7275 700.0000
656 658 0.8920 700.0000
656 659 0.6757 700.0000
656 660 0.7139 700.0000
657 659 0.7226 700.0000
657 660 0.5525 700.0000
657 661 0.5740 700.0000
658 660 0.7557 700.0000
658 661 0.6393 700.0000
658 662 0.5459 700.0000
658 663 0.8217 700.0000
659 661 0.7747 700.0000
659 662 0.6968 700.0000
659 663 0.5871 700.0000
660 662 0.7906 700.0000
660 663 0.5828 700.0000
660 664 0.7699 700.0000
661 663 0.6815 700.0000
661 664 0.6084 700.0000
661 665 0.6738 700.0000
662 664 0.8293 700.0000
662 665 0.5803 700.0000
662 666 0.5608 700.0000
662 667 0.8855 700.0000
663 665 0.6727 700.0000
663 666 0.6333 700.0000
663 667 0.5963 700.0000
664 666 0.7962 700.0000
664 667 0.5759 700.0000
664 668 0.4714 700.0000
665 667 0.6631 700.0000
665 668 0.5794 700.0000
666 668 0.7577 700.0000
670 672 0.8076 700.0000
670 718 0.7017 700.0000
670 719 0.4423 700.0000
670 720 0.5901 700.0000
670 721 0.8513 700.0000
671 673 0.5256 700.0000
671 717 0.7883 700.0000
671 718 0.6336 700.0000
671 719 0.4593 700.0000
671 720 0.6098 700.0000
671 721 0.5558 700.0000
671 722 0.8645 700.0000
671 724 0.5855 700.0000
671 725 0.7989 700.0000
672 674 0.7818 700.0000
672 716 0.6262 700.0000
672 717 0.6914 700.0000
672 718 0.5240 700.0000
672 719 0.7118 700.0000
672 724 0.8656 700.0000
673 675 0.8265 700.0000
673 716 0.7883 700.0000
673 717 0.6519 700.0000
673 718 0.8136 700.0000
673 719 0.8505 700.0000
673 721 0.8379 700.0000
673 724 0.6432 700.0000
673 725 0.7248 700.0000
673 728 0.7729 700.0000
674 676 0.5720 700.0000
674 677 0.8790 700.0000
674 708 0.8090 700.0000
674 711 0.7056 700.0000
674 712 0.6759 700.0000
674 714 0.6062 700.0000
674 715 0.6113 700.0000
674 716 0.5389 700.0000
674 717 0.7022 700.0000
675 677 0.6108 700.0000
675 714 0.5827 700.0000
675 715 0.4288 700.0000
675 716 0.7127 700.0000
675 717 0.7009 700.0000
675 728 0.6548 700.0000
675 731 0.6747 700.0000
675 732 0.6931 700.0000
675 735 0.8068 700.0000
676 678 0.5952 700.0000
676 712 0.6046 700.0000
676 713 0.7793 700.0000
676 714 0.6572 700.0000
676 715 0.8083 700.0000
677 679 0.5983 700.0000
677 680 0.6674 700.0000
677 682 0.6077 700.0000
677 683 0.5683 700.0000
677 686 0.8755 700.0000
677 707 0.8916 700.0000
677 713 0.7134 700.0000
677 714 0.5503 700.0000
677 715 0.6653 700.0000
677 735 0.5722 700.0000
678 680 0.7101 700.0000
678 682 0.8388 700.0000
678 713 0.7534 700.0000
678 714 0.8809 700.0000
678 735 0.8070 700.0000
679 681 0.5383 700.0000
679 682 0.5136 700.0000
679 683 0.7372 700.0000
679 713 0.8727 700.0000
679 735 0.8390 700.0000
680 682 0.5761 700.0000
680 683 0.5271 700.0000
680 684 0.6421 700.0000
680 707 0.8234 700.0000
680 713 0.6202 700.0000
680 714 0.8333 700.0000
681 683 0.6527 700.0000
681 684 0.5509 700.0000
681 685 0.7431 700.0000
682 684 0.6213 700.0000
682 685 0.5848 700.0000
682 686 0.5617 700.0000
682 735 0.6855 700.0000
683 685 0.8009 700.0000
683 686 0.5614 700.0000
683 687 0.6619 700.0000
683 706 0.6281 700.0000
683 707 0.6675 700.0000
683 713 0.7820 700.0000
683 714 0.6102 700.0000
683 715 0.6995 700.0000
683 735 0.8942 700.0000
684 686 0.6890 700.0000
684 687 0.5501 700.0000
684 688 0.6465 700.0000
684 706 0.8065 700.0000
684 707 0.8628 700.0000
685 687 0.8441 700.0000
685 688 0.6051 700.0000
685 689 0.4877 700.0000
685 690 0.6174 700.0000
686 688 0.6600 700.0000
686 689 0.7217 700.0000
686 690 0.5360 700.0000
686 691 0.8646 700.0000
686 693 0.8250 700.0000
686 694 0.6976 700.0000
686 706 0.8127 700.0000
686 715 0.8588 700.0000
686 731 0.8291 700.0000
686 734 0.6834 700.0000
686 735 0.8269 700.0000
687 689 0.8228 700.0000
687 690 0.8895 700.0000
687 691 0.6853 700.0000
687 694 0.7429 700.0000
687 706 0.5341 700.0000
688 690 0.7042 700.0000
688 691 0.5305 700.0000
689 691 0.6230 700.0000
690 692 0.6663 700.0000
690 693 0.6144 700.0000
690 694 0.7086 700.0000
690 734 0.6927 700.0000
691 693 0.8527 700.0000
691 694 0.7048 700.0000
691 695 0.8484 700.0000
692 694 0.7832 700.0000
692 695 0.6594 700.0000
692 696 0.7347 700.0000
693 695 0.6406 700.0000
693 696 0.5214 700.0000
693 697 0.6303 700.0000
693 730 0.7259 700.0000
693 731 0.7550 700.0000
693 734 0.7013 700.0000
694 696 0.7728 700.0000
694 697 0.6253 700.0000
694 698 0.7426 700.0000
694 704 0.6486 700.0000
694 706 0.7763 700.0000
694 715 0.8748 700.0000
694 731 0.7989 700.0000
694 734 0.8945 700.0000
695 697 0.6064 700.0000
695 698 0.5002 700.0000
695 699 0.5982 700.0000
696 698 0.8026 700.0000
696 699 0.6121 700.0000
696 700 0.8413 700.0000
697 699 0.7078 700.0000
697 700 0.5805 700.0000
697 701 0.8473 700.0000
697 702 0.5029 700.0000
697 704 0.7108 700.0000
697 717 0.8288 700.0000
697 723 0.8394 700.0000
697 724 0.8801 700.0000
697 727 0.6222 700.0000
697 730 0.7751 700.0000
697 731 0.8695 700.0000
698 700 0.7360 700.0000
698 701 0.7193 700.0000
698 702 0.5717 700.0000
698 703 0.6975 700.0000
698 704 0.6416 700.0000
699 701 0.8189 700.0000
699 702 0.8955 700.0000
700 702 0.5447 700.0000
700 720 0.8003 700.0000
700 723 0.5421 700.0000
700 724 0.8935 700.0000
700 726 0.8422 700.0000
700 727 0.8787 700.0000
701 703 0.7685 700.0000
701 718 0.8365 700.0000
701 719 0.6922 700.0000
701 720 0.7171 700.0000
701 723 0.8038 700.0000
702 704 0.6434 700.0000
702 717 0.6298 700.0000
702 718 0.5732 700.0000
702 719 0.5874 700.0000
702 720 0.7203 700.0000
702 723 0.7052 700.0000
702 724 0.6496 700.0000
702 727 0.7388 700.0000
703 705 0.6196 700.0000
703 716 0.7187 700.0000
703 717 0.6893 700.0000
703 718 0.4329 700.0000
703 719 0.7460 700.0000
704 706 0.6004 700.0000
704 715 0.6867 700.0000
704 716 0.6246 700.0000
704 717 0.5911 700.0000
704 718 0.7142 700.0000
705 707 0.7186 700.0000
705 708 0.6106 700.0000
705 714 0.7296 700.0000
705 715 0.6062 700.0000
705 716 0.4279 700.0000
705 717 0.6887 700.0000
705 718 0.7788 700.0000
706 708 0.7612 700.0000
706 714 0.6250 700.0000
706 715 0.5509 700.0000
706 716 0.7572 700.0000
707 709 0.7963 700.0000
707 711 0.8218 700.0000
707 712 0.8913 700.0000
707 713 0.5361 700.0000
707 714 0.4511 700.0000
707 715 0.7382 700.0000
707 716 0.8592 700.0000
708 710 0.6888 700.0000
708 711 0.4441 700.0000
708 712 0.7912 700.0000
708 713 0.7653 700.0000
708 714 0.5986 700.0000
708 715 0.8136 700.0000
708 716 0.6274 700.0000
709 711 0.7124 700.0000
711 713 0.8715 700.0000
711 714 0.7948 700.0000
711 716 0.7474 700.0000
712 714 0.7111 700.0000
714 716 0.6710 700.0000
715 717 0.6211 700.0000
715 728 0.8636 700.0000
715 731 0.7004 700.0000
716 718 0.6076 700.0000
717 719 0.7214 700.0000
717 724 0.5462 700.0000
717 725 0.8820 700.0000
717 727 0.6479 700.0000
717 728 0.6708 700.0000
717 731 0.8388 700.0000
718 720 0.7789 700.0000
718 724 0.6938 700.0000
719 721 0.7513 700.0000
719 722 0.8134 700.0000
719 723 0.7477 700.0000
719 724 0.5440 700.0000
720 722 0.4930 700.0000
720 723 0.5015 700.0000
720 724 0.5550 700.0000
720 725 0.8107 700.0000
720 726 0.8742 700.0000
721 723 0.7890 700.0000
721 724 0.6560 700.0000
721 725 0.6008 700.0000
722 724 0.6270 700.0000
722 725 0.5848 700.0000
722 726 0.5772 700.0000
723 725 0.6904 700.0000
723 726 0.4450 700.0000
723 727 0.6917 700.0000
724 726 0.6415 700.0000
724 727 0.5136 700.0000
724 728 0.6103 700.0000
724 729 0.8750 700.0000
725 727 0.6222 700.0000
725 728 0.5599 700.0000
725 729 0.6533 700.0000
726 728 0.7425 700.0000
726 729 0.6582 700.0000
726 730 0.7187 700.0000
727 729 0.5588 700.0000
727 730 0.4653 700.0000
727 731 0.5771 700.0000
727 732 0.8223 700.0000
728 730 0.6179 700.0000
728 731 0.5355 700.0000
728 732 0.5467 700.0000
728 733 0.8759 700.0000
729 731 0.6711 700.0000
729 732 0.5275 700.0000
729 733 0.6317 700.0000
730 732 0.7062 700.0000
730 733 0.5024 700.0000
730 734 0.6775 700.0000
731 733 0.6439 700.0000
731 734 0.5333 700.0000
731 735 0.7046 700.0000
731 736 0.8656 700.0000
732 734 0.7591 700.0000
732 735 0.6003 700.0000
732 736 0.6626 700.0000
733 735 0.8597 700.0000
733 736 0.6220 700.0000
734 736 0.6253 700.0000
739 741 0.6744 700.0000
739 771 0.8937 700.0000
740 742 0.6993 700.0000
741 743 0.6561 700.0000
742 744 0.7995 700.0000
742 776 0.8230 700.0000
743 745 0.6683 700.0000
744 746 0.5795 700.0000
745 747 0.5209 700.0000
745 748 0.8102 700.0000
745 749 0.8776 700.0000
745 750 0.6677 700.0000
746 748 0.7256 700.0000
747 749 0.7273 700.0000
747 750 0.6771 700.0000
748 750 0.6232 700.0000
749 751 0.6097 700.0000
749 752 0.5886 700.0000
749 753 0.6440 700.0000
750 752 0.6586 700.0000
750 753 0.5398 700.0000
750 754 0.7098 700.0000
750 755 0.8168 700.0000
751 753 0.8423 700.0000
751 754 0.7243 700.0000
751 755 0.5329 700.0000
751 775 0.6476 700.0000
752 754 0.7734 700.0000
752 755 0.4419 700.0000
752 756 0.4999 700.0000
753 755 0.7789 700.0000
753 756 0.6342 700.0000
753 757 0.6395 700.0000
753 758 0.8872 700.0000
753 761 0.6877 700.0000
754 756 0.7350 700.0000
754 757 0.6911 700.0000
754 758 0.4710 700.0000
754 760 0.8976 700.0000
754 761 0.5272 700.0000
754 762 0.7447 700.0000
754 773 0.7435 700.0000
754 775 0.6234 700.0000
755 757 0.8264 700.0000
755 758 0.6669 700.0000
755 775 0.6987 700.0000
756 758 0.7367 700.0000
756 761 0.8878 700.0000
757 759 0.8433 700.0000
757 760 0.5527 700.0000
757 761 0.5136 700.0000
758 760 0.6554 700.0000
758 761 0.5251 700.0000
758 762 0.4928 700.0000
758 763 0.8439 700.0000
758 773 0.8093 700.0000
758 775 0.8757 700.0000
759 762 0.6605 700.0000
759 763 0.8325 700.0000
760 762 0.7402 700.0000
760 763 0.5800 700.0000
760 764 0.5645 700.0000
760 765 0.8713 700.0000
761 763 0.7767 700.0000
761 764 0.7044 700.0000
761 765 0.7555 700.0000
761 773 0.8527 700.0000
762 764 0.8388 700.0000
762 765 0.6631 700.0000
762 766 0.7568 700.0000
762 772 0.6886 700.0000
762 773 0.5185 700.0000
762 774 0.8364 700.0000
763 765 0.6185 700.0000
763 766 0.5208 700.0000
763 767 0.6399 700.0000
763 768 0.8483 700.0000
763 772 0.8611 700.0000
764 766 0.7441 700.0000
764 767 0.4340 700.0000
764 768 0.5345 700.0000
764 769 0.7939 700.0000
765 767 0.7406 700.0000
765 768 0.5883 700.0000
765 769 0.5225 700.0000
765 770 0.6626 700.0000
765 771 0.5185 700.0000
765 772 0.7443 700.0000
765 773 0.6374 700.0000
766 768 0.7705 700.0000
766 769 0.7975 700.0000
766 770 0.4845 700.0000
766 771 0.6007 700.0000
766 772 0.5510 700.0000
767 769 0.7618 700.0000
767 770 0.8691 700.0000
768 770 0.7376 700.0000
768 771 0.8139 700.0000
769 771 0.5413 700.0000
770 772 0.6325 700.0000
771 773 0.7248 700.0000
772 774 0.8885 700.0000
773 775 0.7396 700.0000
774 776 0.6376 700.0000
792 794 0.5708 700.0000
792 795 0.7772 700.0000
792 805 0.7046 700.0000
792 806 0.5769 700.0000
792 807 0.5628 700.0000
792 808 0.8011 700.0000
792 967 0.8940 700.0000
793 806 0.5475 700.0000
793 807 0.7253 700.0000
793 808 0.7101 700.0000
793 964 0.7388 700.0000
793 967 0.5594 700.0000
793 968 0.6433 700.0000
793 971 0.6759 700.0000
794 796 0.6255 700.0000
794 804 0.6864 700.0000
794 805 0.5904 700.0000
794 806 0.4118 700.0000
794 807 0.8237 700.0000
794 959 0.8454 700.0000
794 967 0.8811 700.0000
794 971 0.5919 700.0000
794 974 0.7059 700.0000
794 975 0.7955 700.0000
795 797 0.7338 700.0000
795 803 0.5735 700.0000
795 804 0.6832 700.0000
795 805 0.5588 700.0000
795 806 0.8280 700.0000
795 956 0.8959 700.0000
796 798 0.6078 700.0000
796 802 0.8477 700.0000
796 803 0.5958 700.0000
796 804 0.4469 700.0000
796 805 0.7157 700.0000
796 806 0.8574 700.0000
796 974 0.6765 700.0000
796 978 0.6691 700.0000
797 799 0.5366 700.0000
797 800 0.7607 700.0000
797 801 0.7479 700.0000
797 802 0.6035 700.0000
797 803 0.5595 700.0000
797 804 0.7062 700.0000
797 978 0.8245 700.0000
798 800 0.7755 700.0000
798 801 0.7967 700.0000
798 802 0.4939 700.0000
798 803 0.6170 700.0000
798 804 0.6151 700.0000
798 941 0.7478 700.0000
798 942 0.6891 700.0000
798 945 0.5688 700.0000
798 946 0.8383 700.0000
798 957 0.8010 700.0000
798 978 0.7223 700.0000
799 801 0.5106 700.0000
799 802 0.3948 700.0000
799 803 0.7312 700.0000
799 945 0.6594 700.0000
799 952 0.7879 700.0000
799 955 0.8246 700.0000
800 802 0.5776 700.0000
800 952 0.8277 700.0000
800 955 0.8490 700.0000
801 803 0.6373 700.0000
801 952 0.8210 700.0000
801 954 0.8647 700.0000
801 955 0.4691 700.0000
801 956 0.8432 700.0000
802 804 0.7652 700.0000
802 945 0.6913 700.0000
802 952 0.7311 700.0000
802 954 0.6991 700.0000
802 955 0.4898 700.0000
802 956 0.7326 700.0000
802 957 0.7407 700.0000
803 805 0.6011 700.0000
803 954 0.8938 700.0000
803 955 0.6820 700.0000
803 956 0.5426 700.0000
803 957 0.5873 700.0000
803 958 0.7895 700.0000
804 806 0.6728 700.0000
804 938 0.8187 700.0000
804 941 0.7722 700.0000
804 956 0.8193 700.0000
804 957 0.4808 700.0000
804 958 0.7224 700.0000
804 959 0.6586 700.0000
804 974 0.7245 700.0000
804 978 0.8500 700.0000
805 807 0.5942 700.0000
805 956 0.6949 700.0000
805 957 0.5945 700.0000
805 958 0.4354 700.0000
805 959 0.6121 700.0000
805 960 0.8679 700.0000
806 808 0.8634 700.0000
806 958 0.7491 700.0000
806 959 0.4944 700.0000
806 960 0.7223 700.0000
806 967 0.5957 700.0000
806 969 0.8980 700.0000
806 970 0.6362 700.0000
806 971 0.6100 700.0000
806 974 0.7961 700.0000
807 809 0.5916 700.0000
807 814 0.8067 700.0000
807 958 0.5971 700.0000
807 959 0.6706 700.0000
807 960 0.5351 700.0000
807 961 0.8253 700.0000
807 967 0.7466 700.0000
808 810 0.8907 700.0000
808 960 0.7459 700.0000
808 961 0.6494 700.0000
808 962 0.5727 700.0000
808 963 0.6593 700.0000
808 964 0.6026 700.0000
808 966 0.8850 700.0000
808 967 0.6351 700.0000
809 811 0.6206 700.0000
809 812 0.8623 700.0000
809 813 0.8834 700.0000
809 814 0.7146 700.0000
809 960 0.5291 700.0000
809 961 0.5430 700.0000
809 962 0.4733 700.0000
809 963 0.7936 700.0000
809 967 0.8662 700.0000
810 812 0.4468 700.0000
810 813 0.5083 700.0000
810 814 0.6325 700.0000
810 833 0.8741 700.0000
810 836 0.8472 700.0000
810 837 0.8539 700.0000
810 960 0.8169 700.0000
810 961 0.8300 700.0000
810 962 0.6781 700.0000
811 813 0.8116 700.0000
811 814 0.5608 700.0000
811 816 0.8763 700.0000
811 819 0.6296 700.0000
811 820 0.7669 700.0000
811 821 0.8722 700.0000
811 833 0.6802 700.0000
811 836 0.8553 700.0000
811 837 0.6843 700.0000
811 874 0.8292 700.0000
811 917 0.6495 700.0000
811 918 0.8568 700.0000
811 919 0.7420 700.0000
811 960 0.6053 700.0000
811 961 0.7814 700.0000
811 962 0.8496 700.0000
812 814 0.6065 700.0000
812 819 0.8321 700.0000
812 836 0.7501 700.0000
812 837 0.6083 700.0000
812 840 0.6580 700.0000
812 841 0.8791 700.0000
812 872 0.6036 700.0000
812 873 0.6724 700.0000
812 874 0.6823 700.0000
813 840 0.8613 700.0000
813 872 0.8764 700.0000
813 873 0.7974 700.0000
814 816 0.5143 700.0000
814 819 0.8038 700.0000
814 873 0.7596 700.0000
814 874 0.7129 700.0000
814 917 0.7399 700.0000
814 958 0.7563 700.0000
814 960 0.8073 700.0000
815 817 0.7903 700.0000
815 873 0.8152 700.0000
815 874 0.8236 700.0000
815 915 0.7938 700.0000
815 958 0.7629 700.0000
816 818 0.5570 700.0000
816 819 0.6938 700.0000
816 873 0.7448 700.0000
816 874 0.5907 700.0000
816 913 0.8921 700.0000
816 915 0.4758 700.0000
816 916 0.6789 700.0000
816 917 0.6576 700.0000
816 956 0.8019 700.0000
816 958 0.6890 700.0000
817 819 0.8331 700.0000
817 873 0.8770 700.0000
817 874 0.6961 700.0000
817 875 0.6515 700.0000
817 876 0.8767 700.0000
817 908 0.8765 700.0000
817 913 0.4987 700.0000
817 914 0.6813 700.0000
817 915 0.4046 700.0000
817 916 0.7412 700.0000
817 956 0.8799 700.0000
818 820 0.6985 700.0000
818 874 0.6068 700.0000
818 875 0.7677 700.0000
818 876 0.6930 700.0000
818 877 0.6791 700.0000
818 878 0.6493 700.0000
818 908 0.6999 700.0000
818 913 0.5686 700.0000
818 915 0.5601 700.0000
818 916 0.5012 700.0000
818 917 0.5837 700.0000
819 821 0.7043 700.0000
819 837 0.8154 700.0000
819 869 0.8724 700.0000
819 872 0.8381 700.0000
819 873 0.8858 700.0000
819 874 0.5702 700.0000
819 876 0.8307 700.0000
819 877 0.5279 700.0000
819 878 0.5745 700.0000
819 879 0.8563 700.0000
819 915 0.8697 700.0000
819 916 0.6616 700.0000
819 917 0.4785 700.0000
819 918 0.7658 700.0000
819 919 0.8518 700.0000
820 822 0.6837 700.0000
820 823 0.8720 700.0000
820 833 0.8760 700.0000
820 877 0.6840 700.0000
820 878 0.4745 700.0000
820 879 0.7039 700.0000
820 880 0.6392 700.0000
820 901 0.8656 700.0000
820 904 0.6930 700.0000
820 916 0.7129 700.0000
820 917 0.5209 700.0000
820 918 0.5268 700.0000
820 919 0.5548 700.0000
820 921 0.7802 700.0000
821 823 0.4912 700.0000
821 824 0.8853 700.0000
821 827 0.8609 700.0000
821 829 0.7514 700.0000
821 833 0.6104 700.0000
821 834 0.5690 700.0000
821 837 0.6663 700.0000
821 877 0.6590 700.0000
821 878 0.6538 700.0000
821 879 0.4768 700.0000
821 880 0.5568 700.0000
821 881 0.8730 700.0000
821 919 0.7670 700.0000
821 921 0.8326 700.0000
822 824 0.7426 700.0000
822 829 0.8244 700.0000
822 831 0.8294 700.0000
822 832 0.8009 700.0000
822 833 0.5849 700.0000
822 834 0.5982 700.0000
822 837 0.8859 700.0000
822 879 0.7146 700.0000
822 880 0.5244 700.0000
822 881 0.7301 700.0000
822 882 0.7451 700.0000
822 919 0.7048 700.0000
822 920 0.7924 700.0000
822 921 0.5966 700.0000
822 922 0.7348 700.0000
822 926 0.8395 700.0000
823 825 0.7218 700.0000
823 826 0.8784 700.0000
823 827 0.6054 700.0000
823 828 0.8623 700.0000
823 829 0.7211 700.0000
823 833 0.8826 700.0000
823 834 0.7184 700.0000
823 859 0.8513 700.0000
823 879 0.5654 700.0000
823 880 0.4492 700.0000
823 881 0.5015 700.0000
823 882 0.6543 700.0000
823 921 0.8248 700.0000
823 922 0.8886 700.0000
823 926 0.8520 700.0000
824 826 0.5062 700.0000
824 827 0.5141 700.0000
824 828 0.5936 700.0000
824 829 0.7182 700.0000
824 830 0.7963 700.0000
824 834 0.8908 700.0000
824 858 0.8785 700.0000
824 859 0.7686 700.0000
824 879 0.8676 700.0000
824 880 0.8255 700.0000
824 881 0.6573 700.0000
824 882 0.7881 700.0000
824 926 0.8307 700.0000
825 827 0.7247 700.0000
825 828 0.8824 700.0000
825 858 0.5962 700.0000
825 859 0.5508 700.0000
825 860 0.6593 700.0000
825 861 0.6492 700.0000
825 881 0.6085 700.0000
825 882 0.7467 700.0000
825 884 0.7973 700.0000
826 828 0.5093 700.0000
826 830 0.8952 700.0000
826 849 0.8866 700.0000
826 850 0.8352 700.0000
826 853 0.6748 700.0000
826 857 0.8101 700.0000
826 858 0.4937 700.0000
826 859 0.7151 700.0000
827 829 0.6302 700.0000
827 845 0.8743 700.0000
827 846 0.6867 700.0000
827 849 0.4693 700.0000
827 850 0.6971 700.0000
827 852 0.7353 700.0000
827 853 0.6657 700.0000
827 857 0.8929 700.0000
827 858 0.8747 700.0000
827 859 0.6887 700.0000
827 865 0.8093 700.0000
827 879 0.6193 700.0000
827 880 0.8840 700.0000
827 881 0.8445 700.0000
828 830 0.5072 700.0000
828 846 0.5797 700.0000
828 849 0.7370 700.0000
828 850 0.6962 700.0000
829 831 0.6656 700.0000
829 832 0.8402 700.0000
829 833 0.8653 700.0000
829 834 0.4498 700.0000
829 835 0.5690 700.0000
829 836 0.8274 700.0000
829 837 0.7613 700.0000
829 838 0.5551 700.0000
829 845 0.6993 700.0000
829 846 0.5488 700.0000
829 849 0.7594 700.0000
829 879 0.8424 700.0000
830 834 0.8259 700.0000
830 835 0.7879 700.0000
830 846 0.8861 700.0000
831 833 0.6714 700.0000
831 834 0.4817 700.0000
831 835 0.4652 700.0000
831 836 0.7448 700.0000
831 925 0.7697 700.0000
832 834 0.4810 700.0000
832 835 0.4691 700.0000
832 836 0.5949 700.0000
832 837 0.8175 700.0000
832 924 0.8868 700.0000
832 925 0.8255 700.0000
833 835 0.6011 700.0000
833 836 0.5370 700.0000
833 837 0.5471 700.0000
833 838 0.8925 700.0000
833 919 0.7723 700.0000
833 920 0.8929 700.0000
833 961 0.8874 700.0000
834 836 0.5133 700.0000
834 837 0.4996 700.0000
834 838 0.5968 700.0000
835 837 0.5716 700.0000
835 838 0.4902 700.0000
835 839 0.6185 700.0000
835 840 0.8306 700.0000
836 838 0.5473 700.0000
836 839 0.5251 700.0000
836 840 0.6150 700.0000
836 841 0.8338 700.0000
837 839 0.7540 700.0000
837 840 0.5750 700.0000
837 841 0.6610 700.0000
837 842 0.8423 700.0000
837 845 0.7865 700.0000
837 869 0.8582 700.0000
837 872 0.6960 700.0000
837 877 0.8220 700.0000
838 840 0.5545 700.0000
838 841 0.5030 700.0000
838 842 0.4775 700.0000
838 843 0.7091 700.0000
838 845 0.5727 700.0000
838 846 0.6970 700.0000
838 872 0.8750 700.0000
839 841 0.7099 700.0000
839 842 0.6887 700.0000
840 842 0.5541 700.0000
840 845 0.8810 700.0000
840 869 0.8588 700.0000
840 870 0.7861 700.0000
840 871 0.5948 700.0000
840 872 0.5715 700.0000
841 843 0.6444 700.0000
841 844 0.6546 700.0000
841 845 0.5793 700.0000
841 869 0.5906 700.0000
841 870 0.4838 700.0000
841 871 0.4479 700.0000
841 872 0.5068 700.0000
842 844 0.5488 700.0000
842 845 0.5732 700.0000
842 846 0.7820 700.0000
842 847 0.8937 700.0000
842 869 0.7999 700.0000
842 870 0.6551 700.0000
842 871 0.5840 700.0000
842 872 0.8101 700.0000
843 845 0.6557 700.0000
843 846 0.6785 700.0000
843 847 0.6771 700.0000
843 870 0.8411 700.0000
843 871 0.8235 700.0000
844 846 0.8420 700.0000
844 847 0.6445 700.0000
844 848 0.7370 700.0000
844 868 0.6780 700.0000
844 869 0.7202 700.0000
844 870 0.5367 700.0000
844 871 0.7106 700.0000
845 847 0.6196 700.0000
845 848 0.6120 700.0000
845 849 0.5764 700.0000
845 850 0.8794 700.0000
845 867 0.6339 700.0000
845 868 0.6789 700.0000
845 869 0.5860 700.0000
845 870 0.6596 700.0000
845 872 0.8457 700.0000
845 877 0.7216 700.0000
845 879 0.8323 700.0000
846 848 0.7218 700.0000
846 849 0.4843 700.0000
846 850 0.5145 700.0000
847 849 0.5422 700.0000
847 850 0.4679 700.0000
847 851 0.5589 700.0000
847 852 0.8445 700.0000
847 868 0.8428 700.0000
848 850 0.6722 700.0000
848 851 0.4926 700.0000
848 852 0.5925 700.0000
848 866 0.8756 700.0000
848 867 0.5688 700.0000
848 868 0.5087 700.0000
848 869 0.8877 700.0000
849 851 0.6748 700.0000
849 852 0.5184 700.0000
849 853 0.6768 700.0000
849 865 0.8322 700.0000
849 867 0.6578 700.0000
849 868 0.8509 700.0000
849 879 0.7080 700.0000
850 852 0.6722 700.0000
850 853 0.5837 700.0000
850 854 0.7144 700.0000
851 853 0.7369 700.0000
851 854 0.6060 700.0000
851 855 0.6698 700.0000
852 854 0.7447 700.0000
852 855 0.5059 700.0000
852 856 0.5153 700.0000
852 857 0.6786 700.0000
852 859 0.8687 700.0000
852 865 0.7277 700.0000
852 866 0.8524 700.0000
852 867 0.8069 700.0000
853 855 0.7039 700.0000
853 856 0.6031 700.0000
853 857 0.3923 700.0000
853 858 0.6691 700.0000
853 859 0.7322 700.0000
854 856 0.8437 700.0000
854 857 0.7631 700.0000
855 857 0.7377 700.0000
856 859 0.7732 700.0000
856 865 0.8398 700.0000
857 859 0.5927 700.0000
857 860 0.8970 700.0000
858 860 0.7889 700.0000
859 861 0.7055 700.0000
859 862 0.8178 700.0000
859 863 0.5803 700.0000
859 864 0.7271 700.0000
859 865 0.7530 700.0000
859 880 0.8740 700.0000
859 881 0.6172 700.0000
860 862 0.6321 700.0000
860 863 0.5311 700.0000
860 881 0.6977 700.0000
860 882 0.8770 700.0000
860 896 0.8817 700.0000
861 863 0.5803 700.0000
861 881 0.5200 700.0000
861 882 0.5406 700.0000
861 883 0.6166 700.0000
861 884 0.8474 700.0000
861 892 0.8462 700.0000
861 893 0.8969 700.0000
861 896 0.5652 700.0000
861 899 0.8082 700.0000
861 900 0.8682 700.0000
862 864 0.6590 700.0000
862 880 0.7360 700.0000
862 881 0.5258 700.0000
862 882 0.6161 700.0000
862 883 0.7554 700.0000
862 895 0.7633 700.0000
862 896 0.4673 700.0000
862 897 0.7082 700.0000
862 899 0.4108 700.0000
862 900 0.4611 700.0000
862 901 0.8377 700.0000
862 902 0.8953 700.0000
862 903 0.7140 700.0000
863 865 0.7676 700.0000
863 880 0.7355 700.0000
863 881 0.5499 700.0000
863 882 0.8054 700.0000
863 896 0.7948 700.0000
863 899 0.5698 700.0000
863 900 0.6193 700.0000
863 903 0.6574 700.0000
864 866 0.7595 700.0000
864 878 0.6920 700.0000
864 879 0.6833 700.0000
864 880 0.5798 700.0000
864 881 0.6592 700.0000
864 899 0.8163 700.0000
864 900 0.6153 700.0000
864 901 0.8837 700.0000
864 903 0.5079 700.0000
864 904 0.6147 700.0000
864 907 0.6971 700.0000
865 867 0.6757 700.0000
865 877 0.7904 700.0000
865 878 0.6079 700.0000
865 879 0.4891 700.0000
865 880 0.7337 700.0000
865 881 0.8628 700.0000
865 903 0.8579 700.0000
865 904 0.8322 700.0000
865 907 0.7347 700.0000
866 868 0.7878 700.0000
866 876 0.5781 700.0000
866 877 0.5962 700.0000
866 878 0.5538 700.0000
866 879 0.6461 700.0000
866 907 0.6409 700.0000
866 911 0.7027 700.0000
867 869 0.6172 700.0000
867 870 0.8604 700.0000
867 876 0.5234 700.0000
867 877 0.4288 700.0000
867 878 0.6952 700.0000
867 879 0.6114 700.0000
868 870 0.6320 700.0000
868 875 0.8937 700.0000
868 876 0.6095 700.0000
868 877 0.7672 700.0000
869 871 0.7263 700.0000
869 872 0.4530 700.0000
869 873 0.7494 700.0000
869 874 0.6373 700.0000
869 875 0.7512 700.0000
869 876 0.6127 700.0000
869 877 0.5709 700.0000
870 872 0.4897 700.0000
870 873 0.7958 700.0000
870 874 0.8111 700.0000
870 875 0.8976 700.0000
870 876 0.8665 700.0000
870 877 0.8745 700.0000
871 873 0.8548 700.0000
872 874 0.4617 700.0000
872 877 0.8067 700.0000
873 875 0.7775 700.0000
874 876 0.7731 700.0000
874 877 0.7381 700.0000
874 917 0.8996 700.0000
875 913 0.7119 700.0000
876 878 0.7511 700.0000
876 911 0.6985 700.0000
876 913 0.7337 700.0000
877 879 0.5250 700.0000
878 880 0.6583 700.0000
878 904 0.5609 700.0000
878 907 0.6629 700.0000
878 908 0.7945 700.0000
878 916 0.8522 700.0000
878 917 0.8475 700.0000
879 881 0.7836 700.0000
880 882 0.6018 700.0000
880 897 0.8749 700.0000
880 900 0.5896 700.0000
880 901 0.7973 700.0000
880 903 0.8746 700.0000
880 904 0.7254 700.0000
880 919 0.8783 700.0000
880 921 0.6592 700.0000
881 883 0.6933 700.0000
881 896 0.8185 700.0000
881 897 0.8555 700.0000
881 900 0.6672 700.0000
881 921 0.8284 700.0000
881 922 0.8774 700.0000
881 926 0.8862 700.0000
882 884 0.7099 700.0000
882 893 0.8328 700.0000
882 896 0.6705 700.0000
882 897 0.6389 700.0000
882 900 0.7269 700.0000
882 921 0.6529 700.0000
882 922 0.5647 700.0000
882 926 0.6143 700.0000
882 928 0.8913 700.0000
883 885 0.7453 700.0000
883 886 0.8805 700.0000
883 892 0.8345 700.0000
883 893 0.5100 700.0000
883 894 0.8134 700.0000
883 896 0.5657 700.0000
883 897 0.5968 700.0000
883 921 0.7836 700.0000
883 922 0.5467 700.0000
883 926 0.5945 700.0000
883 927 0.8340 700.0000
883 928 0.6652 700.0000
884 886 0.8677 700.0000
884 922 0.8070 700.0000
884 925 0.7799 700.0000
884 926 0.4271 700.0000
884 927 0.7940 700.0000
885 887 0.5516 700.0000
885 889 0.8018 700.0000
885 890 0.6100 700.0000
885 893 0.5863 700.0000
885 894 0.8854 700.0000
885 922 0.8366 700.0000
885 926 0.8706 700.0000
885 927 0.5302 700.0000
885 928 0.4766 700.0000
885 929 0.5862 700.0000
885 932 0.7987 700.0000
886 888 0.5832 700.0000
886 889 0.4796 700.0000
886 890 0.5733 700.0000
886 891 0.8589 700.0000
886 892 0.8310 700.0000
886 893 0.6289 700.0000
886 927 0.8611 700.0000
886 928 0.8685 700.0000
887 889 0.6154 700.0000
887 890 0.5216 700.0000
887 891 0.8148 700.0000
887 893 0.8133 700.0000
888 890 0.8326 700.0000
889 891 0.6393 700.0000
889 892 0.4630 700.0000
889 893 0.6018 700.0000
890 892 0.7095 700.0000
890 893 0.4661 700.0000
890 894 0.6016 700.0000
890 928 0.8521 700.0000
890 932 0.7709 700.0000
891 893 0.5821 700.0000
891 894 0.5520 700.0000
891 895 0.8000 700.0000
892 894 0.8129 700.0000
892 895 0.6980 700.0000
892 896 0.6038 700.0000
893 895 0.7794 700.0000
893 896 0.5523 700.0000
893 897 0.6966 700.0000
893 928 0.6845 700.0000
894 896 0.6400 700.0000
894 897 0.5655 700.0000
894 898 0.5638 700.0000
894 928 0.7838 700.0000
894 932 0.7542 700.0000
894 933 0.8367 700.0000
894 936 0.5757 700.0000
895 897 0.7791 700.0000
895 898 0.5731 700.0000
895 899 0.5716 700.0000
896 898 0.7440 700.0000
896 899 0.5746 700.0000
896 900 0.7058 700.0000
897 899 0.8166 700.0000
897 900 0.5595 700.0000
897 901 0.6303 700.0000
897 902 0.8803 700.0000
897 921 0.6064 700.0000
897 922 0.7146 700.0000
897 928 0.7493 700.0000
897 933 0.6784 700.0000
897 936 0.5780 700.0000
897 937 0.6556 700.0000
897 940 0.8598 700.0000
898 900 0.7769 700.0000
898 901 0.7118 700.0000
898 902 0.6318 700.0000
898 936 0.5464 700.0000
898 937 0.7669 700.0000
898 939 0.6591 700.0000
898 940 0.5366 700.0000
898 943 0.6993 700.0000
899 901 0.8092 700.0000
899 902 0.6398 700.0000
899 903 0.5969 700.0000
900 902 0.5940 700.0000
900 903 0.5062 700.0000
900 904 0.5781 700.0000
900 905 0.8457 700.0000
900 921 0.7808 700.0000
900 937 0.8897 700.0000
900 940 0.8935 700.0000
901 903 0.6351 700.0000
901 904 0.5108 700.0000
901 905 0.5979 700.0000
901 906 0.8734 700.0000
901 918 0.7588 700.0000
901 921 0.7772 700.0000
901 936 0.8408 700.0000
901 937 0.6154 700.0000
901 940 0.5922 700.0000
901 941 0.7059 700.0000
901 944 0.8808 700.0000
902 904 0.7050 700.0000
902 905 0.6327 700.0000
902 906 0.6878 700.0000
902 940 0.5612 700.0000
902 941 0.7808 700.0000
902 943 0.7266 700.0000
902 944 0.6167 700.0000
903 905 0.6735 700.0000
903 906 0.5208 700.0000
903 907 0.6238 700.0000
904 906 0.5924 700.0000
904 907 0.5241 700.0000
904 908 0.6703 700.0000
904 916 0.8060 700.0000
904 918 0.8352 700.0000
905 907 0.6805 700.0000
905 908 0.5855 700.0000
905 909 0.6218 700.0000
905 916 0.7121 700.0000
905 918 0.8835 700.0000
905 940 0.8361 700.0000
905 941 0.7229 700.0000
905 944 0.6321 700.0000
905 945 0.8220 700.0000
905 954 0.7292 700.0000
905 957 0.8509 700.0000
906 908 0.6101 700.0000
906 909 0.5223 700.0000
906 910 0.6914 700.0000
906 944 0.7646 700.0000
907 909 0.7156 700.0000
907 910 0.5378 700.0000
907 911 0.6015 700.0000
907 913 0.8376 700.0000
908 910 0.6447 700.0000
908 911 0.5984 700.0000
908 912 0.7490 700.0000
908 913 0.4764 700.0000
908 915 0.8199 700.0000
908 916 0.7229 700.0000
908 953 0.7608 700.0000
908 954 0.6665 700.0000
909 911 0.8586 700.0000
909 912 0.7201 700.0000
909 913 0.7961 700.0000
909 944 0.8530 700.0000
909 948 0.8814 700.0000
909 951 0.8400 700.0000
909 952 0.6445 700.0000
909 953 0.5268 700.0000
909 954 0.5711 700.0000
910 912 0.7341 700.0000
910 913 0.8731 700.0000
911 913 0.5941 700.0000
912 914 0.8829 700.0000
912 953 0.5706 700.0000
913 915 0.6384 700.0000
913 916 0.7997 700.0000
913 953 0.7931 700.0000
913 954 0.7878 700.0000
914 953 0.6533 700.0000
914 954 0.6385 700.0000
914 955 0.5109 700.0000
914 956 0.6392 700.0000
915 917 0.7210 700.0000
915 954 0.6476 700.0000
915 955 0.7802 700.0000
915 956 0.5193 700.0000
915 957 0.7219 700.0000
915 958 0.6821 700.0000
916 918 0.5917 700.0000
916 954 0.6977 700.0000
916 956 0.7428 700.0000
916 957 0.5220 700.0000
916 958 0.6240 700.0000
916 959 0.8724 700.0000
917 919 0.6525 700.0000
917 957 0.7127 700.0000
917 958 0.5828 700.0000
917 959 0.7111 700.0000
917 960 0.6371 700.0000
918 920 0.7414 700.0000
918 921 0.7527 700.0000
918 937 0.7197 700.0000
918 941 0.8810 700.0000
918 957 0.7154 700.0000
918 958 0.7710 700.0000
918 959 0.5240 700.0000
918 960 0.6244 700.0000
918 970 0.8631 700.0000
919 921 0.5117 700.0000
919 922 0.8901 700.0000
919 923 0.8830 700.0000
919 937 0.8046 700.0000
919 959 0.6988 700.0000
919 960 0.5772 700.0000
919 961 0.7138 700.0000
919 970 0.8466 700.0000
920 922 0.6183 700.0000
920 923 0.4994 700.0000
920 924 0.7720 700.0000
920 928 0.8504 700.0000
920 930 0.7356 700.0000
920 933 0.5852 700.0000
920 934 0.7048 700.0000
920 937 0.7532 700.0000
920 959 0.8576 700.0000
920 960 0.7954 700.0000
920 961 0.7091 700.0000
920 966 0.7115 700.0000
920 970 0.7438 700.0000
921 923 0.6655 700.0000
921 924 0.8637 700.0000
921 926 0.8581 700.0000
921 928 0.7969 700.0000
921 933 0.6445 700.0000
921 934 0.8871 700.0000
921 937 0.7047 700.0000
922 924 0.5436 700.0000
922 925 0.7197 700.0000
922 926 0.4683 700.0000
922 927 0.6026 700.0000
922 928 0.5029 700.0000
922 929 0.8210 700.0000
922 933 0.6670 700.0000
923 925 0.7308 700.0000
923 926 0.7463 700.0000
923 927 0.5706 700.0000
923 928 0.5775 700.0000
923 929 0.6757 700.0000
923 930 0.5816 700.0000
923 933 0.6267 700.0000
923 934 0.8923 700.0000
923 966 0.8342 700.0000
924 926 0.5813 700.0000
924 927 0.5074 700.0000
924 928 0.7684 700.0000
924 929 0.8766 700.0000
924 930 0.8833 700.0000
925 927 0.6500 700.0000
926 928 0.7838 700.0000
927 929 0.5762 700.0000
927 930 0.8863 700.0000
928 930 0.7121 700.0000
928 931 0.7693 700.0000
928 932 0.6741 700.0000
928 933 0.4993 700.0000
928 934 0.8814 700.0000
928 936 0.8523 700.0000
929 931 0.5674 700.0000
929 932 0.5312 700.0000
929 933 0.6137 700.0000
929 934 0.8748 700.0000
930 932 0.8185 700.0000
930 933 0.5387 700.0000
930 934 0.5828 700.0000
930 965 0.7409 700.0000
930 966 0.6290 700.0000
930 969 0.6475 700.0000
930 970 0.8016 700.0000
931 933 0.5286 700.0000
931 934 0.4746 700.0000
931 935 0.5792 700.0000
931 936 0.8026 700.0000
931 969 0.6589 700.0000
931 970 0.8357 700.0000
931 973 0.7904 700.0000
932 934 0.8470 700.0000
932 935 0.6604 700.0000
932 936 0.7627 700.0000
933 935 0.7009 700.0000
933 936 0.5444 700.0000
933 937 0.5797 700.0000
933 938 0.8913 700.0000
933 969 0.8954 700.0000
933 970 0.7903 700.0000
934 936 0.6055 700.0000
934 937 0.5270 700.0000
934 938 0.6335 700.0000
934 939 0.8680 700.0000
934 959 0.8519 700.0000
934 966 0.7929 700.0000
934 969 0.5823 700.0000
934 970 0.4634 700.0000
934 971 0.8549 700.0000
934 973 0.6030 700.0000
934 974 0.8691 700.0000
935 937 0.7341 700.0000
935 938 0.6331 700.0000
935 939 0.6225 700.0000
935 973 0.5827 700.0000
935 974 0.8894 700.0000
935 976 0.7488 700.0000
935 977 0.6996 700.0000
936 938 0.6291 700.0000
936 939 0.5319 700.0000
936 940 0.6520 700.0000
936 941 0.8991 700.0000
937 939 0.6250 700.0000
937 940 0.5888 700.0000
937 941 0.6476 700.0000
937 959 0.7917 700.0000
937 970 0.7284 700.0000
937 973 0.8932 700.0000
938 940 0.5803 700.0000
938 941 0.5116 700.0000
938 942 0.6687 700.0000
938 943 0.8642 700.0000
938 959 0.8123 700.0000
938 970 0.7301 700.0000
938 973 0.6028 700.0000
938 974 0.6082 700.0000
938 976 0.8959 700.0000
938 977 0.6122 700.0000
938 978 0.7439 700.0000
939 941 0.5904 700.0000
939 942 0.5328 700.0000
939 943 0.5434 700.0000
939 973 0.8583 700.0000
939 977 0.6257 700.0000
939 978 0.8446 700.0000
940 942 0.6459 700.0000
940 943 0.4457 700.0000
940 944 0.6437 700.0000
940 945 0.8591 700.0000
941 943 0.6715 700.0000
941 944 0.6057 700.0000
941 945 0.6348 700.0000
941 957 0.7242 700.0000
942 944 0.7896 700.0000
942 945 0.7186 700.0000
942 946 0.5187 700.0000
942 947 0.8887 700.0000
942 977 0.6349 700.0000
942 978 0.5828 700.0000
943 945 0.8106 700.0000
943 946 0.6106 700.0000
943 947 0.6505 700.0000
944 946 0.7373 700.0000
944 947 0.7036 700.0000
944 948 0.5957 700.0000
944 952 0.7954 700.0000
945 947 0.8337 700.0000
945 948 0.6419 700.0000
945 952 0.5895 700.0000
945 954 0.7858 700.0000
945 957 0.8984 700.0000
946 948 0.8281 700.0000
947 949 0.8553 700.0000
948 950 0.6028 700.0000
948 951 0.7343 700.0000
948 952 0.6161 700.0000
949 951 0.8786 700.0000
950 952 0.6971 700.0000
951 953 0.6295 700.0000
951 954 0.8864 700.0000
952 954 0.5814 700.0000
952 955 0.7169 700.0000
953 955 0.6451 700.0000
954 956 0.7151 700.0000
954 957 0.6964 700.0000
955 957 0.8337 700.0000
956 958 0.5533 700.0000
957 959 0.6712 700.0000
958 960 0.7117 700.0000
959 961 0.8355 700.0000
959 967 0.7440 700.0000
959 970 0.5029 700.0000
959 971 0.8541 700.0000
959 974 0.8856 700.0000
960 962 0.7502 700.0000
960 963 0.8834 700.0000
960 966 0.8197 700.0000
960 967 0.7137 700.0000
960 970 0.7603 700.0000
961 963 0.4497 700.0000
961 964 0.8505 700.0000
961 966 0.5144 700.0000
961 967 0.6058 700.0000
961 970 0.8167 700.0000
962 964 0.8015 700.0000
962 966 0.7793 700.0000
962 967 0.8366 700.0000
963 965 0.5785 700.0000
963 966 0.4562 700.0000
963 967 0.6112 700.0000
963 968 0.8081 700.0000
964 966 0.7327 700.0000
964 967 0.6008 700.0000
964 968 0.5553 700.0000
965 967 0.7333 700.0000
965 968 0.5797 700.0000
965 969 0.6930 700.0000
966 968 0.6514 700.0000
966 969 0.5455 700.0000
966 970 0.5950 700.0000
967 969 0.5649 700.0000
967 970 0.5344 700.0000
967 971 0.6542 700.0000
968 970 0.8148 700.0000
968 971 0.6498 700.0000
968 972 0.7114 700.0000
969 971 0.5168 700.0000
969 972 0.5633 700.0000
969 973 0.6112 700.0000
969 974 0.8497 700.0000
970 972 0.8315 700.0000
970 973 0.6312 700.0000
970 974 0.7295 700.0000
971 973 0.5138 700.0000
971 974 0.4944 700.0000
971 975 0.5227 700.0000
971 976 0.8427 700.0000
972 974 0.6565 700.0000
972 975 0.4348 700.0000
972 976 0.6462 700.0000
973 975 0.5822 700.0000
973 976 0.4812 700.0000
973 977 0.5727 700.0000
973 978 0.7851 700.0000
974 976 0.6078 700.0000
974 977 0.5588 700.0000
974 978 0.5330 700.0000
975 977 0.7827 700.0000
975 978 0.7781 700.0000
976 978 0.7051 700.0000
1007 1009 0.6786 700.0000
1007 1015 0.6512 700.0000
1007 1016 0.6292 700.0000
1007 1017 0.5808 700.0000
1007 1018 0.7601 700.0000
1007 1186 0.6647 700.0000
1007 1190 0.8901 700.0000
1008 1010 0.7243 700.0000
1008 1014 0.8529 700.0000
1008 1015 0.6908 700.0000
1008 1016 0.4174 700.0000
1008 1017 0.7362 700.0000
1008 1018 0.8943 700.0000
1008 1149 0.8335 700.0000
1008 1153 0.8036 700.0000
1008 1186 0.5270 700.0000
1008 1187 0.8933 700.0000
1008 1189 0.7338 700.0000
1008 1190 0.7218 700.0000
1009 1011 0.6645 700.0000
1009 1012 0.7529 700.0000
1009 1013 0.5658 700.0000
1009 1014 0.6326 700.0000
1009 1015 0.5934 700.0000
1009 1016 0.6067 700.0000
1009 1153 0.7888 700.0000
1010 1012 0.4427 700.0000
1010 1013 0.4386 700.0000
1010 1014 0.4816 700.0000
1010 1015 0.7849 700.0000
1010 1016 0.6955 700.0000
1010 1152 0.7945 700.0000
1010 1153 0.5405 700.0000
1010 1156 0.5738 700.0000
1010 1157 0.7513 700.0000
1011 1013 0.6195 700.0000
1011 1014 0.7920 700.0000
1011 1153 0.6729 700.0000
1011 1156 0.6310 700.0000
1011 1157 0.6123 700.0000
1012 1014 0.5771 700.0000
1012 1153 0.8519 700.0000
1012 1156 0.4708 700.0000
1012 1157 0.6363 700.0000
1012 1159 0.8803 700.0000
1012 1160 0.8696 700.0000
1012 1161 0.6880 700.0000
1013 1015 0.6764 700.0000
1013 1016 0.8744 700.0000
1013 1156 0.6789 700.0000
1013 1161 0.7699 700.0000
1013 1164 0.8760 700.0000
1013 1165 0.7283 700.0000
1014 1016 0.5922 700.0000
1014 1152 0.6906 700.0000
1014 1153 0.7682 700.0000
1014 1155 0.8425 700.0000
1014 1156 0.5771 700.0000
1014 1161 0.7446 700.0000
1014 1164 0.6465 700.0000
1014 1165 0.6654 700.0000
1014 1166 0.7059 700.0000
1014 1167 0.6473 700.0000
1015 1017 0.5674 700.0000
1015 1165 0.6901 700.0000
1015 1166 0.4951 700.0000
1015 1167 0.6574 700.0000
1015 1168 0.8052 700.0000
1016 1018 0.8398 700.0000
1016 1149 0.6903 700.0000
1016 1152 0.6834 700.0000
1016 1153 0.7236 700.0000
1016 1166 0.8125 700.0000
1016 1167 0.5138 700.0000
1016 1168 0.7952 700.0000
1016 1169 0.6703 700.0000
1016 1186 0.7016 700.0000
1017 1019 0.6289 700.0000
1017 1166 0.6744 700.0000
1017 1167 0.5937 700.0000
1017 1168 0.4661 700.0000
1017 1169 0.6325 700.0000
1017 1186 0.8646 700.0000
1018 1020 0.6205 700.0000
1018 1168 0.7786 700.0000
1018 1169 0.5681 700.0000
1018 1170 0.7757 700.0000
1018 1171 0.6719 700.0000
1018 1179 0.7576 700.0000
1018 1182 0.6772 700.0000
1018 1183 0.7180 700.0000
1018 1186 0.6680 700.0000
1019 1021 0.5867 700.0000
1019 1022 0.8152 700.0000
1019 1168 0.6164 700.0000
1019 1169 0.6817 700.0000
1019 1170 0.4968 700.0000
1019 1171 0.5831 700.0000
1020 1022 0.8921 700.0000
1020 1170 0.8073 700.0000
1020 1171 0.5635 700.0000
1020 1172 0.7852 700.0000
1020 1173 0.5634 700.0000
1020 1179 0.6415 700.0000
1021 1023 0.6916 700.0000
1021 1024 0.7228 700.0000
1021 1025 0.5184 700.0000
1021 1026 0.6927 700.0000
1021 1027 0.8637 700.0000
1021 1170 0.6405 700.0000
1021 1171 0.7757 700.0000
1021 1172 0.7419 700.0000
1021 1173 0.7348 700.0000
1022 1024 0.4359 700.0000
1022 1025 0.4572 700.0000
1022 1026 0.6696 700.0000
1022 1049 0.8269 700.0000
1022 1170 0.6237 700.0000
1022 1171 0.7884 700.0000
1022 1172 0.6045 700.0000
1022 1173 0.7682 700.0000
1023 1025 0.6043 700.0000
1023 1026 0.5869 700.0000
1023 1031 0.7072 700.0000
1023 1032 0.8342 700.0000
1023 1033 0.8581 700.0000
1023 1046 0.6293 700.0000
1023 1049 0.6659 700.0000
1023 1050 0.6036 700.0000
1023 1053 0.8919 700.0000
1023 1084 0.8926 700.0000
1023 1128 0.8052 700.0000
1023 1130 0.7022 700.0000
1023 1170 0.6017 700.0000
1023 1172 0.8373 700.0000
1024 1026 0.6599 700.0000
1024 1046 0.8400 700.0000
1024 1049 0.5393 700.0000
1024 1050 0.5904 700.0000
1024 1052 0.8396 700.0000
1024 1053 0.5763 700.0000
1024 1084 0.7760 700.0000
1024 1085 0.8794 700.0000
1025 1027 0.6960 700.0000
1025 1053 0.7414 700.0000
1025 1084 0.8298 700.0000
1025 1085 0.6899 700.0000
1026 1028 0.5193 700.0000
1026 1030 0.8639 700.0000
1026 1031 0.6865 700.0000
1026 1084 0.7182 700.0000
1026 1085 0.5471 700.0000
1026 1086 0.6256 700.0000
1026 1128 0.7503 700.0000
1026 1168 0.8542 700.0000
1026 1170 0.7692 700.0000
1027 1029 0.8767 700.0000
1027 1085 0.5459 700.0000
1027 1086 0.7844 700.0000
1028 1030 0.5110 700.0000
1028 1031 0.6302 700.0000
1028 1085 0.7861 700.0000
1028 1086 0.6022 700.0000
1028 1087 0.7992 700.0000
1028 1126 0.4677 700.0000
1028 1127 0.6175 700.0000
1028 1128 0.5715 700.0000
1028 1166 0.8060 700.0000
1028 1168 0.6359 700.0000
1029 1031 0.8262 700.0000
1029 1086 0.6370 700.0000
1029 1087 0.4368 700.0000
1029 1088 0.7158 700.0000
1029 1119 0.7774 700.0000
1029 1124 0.5161 700.0000
1029 1125 0.6506 700.0000
1029 1126 0.4122 700.0000
1029 1127 0.7259 700.0000
1029 1128 0.8785 700.0000
1029 1166 0.8967 700.0000
1030 1032 0.6861 700.0000
1030 1086 0.6367 700.0000
1030 1087 0.7319 700.0000
1030 1088 0.6411 700.0000
1030 1089 0.6694 700.0000
1030 1090 0.6507 700.0000
1030 1115 0.8154 700.0000
1030 1118 0.8865 700.0000
1030 1119 0.6344 700.0000
1030 1124 0.7144 700.0000
1030 1126 0.5533 700.0000
1030 1127 0.4628 700.0000
1030 1128 0.5487 700.0000
1030 1129 0.8371 700.0000
1031 1033 0.6992 700.0000
1031 1050 0.8191 700.0000
1031 1081 0.8654 700.0000
1031 1084 0.8326 700.0000
1031 1086 0.6124 700.0000
1031 1088 0.8348 700.0000
1031 1089 0.5033 700.0000
1031 1090 0.5960 700.0000
1031 1091 0.8428 700.0000
1031 1126 0.8901 700.0000
1031 1127 0.6818 700.0000
1031 1128 0.4744 700.0000
1031 1129 0.7591 700.0000
1031 1130 0.7875 700.0000
1031 1170 0.8735 700.0000
1032 1034 0.7357 700.0000
1032 1046 0.8576 700.0000
1032 1089 0.6716 700.0000
1032 1090 0.5016 700.0000
1032 1091 0.7195 700.0000
1032 1092 0.6715 700.0000
1032 1115 0.7016 700.0000
1032 1127 0.7345 700.0000
1032 1128 0.5289 700.0000
1032 1129 0.5281 700.0000
1032 1130 0.5538 700.0000
1032 1132 0.7438 700.0000
1032 1170 0.8779 700.0000
1033 1035 0.5679 700.0000
1033 1041 0.7664 700.0000
1033 1044 0.8902 700.0000
1033 1046 0.5777 700.0000
1033 1047 0.5844 700.0000
1033 1050 0.6989 700.0000
1033 1089 0.6701 700.0000
1033 1090 0.6666 700.0000
1033 1091 0.4641 700.0000
1033 1092 0.5587 700.0000
1033 1130 0.7793 700.0000
1033 1132 0.8221 700.0000
1034 1036 0.6816 700.0000
1034 1041 0.8434 700.0000
1034 1044 0.7467 700.0000
1034 1045 0.8615 700.0000
1034 1046 0.5996 700.0000
1034 1047 0.6462 700.0000
1034 1091 0.7132 700.0000
1034 1092 0.4988 700.0000
1034 1093 0.6954 700.0000
1034 1094 0.6452 700.0000
1034 1130 0.8266 700.0000
1034 1131 0.8920 700.0000
1034 1132 0.6342 700.0000
1034 1133 0.7898 700.0000
1034 1137 0.8813 700.0000
1035 1037 0.7283 700.0000
1035 1038 0.7723 700.0000
1035 1039 0.5812 700.0000
1035 1040 0.7217 700.0000
1035 1041 0.6903 700.0000
1035 1043 0.8990 700.0000
1035 1044 0.8210 700.0000
1035 1046 0.8795 700.0000
1035 1047 0.7187 700.0000
1035 1062 0.8908 700.0000
1035 1075 0.8646 700.0000
1035 1077 0.8655 700.0000
1035 1091 0.6096 700.0000
1035 1092 0.5226 700.0000
1035 1093 0.5328 700.0000
1035 1094 0.6864 700.0000
1036 1038 0.4738 700.0000
1036 1039 0.5311 700.0000
1036 1040 0.5615 700.0000
1036 1041 0.7669 700.0000
1036 1043 0.6581 700.0000
1036 1044 0.8380 700.0000
1036 1047 0.8846 700.0000
1036 1092 0.8393 700.0000
1036 1093 0.6452 700.0000
1036 1094 0.7854 700.0000
1037 1039 0.6641 700.0000
1037 1040 0.8983 700.0000
1037 1071 0.5587 700.0000
1037 1072 0.6573 700.0000
1037 1073 0.7319 700.0000
1037 1075 0.8442 700.0000
1037 1093 0.6209 700.0000
1037 1094 0.8536 700.0000
1038 1040 0.4688 700.0000
1038 1041 0.8847 700.0000
1038 1043 0.6785 700.0000
1038 1071 0.8708 700.0000
1039 1041 0.6943 700.0000
1039 1059 0.7060 700.0000
1039 1062 0.5520 700.0000
1039 1063 0.6307 700.0000
1039 1066 0.7368 700.0000
1039 1071 0.7662 700.0000
1039 1077 0.8150 700.0000
1039 1091 0.7663 700.0000
1039 1093 0.8458 700.0000
1040 1042 0.5296 700.0000
1040 1043 0.4808 700.0000
1040 1044 0.8029 700.0000
1040 1047 0.7981 700.0000
1040 1059 0.6692 700.0000
1040 1062 0.8730 700.0000
1040 1063 0.8629 700.0000
1041 1043 0.7589 700.0000
1041 1044 0.6625 700.0000
1041 1046 0.8477 700.0000
1041 1047 0.4306 700.0000
1041 1048 0.7022 700.0000
1041 1049 0.8826 700.0000
1041 1050 0.7555 700.0000
1041 1051 0.5597 700.0000
1041 1058 0.7156 700.0000
1041 1059 0.5457 700.0000
1041 1062 0.7769 700.0000
1041 1091 0.8093 700.0000
1042 1044 0.5515 700.0000
1042 1045 0.8303 700.0000
1042 1047 0.6389 700.0000
1042 1048 0.5282 700.0000
1042 1051 0.7317 700.0000
1042 1059 0.8645 700.0000
1043 1047 0.8803 700.0000
1044 1046 0.5731 700.0000
1044 1047 0.4255 700.0000
1044 1048 0.5325 700.0000
1044 1049 0.7689 700.0000
1044 1136 0.8301 700.0000
1045 1047 0.5663 700.0000
1045 1048 0.5678 700.0000
1045 1049 0.6480 700.0000
1045 1136 0.8388 700.0000
1046 1048 0.7451 700.0000
1046 1049 0.5709 700.0000
1046 1050 0.6175 700.0000
1046 1130 0.7366 700.0000
1046 1131 0.8446 700.0000
1046 1132 0.8685 700.0000
1047 1049 0.5672 700.0000
1047 1050 0.5363 700.0000
1047 1051 0.6363 700.0000
1047 1052 0.8521 700.0000
1047 1091 0.8694 700.0000
1048 1050 0.7414 700.0000
1048 1051 0.5985 700.0000
1048 1052 0.5126 700.0000
1049 1051 0.6473 700.0000
1049 1052 0.4994 700.0000
1049 1053 0.7299 700.0000
1050 1052 0.7040 700.0000
1050 1053 0.6344 700.0000
1050 1054 0.6524 700.0000
1050 1055 0.8099 700.0000
1050 1058 0.7711 700.0000
1050 1084 0.6869 700.0000
1050 1089 0.8221 700.0000
1051 1053 0.7749 700.0000
1051 1054 0.5549 700.0000
1051 1055 0.4589 700.0000
1051 1056 0.6290 700.0000
1051 1057 0.8449 700.0000
1051 1058 0.6093 700.0000
1051 1059 0.7168 700.0000
1052 1054 0.7523 700.0000
1052 1055 0.7356 700.0000
1053 1055 0.7296 700.0000
1053 1081 0.8899 700.0000
1053 1083 0.5462 700.0000
1053 1084 0.5095 700.0000
1053 1085 0.7680 700.0000
1054 1056 0.6638 700.0000
1054 1057 0.6503 700.0000
1054 1058 0.5940 700.0000
1054 1081 0.6759 700.0000
1054 1082 0.6012 700.0000
1054 1083 0.4221 700.0000
1054 1084 0.5421 700.0000
1055 1057 0.4609 700.0000
1055 1058 0.5488 700.0000
1055 1059 0.8068 700.0000
1055 1060 0.8617 700.0000
1055 1082 0.6747 700.0000
1055 1083 0.6511 700.0000
1055 1084 0.8541 700.0000
1056 1058 0.6321 700.0000
1056 1059 0.6709 700.0000
1056 1060 0.6027 700.0000
1056 1082 0.8096 700.0000
1057 1059 0.7920 700.0000
1057 1060 0.5453 700.0000
1057 1061 0.7724 700.0000
1057 1082 0.5140 700.0000
1057 1083 0.8180 700.0000
1058 1060 0.6982 700.0000
1058 1061 0.5717 700.0000
1058 1062 0.6329 700.0000
1058 1063 0.8743 700.0000
1058 1079 0.6363 700.0000
1058 1080 0.6819 700.0000
1058 1081 0.7389 700.0000
1058 1082 0.5993 700.0000
1058 1084 0.8819 700.0000
1058 1089 0.7608 700.0000
1058 1091 0.8111 700.0000
1059 1061 0.7557 700.0000
1059 1062 0.5171 700.0000
1059 1063 0.5114 700.0000
1059 1064 0.8951 700.0000
1060 1062 0.7865 700.0000
1060 1063 0.6330 700.0000
1060 1064 0.7343 700.0000
1061 1063 0.7322 700.0000
1061 1064 0.5868 700.0000
1061 1065 0.6264 700.0000
1061 1078 0.8150 700.0000
1061 1079 0.5103 700.0000
1061 1080 0.5669 700.0000
1061 1082 0.7049 700.0000
1062 1064 0.6391 700.0000
1062 1065 0.5427 700.0000
1062 1066 0.6424 700.0000
1062 1067 0.8803 700.0000
1062 1077 0.6502 700.0000
1062 1079 0.6643 700.0000
1062 1091 0.6218 700.0000
1063 1065 0.6825 700.0000
1063 1066 0.6096 700.0000
1063 1067 0.6447 700.0000
1064 1066 0.5797 700.0000
1064 1067 0.4656 700.0000
1065 1067 0.6223 700.0000
1065 1068 0.7992 700.0000
1065 1069 0.7304 700.0000
1065 1077 0.6106 700.0000
1065 1078 0.7504 700.0000
1065 1079 0.7697 700.0000
1066 1068 0.5339 700.0000
1066 1069 0.4606 700.0000
1066 1070 0.7888 700.0000
1066 1071 0.7318 700.0000
1066 1077 0.7305 700.0000
1067 1069 0.7318 700.0000
1068 1070 0.6393 700.0000
1068 1071 0.8500 700.0000
1069 1071 0.5610 700.0000
1069 1072 0.8549 700.0000
1069 1075 0.8188 700.0000
1069 1077 0.8253 700.0000
1070 1072 0.5800 700.0000
1070 1075 0.7496 700.0000
1071 1073 0.8408 700.0000
1071 1074 0.8334 700.0000
1071 1075 0.5848 700.0000
1071 1077 0.8764 700.0000
1071 1093 0.7390 700.0000
1072 1074 0.5284 700.0000
1072 1075 0.4682 700.0000
1072 1093 0.6040 700.0000
1072 1094 0.8903 700.0000
1073 1075 0.7400 700.0000
1073 1093 0.5683 700.0000
1073 1094 0.6037 700.0000
1073 1095 0.5669 700.0000
1073 1096 0.7835 700.0000
1073 1103 0.8719 700.0000
1073 1104 0.8214 700.0000
1073 1107 0.6585 700.0000
1074 1076 0.6108 700.0000
1074 1092 0.6684 700.0000
1074 1093 0.4841 700.0000
1074 1094 0.6666 700.0000
1074 1095 0.7789 700.0000
1074 1107 0.5844 700.0000
1074 1108 0.8191 700.0000
1074 1110 0.7516 700.0000
1074 1111 0.5633 700.0000
1074 1114 0.7922 700.0000
1075 1077 0.6148 700.0000
1075 1091 0.8868 700.0000
1075 1092 0.6367 700.0000
1075 1093 0.4762 700.0000
1075 1094 0.8241 700.0000
1075 1111 0.7859 700.0000
1075 1114 0.8515 700.0000
1076 1078 0.7921 700.0000
1076 1090 0.6313 700.0000
1076 1091 0.7010 700.0000
1076 1092 0.5766 700.0000
1076 1093 0.7376 700.0000
1076 1111 0.6899 700.0000
1076 1114 0.5653 700.0000
1076 1115 0.6916 700.0000
1076 1118 0.8171 700.0000
1077 1079 0.7127 700.0000
1077 1089 0.8283 700.0000
1077 1090 0.6610 700.0000
1077 1091 0.4928 700.0000
1077 1092 0.7116 700.0000
1077 1093 0.8494 700.0000
1078 1080 0.6954 700.0000
1078 1088 0.6127 700.0000
1078 1089 0.6629 700.0000
1078 1090 0.6299 700.0000
1078 1091 0.7674 700.0000
1078 1118 0.7737 700.0000
1078 1122 0.8903 700.0000
1079 1081 0.6788 700.0000
1079 1082 0.7887 700.0000
1079 1088 0.6272 700.0000
1079 1089 0.4284 700.0000
1079 1090 0.6879 700.0000
1079 1091 0.6136 700.0000
1080 1082 0.5122 700.0000
1080 1084 0.8521 700.0000
1080 1086 0.8063 700.0000
1080 1088 0.5538 700.0000
1080 1089 0.6153 700.0000
1081 1083 0.6501 700.0000
1081 1084 0.4346 700.0000
1081 1085 0.7689 700.0000
1081 1086 0.4741 700.0000
1081 1087 0.7877 700.0000
1081 1088 0.6600 700.0000
1081 1089 0.6415 700.0000
1082 1084 0.7534 700.0000
1083 1085 0.7876 700.0000
1084 1086 0.4696 700.0000
1084 1089 0.8240 700.0000
1086 1088 0.6658 700.0000
1086 1089 0.6979 700.0000
1087 1122 0.8764 700.0000
1087 1124 0.6847 700.0000
1087 1126 0.8458 700.0000
1088 1090 0.7793 700.0000
1088 1119 0.8666 700.0000
1088 1122 0.7299 700.0000
1088 1124 0.8061 700.0000
1089 1091 0.5204 700.0000
1090 1092 0.6655 700.0000
1090 1114 0.8712 700.0000
1090 1115 0.5798 700.0000
1090 1118 0.7490 700.0000
1090 1119 0.8700 700.0000
1090 1127 0.8808 700.0000
1090 1128 0.8679 700.0000
1091 1093 0.8547 700.0000
1092 1094 0.5853 700.0000
1092 1108 0.8727 700.0000
1092 1111 0.6371 700.0000
1092 1115 0.8202 700.0000
1092 1132 0.7668 700.0000
1093 1095 0.6860 700.0000
1093 1107 0.8744 700.0000
1093 1111 0.7916 700.0000
1094 1096 0.7188 700.0000
1094 1104 0.8618 700.0000
1094 1107 0.7537 700.0000
1094 1108 0.6722 700.0000
1094 1111 0.7702 700.0000
1094 1132 0.7366 700.0000
1094 1133 0.6992 700.0000
1094 1137 0.6400 700.0000
1094 1139 0.8811 700.0000
1095 1097 0.8137 700.0000
1095 1098 0.8113 700.0000
1095 1103 0.8182 700.0000
1095 1104 0.5257 700.0000
1095 1105 0.8347 700.0000
1095 1107 0.5925 700.0000
1095 1108 0.5963 700.0000
1095 1111 0.8663 700.0000
1095 1132 0.8741 700.0000
1095 1133 0.7129 700.0000
1095 1137 0.6067 700.0000
1095 1138 0.8863 700.0000
1095 1139 0.6983 700.0000
1096 1098 0.5228 700.0000
1096 1104 0.7703 700.0000
1096 1133 0.8612 700.0000
1096 1136 0.8913 700.0000
1096 1137 0.4942 700.0000
1096 1138 0.7349 700.0000
1096 1139 0.8143 700.0000
1097 1099 0.5488 700.0000
1097 1100 0.5470 700.0000
1097 1101 0.6770 700.0000
1097 1104 0.6753 700.0000
1097 1105 0.7758 700.0000
1097 1133 0.8479 700.0000
1097 1137 0.7818 700.0000
1097 1138 0.5108 700.0000
1097 1139 0.4552 700.0000
1097 1140 0.6016 700.0000
1097 1143 0.8206 700.0000
1098 1100 0.7687 700.0000
1098 1101 0.6169 700.0000
1098 1103 0.8060 700.0000
1098 1104 0.6753 700.0000
1099 1101 0.6665 700.0000
1100 1102 0.6166 700.0000
1100 1103 0.7972 700.0000
1100 1104 0.6645 700.0000
1100 1105 0.6407 700.0000
1101 1103 0.4876 700.0000
1101 1104 0.4617 700.0000
1101 1105 0.5965 700.0000
1102 1104 0.6311 700.0000
1102 1105 0.5852 700.0000
1102 1106 0.6678 700.0000
1103 1105 0.6148 700.0000
1103 1106 0.5625 700.0000
1103 1107 0.5647 700.0000
1104 1106 0.7080 700.0000
1104 1107 0.5221 700.0000
1104 1108 0.6861 700.0000
1104 1109 0.8831 700.0000
1104 1139 0.7747 700.0000
1105 1107 0.6764 700.0000
1105 1108 0.6439 700.0000
1105 1109 0.6008 700.0000
1105 1139 0.7985 700.0000
1105 1143 0.8418 700.0000
1105 1147 0.7056 700.0000
1106 1108 0.8168 700.0000
1106 1109 0.5348 700.0000
1106 1110 0.5361 700.0000
1107 1109 0.6916 700.0000
1107 1110 0.5489 700.0000
1107 1111 0.6368 700.0000
1108 1110 0.6998 700.0000
1108 1111 0.4973 700.0000
1108 1112 0.6009 700.0000
1108 1132 0.6860 700.0000
1108 1133 0.7998 700.0000
1108 1139 0.7537 700.0000
1108 1144 0.7186 700.0000
1108 1147 0.7020 700.0000
1108 1148 0.8110 700.0000
1109 1111 0.7474 700.0000
1109 1112 0.6418 700.0000
1109 1113 0.6394 700.0000
1109 1147 0.5953 700.0000
1109 1148 0.8358 700.0000
1109 1150 0.8411 700.0000
1109 1151 0.5482 700.0000
1109 1154 0.8468 700.0000
1110 1112 0.6800 700.0000
1110 1113 0.4819 700.0000
1110 1114 0.6815 700.0000
1110 1151 0.8376 700.0000
1111 1113 0.7098 700.0000
1111 1114 0.5713 700.0000
1111 1115 0.6114 700.0000
1111 1132 0.8645 700.0000
1112 1114 0.7431 700.0000
1112 1115 0.5796 700.0000
1112 1116 0.6177 700.0000
1112 1129 0.6815 700.0000
1112 1132 0.8689 700.0000
1112 1147 0.7771 700.0000
1112 1148 0.6077 700.0000
1112 1151 0.6030 700.0000
1112 1152 0.7626 700.0000
1112 1155 0.8783 700.0000
1113 1115 0.7838 700.0000
1113 1116 0.6683 700.0000
1113 1117 0.6189 700.0000
1113 1151 0.5768 700.0000
1113 1152 0.8925 700.0000
1113 1154 0.8228 700.0000
1113 1155 0.6413 700.0000
1114 1116 0.7667 700.0000
1114 1117 0.5438 700.0000
1114 1118 0.6016 700.0000
1115 1117 0.6760 700.0000
1115 1118 0.5504 700.0000
1115 1119 0.6713 700.0000
1115 1127 0.7377 700.0000
1115 1128 0.8921 700.0000
1115 1129 0.7406 700.0000
1116 1118 0.7393 700.0000
1116 1119 0.6231 700.0000
1116 1120 0.7749 700.0000
1116 1127 0.6738 700.0000
1116 1129 0.8076 700.0000
1116 1151 0.8139 700.0000
1116 1152 0.6789 700.0000
1116 1155 0.5277 700.0000
1116 1164 0.7172 700.0000
1116 1167 0.8120 700.0000
1117 1119 0.7318 700.0000
1117 1120 0.7151 700.0000
1117 1121 0.7263 700.0000
1117 1155 0.6915 700.0000
1117 1159 0.8398 700.0000
1118 1120 0.7580 700.0000
1118 1121 0.5332 700.0000
1118 1122 0.6129 700.0000
1118 1124 0.8667 700.0000
1119 1121 0.5871 700.0000
1119 1122 0.5423 700.0000
1119 1123 0.7035 700.0000
1119 1124 0.4817 700.0000
1119 1125 0.8867 700.0000
1119 1126 0.7118 700.0000
1119 1127 0.6458 700.0000
1119 1163 0.7849 700.0000
1119 1164 0.6393 700.0000
1120 1122 0.6970 700.0000
1120 1123 0.5732 700.0000
1120 1124 0.6615 700.0000
1120 1155 0.8895 700.0000
1120 1159 0.8798 700.0000
1120 1161 0.6165 700.0000
1120 1162 0.6162 700.0000
1120 1163 0.4832 700.0000
1120 1164 0.5303 700.0000
1121 1123 0.5862 700.0000
1121 1124 0.7410 700.0000
1121 1163 0.8633 700.0000
1122 1124 0.5064 700.0000
1122 1163 0.8864 700.0000
1123 1125 0.7432 700.0000
1123 1162 0.7916 700.0000
1123 1163 0.5082 700.0000
1123 1164 0.8312 700.0000
1124 1126 0.5932 700.0000
1124 1127 0.8376 700.0000
1124 1163 0.6042 700.0000
1124 1164 0.6887 700.0000
1125 1163 0.5452 700.0000
1125 1164 0.6211 700.0000
1125 1165 0.4919 700.0000
1125 1166 0.6571 700.0000
1126 1128 0.7138 700.0000
1126 1163 0.8773 700.0000
1126 1164 0.6569 700.0000
1126 1165 0.7335 700.0000
1126 1166 0.5172 700.0000
1126 1167 0.7144 700.0000
1126 1168 0.6843 700.0000
1127 1129 0.5521 700.0000
1127 1164 0.7499 700.0000
1127 1166 0.7346 700.0000
1127 1167 0.5241 700.0000
1127 1168 0.6143 700.0000
1127 1169 0.8683 700.0000
1128 1130 0.6119 700.0000
1128 1167 0.6745 700.0000
1128 1168 0.5411 700.0000
1128 1169 0.7266 700.0000
1128 1170 0.5969 700.0000
1129 1131 0.7962 700.0000
1129 1132 0.7259 700.0000
1129 1148 0.6941 700.0000
1129 1167 0.6713 700.0000
1129 1168 0.7524 700.0000
1129 1169 0.5898 700.0000
1129 1170 0.7159 700.0000
1130 1132 0.5168 700.0000
1130 1144 0.8899 700.0000
1130 1169 0.7293 700.0000
1130 1170 0.5054 700.0000
1130 1171 0.7240 700.0000
1131 1133 0.5976 700.0000
1131 1134 0.5031 700.0000
1131 1135 0.7893 700.0000
1131 1139 0.8876 700.0000
1131 1141 0.7717 700.0000
1131 1144 0.6187 700.0000
1131 1145 0.8867 700.0000
1131 1169 0.8631 700.0000
1131 1170 0.7711 700.0000
1131 1171 0.6966 700.0000
1131 1175 0.8358 700.0000
1131 1178 0.6434 700.0000
1131 1182 0.8429 700.0000
1132 1134 0.6419 700.0000
1132 1135 0.8467 700.0000
1132 1137 0.8385 700.0000
1132 1139 0.7764 700.0000
1132 1144 0.6226 700.0000
1132 1148 0.8577 700.0000
1133 1135 0.4650 700.0000
1133 1136 0.7095 700.0000
1133 1137 0.4368 700.0000
1133 1138 0.5588 700.0000
1133 1139 0.4451 700.0000
1133 1140 0.7967 700.0000
1133 1141 0.8358 700.0000
1133 1144 0.6884 700.0000
1134 1136 0.7805 700.0000
1134 1137 0.6978 700.0000
1134 1138 0.5828 700.0000
1134 1139 0.5627 700.0000
1134 1140 0.6633 700.0000
1134 1141 0.5088 700.0000
1134 1144 0.6639 700.0000
1134 1175 0.8642 700.0000
1134 1178 0.6721 700.0000
1135 1137 0.5155 700.0000
1135 1138 0.5112 700.0000
1135 1139 0.7206 700.0000
1135 1140 0.8840 700.0000
1135 1141 0.8111 700.0000
1136 1138 0.7124 700.0000
1137 1139 0.6015 700.0000
1138 1140 0.5769 700.0000
1138 1141 0.8265 700.0000
1139 1141 0.7867 700.0000
1139 1143 0.6988 700.0000
1139 1144 0.6188 700.0000
1140 1142 0.5320 700.0000
1140 1143 0.4604 700.0000
1140 1144 0.7047 700.0000
1140 1145 0.8798 700.0000
1141 1143 0.7624 700.0000
1141 1144 0.7095 700.0000
1141 1145 0.7832 700.0000
1141 1175 0.7754 700.0000
1141 1177 0.5511 700.0000
1141 1178 0.4362 700.0000
1141 1181 0.6556 700.0000
1141 1182 0.8167 700.0000
1142 1144 0.7608 700.0000
1142 1145 0.6196 700.0000
1142 1146 0.6834 700.0000
1142 1178 0.8505 700.0000
1142 1181 0.6046 700.0000
1142 1182 0.8578 700.0000
1142 1185 0.8599 700.0000
1143 1145 0.6246 700.0000
1143 1146 0.5728 700.0000
1143 1147 0.6554 700.0000
1144 1146 0.7873 700.0000
1144 1147 0.5375 700.0000
1144 1148 0.5408 700.0000
1144 1149 0.8428 700.0000
1144 1178 0.8172 700.0000
1144 1182 0.7536 700.0000
1145 1147 0.5856 700.0000
1145 1148 0.5398 700.0000
1145 1149 0.5581 700.0000
1145 1150 0.8010 700.0000
1145 1169 0.8347 700.0000
1145 1178 0.8050 700.0000
1145 1181 0.6153 700.0000
1145 1182 0.4727 700.0000
1145 1185 0.6099 700.0000
1145 1186 0.8777 700.0000
1146 1148 0.7756 700.0000
1146 1149 0.6519 700.0000
1146 1150 0.6124 700.0000
1146 1185 0.5872 700.0000
1146 1188 0.7635 700.0000
1146 1189 0.7988 700.0000
1147 1149 0.6688 700.0000
1147 1150 0.5594 700.0000
1147 1151 0.6514 700.0000
1148 1150 0.6161 700.0000
1148 1151 0.6527 700.0000
1148 1152 0.6339 700.0000
1148 1169 0.7012 700.0000
1148 1182 0.7990 700.0000
1149 1151 0.7587 700.0000
1149 1152 0.5711 700.0000
1149 1153 0.6177 700.0000
1149 1169 0.7387 700.0000
1149 1182 0.7405 700.0000
1149 1185 0.6452 700.0000
1149 1186 0.7230 700.0000
1149 1189 0.6546 700.0000
1150 1152 0.5983 700.0000
1150 1153 0.5572 700.0000
1150 1154 0.5342 700.0000
1150 1185 0.8801 700.0000
1150 1189 0.7630 700.0000
1151 1153 0.7675 700.0000
1151 1154 0.4161 700.0000
1151 1155 0.6601 700.0000
1151 1158 0.8968 700.0000
1152 1154 0.6492 700.0000
1152 1155 0.5900 700.0000
1152 1156 0.6421 700.0000
1152 1157 0.8702 700.0000
1152 1167 0.7140 700.0000
1153 1155 0.8704 700.0000
1153 1156 0.6367 700.0000
1153 1157 0.7045 700.0000
1153 1189 0.6964 700.0000
1154 1156 0.7517 700.0000
1154 1157 0.6506 700.0000
1154 1158 0.6251 700.0000
1155 1157 0.6923 700.0000
1155 1158 0.6318 700.0000
1155 1159 0.4721 700.0000
1155 1161 0.7398 700.0000
1155 1164 0.8554 700.0000
1156 1158 0.6844 700.0000
1156 1159 0.5673 700.0000
1156 1160 0.8667 700.0000
1156 1161 0.6367 700.0000
1156 1164 0.8861 700.0000
1157 1159 0.6253 700.0000
1159 1161 0.5885 700.0000
1160 1162 0.6824 700.0000
1161 1163 0.6382 700.0000
1161 1164 0.5623 700.0000
1161 1165 0.8023 700.0000
1162 1164 0.8306 700.0000
1163 1165 0.6208 700.0000
1164 1166 0.6844 700.0000
1164 1167 0.7836 700.0000
1165 1167 0.8887 700.0000
1166 1168 0.5830 700.0000
1167 1169 0.5802 700.0000
1168 1170 0.6495 700.0000
1169 1171 0.7226 700.0000
1169 1182 0.6216 700.0000
1169 1186 0.8168 700.0000
1170 1172 0.8358 700.0000
1171 1173 0.6761 700.0000
1171 1174 0.8620 700.0000
1171 1175 0.6252 700.0000
1171 1178 0.6162 700.0000
1171 1179 0.5627 700.0000
1171 1182 0.7165 700.0000
1172 1174 0.4518 700.0000
1172 1175 0.5754 700.0000
1172 1176 0.8537 700.0000
1172 1179 0.8972 700.0000
1173 1175 0.6642 700.0000
1173 1176 0.6994 700.0000
1173 1179 0.7803 700.0000
1174 1176 0.5277 700.0000
1174 1177 0.8988 700.0000
1174 1179 0.8537 700.0000
1175 1177 0.5552 700.0000
1175 1178 0.4682 700.0000
1175 1179 0.5856 700.0000
1176 1178 0.7819 700.0000
1176 1179 0.5691 700.0000
1176 1180 0.7729 700.0000
1177 1179 0.7289 700.0000
1177 1180 0.7184 700.0000
1177 1181 0.7645 700.0000
1178 1180 0.7494 700.0000
1178 1181 0.5626 700.0000
1178 1182 0.5877 700.0000
1179 1181 0.6353 700.0000
1179 1182 0.6483 700.0000
1179 1183 0.6247 700.0000
1179 1184 0.8926 700.0000
1180 1182 0.7771 700.0000
1180 1183 0.5013 700.0000
1180 1184 0.5035 700.0000
1181 1183 0.5330 700.0000
1181 1184 0.4944 700.0000
1181 1185 0.6711 700.0000
1181 1186 0.8571 700.0000
1182 1184 0.7644 700.0000
1182 1185 0.6701 700.0000
1182 1186 0.6493 700.0000
1183 1185 0.6994 700.0000
1183 1186 0.5511 700.0000
1183 1187 0.6504 700.0000
1184 1186 0.7617 700.0000
1184 1187 0.5921 700.0000
1184 1188 0.7228 700.0000
1185 1187 0.6198 700.0000
1185 1188 0.4198 700.0000
1185 1189 0.4947 700.0000
1186 1188 0.8241 700.0000
1186 1189 0.6514 700.0000
1186 1190 0.7460 700.0000
1187 1189 0.6990 700.0000
1187 1190 0.5083 700.0000
1188 1190 0.7849 700.0000
1219 1221 0.7110 700.0000
1219 1230 0.6626 700.0000
1219 1231 0.5965 700.0000
1219 1232 0.5536 700.0000
1219 1233 0.7216 700.0000
1219 1367 0.8788 700.0000
1219 1376 0.8746 700.0000
1220 1230 0.8077 700.0000
1220 1231 0.5208 700.0000
1220 1232 0.7006 700.0000
1220 1233 0.8818 700.0000
1220 1376 0.6522 700.0000
1220 1377 0.8383 700.0000
1220 1379 0.8821 700.0000
1220 1380 0.5355 700.0000
1220 1383 0.7258 700.0000
1221 1223 0.7867 700.0000
1221 1228 0.6212 700.0000
1221 1229 0.6868 700.0000
1221 1230 0.5146 700.0000
1221 1231 0.7813 700.0000
1221 1383 0.8699 700.0000
1222 1224 0.5733 700.0000
1222 1225 0.8675 700.0000
1222 1227 0.8645 700.0000
1222 1228 0.7512 700.0000
1222 1229 0.5248 700.0000
1222 1230 0.8228 700.0000
1222 1231 0.8942 700.0000
1222 1348 0.8599 700.0000
1222 1383 0.5137 700.0000
1222 1384 0.8451 700.0000
1222 1386 0.8388 700.0000
1223 1225 0.4360 700.0000
1223 1226 0.6429 700.0000
1223 1227 0.6310 700.0000
1223 1228 0.6056 700.0000
1223 1229 0.8582 700.0000
1224 1226 0.6514 700.0000
1224 1227 0.4745 700.0000
1224 1228 0.7185 700.0000
1224 1229 0.6474 700.0000
1224 1348 0.7466 700.0000
1224 1351 0.5981 700.0000
1224 1352 0.6985 700.0000
1224 1355 0.7101 700.0000
1224 1366 0.8770 700.0000
1224 1386 0.8972 700.0000
1225 1227 0.5357 700.0000
1225 1228 0.8120 700.0000
1225 1355 0.6533 700.0000
1225 1360 0.8947 700.0000
1226 1228 0.7258 700.0000
1226 1355 0.6435 700.0000
1226 1360 0.6043 700.0000
1226 1363 0.7563 700.0000
1226 1364 0.6821 700.0000
1227 1229 0.7219 700.0000
1227 1351 0.6595 700.0000
1227 1354 0.8302 700.0000
1227 1355 0.7043 700.0000
1227 1360 0.7362 700.0000
1227 1363 0.6424 700.0000
1227 1364 0.6598 700.0000
1227 1365 0.7245 700.0000
1227 1366 0.6488 700.0000
1228 1230 0.6144 700.0000
1228 1363 0.8962 700.0000
1228 1364 0.6883 700.0000
1228 1365 0.4776 700.0000
1228 1366 0.6255 700.0000
1229 1231 0.6203 700.0000
1229 1347 0.8154 700.0000
1229 1348 0.6937 700.0000
1229 1351 0.7425 700.0000
1229 1365 0.7925 700.0000
1229 1366 0.5153 700.0000
1229 1367 0.7488 700.0000
1229 1368 0.6890 700.0000
1229 1379 0.8631 700.0000
1229 1383 0.6746 700.0000
1230 1232 0.6880 700.0000
1230 1327 0.8977 700.0000
1230 1365 0.5991 700.0000
1230 1366 0.6154 700.0000
1230 1367 0.4422 700.0000
1230 1368 0.6667 700.0000
1230 1369 0.8986 700.0000
1231 1233 0.7697 700.0000
1231 1366 0.8907 700.0000
1231 1367 0.6362 700.0000
1231 1368 0.4710 700.0000
1231 1369 0.7125 700.0000
1231 1370 0.6957 700.0000
1231 1376 0.6240 700.0000
1231 1379 0.6312 700.0000
1231 1380 0.8415 700.0000
1231 1383 0.7392 700.0000
1232 1234 0.5841 700.0000
1232 1367 0.6119 700.0000
1232 1368 0.5563 700.0000
1232 1369 0.4840 700.0000
1232 1370 0.5061 700.0000
1232 1376 0.6445 700.0000
1232 1379 0.8948 700.0000
1233 1235 0.8468 700.0000
1233 1368 0.8955 700.0000
1233 1369 0.6600 700.0000
1233 1370 0.5296 700.0000
1233 1371 0.7263 700.0000
1233 1372 0.8434 700.0000
1233 1373 0.7303 700.0000
1233 1376 0.6707 700.0000
1234 1236 0.6705 700.0000
1234 1237 0.8707 700.0000
1234 1238 0.7864 700.0000
1234 1239 0.8088 700.0000
1234 1369 0.5170 700.0000
1234 1370 0.5549 700.0000
1234 1371 0.5375 700.0000
1234 1372 0.8562 700.0000
1235 1237 0.4418 700.0000
1235 1238 0.4381 700.0000
1235 1239 0.6854 700.0000
1235 1258 0.8865 700.0000
1235 1261 0.8157 700.0000
1235 1369 0.7303 700.0000
1235 1371 0.7222 700.0000
1236 1238 0.6866 700.0000
1236 1239 0.5452 700.0000
1236 1244 0.6586 700.0000
1236 1245 0.7991 700.0000
1236 1258 0.7254 700.0000
1236 1261 0.8028 700.0000
1236 1262 0.6859 700.0000
1236 1293 0.8838 700.0000
1236 1327 0.6420 700.0000
1236 1328 0.7908 700.0000
1236 1329 0.7093 700.0000
1236 1367 0.8365 700.0000
1236 1368 0.8892 700.0000
1236 1369 0.5262 700.0000
1236 1370 0.8875 700.0000
1237 1239 0.6570 700.0000
1237 1244 0.8375 700.0000
1237 1258 0.8814 700.0000
1237 1261 0.6401 700.0000
1237 1262 0.6196 700.0000
1237 1265 0.5761 700.0000
1237 1266 0.8811 700.0000
1237 1293 0.6375 700.0000
1237 1294 0.8121 700.0000
1238 1265 0.8945 700.0000
1238 1293 0.8963 700.0000
1238 1294 0.7419 700.0000
1239 1241 0.6855 700.0000
1239 1244 0.8163 700.0000
1239 1294 0.7084 700.0000
1239 1327 0.6285 700.0000
1239 1367 0.6817 700.0000
1239 1369 0.7346 700.0000
1240 1242 0.8060 700.0000
1240 1294 0.4795 700.0000
1240 1295 0.7776 700.0000
1240 1325 0.8418 700.0000
1240 1327 0.8975 700.0000
1241 1243 0.5250 700.0000
1241 1244 0.6362 700.0000
1241 1293 0.8724 700.0000
1241 1294 0.7465 700.0000
1241 1295 0.5348 700.0000
1241 1296 0.6881 700.0000
1241 1297 0.8766 700.0000
1241 1323 0.8737 700.0000
1241 1324 0.7932 700.0000
1241 1325 0.4841 700.0000
1241 1326 0.6950 700.0000
1241 1327 0.5939 700.0000
1241 1365 0.8643 700.0000
1241 1367 0.8900 700.0000
1242 1244 0.8276 700.0000
1242 1295 0.6550 700.0000
1242 1296 0.4612 700.0000
1242 1297 0.7241 700.0000
1242 1318 0.7947 700.0000
1242 1323 0.4780 700.0000
1242 1324 0.5523 700.0000
1242 1325 0.4084 700.0000
1242 1326 0.7052 700.0000
1242 1327 0.8510 700.0000
1243 1245 0.6566 700.0000
1243 1295 0.6146 700.0000
1243 1296 0.6809 700.0000
1243 1297 0.5745 700.0000
1243 1298 0.6717 700.0000
1243 1299 0.6474 700.0000
1243 1314 0.8167 700.0000
1243 1318 0.6795 700.0000
1243 1323 0.6425 700.0000
1243 1324 0.8427 700.0000
1243 1325 0.5683 700.0000
1243 1326 0.4925 700.0000
1243 1327 0.5831 700.0000
1243 1328 0.8742 700.0000
1244 1246 0.7398 700.0000
1244 1262 0.7338 700.0000
1244 1290 0.7756 700.0000
1244 1293 0.7163 700.0000
1244 1295 0.5638 700.0000
1244 1297 0.7264 700.0000
1244 1298 0.5145 700.0000
1244 1299 0.6687 700.0000
1244 1300 0.8739 700.0000
1244 1325 0.8895 700.0000
1244 1326 0.7413 700.0000
1244 1327 0.5124 700.0000
1244 1328 0.7702 700.0000
1244 1329 0.8681 700.0000
1245 1247 0.7033 700.0000
1245 1262 0.8398 700.0000
1245 1298 0.6686 700.0000
1245 1299 0.5030 700.0000
1245 1300 0.6993 700.0000
1245 1301 0.6595 700.0000
1245 1314 0.7691 700.0000
1245 1326 0.7571 700.0000
1245 1327 0.6302 700.0000
1245 1328 0.5286 700.0000
1245 1329 0.5708 700.0000
1245 1331 0.8046 700.0000
1246 1248 0.5542 700.0000
1246 1252 0.8533 700.0000
1246 1254 0.8305 700.0000
1246 1258 0.6645 700.0000
1246 1259 0.5275 700.0000
1246 1261 0.8982 700.0000
1246 1262 0.6021 700.0000
1246 1263 0.7735 700.0000
1246 1286 0.8850 700.0000
1246 1298 0.6803 700.0000
1246 1299 0.6716 700.0000
1246 1300 0.4526 700.0000
1246 1301 0.5599 700.0000
1246 1302 0.8906 700.0000
1246 1329 0.7543 700.0000
1246 1331 0.8792 700.0000
1247 1249 0.7470 700.0000
1247 1254 0.7284 700.0000
1247 1256 0.8532 700.0000
1247 1257 0.8328 700.0000
1247 1258 0.6194 700.0000
1247 1259 0.5937 700.0000
1247 1262 0.8838 700.0000
1247 1300 0.7572 700.0000
1247 1301 0.5282 700.0000
1247 1302 0.6954 700.0000
1247 1303 0.5654 700.0000
1247 1329 0.6647 700.0000
1247 1330 0.7890 700.0000
1247 1331 0.5972 700.0000
1247 1332 0.7132 700.0000
1247 1334 0.8699 700.0000
1247 1335 0.8760 700.0000
1248 1250 0.7528 700.0000
1248 1251 0.7134 700.0000
1248 1252 0.5335 700.0000
1248 1253 0.7204 700.0000
1248 1254 0.5044 700.0000
1248 1256 0.8527 700.0000
1248 1258 0.8944 700.0000
1248 1259 0.6368 700.0000
1248 1300 0.6619 700.0000
1248 1301 0.5615 700.0000
1248 1302 0.5415 700.0000
1248 1303 0.6380 700.0000
1248 1304 0.8811 700.0000
1249 1251 0.4344 700.0000
1249 1252 0.5051 700.0000
1249 1253 0.5536 700.0000
1249 1254 0.5186 700.0000
1249 1259 0.8843 700.0000
1249 1301 0.8225 700.0000
1249 1302 0.5915 700.0000
1249 1303 0.7429 700.0000
1249 1304 0.8598 700.0000
1250 1252 0.6101 700.0000
1250 1253 0.8645 700.0000
1250 1281 0.7705 700.0000
1250 1284 0.8319 700.0000
1250 1302 0.5876 700.0000
1250 1303 0.8974 700.0000
1250 1304 0.8453 700.0000
1250 1305 0.8400 700.0000
1251 1253 0.4395 700.0000
1251 1254 0.7658 700.0000
1251 1274 0.8932 700.0000
1251 1275 0.8565 700.0000
1251 1278 0.7125 700.0000
1251 1302 0.8720 700.0000
1252 1254 0.8065 700.0000
1252 1274 0.5947 700.0000
1252 1275 0.7601 700.0000
1252 1277 0.8423 700.0000
1252 1278 0.5839 700.0000
1252 1281 0.7938 700.0000
1252 1286 0.5981 700.0000
1252 1300 0.6220 700.0000
1252 1301 0.7558 700.0000
1252 1302 0.6937 700.0000
1253 1255 0.6422 700.0000
1253 1259 0.8939 700.0000
1253 1271 0.8975 700.0000
1253 1274 0.8431 700.0000
1253 1275 0.7969 700.0000
1254 1256 0.4676 700.0000
1254 1257 0.7306 700.0000
1254 1258 0.8487 700.0000
1254 1259 0.5116 700.0000
1254 1260 0.7722 700.0000
1254 1263 0.8587 700.0000
1254 1335 0.8003 700.0000
1255 1257 0.8053 700.0000
1255 1259 0.6494 700.0000
1255 1260 0.5160 700.0000
1255 1261 0.8804 700.0000
1255 1263 0.6935 700.0000
1255 1264 0.7642 700.0000
1255 1271 0.7835 700.0000
1256 1258 0.6423 700.0000
1256 1259 0.5132 700.0000
1256 1260 0.5020 700.0000
1256 1261 0.7951 700.0000
1256 1335 0.7039 700.0000
1257 1259 0.5142 700.0000
1257 1260 0.4948 700.0000
1257 1261 0.6127 700.0000
1257 1262 0.8271 700.0000
1257 1334 0.8765 700.0000
1257 1335 0.8129 700.0000
1258 1260 0.7019 700.0000
1258 1261 0.5469 700.0000
1258 1262 0.5903 700.0000
1258 1263 0.8738 700.0000
1258 1329 0.7120 700.0000
1258 1330 0.8642 700.0000
1258 1371 0.8824 700.0000
1259 1261 0.5575 700.0000
1259 1262 0.5138 700.0000
1259 1263 0.5437 700.0000
1259 1264 0.8181 700.0000
1259 1300 0.8467 700.0000
1260 1262 0.7400 700.0000
1260 1263 0.6520 700.0000
1260 1264 0.4836 700.0000
1260 1265 0.8714 700.0000
1261 1263 0.5842 700.0000
1261 1264 0.4905 700.0000
1261 1265 0.5466 700.0000
1261 1266 0.8285 700.0000
1262 1264 0.7111 700.0000
1262 1265 0.5889 700.0000
1262 1266 0.6553 700.0000
1262 1267 0.8602 700.0000
1262 1293 0.7313 700.0000
1262 1298 0.7675 700.0000
1262 1300 0.8774 700.0000
1263 1265 0.6757 700.0000
1263 1266 0.5699 700.0000
1263 1267 0.5795 700.0000
1263 1268 0.8684 700.0000
1263 1270 0.6336 700.0000
1263 1271 0.5242 700.0000
1263 1274 0.8574 700.0000
1263 1298 0.8844 700.0000
1263 1300 0.8748 700.0000
1264 1266 0.7254 700.0000
1264 1267 0.6990 700.0000
1264 1268 0.8963 700.0000
1264 1271 0.8374 700.0000
1265 1267 0.6579 700.0000
1265 1291 0.8595 700.0000
1265 1292 0.6778 700.0000
1265 1293 0.6127 700.0000
1266 1268 0.8066 700.0000
1266 1269 0.7714 700.0000
1266 1270 0.5627 700.0000
1266 1271 0.7824 700.0000
1266 1289 0.7838 700.0000
1266 1290 0.5756 700.0000
1266 1291 0.4961 700.0000
1266 1292 0.4868 700.0000
1266 1293 0.5271 700.0000
1266 1295 0.8969 700.0000
1266 1298 0.8457 700.0000
1267 1269 0.5481 700.0000
1267 1270 0.4874 700.0000
1267 1271 0.5641 700.0000
1267 1272 0.8100 700.0000
1267 1290 0.8021 700.0000
1267 1291 0.6803 700.0000
1267 1292 0.6148 700.0000
1267 1293 0.8495 700.0000
1268 1270 0.7342 700.0000
1268 1271 0.5492 700.0000
1268 1272 0.5472 700.0000
1269 1271 0.7033 700.0000
1269 1272 0.4868 700.0000
1269 1273 0.7011 700.0000
1269 1289 0.8647 700.0000
1269 1291 0.7968 700.0000
1269 1292 0.8690 700.0000
1270 1272 0.6915 700.0000
1270 1273 0.5069 700.0000
1270 1274 0.6310 700.0000
1270 1275 0.8609 700.0000
1270 1288 0.5786 700.0000
1270 1289 0.5700 700.0000
1270 1290 0.6702 700.0000
1270 1291 0.7006 700.0000
1270 1298 0.7461 700.0000
1270 1300 0.8779 700.0000
1271 1273 0.8140 700.0000
1271 1274 0.6605 700.0000
1271 1275 0.7008 700.0000
1272 1274 0.8647 700.0000
1272 1275 0.7303 700.0000
1272 1276 0.7351 700.0000
1273 1275 0.6984 700.0000
1273 1276 0.5889 700.0000
1273 1277 0.5654 700.0000
1273 1286 0.8260 700.0000
1273 1287 0.7990 700.0000
1273 1288 0.5132 700.0000
1273 1289 0.6404 700.0000
1274 1276 0.6785 700.0000
1274 1277 0.5421 700.0000
1274 1278 0.6224 700.0000
1274 1286 0.5868 700.0000
1274 1287 0.8553 700.0000
1274 1288 0.6698 700.0000
1274 1298 0.8934 700.0000
1274 1300 0.6235 700.0000
1275 1277 0.6646 700.0000
1275 1278 0.5481 700.0000
1275 1279 0.6260 700.0000
1276 1278 0.7075 700.0000
1276 1279 0.6173 700.0000
1276 1280 0.7089 700.0000
1277 1279 0.7569 700.0000
1277 1280 0.5716 700.0000
1277 1282 0.8947 700.0000
1277 1286 0.5392 700.0000
1277 1287 0.7028 700.0000
1277 1288 0.7564 700.0000
1277 1300 0.8826 700.0000
1278 1280 0.6103 700.0000
1278 1281 0.5969 700.0000
1278 1286 0.7130 700.0000
1279 1281 0.8663 700.0000
1280 1282 0.6803 700.0000
1281 1283 0.6274 700.0000
1281 1284 0.6641 700.0000
1281 1286 0.8625 700.0000
1283 1285 0.4624 700.0000
1283 1286 0.7375 700.0000
1284 1286 0.8463 700.0000
1284 1301 0.7898 700.0000
1284 1302 0.6551 700.0000
1284 1305 0.7487 700.0000
1284 1309 0.8669 700.0000
1284 1310 0.7882 700.0000
1284 1313 0.8561 700.0000
1285 1287 0.6560 700.0000
1285 1299 0.6713 700.0000
1285 1300 0.7877 700.0000
1285 1301 0.7266 700.0000
1285 1310 0.8138 700.0000
1285 1313 0.6345 700.0000
1285 1314 0.7423 700.0000
1285 1317 0.7286 700.0000
1286 1288 0.6580 700.0000
1286 1298 0.8033 700.0000
1286 1299 0.6524 700.0000
1286 1300 0.4438 700.0000
1286 1301 0.7533 700.0000
1287 1289 0.7148 700.0000
1287 1297 0.6356 700.0000
1287 1298 0.6472 700.0000
1287 1299 0.5562 700.0000
1287 1300 0.6616 700.0000
1287 1317 0.7995 700.0000
1288 1290 0.6328 700.0000
1288 1291 0.8512 700.0000
1288 1297 0.5612 700.0000
1288 1298 0.4249 700.0000
1288 1299 0.7038 700.0000
1288 1300 0.6263 700.0000
1289 1291 0.5615 700.0000
1289 1293 0.8253 700.0000
1289 1295 0.7016 700.0000
1289 1296 0.8157 700.0000
1289 1297 0.4858 700.0000
1289 1298 0.4959 700.0000
1289 1299 0.8992 700.0000
1289 1300 0.8899 700.0000
1290 1292 0.6931 700.0000
1290 1293 0.4761 700.0000
1290 1295 0.4538 700.0000
1290 1296 0.7556 700.0000
1290 1297 0.5937 700.0000
1290 1298 0.5555 700.0000
1291 1293 0.4994 700.0000
1291 1295 0.6488 700.0000
1291 1297 0.8667 700.0000
1291 1298 0.8338 700.0000
1293 1295 0.4862 700.0000
1293 1298 0.7912 700.0000
1295 1297 0.5614 700.0000
1295 1298 0.6579 700.0000
1295 1327 0.8990 700.0000
1296 1321 0.8778 700.0000
1296 1323 0.6240 700.0000
1296 1325 0.8665 700.0000
1297 1299 0.6884 700.0000
1297 1318 0.8974 700.0000
1297 1321 0.8089 700.0000
1297 1323 0.7268 700.0000
1298 1300 0.5397 700.0000
1299 1301 0.6402 700.0000
1299 1313 0.8965 700.0000
1299 1314 0.6190 700.0000
1299 1317 0.8328 700.0000
1299 1318 0.8432 700.0000
1300 1302 0.8748 700.0000
1301 1303 0.6395 700.0000
1301 1304 0.8781 700.0000
1301 1305 0.7752 700.0000
1301 1310 0.6266 700.0000
1301 1311 0.8774 700.0000
1301 1314 0.8432 700.0000
1301 1331 0.7264 700.0000
1302 1304 0.5382 700.0000
1302 1305 0.4570 700.0000
1302 1310 0.7520 700.0000
1302 1331 0.8754 700.0000
1303 1305 0.5123 700.0000
1303 1306 0.8516 700.0000
1303 1307 0.7461 700.0000
1303 1310 0.8367 700.0000
1303 1331 0.5764 700.0000
1303 1332 0.4873 700.0000
1303 1333 0.8447 700.0000
1303 1334 0.8101 700.0000
1303 1335 0.8214 700.0000
1303 1336 0.5947 700.0000
1303 1338 0.7071 700.0000
1304 1306 0.7322 700.0000
1304 1307 0.7953 700.0000
1304 1331 0.8401 700.0000
1304 1332 0.6694 700.0000
1304 1336 0.5978 700.0000
1304 1338 0.6894 700.0000
1305 1307 0.6948 700.0000
1305 1309 0.7567 700.0000
1305 1310 0.6738 700.0000
1305 1331 0.8979 700.0000
1306 1308 0.5817 700.0000
1306 1309 0.4756 700.0000
1306 1310 0.6005 700.0000
1306 1311 0.8521 700.0000
1306 1346 0.7803 700.0000
1307 1309 0.6059 700.0000
1307 1310 0.5147 700.0000
1307 1311 0.6077 700.0000
1307 1312 0.8508 700.0000
1307 1331 0.5697 700.0000
1307 1332 0.7915 700.0000
1307 1338 0.7816 700.0000
1307 1342 0.8988 700.0000
1307 1343 0.6071 700.0000
1307 1344 0.8632 700.0000
1307 1346 0.5364 700.0000
1307 1347 0.6471 700.0000
1307 1350 0.8578 700.0000
1308 1310 0.7131 700.0000
1308 1311 0.6428 700.0000
1308 1312 0.6136 700.0000
1308 1346 0.4757 700.0000
1308 1347 0.7124 700.0000
1308 1348 0.8727 700.0000
1308 1349 0.5634 700.0000
1308 1350 0.4911 700.0000
1308 1351 0.8786 700.0000
1308 1353 0.7275 700.0000
1309 1311 0.5991 700.0000
1309 1312 0.5003 700.0000
1309 1313 0.5857 700.0000
1309 1314 0.8807 700.0000
1309 1346 0.8897 700.0000
1309 1350 0.8174 700.0000
1310 1312 0.5728 700.0000
1310 1313 0.5295 700.0000
1310 1314 0.6605 700.0000
1310 1315 0.8973 700.0000
1310 1331 0.7744 700.0000
1310 1350 0.8995 700.0000
1311 1313 0.5777 700.0000
1311 1314 0.5132 700.0000
1311 1315 0.5777 700.0000
1311 1316 0.8697 700.0000
1311 1328 0.8121 700.0000
1311 1331 0.8123 700.0000
1311 1346 0.7585 700.0000
1311 1347 0.6120 700.0000
1311 1350 0.5760 700.0000
1311 1351 0.7640 700.0000
1312 1314 0.5918 700.0000
1312 1315 0.5164 700.0000
1312 1316 0.5608 700.0000
1312 1350 0.5456 700.0000
1312 1351 0.8066 700.0000
1312 1353 0.7834 700.0000
1312 1354 0.7031 700.0000
1313 1315 0.6145 700.0000
1313 1316 0.4921 700.0000
1313 1317 0.6796 700.0000
1313 1318 0.8624 700.0000
1314 1316 0.6519 700.0000
1314 1317 0.6225 700.0000
1314 1318 0.5687 700.0000
1314 1326 0.7550 700.0000
1315 1317 0.7712 700.0000
1315 1318 0.5650 700.0000
1315 1319 0.7104 700.0000
1315 1326 0.7430 700.0000
1315 1350 0.7307 700.0000
1315 1351 0.7138 700.0000
1315 1354 0.5351 700.0000
1315 1359 0.8418 700.0000
1315 1360 0.8875 700.0000
1315 1363 0.6999 700.0000
1315 1366 0.8592 700.0000
1316 1318 0.7312 700.0000
1316 1319 0.7047 700.0000
1316 1320 0.6405 700.0000
1316 1354 0.6785 700.0000
1316 1359 0.7622 700.0000
1317 1319 0.7584 700.0000
1317 1320 0.4332 700.0000
1317 1321 0.5463 700.0000
1317 1323 0.8015 700.0000
1318 1320 0.6637 700.0000
1318 1321 0.5600 700.0000
1318 1322 0.7367 700.0000
1318 1323 0.4642 700.0000
1318 1324 0.7913 700.0000
1318 1325 0.7941 700.0000
1318 1326 0.7003 700.0000
1318 1362 0.7875 700.0000
1318 1363 0.6905 700.0000
1319 1321 0.7598 700.0000
1319 1322 0.5672 700.0000
1319 1323 0.7539 700.0000
1319 1324 0.8735 700.0000
1319 1354 0.7676 700.0000
1319 1359 0.6303 700.0000
1319 1360 0.6434 700.0000
1319 1361 0.6186 700.0000
1319 1362 0.4720 700.0000
1319 1363 0.5698 700.0000
1320 1322 0.7559 700.0000
1320 1323 0.8741 700.0000
1321 1323 0.4666 700.0000
1322 1324 0.7864 700.0000
1322 1361 0.8404 700.0000
1322 1362 0.5224 700.0000
1322 1363 0.8400 700.0000
1323 1325 0.6726 700.0000
1323 1326 0.8288 700.0000
1323 1362 0.7667 700.0000
1323 1363 0.8239 700.0000
1324 1326 0.7080 700.0000
1324 1362 0.5824 700.0000
1324 1363 0.5258 700.0000
1324 1364 0.5007 700.0000
1324 1365 0.6556 700.0000
1325 1327 0.6686 700.0000
1325 1363 0.7102 700.0000
1325 1364 0.7542 700.0000
1325 1365 0.5384 700.0000
1325 1366 0.7272 700.0000
1325 1367 0.8563 700.0000
1326 1328 0.6446 700.0000
1326 1363 0.7445 700.0000
1326 1365 0.6348 700.0000
1326 1366 0.4872 700.0000
1326 1367 0.7136 700.0000
1326 1368 0.8997 700.0000
1327 1329 0.7523 700.0000
1327 1365 0.7881 700.0000
1327 1366 0.6904 700.0000
1327 1367 0.4829 700.0000
1327 1368 0.6938 700.0000
1327 1369 0.6762 700.0000
1328 1330 0.6831 700.0000
1328 1331 0.7077 700.0000
1328 1347 0.7771 700.0000
1328 1366 0.6979 700.0000
1328 1367 0.6471 700.0000
1328 1368 0.4687 700.0000
1328 1369 0.6143 700.0000
1329 1331 0.5078 700.0000
1329 1332 0.8460 700.0000
1329 1333 0.8605 700.0000
1329 1368 0.6247 700.0000
1329 1369 0.5803 700.0000
1329 1370 0.7569 700.0000
1330 1332 0.5828 700.0000
1330 1333 0.5015 700.0000
1330 1334 0.7880 700.0000
1330 1338 0.8605 700.0000
1330 1340 0.7880 700.0000
1330 1343 0.6466 700.0000
1330 1344 0.8514 700.0000
1330 1347 0.8566 700.0000
1330 1368 0.7210 700.0000
1330 1369 0.7548 700.0000
1330 1370 0.6790 700.0000
1330 1375 0.7683 700.0000
1330 1379 0.8185 700.0000
1331 1333 0.6634 700.0000
1331 1334 0.8633 700.0000
1331 1338 0.7526 700.0000
1331 1343 0.6399 700.0000
1331 1347 0.7781 700.0000
1332 1334 0.4638 700.0000
1332 1335 0.7089 700.0000
1332 1336 0.4585 700.0000
1332 1337 0.7377 700.0000
1332 1338 0.4125 700.0000
1332 1340 0.8242 700.0000
1332 1343 0.7106 700.0000
1333 1335 0.7801 700.0000
1333 1336 0.6529 700.0000
1333 1337 0.7236 700.0000
1333 1338 0.5561 700.0000
1333 1339 0.7902 700.0000
1333 1340 0.6023 700.0000
1333 1343 0.7142 700.0000
1333 1372 0.8844 700.0000
1333 1375 0.7823 700.0000
1334 1336 0.4761 700.0000
1334 1337 0.5446 700.0000
1334 1338 0.7012 700.0000
1335 1337 0.6382 700.0000
1336 1338 0.5031 700.0000
1338 1340 0.7032 700.0000
1338 1342 0.6972 700.0000
1338 1343 0.6357 700.0000
1339 1341 0.5128 700.0000
1339 1342 0.5119 700.0000
1339 1343 0.7189 700.0000
1339 1378 0.8756 700.0000
1340 1342 0.6577 700.0000
1340 1343 0.5359 700.0000
1340 1344 0.6841 700.0000
1340 1345 0.8884 700.0000
1340 1375 0.6036 700.0000
1340 1378 0.6103 700.0000
1340 1379 0.7352 700.0000
1341 1343 0.6653 700.0000
1341 1344 0.5929 700.0000
1341 1345 0.5865 700.0000
1341 1375 0.8721 700.0000
1341 1378 0.5386 700.0000
1341 1379 0.7439 700.0000
1341 1381 0.8161 700.0000
1341 1382 0.6314 700.0000
1342 1344 0.7189 700.0000
1342 1345 0.5788 700.0000
1342 1346 0.7469 700.0000
1343 1345 0.6530 700.0000
1343 1346 0.5417 700.0000
1343 1347 0.5973 700.0000
1343 1348 0.8863 700.0000
1343 1378 0.8972 700.0000
1343 1379 0.7241 700.0000
1344 1346 0.5186 700.0000
1344 1347 0.4992 700.0000
1344 1348 0.5765 700.0000
1344 1349 0.7979 700.0000
1344 1378 0.7247 700.0000
1344 1379 0.4805 700.0000
1344 1382 0.5868 700.0000
1344 1383 0.8661 700.0000
1345 1347 0.7567 700.0000
1345 1348 0.6468 700.0000
1345 1349 0.6328 700.0000
1345 1379 0.8574 700.0000
1345 1382 0.5948 700.0000
1345 1385 0.8584 700.0000
1345 1386 0.7658 700.0000
1346 1348 0.5690 700.0000
1346 1349 0.4676 700.0000
1346 1350 0.6104 700.0000
1346 1351 0.8472 700.0000
1347 1349 0.6631 700.0000
1347 1350 0.5936 700.0000
1347 1351 0.6603 700.0000
1347 1366 0.8856 700.0000
1347 1368 0.8138 700.0000
1347 1379 0.7918 700.0000
1348 1350 0.6184 700.0000
1348 1351 0.5501 700.0000
1348 1352 0.6610 700.0000
1348 1379 0.8357 700.0000
1348 1382 0.7607 700.0000
1348 1383 0.7758 700.0000
1348 1386 0.6379 700.0000
1349 1351 0.6774 700.0000
1349 1352 0.5200 700.0000
1349 1353 0.6200 700.0000
1349 1386 0.7970 700.0000
1350 1352 0.6075 700.0000
1350 1353 0.4939 700.0000
1350 1354 0.6704 700.0000
1350 1355 0.8540 700.0000
1351 1353 0.6807 700.0000
1351 1354 0.6023 700.0000
1351 1355 0.6620 700.0000
1351 1366 0.7349 700.0000
1352 1354 0.8368 700.0000
1352 1355 0.6386 700.0000
1352 1356 0.5414 700.0000
1352 1386 0.8181 700.0000
1353 1355 0.6836 700.0000
1353 1356 0.5127 700.0000
1353 1357 0.5851 700.0000
1354 1356 0.7781 700.0000
1354 1357 0.6012 700.0000
1354 1358 0.6550 700.0000
1354 1359 0.4576 700.0000
1354 1360 0.5628 700.0000
1354 1363 0.7516 700.0000
1355 1357 0.6603 700.0000
1355 1358 0.5724 700.0000
1355 1359 0.6399 700.0000
1355 1360 0.5709 700.0000
1356 1358 0.7448 700.0000
1357 1359 0.5790 700.0000
1357 1360 0.8955 700.0000
1358 1360 0.5157 700.0000
1358 1361 0.6970 700.0000
1359 1361 0.6168 700.0000
1359 1362 0.8648 700.0000
1359 1363 0.8315 700.0000
1360 1362 0.6204 700.0000
1360 1363 0.5538 700.0000
1360 1364 0.8049 700.0000
1361 1363 0.7455 700.0000
1362 1364 0.5978 700.0000
1363 1365 0.7709 700.0000
1363 1366 0.7836 700.0000
1364 1366 0.8998 700.0000
1365 1367 0.6317 700.0000
1366 1368 0.6979 700.0000
1367 1369 0.5686 700.0000
1368 1370 0.6101 700.0000
1368 1376 0.8662 700.0000
1368 1379 0.7068 700.0000
1369 1371 0.8288 700.0000
1370 1372 0.5913 700.0000
1370 1373 0.7052 700.0000
1370 1375 0.5859 700.0000
1370 1376 0.5588 700.0000
1370 1379 0.7711 700.0000
1371 1373 0.7509 700.0000
1372 1374 0.5602 700.0000
1372 1375 0.5399 700.0000
1372 1376 0.7701 700.0000
1373 1375 0.5939 700.0000
1373 1376 0.5609 700.0000
1373 1377 0.6580 700.0000
1374 1376 0.7755 700.0000
1374 1377 0.6620 700.0000
1374 1378 0.8070 700.0000
1375 1377 0.6191 700.0000
1375 1378 0.5232 700.0000
1375 1379 0.6022 700.0000
1376 1378 0.6402 700.0000
1376 1379 0.5950 700.0000
1376 1380 0.7310 700.0000
1377 1379 0.7655 700.0000
1377 1380 0.6315 700.0000
1377 1381 0.7138 700.0000
1378 1380 0.7652 700.0000
1378 1381 0.5505 700.0000
1378 1382 0.6039 700.0000
1378 1383 0.8930 700.0000
1379 1381 0.7107 700.0000
1379 1382 0.6031 700.0000
1379 1383 0.6741 700.0000
1380 1382 0.7607 700.0000
1380 1383 0.5478 700.0000
1380 1384 0.5323 700.0000
1381 1383 0.5889 700.0000
1381 1384 0.5652 700.0000
1381 1385 0.5242 700.0000
1381 1386 0.8796 700.0000
1382 1384 0.7632 700.0000
1382 1385 0.4662 700.0000
1382 1386 0.6225 700.0000
1383 1385 0.7630 700.0000
1383 1386 0.6965 700.0000
1384 1386 0.8406 700.0000
1427 1429 0.5457 700.0000
1428 1430 0.7074 700.0000
1429 1431 0.7641 700.0000
1429 1443 0.8053 700.0000
1429 1446 0.7072 700.0000
1429 1447 0.8897 700.0000
1430 1432 0.7756 700.0000
1431 1433 0.7084 700.0000
1431 1439 0.5384 700.0000
1431 1442 0.7041 700.0000
1431 1443 0.6716 700.0000
1432 1439 0.6922 700.0000
1433 1435 0.5627 700.0000
1433 1436 0.7639 700.0000
1433 1437 0.8985 700.0000
1433 1438 0.6574 700.0000
1433 1439 0.6019 700.0000
1434 1436 0.8813 700.0000
1434 1437 0.8903 700.0000
1434 1438 0.7012 700.0000
1435 1437 0.4582 700.0000
1435 1438 0.4404 700.0000
1435 1439 0.6440 700.0000
1435 1440 0.8402 700.0000
1436 1438 0.6263 700.0000
1436 1439 0.5355 700.0000
1436 1440 0.5302 700.0000
1436 1441 0.8574 700.0000
1437 1439 0.6078 700.0000
1437 1440 0.5318 700.0000
1437 1441 0.5352 700.0000
1438 1440 0.6941 700.0000
1438 1441 0.5597 700.0000
1438 1442 0.6983 700.0000
1439 1441 0.7099 700.0000
1439 1442 0.5406 700.0000
1439 1443 0.5932 700.0000
1440 1442 0.6975 700.0000
1440 1443 0.5925 700.0000
1440 1444 0.7282 700.0000
1441 1443 0.7933 700.0000
1441 1444 0.6664 700.0000
1442 1444 0.5507 700.0000
1442 1445 0.5708 700.0000
1442 1446 0.6286 700.0000
1442 1447 0.8164 700.0000
1443 1445 0.7842 700.0000
1443 1446 0.5815 700.0000
1443 1447 0.5653 700.0000
1443 1448 0.8973 700.0000
1444 1446 0.6296 700.0000
1444 1447 0.4754 700.0000
1444 1448 0.5222 700.0000
1444 1449 0.8861 700.0000
1445 1447 0.7998 700.0000
1445 1448 0.6375 700.0000
1445 1449 0.5630 700.0000
1445 1450 0.8944 700.0000
1446 1448 0.6669 700.0000
1446 1449 0.5464 700.0000
1446 1450 0.5722 700.0000
1447 1449 0.7657 700.0000
1447 1450 0.6210 700.0000
1447 1451 0.6954 700.0000
1448 1450 0.6856 700.0000
1448 1451 0.5694 700.0000
1448 1452 0.5710 700.0000
1449 1451 0.7438 700.0000
1449 1452 0.5333 700.0000
1449 1453 0.6691 700.0000
1450 1452 0.7078 700.0000
1450 1453 0.6550 700.0000
1451 1453 0.8188 700.0000
1454 1456 0.7101 700.0000
1454 1498 0.6042 700.0000
1454 1499 0.4167 700.0000
1454 1500 0.5452 700.0000
1454 1501 0.6980 700.0000
1454 1504 0.8926 700.0000
1455 1457 0.7690 700.0000
1455 1497 0.7326 700.0000
1455 1498 0.6470 700.0000
1455 1499 0.4971 700.0000
1455 1500 0.6662 700.0000
1455 1501 0.4876 700.0000
1455 1503 0.8959 700.0000
1455 1504 0.5563 700.0000
1455 1505 0.7361 700.0000
1456 1458 0.6959 700.0000
1456 1496 0.8345 700.0000
1456 1497 0.6435 700.0000
1456 1498 0.6080 700.0000
1456 1499 0.6856 700.0000
1456 1501 0.8417 700.0000
1456 1504 0.7508 700.0000
1457 1459 0.5658 700.0000
1457 1495 0.6752 700.0000
1457 1496 0.7373 700.0000
1457 1497 0.5043 700.0000
1457 1504 0.6511 700.0000
1457 1505 0.7541 700.0000
1457 1507 0.7381 700.0000
1457 1508 0.5931 700.0000
1457 1511 0.7698 700.0000
1457 1512 0.8361 700.0000
1458 1460 0.7517 700.0000
1458 1494 0.6723 700.0000
1458 1495 0.6375 700.0000
1458 1496 0.5751 700.0000
1458 1497 0.6919 700.0000
1459 1461 0.6501 700.0000
1459 1464 0.7757 700.0000
1459 1493 0.7567 700.0000
1459 1494 0.5564 700.0000
1459 1495 0.4564 700.0000
1459 1496 0.7596 700.0000
1459 1497 0.8738 700.0000
1459 1511 0.7609 700.0000
1459 1512 0.7928 700.0000
1459 1515 0.8263 700.0000
1460 1462 0.7470 700.0000
1460 1464 0.8300 700.0000
1460 1492 0.7013 700.0000
1460 1493 0.4981 700.0000
1460 1494 0.5358 700.0000
1460 1495 0.7956 700.0000
1461 1463 0.4604 700.0000
1461 1464 0.5441 700.0000
1461 1465 0.7969 700.0000
1461 1493 0.5916 700.0000
1461 1494 0.8454 700.0000
1461 1495 0.8763 700.0000
1461 1515 0.6022 700.0000
1461 1519 0.7148 700.0000
1462 1464 0.6432 700.0000
1462 1465 0.5013 700.0000
1462 1466 0.7785 700.0000
1462 1493 0.5173 700.0000
1463 1465 0.6476 700.0000
1463 1466 0.5308 700.0000
1463 1467 0.6726 700.0000
1463 1493 0.8009 700.0000
1463 1514 0.8877 700.0000
1463 1515 0.5557 700.0000
1463 1518 0.5335 700.0000
1463 1519 0.5630 700.0000
1463 1522 0.6708 700.0000
1464 1466 0.6382 700.0000
1464 1467 0.4701 700.0000
1464 1488 0.7748 700.0000
1464 1493 0.5195 700.0000
1464 1494 0.7313 700.0000
1464 1495 0.6724 700.0000
1464 1514 0.8461 700.0000
1464 1515 0.6786 700.0000
1464 1518 0.8489 700.0000
1465 1467 0.7481 700.0000
1465 1493 0.5629 700.0000
1466 1468 0.7560 700.0000
1466 1471 0.8984 700.0000
1466 1518 0.6581 700.0000
1466 1522 0.6787 700.0000
1467 1470 0.8531 700.0000
1467 1471 0.4683 700.0000
1467 1472 0.6157 700.0000
1467 1475 0.8504 700.0000
1467 1514 0.6429 700.0000
1467 1515 0.7493 700.0000
1467 1517 0.8893 700.0000
1467 1518 0.6907 700.0000
1468 1470 0.5339 700.0000
1468 1471 0.4438 700.0000
1468 1472 0.6631 700.0000
1468 1473 0.8201 700.0000
1468 1518 0.8926 700.0000
1469 1471 0.7457 700.0000
1469 1472 0.6725 700.0000
1469 1473 0.5526 700.0000
1470 1472 0.8433 700.0000
1470 1473 0.5702 700.0000
1470 1474 0.5299 700.0000
1470 1514 0.8166 700.0000
1470 1517 0.8075 700.0000
1471 1473 0.7009 700.0000
1471 1474 0.5188 700.0000
1471 1475 0.7046 700.0000
1471 1514 0.5381 700.0000
1471 1517 0.7168 700.0000
1471 1518 0.7934 700.0000
1472 1474 0.8221 700.0000
1472 1475 0.5982 700.0000
1472 1476 0.7134 700.0000
1472 1488 0.7678 700.0000
1473 1475 0.7444 700.0000
1473 1476 0.6239 700.0000
1473 1477 0.6370 700.0000
1474 1476 0.7707 700.0000
1474 1477 0.5895 700.0000
1474 1478 0.6947 700.0000
1474 1510 0.7731 700.0000
1474 1511 0.8770 700.0000
1474 1514 0.6433 700.0000
1474 1517 0.8889 700.0000
1475 1477 0.7007 700.0000
1475 1478 0.5413 700.0000
1475 1479 0.6784 700.0000
1475 1486 0.6117 700.0000
1475 1488 0.8825 700.0000
1475 1495 0.8874 700.0000
1475 1507 0.8717 700.0000
1475 1510 0.8704 700.0000
1475 1511 0.7395 700.0000
1475 1514 0.7760 700.0000
1476 1478 0.6840 700.0000
1476 1479 0.5357 700.0000
1476 1480 0.5862 700.0000
1476 1486 0.7656 700.0000
1477 1479 0.8005 700.0000
1477 1480 0.5894 700.0000
1477 1481 0.6906 700.0000
1478 1480 0.7079 700.0000
1478 1481 0.5533 700.0000
1478 1482 0.5613 700.0000
1478 1484 0.6760 700.0000
1478 1486 0.7842 700.0000
1478 1506 0.7640 700.0000
1478 1507 0.6278 700.0000
1478 1510 0.6462 700.0000
1478 1511 0.8405 700.0000
1479 1481 0.8460 700.0000
1479 1482 0.7191 700.0000
1479 1483 0.6830 700.0000
1479 1484 0.4642 700.0000
1479 1485 0.6046 700.0000
1479 1486 0.5199 700.0000
1480 1482 0.8066 700.0000
1480 1483 0.7408 700.0000
1480 1484 0.8408 700.0000
1481 1483 0.7419 700.0000
1481 1484 0.8544 700.0000
1481 1503 0.8354 700.0000
1481 1506 0.7944 700.0000
1482 1484 0.5054 700.0000
1482 1499 0.8914 700.0000
1482 1500 0.8382 700.0000
1482 1502 0.7650 700.0000
1482 1503 0.4519 700.0000
1482 1504 0.7764 700.0000
1482 1506 0.6415 700.0000
1482 1507 0.7323 700.0000
1483 1485 0.8828 700.0000
1483 1499 0.8550 700.0000
1483 1500 0.8257 700.0000
1483 1503 0.7277 700.0000
1484 1486 0.5968 700.0000
1484 1497 0.6521 700.0000
1484 1498 0.6441 700.0000
1484 1499 0.6189 700.0000
1484 1500 0.7906 700.0000
1484 1503 0.6598 700.0000
1484 1504 0.6952 700.0000
1484 1507 0.7817 700.0000
1485 1487 0.6164 700.0000
1485 1496 0.8121 700.0000
1485 1497 0.6147 700.0000
1485 1498 0.4908 700.0000
1485 1499 0.7604 700.0000
1486 1488 0.6968 700.0000
1486 1495 0.7108 700.0000
1486 1496 0.7297 700.0000
1486 1497 0.5549 700.0000
1486 1498 0.7749 700.0000
1486 1507 0.8989 700.0000
1487 1489 0.7325 700.0000
1487 1494 0.7278 700.0000
1487 1495 0.5848 700.0000
1487 1496 0.4173 700.0000
1487 1497 0.6620 700.0000
1487 1498 0.8485 700.0000
1488 1490 0.5880 700.0000
1488 1493 0.8477 700.0000
1488 1494 0.6383 700.0000
1488 1495 0.5625 700.0000
1488 1496 0.6949 700.0000
1489 1491 0.5389 700.0000
1489 1492 0.5304 700.0000
1489 1493 0.6595 700.0000
1489 1494 0.4929 700.0000
1489 1495 0.7924 700.0000
1489 1496 0.7485 700.0000
1490 1494 0.8969 700.0000
1491 1493 0.8804 700.0000
1492 1494 0.5912 700.0000
1493 1495 0.7586 700.0000
1494 1496 0.5472 700.0000
1495 1497 0.6734 700.0000
1495 1511 0.7140 700.0000
1496 1498 0.7861 700.0000
1497 1499 0.6710 700.0000
1497 1504 0.5774 700.0000
1497 1507 0.7284 700.0000
1497 1511 0.8908 700.0000
1498 1500 0.7857 700.0000
1498 1504 0.7418 700.0000
1499 1501 0.5973 700.0000
1499 1502 0.8997 700.0000
1499 1503 0.6621 700.0000
1499 1504 0.5565 700.0000
1500 1502 0.5903 700.0000
1500 1503 0.4961 700.0000
1500 1504 0.6516 700.0000
1501 1503 0.6064 700.0000
1501 1504 0.5376 700.0000
1501 1505 0.5915 700.0000
1502 1504 0.7598 700.0000
1502 1505 0.7878 700.0000
1502 1506 0.7138 700.0000
1503 1505 0.7284 700.0000
1503 1506 0.5766 700.0000
1503 1507 0.7253 700.0000
1504 1506 0.6827 700.0000
1504 1507 0.5202 700.0000
1504 1508 0.6541 700.0000
1504 1509 0.8662 700.0000
1505 1507 0.6465 700.0000
1505 1508 0.4386 700.0000
1505 1509 0.6472 700.0000
1506 1508 0.7526 700.0000
1506 1509 0.6130 700.0000
1506 1510 0.5747 700.0000
1507 1509 0.5573 700.0000
1507 1510 0.4868 700.0000
1507 1511 0.5453 700.0000
1507 1512 0.8096 700.0000
1508 1510 0.7979 700.0000
1508 1511 0.6991 700.0000
1508 1512 0.5574 700.0000
1509 1511 0.6857 700.0000
1509 1512 0.5410 700.0000
1509 1513 0.7288 700.0000
1510 1512 0.7901 700.0000
1510 1513 0.6526 700.0000
1510 1514 0.7223 700.0000
1511 1513 0.6073 700.0000
1511 1514 0.5075 700.0000
1511 1515 0.6269 700.0000
1512 1514 0.7808 700.0000
1512 1515 0.6038 700.0000
1512 1516 0.7352 700.0000
1513 1515 0.5586 700.0000
1513 1516 0.4958 700.0000
1513 1517 0.5889 700.0000
1513 1518 0.8571 700.0000
1514 1516 0.8102 700.0000
1514 1517 0.5110 700.0000
1514 1518 0.6792 700.0000
1515 1517 0.7034 700.0000
1515 1518 0.5808 700.0000
1515 1519 0.5698 700.0000
1516 1518 0.7397 700.0000
1516 1519 0.5509 700.0000
1516 1520 0.5886 700.0000
1517 1519 0.8734 700.0000
1517 1520 0.7439 700.0000
1517 1521 0.7838 700.0000
1518 1520 0.6392 700.0000
1518 1521 0.5431 700.0000
1518 1522 0.6031 700.0000
1518 1523 0.8709 700.0000
1519 1521 0.7716 700.0000
1519 1522 0.7169 700.0000
1519 1523 0.6338 700.0000
1520 1522 0.7549 700.0000
1520 1523 0.5010 700.0000
1520 1524 0.6055 700.0000
1521 1523 0.5868 700.0000
1521 1524 0.4628 700.0000
1521 1525 0.6114 700.0000
1521 1526 0.8581 700.0000
1522 1524 0.7778 700.0000
1522 1525 0.5605 700.0000
1522 1526 0.6834 700.0000
1523 1525 0.8167 700.0000
1523 1526 0.6639 700.0000
1523 1527 0.7542 700.0000
1524 1526 0.7375 700.0000
1524 1527 0.6147 700.0000
1524 1528 0.7432 700.0000
1525 1527 0.8778 700.0000
1525 1528 0.6047 700.0000
1525 1529 0.5806 700.0000
1526 1528 0.5506 700.0000
1526 1529 0.4963 700.0000
1526 1530 0.5487 700.0000
1526 1531 0.8745 700.0000
1527 1529 0.8297 700.0000
1527 1530 0.6619 700.0000
1527 1531 0.6381 700.0000
1528 1530 0.5298 700.0000
1528 1531 0.5028 700.0000
1528 1532 0.5586 700.0000
1528 1533 0.8488 700.0000
1529 1531 0.6977 700.0000
1529 1532 0.5693 700.0000
1529 1533 0.6699 700.0000
1530 1532 0.6257 700.0000
1530 1533 0.5395 700.0000
1531 1533 0.6819 700.0000
1535 1537 0.6631 700.0000
1535 1553 0.6316 700.0000
1535 1557 0.6428 700.0000
1535 1597 0.5783 700.0000
1535 1598 0.6758 700.0000
1535 1599 0.6057 700.0000
1536 1538 0.5325 700.0000
1536 1547 0.5872 700.0000
1536 1548 0.7800 700.0000
1536 1553 0.6868 700.0000
1536 1596 0.7857 700.0000
1536 1597 0.7534 700.0000
1536 1598 0.4825 700.0000
1536 1599 0.7724 700.0000
1537 1547 0.8860 700.0000
1537 1548 0.6326 700.0000
1537 1552 0.8007 700.0000
1537 1553 0.5170 700.0000
1537 1556 0.5020 700.0000
1537 1557 0.6374 700.0000
1537 1560 0.8119 700.0000
1537 1580 0.8706 700.0000
1537 1583 0.8080 700.0000
1537 1595 0.6825 700.0000
1537 1596 0.6778 700.0000
1537 1597 0.5092 700.0000
1537 1598 0.7072 700.0000
1538 1540 0.6924 700.0000
1538 1545 0.5564 700.0000
1538 1546 0.6682 700.0000
1538 1547 0.4912 700.0000
1538 1548 0.6362 700.0000
1538 1594 0.8409 700.0000
1538 1595 0.6848 700.0000
1538 1596 0.4178 700.0000
1538 1597 0.8679 700.0000
1538 1598 0.6154 700.0000
1539 1541 0.6182 700.0000
1539 1544 0.7677 700.0000
1539 1545 0.6398 700.0000
1539 1546 0.4120 700.0000
1539 1547 0.6385 700.0000
1539 1548 0.5577 700.0000
1539 1571 0.6354 700.0000
1539 1572 0.8352 700.0000
1539 1585 0.8632 700.0000
1539 1593 0.6707 700.0000
1539 1594 0.7279 700.0000
1539 1595 0.7208 700.0000
1539 1596 0.8305 700.0000
1540 1542 0.7793 700.0000
1540 1543 0.6710 700.0000
1540 1544 0.5811 700.0000
1540 1545 0.5153 700.0000
1540 1546 0.6591 700.0000
1540 1593 0.6176 700.0000
1540 1594 0.4260 700.0000
1540 1595 0.6705 700.0000
1540 1596 0.6756 700.0000
1541 1543 0.7172 700.0000
1541 1544 0.5210 700.0000
1541 1545 0.7684 700.0000
1541 1546 0.6311 700.0000
1541 1571 0.8988 700.0000
1541 1572 0.8919 700.0000
1541 1593 0.6661 700.0000
1541 1594 0.8504 700.0000
1542 1544 0.5642 700.0000
1543 1545 0.7760 700.0000
1544 1546 0.5291 700.0000
1545 1547 0.6817 700.0000
1545 1594 0.8999 700.0000
1545 1596 0.7589 700.0000
1546 1548 0.7767 700.0000
1547 1549 0.7653 700.0000
1547 1553 0.8638 700.0000
1548 1552 0.5196 700.0000
1548 1553 0.6019 700.0000
1548 1556 0.7524 700.0000
1548 1569 0.7849 700.0000
1548 1571 0.7536 700.0000
1548 1595 0.8375 700.0000
1549 1551 0.5711 700.0000
1549 1552 0.4317 700.0000
1549 1553 0.6488 700.0000
1549 1554 0.8841 700.0000
1549 1570 0.8910 700.0000
1550 1552 0.7220 700.0000
1550 1553 0.6812 700.0000
1550 1554 0.7452 700.0000
1551 1553 0.7126 700.0000
1551 1554 0.5510 700.0000
1551 1555 0.7287 700.0000
1552 1554 0.6393 700.0000
1552 1555 0.5256 700.0000
1552 1556 0.5910 700.0000
1552 1569 0.6497 700.0000
1552 1570 0.8019 700.0000
1553 1555 0.7616 700.0000
1553 1556 0.5609 700.0000
1553 1557 0.6549 700.0000
1553 1558 0.8776 700.0000
1553 1597 0.8871 700.0000
1554 1556 0.6626 700.0000
1554 1557 0.6399 700.0000
1554 1558 0.5224 700.0000
1554 1559 0.8671 700.0000
1555 1557 0.8498 700.0000
1555 1558 0.6439 700.0000
1555 1559 0.6754 700.0000
1555 1567 0.6119 700.0000
1555 1568 0.7592 700.0000
1555 1569 0.7253 700.0000
1556 1558 0.6956 700.0000
1556 1559 0.5968 700.0000
1556 1560 0.7566 700.0000
1556 1567 0.6235 700.0000
1556 1569 0.7941 700.0000
1556 1578 0.7088 700.0000
1556 1580 0.7162 700.0000
1556 1597 0.8906 700.0000
1557 1559 0.6292 700.0000
1557 1560 0.4843 700.0000
1557 1561 0.6205 700.0000
1557 1562 0.8985 700.0000
1557 1597 0.6918 700.0000
1558 1560 0.7932 700.0000
1558 1561 0.4647 700.0000
1558 1562 0.5739 700.0000
1558 1564 0.8243 700.0000
1559 1561 0.6293 700.0000
1559 1562 0.4459 700.0000
1559 1563 0.7346 700.0000
1559 1564 0.4049 700.0000
1559 1566 0.8068 700.0000
1559 1567 0.6862 700.0000
1559 1580 0.6896 700.0000
1560 1562 0.8497 700.0000
1560 1563 0.7421 700.0000
1560 1564 0.8754 700.0000
1560 1580 0.6443 700.0000
1560 1583 0.8742 700.0000
1560 1597 0.6974 700.0000
1561 1563 0.7929 700.0000
1561 1564 0.8970 700.0000
1562 1564 0.4823 700.0000
1563 1565 0.8171 700.0000
1564 1566 0.5940 700.0000
1564 1567 0.6907 700.0000
1564 1580 0.7461 700.0000
1565 1579 0.6759 700.0000
1565 1580 0.6978 700.0000
1565 1581 0.6341 700.0000
1566 1568 0.6841 700.0000
1566 1577 0.6313 700.0000
1566 1578 0.5805 700.0000
1566 1579 0.5825 700.0000
1566 1580 0.6522 700.0000
1566 1581 0.8640 700.0000
1567 1569 0.6059 700.0000
1567 1577 0.5837 700.0000
1567 1578 0.4335 700.0000
1567 1579 0.7697 700.0000
1567 1580 0.6994 700.0000
1568 1570 0.8094 700.0000
1568 1575 0.6963 700.0000
1568 1576 0.8249 700.0000
1568 1577 0.5089 700.0000
1568 1578 0.6656 700.0000
1569 1571 0.6251 700.0000
1569 1575 0.6379 700.0000
1569 1576 0.5829 700.0000
1569 1577 0.6455 700.0000
1569 1578 0.6384 700.0000
1569 1585 0.8106 700.0000
1570 1572 0.7828 700.0000
1570 1573 0.6146 700.0000
1570 1574 0.8072 700.0000
1570 1575 0.5068 700.0000
1570 1576 0.7394 700.0000
1571 1573 0.7156 700.0000
1571 1574 0.6183 700.0000
1571 1575 0.7680 700.0000
1571 1576 0.4866 700.0000
1571 1585 0.8326 700.0000
1571 1593 0.8104 700.0000
1572 1574 0.5655 700.0000
1572 1576 0.8388 700.0000
1573 1575 0.8434 700.0000
1574 1576 0.6349 700.0000
1574 1587 0.7257 700.0000
1574 1588 0.8685 700.0000
1574 1589 0.8601 700.0000
1575 1577 0.8079 700.0000
1575 1587 0.8050 700.0000
1575 1588 0.7618 700.0000
1576 1578 0.7805 700.0000
1576 1585 0.5379 700.0000
1576 1586 0.5478 700.0000
1576 1587 0.4926 700.0000
1576 1588 0.7662 700.0000
1576 1590 0.8791 700.0000
1576 1591 0.8122 700.0000
1576 1592 0.8012 700.0000
1576 1593 0.6877 700.0000
1577 1579 0.7181 700.0000
1577 1584 0.7769 700.0000
1577 1585 0.5890 700.0000
1577 1586 0.4772 700.0000
1577 1587 0.7555 700.0000
1577 1588 0.8585 700.0000
1578 1580 0.5833 700.0000
1578 1582 0.8301 700.0000
1578 1583 0.8129 700.0000
1578 1584 0.5865 700.0000
1578 1585 0.5325 700.0000
1578 1586 0.7049 700.0000
1578 1595 0.7342 700.0000
1579 1581 0.5026 700.0000
1579 1582 0.4378 700.0000
1579 1583 0.6671 700.0000
1579 1584 0.4817 700.0000
1579 1585 0.7412 700.0000
1579 1586 0.8271 700.0000
1579 1595 0.8625 700.0000
1580 1582 0.6843 700.0000
1580 1583 0.5529 700.0000
1580 1584 0.7847 700.0000
1580 1595 0.8435 700.0000
1581 1583 0.6394 700.0000
1581 1584 0.8454 700.0000
1582 1584 0.4520 700.0000
1582 1585 0.8624 700.0000
1582 1594 0.8996 700.0000
1582 1595 0.8074 700.0000
1583 1594 0.7801 700.0000
1583 1595 0.5157 700.0000
1583 1596 0.7382 700.0000
1583 1597 0.8088 700.0000
1584 1586 0.6268 700.0000
1584 1592 0.6422 700.0000
1584 1593 0.6631 700.0000
1584 1594 0.6195 700.0000
1584 1595 0.5837 700.0000
1585 1587 0.7302 700.0000
1585 1590 0.8621 700.0000
1585 1591 0.8741 700.0000
1585 1592 0.5114 700.0000
1585 1593 0.4220 700.0000
1585 1594 0.6562 700.0000
1585 1595 0.6485 700.0000
1586 1588 0.7344 700.0000
1586 1590 0.5530 700.0000
1586 1591 0.7024 700.0000
1586 1592 0.5110 700.0000
1586 1593 0.6872 700.0000
1587 1589 0.4956 700.0000
1587 1590 0.4501 700.0000
1587 1591 0.4675 700.0000
1587 1592 0.6870 700.0000
1587 1593 0.8359 700.0000
1588 1590 0.6577 700.0000
1588 1591 0.7891 700.0000
1589 1591 0.5505 700.0000
1590 1592 0.5666 700.0000
1591 1593 0.7721 700.0000
1592 1594 0.7364 700.0000
1593 1595 0.6837 700.0000
1594 1596 0.6528 700.0000
1596 1598 0.5768 700.0000
1597 1599 0.5868 700.0000
1618 1620 0.6142 700.0000
1618 1650 0.7527 700.0000
1618 1651 0.6481 700.0000
1618 1652 0.3818 700.0000
1618 1653 0.7370 700.0000
1618 1654 0.8885 700.0000
1618 1693 0.8767 700.0000
1619 1621 0.7609 700.0000
1619 1649 0.5751 700.0000
1619 1650 0.6951 700.0000
1619 1651 0.5731 700.0000
1619 1652 0.6400 700.0000
1619 1693 0.7418 700.0000
1619 1796 0.8785 700.0000
1620 1622 0.6084 700.0000
1620 1648 0.8619 700.0000
1620 1649 0.5964 700.0000
1620 1650 0.4168 700.0000
1620 1651 0.6965 700.0000
1620 1652 0.6283 700.0000
1621 1623 0.6515 700.0000
1621 1647 0.5978 700.0000
1621 1648 0.6560 700.0000
1621 1649 0.5463 700.0000
1621 1650 0.8409 700.0000
1622 1624 0.6955 700.0000
1622 1625 0.8294 700.0000
1622 1626 0.5725 700.0000
1622 1627 0.8932 700.0000
1622 1628 0.6152 700.0000
1622 1629 0.5588 700.0000
1622 1647 0.8001 700.0000
1622 1648 0.4804 700.0000
1622 1649 0.6703 700.0000
1622 1650 0.6265 700.0000
1622 1795 0.8181 700.0000
1623 1625 0.4915 700.0000
1623 1626 0.4582 700.0000
1623 1628 0.8999 700.0000
1623 1629 0.6819 700.0000
1623 1648 0.8409 700.0000
1624 1626 0.5620 700.0000
1624 1627 0.8638 700.0000
1624 1629 0.4805 700.0000
1624 1630 0.6913 700.0000
1624 1648 0.8318 700.0000
1625 1627 0.6547 700.0000
1625 1629 0.7338 700.0000
1625 1630 0.7388 700.0000
1626 1628 0.5834 700.0000
1626 1629 0.6191 700.0000
1626 1630 0.6816 700.0000
1627 1629 0.7589 700.0000
1627 1630 0.5373 700.0000
1627 1631 0.6601 700.0000
1628 1630 0.7423 700.0000
1628 1631 0.6222 700.0000
1628 1632 0.6935 700.0000
1628 1648 0.8212 700.0000
1628 1650 0.6912 700.0000
1628 1794 0.8686 700.0000
1628 1795 0.6867 700.0000
1629 1631 0.7320 700.0000
1629 1632 0.6106 700.0000
1629 1633 0.5710 700.0000
1629 1634 0.8872 700.0000
1629 1645 0.7589 700.0000
1629 1647 0.8936 700.0000
1629 1648 0.5023 700.0000
1630 1632 0.6764 700.0000
1630 1633 0.5763 700.0000
1630 1634 0.6731 700.0000
1631 1633 0.5949 700.0000
1631 1634 0.5682 700.0000
1631 1635 0.6379 700.0000
1631 1740 0.8761 700.0000
1632 1634 0.6035 700.0000
1632 1635 0.5978 700.0000
1632 1636 0.7177 700.0000
1632 1637 0.8589 700.0000
1632 1648 0.6792 700.0000
1632 1740 0.5897 700.0000
1632 1795 0.6320 700.0000
1632 1797 0.7554 700.0000
1633 1635 0.6302 700.0000
1633 1636 0.5631 700.0000
1633 1637 0.5180 700.0000
1633 1638 0.8340 700.0000
1633 1645 0.7214 700.0000
1633 1648 0.7869 700.0000
1633 1797 0.8281 700.0000
1634 1636 0.7140 700.0000
1634 1637 0.5152 700.0000
1634 1638 0.5664 700.0000
1635 1637 0.7336 700.0000
1635 1638 0.4958 700.0000
1635 1639 0.8637 700.0000
1635 1679 0.7957 700.0000
1635 1681 0.8214 700.0000
1635 1719 0.8906 700.0000
1635 1740 0.7159 700.0000
1636 1638 0.7329 700.0000
1636 1639 0.6337 700.0000
1636 1640 0.4286 700.0000
1636 1641 0.7437 700.0000
1636 1642 0.8853 700.0000
1636 1643 0.7199 700.0000
1636 1645 0.7377 700.0000
1636 1681 0.7286 700.0000
1636 1719 0.5438 700.0000
1636 1720 0.8313 700.0000
1636 1723 0.8420 700.0000
1636 1738 0.7467 700.0000
1636 1740 0.8601 700.0000
1636 1797 0.6646 700.0000
1636 1799 0.7559 700.0000
1637 1639 0.6457 700.0000
1637 1640 0.5168 700.0000
1637 1641 0.4605 700.0000
1637 1642 0.8121 700.0000
1637 1643 0.8041 700.0000
1637 1645 0.8066 700.0000
1637 1719 0.8737 700.0000
1638 1640 0.7654 700.0000
1638 1641 0.8439 700.0000
1638 1718 0.7776 700.0000
1638 1719 0.8306 700.0000
1639 1641 0.6775 700.0000
1639 1642 0.7852 700.0000
1639 1643 0.8759 700.0000
1639 1718 0.5825 700.0000
1639 1719 0.5169 700.0000
1639 1720 0.4791 700.0000
1639 1723 0.8988 700.0000
1640 1642 0.5124 700.0000
1640 1643 0.4846 700.0000
1640 1718 0.8733 700.0000
1640 1719 0.5479 700.0000
1640 1720 0.5955 700.0000
1640 1723 0.7066 700.0000
1640 1799 0.8181 700.0000
1641 1643 0.6165 700.0000
1643 1645 0.7741 700.0000
1643 1723 0.7258 700.0000
1643 1736 0.7741 700.0000
1643 1799 0.5723 700.0000
1643 1800 0.7851 700.0000
1644 1646 0.5734 700.0000
1644 1799 0.8167 700.0000
1644 1800 0.5059 700.0000
1645 1647 0.7211 700.0000
1645 1648 0.7207 700.0000
1645 1797 0.6879 700.0000
1645 1798 0.6477 700.0000
1645 1799 0.6305 700.0000
1645 1800 0.7917 700.0000
1646 1648 0.8743 700.0000
1646 1735 0.6346 700.0000
1646 1797 0.8810 700.0000
1646 1798 0.4997 700.0000
1646 1799 0.7116 700.0000
1646 1800 0.5673 700.0000
1647 1649 0.5141 700.0000
1647 1735 0.8479 700.0000
1647 1737 0.8890 700.0000
1647 1796 0.6766 700.0000
1647 1797 0.6812 700.0000
1647 1798 0.4109 700.0000
1647 1799 0.8767 700.0000
1648 1650 0.8378 700.0000
1648 1795 0.6911 700.0000
1648 1796 0.6242 700.0000
1648 1797 0.5551 700.0000
1648 1798 0.6895 700.0000
1649 1651 0.6868 700.0000
1649 1693 0.8860 700.0000
1649 1739 0.8853 700.0000
1649 1795 0.7668 700.0000
1649 1796 0.4385 700.0000
1649 1797 0.7319 700.0000
1649 1798 0.7199 700.0000
1650 1652 0.5319 700.0000
1650 1794 0.6889 700.0000
1650 1795 0.6089 700.0000
1651 1653 0.6771 700.0000
1651 1692 0.8730 700.0000
1651 1693 0.5658 700.0000
1651 1739 0.8304 700.0000
1651 1792 0.6678 700.0000
1651 1793 0.5463 700.0000
1651 1794 0.6186 700.0000
1651 1795 0.6589 700.0000
1651 1796 0.7280 700.0000
1652 1654 0.7321 700.0000
1652 1794 0.8873 700.0000
1653 1655 0.5300 700.0000
1653 1656 0.4403 700.0000
1653 1657 0.7358 700.0000
1653 1658 0.8271 700.0000
1653 1693 0.7722 700.0000
1653 1694 0.7973 700.0000
1653 1695 0.8557 700.0000
1653 1696 0.8885 700.0000
1653 1792 0.6932 700.0000
1653 1793 0.7872 700.0000
1654 1656 0.6220 700.0000
1654 1657 0.6534 700.0000
1654 1658 0.5862 700.0000
1654 1659 0.8785 700.0000
1655 1657 0.8624 700.0000
1655 1658 0.5776 700.0000
1655 1659 0.6902 700.0000
1656 1658 0.6844 700.0000
1656 1659 0.5617 700.0000
1656 1660 0.7670 700.0000
1656 1695 0.7425 700.0000
1656 1696 0.6806 700.0000
1656 1791 0.7785 700.0000
1656 1792 0.5871 700.0000
1656 1793 0.7376 700.0000
1657 1659 0.7295 700.0000
1657 1660 0.5828 700.0000
1657 1661 0.5064 700.0000
1657 1662 0.8987 700.0000
1657 1742 0.8060 700.0000
1657 1792 0.5702 700.0000
1657 1794 0.8455 700.0000
1658 1660 0.8133 700.0000
1658 1661 0.6343 700.0000
1658 1662 0.6937 700.0000
1659 1661 0.6823 700.0000
1659 1662 0.5568 700.0000
1659 1663 0.7349 700.0000
1659 1789 0.6203 700.0000
1659 1791 0.8879 700.0000
1660 1662 0.6888 700.0000
1660 1663 0.6924 700.0000
1660 1664 0.5740 700.0000
1660 1677 0.7673 700.0000
1660 1742 0.6578 700.0000
1660 1743 0.7490 700.0000
1660 1744 0.6028 700.0000
1660 1789 0.7500 700.0000
1660 1790 0.7123 700.0000
1660 1791 0.5736 700.0000
1660 1792 0.6068 700.0000
1661 1663 0.7857 700.0000
1661 1664 0.4828 700.0000
1661 1665 0.5913 700.0000
1661 1742 0.8929 700.0000
1661 1792 0.8916 700.0000
1662 1664 0.6361 700.0000
1662 1665 0.4777 700.0000
1662 1666 0.5968 700.0000
1662 1667 0.8810 700.0000
1662 1789 0.8235 700.0000
1663 1665 0.7461 700.0000
1663 1666 0.4816 700.0000
1663 1667 0.5466 700.0000
1663 1668 0.8531 700.0000
1663 1744 0.6777 700.0000
1663 1771 0.8892 700.0000
1663 1787 0.8468 700.0000
1663 1789 0.5556 700.0000
1663 1790 0.6525 700.0000
1664 1666 0.7182 700.0000
1664 1667 0.6004 700.0000
1664 1668 0.5214 700.0000
1664 1676 0.6627 700.0000
1664 1677 0.6400 700.0000
1664 1744 0.6330 700.0000
1665 1667 0.8301 700.0000
1665 1668 0.6279 700.0000
1665 1669 0.7698 700.0000
1666 1668 0.6379 700.0000
1666 1669 0.5613 700.0000
1666 1670 0.6637 700.0000
1666 1671 0.8638 700.0000
1667 1669 0.6823 700.0000
1667 1670 0.5873 700.0000
1667 1671 0.5392 700.0000
1667 1672 0.7956 700.0000
1667 1674 0.7995 700.0000
1667 1676 0.4955 700.0000
1667 1744 0.6054 700.0000
1667 1745 0.8120 700.0000
1667 1746 0.6496 700.0000
1667 1747 0.8011 700.0000
1667 1771 0.6294 700.0000
1667 1790 0.8237 700.0000
1668 1670 0.7641 700.0000
1668 1671 0.6142 700.0000
1668 1672 0.5354 700.0000
1668 1673 0.8849 700.0000
1668 1674 0.7013 700.0000
1668 1675 0.8631 700.0000
1668 1676 0.5649 700.0000
1669 1671 0.6102 700.0000
1669 1672 0.5613 700.0000
1670 1672 0.7299 700.0000
1670 1747 0.8334 700.0000
1670 1768 0.7826 700.0000
1670 1771 0.8210 700.0000
1671 1673 0.8550 700.0000
1671 1674 0.5123 700.0000
1671 1676 0.6212 700.0000
1671 1746 0.6845 700.0000
1671 1747 0.6037 700.0000
1671 1771 0.7827 700.0000
1672 1674 0.4689 700.0000
1672 1675 0.8620 700.0000
1672 1676 0.7401 700.0000
1673 1675 0.8041 700.0000
1674 1676 0.4873 700.0000
1674 1746 0.6424 700.0000
1674 1747 0.7206 700.0000
1675 1677 0.6552 700.0000
1675 1678 0.7244 700.0000
1675 1745 0.8633 700.0000
1675 1746 0.7743 700.0000
1676 1678 0.7576 700.0000
1676 1743 0.8618 700.0000
1676 1744 0.5813 700.0000
1676 1745 0.5757 700.0000
1676 1746 0.4314 700.0000
1676 1747 0.7381 700.0000
1676 1771 0.7856 700.0000
1677 1679 0.6825 700.0000
1677 1742 0.5681 700.0000
1677 1743 0.5979 700.0000
1677 1744 0.5863 700.0000
1677 1745 0.7392 700.0000
1677 1746 0.8634 700.0000
1678 1680 0.5900 700.0000
1678 1717 0.8175 700.0000
1678 1741 0.8792 700.0000
1678 1742 0.8317 700.0000
1678 1743 0.5387 700.0000
1678 1744 0.7493 700.0000
1678 1745 0.5379 700.0000
1678 1746 0.7675 700.0000
1678 1783 0.7357 700.0000
1679 1681 0.7731 700.0000
1679 1740 0.4766 700.0000
1679 1741 0.5997 700.0000
1679 1742 0.5316 700.0000
1679 1743 0.7193 700.0000
1679 1794 0.7903 700.0000
1679 1795 0.8725 700.0000
1680 1682 0.8269 700.0000
1680 1715 0.5392 700.0000
1680 1716 0.4800 700.0000
1680 1717 0.5654 700.0000
1680 1718 0.8365 700.0000
1680 1740 0.6154 700.0000
1680 1741 0.4899 700.0000
1680 1742 0.8257 700.0000
1680 1743 0.5646 700.0000
1680 1745 0.8908 700.0000
1680 1783 0.7181 700.0000
1681 1683 0.8139 700.0000
1681 1715 0.7648 700.0000
1681 1716 0.4722 700.0000
1681 1717 0.6288 700.0000
1681 1718 0.6465 700.0000
1681 1719 0.4780 700.0000
1681 1720 0.8458 700.0000
1681 1721 0.8851 700.0000
1681 1722 0.6103 700.0000
1681 1738 0.6466 700.0000
1681 1739 0.8313 700.0000
1681 1740 0.5280 700.0000
1681 1741 0.6595 700.0000
1681 1797 0.8694 700.0000
1682 1684 0.5878 700.0000
1682 1692 0.8933 700.0000
1682 1697 0.6963 700.0000
1682 1713 0.7536 700.0000
1682 1714 0.8267 700.0000
1682 1715 0.5663 700.0000
1682 1716 0.7427 700.0000
1682 1722 0.6273 700.0000
1682 1727 0.7854 700.0000
1682 1728 0.8696 700.0000
1682 1738 0.6402 700.0000
1682 1739 0.5575 700.0000
1682 1741 0.7302 700.0000
1683 1685 0.7605 700.0000
1683 1705 0.8998 700.0000
1683 1715 0.8460 700.0000
1683 1716 0.8724 700.0000
1683 1721 0.8590 700.0000
1683 1722 0.4797 700.0000
1683 1723 0.7424 700.0000
1683 1724 0.8572 700.0000
1683 1726 0.8568 700.0000
1683 1727 0.5625 700.0000
1683 1728 0.5470 700.0000
1683 1729 0.8764 700.0000
1683 1736 0.8827 700.0000
1683 1737 0.7610 700.0000
1683 1738 0.5515 700.0000
1683 1739 0.6643 700.0000
1684 1686 0.6304 700.0000
1684 1687 0.7524 700.0000
1684 1688 0.5698 700.0000
1684 1689 0.6698 700.0000
1684 1692 0.8451 700.0000
1684 1722 0.8301 700.0000
1684 1727 0.8027 700.0000
1684 1728 0.5763 700.0000
1684 1729 0.7334 700.0000
1684 1736 0.8238 700.0000
1684 1737 0.5430 700.0000
1684 1738 0.6618 700.0000
1684 1739 0.6534 700.0000
1685 1687 0.4639 700.0000
1685 1688 0.4369 700.0000
1685 1689 0.6910 700.0000
1685 1704 0.8514 700.0000
1685 1728 0.7439 700.0000
1685 1729 0.5767 700.0000
1685 1730 0.8572 700.0000
1685 1737 0.6912 700.0000
1686 1688 0.5340 700.0000
1686 1689 0.5307 700.0000
1686 1690 0.7474 700.0000
1686 1729 0.8536 700.0000
1686 1730 0.8776 700.0000
1686 1731 0.6949 700.0000
1686 1735 0.8956 700.0000
1686 1737 0.5694 700.0000
1687 1689 0.5310 700.0000
1687 1690 0.5826 700.0000
1687 1691 0.6639 700.0000
1687 1737 0.8796 700.0000
1688 1690 0.5663 700.0000
1688 1691 0.5278 700.0000
1688 1692 0.6196 700.0000
1688 1693 0.8575 700.0000
1688 1701 0.8231 700.0000
1688 1737 0.8694 700.0000
1689 1691 0.6451 700.0000
1689 1692 0.5441 700.0000
1689 1693 0.5480 700.0000
1689 1737 0.7027 700.0000
1689 1739 0.7104 700.0000
1689 1796 0.7527 700.0000
1690 1692 0.6110 700.0000
1690 1693 0.5421 700.0000
1690 1694 0.6528 700.0000
1690 1695 0.8374 700.0000
1691 1693 0.7350 700.0000
1691 1694 0.6659 700.0000
1691 1695 0.6013 700.0000
1691 1696 0.7269 700.0000
1691 1701 0.8727 700.0000
1692 1694 0.7828 700.0000
1692 1695 0.6054 700.0000
1692 1696 0.3863 700.0000
1692 1697 0.5367 700.0000
1692 1698 0.8601 700.0000
1692 1739 0.6734 700.0000
1692 1793 0.6349 700.0000
1693 1695 0.7391 700.0000
1693 1696 0.6809 700.0000
1693 1697 0.8978 700.0000
1693 1739 0.7584 700.0000
1693 1793 0.6433 700.0000
1693 1796 0.7949 700.0000
1694 1696 0.8268 700.0000
1695 1697 0.8265 700.0000
1695 1698 0.8020 700.0000
1695 1788 0.8982 700.0000
1696 1698 0.6530 700.0000
1696 1788 0.6759 700.0000
1696 1791 0.7376 700.0000
1696 1792 0.8438 700.0000
1696 1793 0.6752 700.0000
1697 1713 0.6407 700.0000
1697 1715 0.7832 700.0000
1697 1739 0.7768 700.0000
1697 1741 0.8067 700.0000
1697 1785 0.8780 700.0000
1697 1788 0.6351 700.0000
1697 1791 0.5387 700.0000
1697 1792 0.8468 700.0000
1697 1793 0.6471 700.0000
1698 1700 0.4427 700.0000
1698 1701 0.4861 700.0000
1698 1702 0.7653 700.0000
1698 1712 0.8692 700.0000
1698 1713 0.7744 700.0000
1698 1788 0.5522 700.0000
1699 1701 0.8502 700.0000
1699 1702 0.6951 700.0000
1699 1711 0.7563 700.0000
1699 1712 0.6067 700.0000
1699 1713 0.7326 700.0000
1699 1756 0.7909 700.0000
1699 1785 0.7678 700.0000
1699 1786 0.6393 700.0000
1699 1787 0.7128 700.0000
1699 1788 0.5877 700.0000
1700 1702 0.5417 700.0000
1700 1703 0.8771 700.0000
1700 1712 0.8341 700.0000
1700 1788 0.8692 700.0000
1701 1703 0.8239 700.0000
1701 1704 0.6807 700.0000
1702 1704 0.6706 700.0000
1702 1705 0.7936 700.0000
1702 1706 0.6853 700.0000
1702 1707 0.7177 700.0000
1702 1710 0.8066 700.0000
1702 1711 0.6178 700.0000
1702 1712 0.5285 700.0000
1702 1713 0.7320 700.0000
1702 1714 0.8134 700.0000
1703 1705 0.5437 700.0000
1703 1706 0.4827 700.0000
1703 1707 0.6023 700.0000
1703 1710 0.8982 700.0000
1703 1711 0.7794 700.0000
1703 1712 0.8030 700.0000
1703 1714 0.8979 700.0000
1704 1706 0.7802 700.0000
1704 1729 0.8463 700.0000
1705 1707 0.8566 700.0000
1705 1714 0.8454 700.0000
1705 1726 0.5957 700.0000
1705 1727 0.5598 700.0000
1705 1729 0.8203 700.0000
1706 1708 0.6374 700.0000
1706 1709 0.8581 700.0000
1706 1710 0.7192 700.0000
1706 1711 0.8634 700.0000
1706 1712 0.7664 700.0000
1706 1714 0.5984 700.0000
1706 1727 0.8117 700.0000
1707 1709 0.7202 700.0000
1707 1710 0.4408 700.0000
1707 1711 0.5692 700.0000
1707 1712 0.7151 700.0000
1707 1714 0.7366 700.0000
1707 1752 0.8486 700.0000
1707 1753 0.6171 700.0000
1707 1754 0.8340 700.0000
1707 1755 0.8667 700.0000
1708 1710 0.5263 700.0000
1708 1711 0.8676 700.0000
1708 1714 0.7956 700.0000
1708 1751 0.6992 700.0000
1708 1752 0.6505 700.0000
1708 1753 0.5530 700.0000
1708 1754 0.8562 700.0000
1708 1755 0.8683 700.0000
1709 1714 0.7471 700.0000
1709 1750 0.6551 700.0000
1709 1751 0.4584 700.0000
1709 1752 0.6403 700.0000
1709 1753 0.7897 700.0000
1709 1755 0.8765 700.0000
1709 1773 0.7091 700.0000
1709 1774 0.6399 700.0000
1709 1775 0.5726 700.0000
1709 1782 0.6910 700.0000
1709 1784 0.7440 700.0000
1710 1712 0.5094 700.0000
1710 1713 0.8490 700.0000
1710 1714 0.6531 700.0000
1710 1751 0.7186 700.0000
1710 1752 0.6215 700.0000
1710 1753 0.6541 700.0000
1710 1754 0.6781 700.0000
1710 1755 0.5183 700.0000
1710 1756 0.7612 700.0000
1710 1757 0.8743 700.0000
1710 1773 0.7507 700.0000
1710 1784 0.6179 700.0000
1710 1785 0.8363 700.0000
1710 1786 0.6931 700.0000
1711 1752 0.8823 700.0000
1711 1753 0.7681 700.0000
1711 1754 0.6636 700.0000
1711 1755 0.6121 700.0000
1711 1756 0.5241 700.0000
1711 1757 0.8209 700.0000
1711 1786 0.7402 700.0000
1712 1714 0.5107 700.0000
1712 1715 0.8666 700.0000
1712 1755 0.8770 700.0000
1712 1756 0.8515 700.0000
1712 1784 0.5470 700.0000
1712 1785 0.5240 700.0000
1712 1786 0.5325 700.0000
1713 1715 0.5460 700.0000
1713 1784 0.5738 700.0000
1713 1785 0.4256 700.0000
1713 1786 0.6989 700.0000
1713 1788 0.7703 700.0000
1713 1790 0.8648 700.0000
1713 1791 0.8336 700.0000
1714 1716 0.8477 700.0000
1714 1721 0.8930 700.0000
1714 1727 0.8702 700.0000
1714 1773 0.8722 700.0000
1714 1782 0.6528 700.0000
1714 1783 0.8058 700.0000
1714 1784 0.5016 700.0000
1714 1785 0.7035 700.0000
1714 1786 0.8994 700.0000
1715 1717 0.8689 700.0000
1715 1741 0.6609 700.0000
1715 1743 0.6359 700.0000
1715 1782 0.7379 700.0000
1715 1783 0.6141 700.0000
1715 1784 0.6644 700.0000
1715 1785 0.6597 700.0000
1715 1791 0.7875 700.0000
1716 1718 0.5584 700.0000
1716 1719 0.6601 700.0000
1716 1720 0.8389 700.0000
1716 1721 0.6171 700.0000
1716 1722 0.6339 700.0000
1716 1741 0.8541 700.0000
1716 1781 0.6230 700.0000
1716 1782 0.5956 700.0000
1716 1783 0.6838 700.0000
1717 1719 0.7367 700.0000
1717 1720 0.8744 700.0000
1717 1721 0.8479 700.0000
1717 1780 0.6837 700.0000
1717 1781 0.5453 700.0000
1717 1782 0.7187 700.0000
1717 1783 0.7423 700.0000
1718 1720 0.5233 700.0000
1718 1721 0.7160 700.0000
1718 1722 0.7989 700.0000
1718 1781 0.6704 700.0000
1719 1721 0.7118 700.0000
1719 1722 0.4946 700.0000
1719 1723 0.5867 700.0000
1719 1738 0.7395 700.0000
1720 1722 0.6269 700.0000
1720 1723 0.5806 700.0000
1720 1724 0.7602 700.0000
1721 1723 0.7252 700.0000
1721 1724 0.6502 700.0000
1721 1726 0.8691 700.0000
1721 1727 0.5998 700.0000
1721 1781 0.7175 700.0000
1721 1782 0.7446 700.0000
1722 1724 0.6175 700.0000
1722 1726 0.8565 700.0000
1722 1727 0.5588 700.0000
1722 1728 0.6160 700.0000
1722 1736 0.8941 700.0000
1722 1738 0.6120 700.0000
1723 1725 0.6434 700.0000
1723 1726 0.8261 700.0000
1723 1727 0.7109 700.0000
1723 1728 0.4958 700.0000
1723 1736 0.6298 700.0000
1723 1738 0.7157 700.0000
1723 1799 0.7162 700.0000
1724 1726 0.4663 700.0000
1724 1727 0.5000 700.0000
1724 1728 0.5758 700.0000
1724 1729 0.8600 700.0000
1724 1736 0.8706 700.0000
1725 1727 0.7408 700.0000
1725 1728 0.5208 700.0000
1725 1729 0.6299 700.0000
1725 1730 0.5936 700.0000
1725 1736 0.7016 700.0000
1726 1728 0.6456 700.0000
1726 1729 0.5796 700.0000
1727 1729 0.7571 700.0000
1728 1730 0.6199 700.0000
1728 1736 0.4497 700.0000
1728 1737 0.6339 700.0000
1728 1738 0.6939 700.0000
1728 1799 0.7516 700.0000
1729 1731 0.8909 700.0000
1729 1736 0.8516 700.0000
1730 1732 0.7125 700.0000
1730 1733 0.8460 700.0000
1730 1734 0.5166 700.0000
1730 1735 0.8182 700.0000
1730 1736 0.5417 700.0000
1730 1737 0.8061 700.0000
1731 1733 0.4509 700.0000
1731 1734 0.4369 700.0000
1731 1735 0.4949 700.0000
1731 1736 0.7265 700.0000
1731 1737 0.7586 700.0000
1732 1734 0.5922 700.0000
1732 1735 0.7387 700.0000
1733 1735 0.4801 700.0000
1733 1800 0.8401 700.0000
1734 1736 0.6142 700.0000
1734 1737 0.8890 700.0000
1734 1799 0.8011 700.0000
1734 1800 0.5654 700.0000
1735 1737 0.7099 700.0000
1735 1798 0.6307 700.0000
1735 1799 0.7577 700.0000
1735 1800 0.6034 700.0000
1736 1738 0.7216 700.0000
1736 1797 0.8522 700.0000
1736 1798 0.7081 700.0000
1736 1799 0.3898 700.0000
1736 1800 0.7529 700.0000
1737 1739 0.7361 700.0000
1737 1796 0.6661 700.0000
1737 1797 0.6846 700.0000
1737 1798 0.5401 700.0000
1737 1799 0.6292 700.0000
1738 1740 0.8200 700.0000
1738 1796 0.6129 700.0000
1738 1797 0.4348 700.0000
1738 1798 0.7316 700.0000
1738 1799 0.6573 700.0000
1739 1741 0.6760 700.0000
1739 1793 0.5944 700.0000
1739 1794 0.8780 700.0000
1739 1795 0.7982 700.0000
1739 1796 0.4760 700.0000
1739 1797 0.6801 700.0000
1740 1742 0.7247 700.0000
1740 1793 0.8939 700.0000
1740 1794 0.6469 700.0000
1740 1795 0.5550 700.0000
1740 1797 0.8133 700.0000
1741 1743 0.5734 700.0000
1741 1791 0.6533 700.0000
1741 1792 0.6887 700.0000
1741 1793 0.5909 700.0000
1741 1794 0.6428 700.0000
1741 1795 0.7610 700.0000
1742 1744 0.8329 700.0000
1742 1791 0.7739 700.0000
1742 1792 0.5885 700.0000
1742 1793 0.7817 700.0000
1742 1794 0.5183 700.0000
1742 1795 0.8031 700.0000
1743 1745 0.5573 700.0000
1743 1746 0.8626 700.0000
1743 1783 0.7617 700.0000
1743 1785 0.8236 700.0000
1743 1790 0.6389 700.0000
1743 1791 0.5675 700.0000
1744 1746 0.6511 700.0000
1744 1771 0.7305 700.0000
1744 1772 0.8170 700.0000
1744 1785 0.8746 700.0000
1744 1789 0.8246 700.0000
1744 1790 0.4455 700.0000
1744 1791 0.6770 700.0000
1745 1747 0.7098 700.0000
1745 1748 0.6252 700.0000
1745 1771 0.6315 700.0000
1745 1772 0.5170 700.0000
1745 1773 0.8475 700.0000
1745 1783 0.6018 700.0000
1745 1784 0.8793 700.0000
1745 1785 0.8568 700.0000
1745 1790 0.7506 700.0000
1746 1748 0.5571 700.0000
1746 1770 0.8437 700.0000
1746 1771 0.5053 700.0000
1746 1772 0.5960 700.0000
1746 1783 0.8735 700.0000
1747 1749 0.7867 700.0000
1747 1761 0.6912 700.0000
1747 1769 0.8995 700.0000
1747 1770 0.5363 700.0000
1747 1771 0.5031 700.0000
1747 1772 0.6807 700.0000
1748 1770 0.7380 700.0000
1748 1771 0.7903 700.0000
1748 1772 0.5856 700.0000
1748 1773 0.6917 700.0000
1748 1774 0.6204 700.0000
1748 1776 0.8701 700.0000
1748 1777 0.5495 700.0000
1748 1778 0.8793 700.0000
1748 1780 0.7845 700.0000
1748 1783 0.7100 700.0000
1749 1751 0.6279 700.0000
1749 1758 0.8238 700.0000
1749 1759 0.6556 700.0000
1749 1761 0.8719 700.0000
1749 1770 0.5278 700.0000
1749 1772 0.6766 700.0000
1749 1773 0.5289 700.0000
1749 1774 0.5873 700.0000
1749 1776 0.8911 700.0000
1749 1777 0.6274 700.0000
1750 1752 0.6837 700.0000
1750 1773 0.6796 700.0000
1750 1774 0.5479 700.0000
1750 1775 0.6519 700.0000
1750 1776 0.6987 700.0000
1750 1777 0.7003 700.0000
1751 1753 0.8140 700.0000
1751 1754 0.8570 700.0000
1751 1755 0.6843 700.0000
1751 1759 0.8618 700.0000
1751 1773 0.5592 700.0000
1751 1774 0.5936 700.0000
1751 1775 0.7203 700.0000
1751 1784 0.8312 700.0000
1752 1754 0.4609 700.0000
1752 1755 0.4445 700.0000
1752 1759 0.8867 700.0000
1752 1773 0.8329 700.0000
1753 1755 0.6667 700.0000
1754 1756 0.6746 700.0000
1754 1757 0.8634 700.0000
1755 1757 0.5484 700.0000
1755 1758 0.6589 700.0000
1755 1759 0.7184 700.0000
1755 1773 0.7910 700.0000
1755 1784 0.8869 700.0000
1755 1786 0.7176 700.0000
1756 1758 0.7368 700.0000
1756 1786 0.6444 700.0000
1757 1759 0.6393 700.0000
1757 1769 0.7298 700.0000
1757 1786 0.5140 700.0000
1757 1787 0.7454 700.0000
1758 1760 0.7263 700.0000
1758 1761 0.8925 700.0000
1758 1769 0.5077 700.0000
1758 1770 0.6198 700.0000
1758 1771 0.6928 700.0000
1758 1772 0.6651 700.0000
1758 1773 0.6852 700.0000
1758 1784 0.8643 700.0000
1758 1785 0.8560 700.0000
1758 1786 0.5556 700.0000
1758 1787 0.7601 700.0000
1759 1761 0.6950 700.0000
1759 1768 0.8614 700.0000
1759 1769 0.5601 700.0000
1759 1770 0.4795 700.0000
1759 1771 0.8834 700.0000
1759 1772 0.8501 700.0000
1759 1773 0.7798 700.0000
1760 1762 0.5832 700.0000
1760 1763 0.5888 700.0000
1760 1765 0.7083 700.0000
1760 1766 0.5871 700.0000
1760 1767 0.7764 700.0000
1760 1768 0.6094 700.0000
1760 1769 0.5352 700.0000
1760 1770 0.5902 700.0000
1761 1763 0.8508 700.0000
1761 1765 0.7704 700.0000
1761 1766 0.8950 700.0000
1761 1767 0.8909 700.0000
1761 1768 0.4352 700.0000
1761 1769 0.5785 700.0000
1761 1770 0.4069 700.0000
1761 1771 0.8325 700.0000
1762 1764 0.4899 700.0000
1762 1765 0.4938 700.0000
1762 1766 0.6874 700.0000
1762 1767 0.8849 700.0000
1762 1768 0.6564 700.0000
1763 1765 0.6641 700.0000
1763 1766 0.6519 700.0000
1764 1766 0.7888 700.0000
1765 1767 0.4710 700.0000
1765 1768 0.5013 700.0000
1765 1769 0.8106 700.0000
1766 1768 0.6671 700.0000
1766 1769 0.7287 700.0000
1767 1769 0.5963 700.0000
1768 1770 0.7102 700.0000
1768 1771 0.8944 700.0000
1769 1771 0.6660 700.0000
1770 1772 0.6755 700.0000
1770 1773 0.7807 700.0000
1771 1773 0.8276 700.0000
1771 1785 0.8799 700.0000
1771 1786 0.8822 700.0000
1771 1787 0.7985 700.0000
1771 1790 0.7343 700.0000
1772 1774 0.7042 700.0000
1772 1783 0.6258 700.0000
1772 1784 0.5671 700.0000
1772 1785 0.6263 700.0000
1772 1786 0.7057 700.0000
1772 1787 0.8840 700.0000
1772 1790 0.7795 700.0000
1773 1775 0.7985 700.0000
1773 1782 0.7828 700.0000
1773 1783 0.6293 700.0000
1773 1784 0.4314 700.0000
1773 1785 0.7137 700.0000
1773 1786 0.7108 700.0000
1774 1776 0.5651 700.0000
1774 1777 0.5925 700.0000
1774 1780 0.6320 700.0000
1774 1781 0.7411 700.0000
1774 1782 0.5481 700.0000
1774 1783 0.5389 700.0000
1774 1784 0.6844 700.0000
1775 1777 0.7366 700.0000
1775 1779 0.8499 700.0000
1775 1780 0.6027 700.0000
1775 1781 0.5352 700.0000
1775 1782 0.4821 700.0000
1775 1783 0.7540 700.0000
1776 1778 0.5482 700.0000
1776 1779 0.5213 700.0000
1776 1780 0.5202 700.0000
1776 1781 0.7332 700.0000
1776 1782 0.8229 700.0000
1777 1779 0.7032 700.0000
1777 1780 0.6557 700.0000
1778 1780 0.7624 700.0000
1779 1781 0.8298 700.0000
1780 1782 0.6432 700.0000
1780 1783 0.6468 700.0000
1781 1783 0.6832 700.0000
1782 1784 0.6804 700.0000
1783 1785 0.7834 700.0000
1784 1786 0.5611 700.0000
1785 1787 0.6348 700.0000
1785 1788 0.7681 700.0000
1785 1790 0.5752 700.0000
1785 1791 0.8045 700.0000
1786 1788 0.8741 700.0000
1786 1790 0.7960 700.0000
1787 1789 0.5533 700.0000
1787 1790 0.5430 700.0000
1788 1790 0.6931 700.0000
1788 1791 0.6832 700.0000
1789 1791 0.7043 700.0000
1791 1793 0.6461 700.0000
1792 1794 0.5163 700.0000
1792 1795 0.8264 700.0000
1793 1795 0.7393 700.0000
1793 1796 0.8295 700.0000
1795 1797 0.7909 700.0000
1796 1798 0.6043 700.0000
1797 1799 0.6014 700.0000
1798 1800 0.7983 700.0000
1808 1810 0.8414 700.0000
1808 1858 0.7502 700.0000
1808 1859 0.6297 700.0000
1808 1860 0.6953 700.0000
1808 1861 0.6677 700.0000
1808 1862 0.4708 700.0000
1808 1863 0.8835 700.0000
1808 1864 0.8445 700.0000
1808 1865 0.5288 700.0000
1809 1811 0.7828 700.0000
1809 1856 0.6750 700.0000
1809 1857 0.6188 700.0000
1809 1858 0.5234 700.0000
1809 1859 0.6844 700.0000
1809 1865 0.6336 700.0000
1810 1812 0.6674 700.0000
1810 1832 0.8533 700.0000
1810 1856 0.6539 700.0000
1810 1857 0.4551 700.0000
1810 1858 0.7148 700.0000
1810 1859 0.6509 700.0000
1810 1865 0.6100 700.0000
1810 1868 0.7753 700.0000
1810 1869 0.7549 700.0000
1810 1888 0.6307 700.0000
1810 1889 0.6756 700.0000
1811 1813 0.6092 700.0000
1811 1848 0.8545 700.0000
1811 1854 0.6305 700.0000
1811 1855 0.7475 700.0000
1811 1856 0.5768 700.0000
1811 1857 0.7277 700.0000
1811 1887 0.7561 700.0000
1811 1888 0.6391 700.0000
1811 1889 0.4400 700.0000
1812 1814 0.7178 700.0000
1812 1816 0.8720 700.0000
1812 1828 0.7589 700.0000
1812 1832 0.8373 700.0000
1812 1845 0.8968 700.0000
1812 1853 0.8452 700.0000
1812 1854 0.6964 700.0000
1812 1855 0.5124 700.0000
1812 1856 0.6691 700.0000
1812 1857 0.6738 700.0000
1812 1886 0.6601 700.0000
1812 1887 0.5962 700.0000
1812 1888 0.5816 700.0000
1812 1889 0.6952 700.0000
1813 1815 0.8585 700.0000
1813 1816 0.7445 700.0000
1813 1853 0.6523 700.0000
1813 1854 0.5309 700.0000
1813 1855 0.7582 700.0000
1813 1886 0.7300 700.0000
1813 1887 0.4665 700.0000
1813 1888 0.7477 700.0000
1813 1889 0.6911 700.0000
1814 1816 0.3618 700.0000
1814 1817 0.6108 700.0000
1814 1853 0.6818 700.0000
1814 1854 0.8536 700.0000
1814 1855 0.8496 700.0000
1814 1884 0.6737 700.0000
1814 1885 0.7243 700.0000
1814 1886 0.5974 700.0000
1814 1887 0.6440 700.0000
1815 1817 0.6172 700.0000
1815 1883 0.7907 700.0000
1815 1884 0.4927 700.0000
1815 1885 0.5912 700.0000
1815 1886 0.7660 700.0000
1816 1818 0.7511 700.0000
1816 1819 0.8266 700.0000
1816 1820 0.5722 700.0000
1816 1821 0.6767 700.0000
1816 1824 0.6985 700.0000
1816 1853 0.6117 700.0000
1816 1855 0.7873 700.0000
1816 1884 0.5948 700.0000
1816 1886 0.8187 700.0000
1817 1819 0.5718 700.0000
1817 1820 0.6119 700.0000
1817 1821 0.8422 700.0000
1817 1852 0.8520 700.0000
1817 1853 0.5809 700.0000
1818 1820 0.6432 700.0000
1818 1851 0.8676 700.0000
1818 1852 0.6921 700.0000
1818 1853 0.5858 700.0000
1819 1821 0.7253 700.0000
1819 1852 0.7036 700.0000
1819 1853 0.7588 700.0000
1820 1822 0.7229 700.0000
1820 1824 0.6577 700.0000
1820 1847 0.8220 700.0000
1820 1852 0.6431 700.0000
1820 1853 0.6353 700.0000
1820 1855 0.8340 700.0000
1821 1823 0.6768 700.0000
1821 1824 0.5154 700.0000
1821 1878 0.7551 700.0000
1821 1881 0.7159 700.0000
1821 1884 0.8860 700.0000
1822 1824 0.8179 700.0000
1823 1825 0.6755 700.0000
1823 1826 0.5711 700.0000
1823 1827 0.6996 700.0000
1823 1878 0.8466 700.0000
1824 1826 0.6450 700.0000
1824 1827 0.5879 700.0000
1824 1828 0.5399 700.0000
1824 1845 0.8966 700.0000
1824 1847 0.8818 700.0000
1824 1855 0.7068 700.0000
1824 1876 0.8189 700.0000
1824 1878 0.7170 700.0000
1824 1884 0.8452 700.0000
1825 1827 0.7375 700.0000
1825 1828 0.5561 700.0000
1825 1829 0.6106 700.0000
1825 1844 0.8737 700.0000
1825 1845 0.4723 700.0000
1825 1846 0.8123 700.0000
1825 1847 0.6904 700.0000
1825 1855 0.6486 700.0000
1826 1828 0.6440 700.0000
1826 1829 0.5237 700.0000
1826 1830 0.5850 700.0000
1826 1845 0.7487 700.0000
1827 1829 0.7526 700.0000
1827 1830 0.4940 700.0000
1827 1831 0.8143 700.0000
1827 1876 0.7098 700.0000
1827 1877 0.8665 700.0000
1827 1878 0.6056 700.0000
1828 1830 0.7147 700.0000
1828 1831 0.6154 700.0000
1828 1832 0.5744 700.0000
1828 1845 0.6307 700.0000
1828 1855 0.6891 700.0000
1828 1857 0.8097 700.0000
1828 1876 0.6983 700.0000
1828 1886 0.8360 700.0000
1829 1831 0.8798 700.0000
1829 1832 0.7018 700.0000
1829 1833 0.5251 700.0000
1829 1841 0.8780 700.0000
1829 1843 0.5306 700.0000
1829 1844 0.6768 700.0000
1829 1845 0.4960 700.0000
1829 1857 0.8300 700.0000
1830 1832 0.8365 700.0000
1830 1833 0.5992 700.0000
1830 1834 0.7725 700.0000
1830 1837 0.8270 700.0000
1831 1833 0.8084 700.0000
1831 1834 0.6005 700.0000
1831 1835 0.8767 700.0000
1831 1837 0.5205 700.0000
1831 1838 0.4873 700.0000
1831 1839 0.8248 700.0000
1831 1840 0.8208 700.0000
1831 1874 0.6727 700.0000
1831 1875 0.8305 700.0000
1831 1876 0.6042 700.0000
1831 1877 0.8633 700.0000
1831 1886 0.7843 700.0000
1832 1834 0.6941 700.0000
1832 1835 0.8921 700.0000
1832 1837 0.8736 700.0000
1832 1838 0.5167 700.0000
1832 1839 0.7379 700.0000
1832 1840 0.6424 700.0000
1832 1841 0.6864 700.0000
1832 1843 0.6480 700.0000
1832 1845 0.8115 700.0000
1832 1857 0.6497 700.0000
1832 1859 0.7415 700.0000
1832 1868 0.7040 700.0000
1832 1874 0.7729 700.0000
1832 1886 0.8763 700.0000
1832 1888 0.8994 700.0000
1833 1835 0.7886 700.0000
1833 1838 0.8739 700.0000
1833 1840 0.6972 700.0000
1833 1841 0.4639 700.0000
1833 1842 0.6589 700.0000
1833 1843 0.4766 700.0000
1833 1859 0.8826 700.0000
1834 1836 0.6068 700.0000
1834 1837 0.4776 700.0000
1834 1838 0.5229 700.0000
1834 1839 0.6243 700.0000
1834 1840 0.5279 700.0000
1834 1841 0.6362 700.0000
1835 1837 0.7223 700.0000
1835 1838 0.5744 700.0000
1835 1839 0.4560 700.0000
1835 1840 0.4135 700.0000
1835 1841 0.6306 700.0000
1835 1864 0.8783 700.0000
1835 1867 0.8516 700.0000
1836 1838 0.7789 700.0000
1836 1839 0.8128 700.0000
1837 1839 0.8854 700.0000
1837 1876 0.8648 700.0000
1837 1877 0.8585 700.0000
1838 1840 0.4690 700.0000
1838 1841 0.7633 700.0000
1838 1864 0.8970 700.0000
1838 1867 0.8276 700.0000
1838 1868 0.5559 700.0000
1838 1871 0.5570 700.0000
1838 1874 0.6265 700.0000
1839 1841 0.6701 700.0000
1839 1864 0.6439 700.0000
1839 1867 0.5093 700.0000
1839 1868 0.5020 700.0000
1839 1870 0.8669 700.0000
1839 1871 0.6205 700.0000
1839 1874 0.8867 700.0000
1840 1842 0.8678 700.0000
1840 1843 0.7918 700.0000
1840 1859 0.7390 700.0000
1840 1863 0.8784 700.0000
1840 1864 0.5261 700.0000
1840 1867 0.6282 700.0000
1840 1868 0.6251 700.0000
1840 1871 0.8923 700.0000
1841 1843 0.5004 700.0000
1841 1859 0.6011 700.0000
1841 1861 0.8249 700.0000
1841 1864 0.5831 700.0000
1841 1867 0.8993 700.0000
1841 1868 0.8869 700.0000
1842 1844 0.8666 700.0000
1842 1859 0.7182 700.0000
1842 1860 0.6262 700.0000
1842 1861 0.7398 700.0000
1842 1864 0.8460 700.0000
1843 1845 0.6481 700.0000
1843 1857 0.6280 700.0000
1843 1858 0.7026 700.0000
1843 1859 0.5150 700.0000
1843 1864 0.8885 700.0000
1844 1846 0.4929 700.0000
1844 1856 0.8280 700.0000
1844 1857 0.6882 700.0000
1844 1858 0.4961 700.0000
1844 1859 0.8258 700.0000
1845 1847 0.8023 700.0000
1845 1855 0.6664 700.0000
1845 1856 0.6478 700.0000
1845 1857 0.5430 700.0000
1845 1858 0.6679 700.0000
1846 1848 0.8762 700.0000
1846 1855 0.8578 700.0000
1846 1856 0.5953 700.0000
1846 1857 0.7817 700.0000
1846 1858 0.5962 700.0000
1847 1849 0.6222 700.0000
1847 1851 0.7058 700.0000
1847 1852 0.5784 700.0000
1847 1853 0.7637 700.0000
1847 1854 0.8429 700.0000
1847 1855 0.5024 700.0000
1847 1856 0.7594 700.0000
1848 1850 0.5547 700.0000
1848 1851 0.4350 700.0000
1848 1852 0.6315 700.0000
1848 1853 0.7439 700.0000
1848 1854 0.5470 700.0000
1848 1855 0.6692 700.0000
1848 1856 0.6364 700.0000
1849 1851 0.6210 700.0000
1849 1852 0.7246 700.0000
1849 1854 0.8923 700.0000
1850 1854 0.8544 700.0000
1851 1853 0.4663 700.0000
1851 1854 0.4260 700.0000
1851 1855 0.7921 700.0000
1852 1854 0.6797 700.0000
1852 1855 0.7663 700.0000
1853 1855 0.6384 700.0000
1854 1856 0.8152 700.0000
1855 1857 0.7761 700.0000
1856 1858 0.5644 700.0000
1857 1859 0.5382 700.0000
1857 1865 0.8802 700.0000
1859 1861 0.6903 700.0000
1859 1862 0.8249 700.0000
1859 1863 0.8619 700.0000
1859 1864 0.5496 700.0000
1859 1865 0.5935 700.0000
1859 1868 0.7864 700.0000
1860 1862 0.8295 700.0000
1860 1863 0.8754 700.0000
1860 1864 0.8446 700.0000
1861 1863 0.4845 700.0000
1861 1864 0.5311 700.0000
1861 1865 0.8032 700.0000
1862 1864 0.7011 700.0000
1862 1865 0.4804 700.0000
1862 1866 0.6347 700.0000
1863 1865 0.7211 700.0000
1863 1866 0.6527 700.0000
1863 1867 0.5599 700.0000
1864 1866 0.6796 700.0000
1864 1867 0.4773 700.0000
1864 1868 0.6619 700.0000
1865 1867 0.8205 700.0000
1865 1868 0.7121 700.0000
1865 1869 0.6535 700.0000
1866 1868 0.6614 700.0000
1866 1869 0.5082 700.0000
1866 1870 0.5865 700.0000
1867 1869 0.7746 700.0000
1867 1870 0.5914 700.0000
1867 1871 0.8446 700.0000
1868 1870 0.6510 700.0000
1868 1871 0.6041 700.0000
1868 1874 0.7099 700.0000
1868 1888 0.7010 700.0000
1869 1871 0.8194 700.0000
1869 1872 0.8952 700.0000
1869 1874 0.8927 700.0000
1869 1888 0.6108 700.0000
1869 1889 0.8485 700.0000
1870 1872 0.7802 700.0000
1871 1873 0.5743 700.0000
1871 1874 0.5270 700.0000
1872 1874 0.8337 700.0000
1873 1875 0.6427 700.0000
1873 1885 0.8069 700.0000
1873 1886 0.8191 700.0000
1874 1876 0.8496 700.0000
1874 1885 0.8064 700.0000
1874 1886 0.4786 700.0000
1874 1887 0.7205 700.0000
1874 1888 0.6398 700.0000
1875 1877 0.6954 700.0000
1875 1883 0.6132 700.0000
1875 1884 0.7667 700.0000
1875 1885 0.5306 700.0000
1875 1886 0.6347 700.0000
1876 1878 0.6637 700.0000
1876 1882 0.7329 700.0000
1876 1883 0.6162 700.0000
1876 1884 0.4956 700.0000
1876 1885 0.8261 700.0000
1876 1886 0.6621 700.0000
1877 1879 0.6741 700.0000
1877 1882 0.5773 700.0000
1877 1883 0.5311 700.0000
1877 1884 0.7010 700.0000
1878 1880 0.6215 700.0000
1878 1881 0.4504 700.0000
1878 1882 0.5847 700.0000
1878 1883 0.8398 700.0000
1878 1884 0.6938 700.0000
1879 1881 0.7926 700.0000
1879 1882 0.7365 700.0000
1880 1882 0.5560 700.0000
1881 1883 0.8795 700.0000
1881 1884 0.7552 700.0000
1882 1884 0.5335 700.0000
1883 1885 0.6606 700.0000
1884 1886 0.7221 700.0000
1885 1887 0.7786 700.0000
1886 1888 0.6674 700.0000
1887 1889 0.6217 700.0000
1951 1953 0.7394 700.0000
1951 1993 0.6664 700.0000
1951 1994 0.5922 700.0000
1951 1995 0.5361 700.0000
1951 1996 0.6690 700.0000
1951 2002 0.7811 700.0000
1951 2023 0.8900 700.0000
1951 2024 0.6678 700.0000
1952 1954 0.5840 700.0000
1952 1992 0.7494 700.0000
1952 1993 0.5888 700.0000
1952 1994 0.4382 700.0000
1952 1995 0.7372 700.0000
1952 1996 0.7173 700.0000
1952 2002 0.6964 700.0000
1952 2005 0.7109 700.0000
1952 2006 0.7184 700.0000
1952 2022 0.7210 700.0000
1952 2023 0.6451 700.0000
1952 2024 0.5775 700.0000
1953 1955 0.5834 700.0000
1953 1991 0.6864 700.0000
1953 1992 0.5426 700.0000
1953 1993 0.5592 700.0000
1953 1994 0.6667 700.0000
1953 2006 0.8498 700.0000
1953 2021 0.7065 700.0000
1953 2022 0.5859 700.0000
1953 2023 0.4086 700.0000
1953 2024 0.6769 700.0000
1954 1956 0.8530 700.0000
1954 1957 0.7788 700.0000
1954 1966 0.7172 700.0000
1954 1991 0.7023 700.0000
1954 1992 0.4643 700.0000
1954 1993 0.6711 700.0000
1954 1994 0.6872 700.0000
1954 2006 0.8732 700.0000
1954 2009 0.7873 700.0000
1954 2015 0.7918 700.0000
1954 2020 0.5700 700.0000
1954 2021 0.5986 700.0000
1954 2022 0.5257 700.0000
1954 2023 0.7484 700.0000
1955 1957 0.7681 700.0000
1955 1990 0.7615 700.0000
1955 1991 0.5787 700.0000
1955 1992 0.7233 700.0000
1955 2020 0.7074 700.0000
1955 2021 0.4191 700.0000
1955 2022 0.6701 700.0000
1955 2023 0.5970 700.0000
1956 1958 0.6717 700.0000
1956 1990 0.6120 700.0000
1956 1991 0.7632 700.0000
1956 2018 0.8873 700.0000
1956 2019 0.6413 700.0000
1956 2020 0.5795 700.0000
1956 2021 0.5495 700.0000
1957 1959 0.6506 700.0000
1957 1960 0.7868 700.0000
1957 1961 0.5493 700.0000
1957 1962 0.8897 700.0000
1957 1966 0.8855 700.0000
1957 1985 0.7440 700.0000
1957 1986 0.8199 700.0000
1957 1987 0.6054 700.0000
1957 1990 0.4539 700.0000
1957 1991 0.5653 700.0000
1957 1992 0.6504 700.0000
1957 2018 0.8351 700.0000
1957 2020 0.6886 700.0000
1958 1960 0.5242 700.0000
1958 1961 0.5984 700.0000
1958 1990 0.7532 700.0000
1958 2018 0.6427 700.0000
1958 2019 0.6703 700.0000
1958 2020 0.7770 700.0000
1959 1961 0.5358 700.0000
1959 1962 0.8009 700.0000
1959 1987 0.6409 700.0000
1959 1990 0.8160 700.0000
1960 1962 0.6916 700.0000
1960 1965 0.7830 700.0000
1960 2018 0.7839 700.0000
1961 1963 0.7689 700.0000
1961 1964 0.8882 700.0000
1961 1965 0.5502 700.0000
1961 1966 0.6871 700.0000
1961 1985 0.8399 700.0000
1961 1987 0.7898 700.0000
1961 2018 0.7209 700.0000
1961 2020 0.8784 700.0000
1962 1964 0.5063 700.0000
1962 1965 0.4005 700.0000
1962 1966 0.6307 700.0000
1962 1967 0.8477 700.0000
1962 1985 0.8168 700.0000
1963 1965 0.6603 700.0000
1963 1966 0.6197 700.0000
1963 1967 0.6326 700.0000
1963 1983 0.6626 700.0000
1963 1985 0.6873 700.0000
1964 1966 0.6767 700.0000
1964 1967 0.5378 700.0000
1964 1968 0.6218 700.0000
1965 1967 0.7461 700.0000
1965 1968 0.6482 700.0000
1965 1969 0.6981 700.0000
1965 2018 0.8613 700.0000
1966 1968 0.6762 700.0000
1966 1969 0.5315 700.0000
1966 1970 0.6529 700.0000
1966 1983 0.6548 700.0000
1966 1985 0.8365 700.0000
1966 1992 0.7476 700.0000
1966 1994 0.8342 700.0000
1966 2020 0.8923 700.0000
1967 1969 0.6711 700.0000
1967 1970 0.5777 700.0000
1967 1971 0.5808 700.0000
1967 1977 0.8905 700.0000
1967 1978 0.5882 700.0000
1967 1981 0.6441 700.0000
1967 1983 0.6244 700.0000
1968 1970 0.6659 700.0000
1968 1971 0.5034 700.0000
1968 1972 0.6070 700.0000
1968 1978 0.8793 700.0000
1969 1971 0.7044 700.0000
1969 1972 0.5545 700.0000
1969 1973 0.6321 700.0000
1969 2009 0.8286 700.0000
1969 2012 0.7456 700.0000
1969 2014 0.6752 700.0000
1969 2015 0.7240 700.0000
1970 1972 0.6248 700.0000
1970 1973 0.5354 700.0000
1970 1974 0.5490 700.0000
1970 1975 0.7625 700.0000
1970 1976 0.7073 700.0000
1970 1977 0.8759 700.0000
1970 1978 0.8752 700.0000
1970 1981 0.6237 700.0000
1970 1983 0.8668 700.0000
1970 1994 0.7463 700.0000
1970 1996 0.8305 700.0000
1970 2005 0.7196 700.0000
1970 2009 0.8430 700.0000
1971 1973 0.7721 700.0000
1971 1974 0.6537 700.0000
1971 1975 0.5969 700.0000
1971 1976 0.5972 700.0000
1971 1977 0.5797 700.0000
1971 1978 0.6666 700.0000
1971 1980 0.8974 700.0000
1971 1981 0.7022 700.0000
1972 1974 0.6842 700.0000
1972 1975 0.6885 700.0000
1972 1976 0.8883 700.0000
1972 2012 0.8307 700.0000
1973 1975 0.7078 700.0000
1973 1976 0.8612 700.0000
1973 2005 0.5793 700.0000
1973 2008 0.6177 700.0000
1973 2009 0.5925 700.0000
1973 2012 0.6460 700.0000
1974 1976 0.4270 700.0000
1974 1977 0.8201 700.0000
1974 1980 0.8986 700.0000
1974 1981 0.8238 700.0000
1974 1996 0.8256 700.0000
1974 2000 0.7556 700.0000
1974 2005 0.6283 700.0000
1974 2008 0.8818 700.0000
1975 1977 0.6656 700.0000
1975 1980 0.8474 700.0000
1976 1978 0.8193 700.0000
1976 1979 0.8640 700.0000
1976 1980 0.5111 700.0000
1976 1981 0.6309 700.0000
1976 1996 0.7821 700.0000
1976 1998 0.6799 700.0000
1976 2000 0.8225 700.0000
1977 1979 0.4887 700.0000
1977 1980 0.4161 700.0000
1977 1981 0.5900 700.0000
1977 1998 0.8452 700.0000
1978 1980 0.6681 700.0000
1978 1981 0.4867 700.0000
1978 1982 0.8023 700.0000
1978 1983 0.8352 700.0000
1979 1981 0.6844 700.0000
1979 1997 0.7857 700.0000
1980 1996 0.7432 700.0000
1980 1997 0.5578 700.0000
1980 1998 0.5008 700.0000
1981 1983 0.6636 700.0000
1981 1994 0.6686 700.0000
1981 1995 0.6580 700.0000
1981 1996 0.5829 700.0000
1981 1997 0.6911 700.0000
1981 1998 0.8769 700.0000
1982 1984 0.6626 700.0000
1982 1993 0.7726 700.0000
1982 1994 0.6741 700.0000
1982 1995 0.4721 700.0000
1982 1996 0.8238 700.0000
1982 1997 0.7146 700.0000
1983 1985 0.6675 700.0000
1983 1992 0.7132 700.0000
1983 1993 0.6024 700.0000
1983 1994 0.5645 700.0000
1983 1995 0.6976 700.0000
1984 1986 0.6028 700.0000
1984 1991 0.8272 700.0000
1984 1992 0.6574 700.0000
1984 1993 0.4895 700.0000
1984 1994 0.7846 700.0000
1984 1995 0.8125 700.0000
1985 1987 0.5251 700.0000
1985 1990 0.8862 700.0000
1985 1991 0.6610 700.0000
1985 1992 0.5624 700.0000
1985 1993 0.7269 700.0000
1986 1988 0.5863 700.0000
1986 1989 0.5612 700.0000
1986 1990 0.7063 700.0000
1986 1991 0.4416 700.0000
1986 1992 0.6064 700.0000
1986 1993 0.7336 700.0000
1987 1989 0.8450 700.0000
1987 1990 0.5807 700.0000
1987 1991 0.7180 700.0000
1987 1992 0.8573 700.0000
1988 1990 0.7198 700.0000
1988 1991 0.8401 700.0000
1989 1991 0.6075 700.0000
1990 1992 0.8290 700.0000
1991 1993 0.6712 700.0000
1992 1994 0.6740 700.0000
1992 2020 0.8765 700.0000
1993 1995 0.6420 700.0000
1994 1996 0.5570 700.0000
1994 2005 0.8685 700.0000
1995 1997 0.6344 700.0000
1996 1998 0.7028 700.0000
1996 1999 0.8222 700.0000
1996 2000 0.5764 700.0000
1996 2002 0.7223 700.0000
1996 2005 0.7939 700.0000
1998 2000 0.6561 700.0000
1999 2001 0.7495 700.0000
1999 2002 0.8494 700.0000
2000 2002 0.5293 700.0000
2000 2003 0.8723 700.0000
2000 2004 0.8410 700.0000
2000 2005 0.7168 700.0000
2001 2003 0.5017 700.0000
2001 2004 0.5056 700.0000
2001 2005 0.7238 700.0000
2001 2006 0.8662 700.0000
2002 2004 0.7929 700.0000
2002 2005 0.5748 700.0000
2002 2006 0.6513 700.0000
2002 2024 0.6435 700.0000
2003 2005 0.7581 700.0000
2003 2006 0.5893 700.0000
2003 2007 0.7315 700.0000
2003 2024 0.6988 700.0000
2004 2006 0.8103 700.0000
2004 2007 0.6507 700.0000
2004 2008 0.5651 700.0000
2005 2007 0.7527 700.0000
2005 2008 0.5664 700.0000
2005 2009 0.5216 700.0000
2005 2010 0.8995 700.0000
2005 2022 0.8360 700.0000
2006 2008 0.6262 700.0000
2006 2009 0.4983 700.0000
2006 2010 0.6160 700.0000
2006 2011 0.8666 700.0000
2006 2022 0.5321 700.0000
2006 2023 0.8477 700.0000
2006 2024 0.7121 700.0000
2007 2009 0.6419 700.0000
2007 2010 0.5139 700.0000
2007 2011 0.5127 700.0000
2007 2022 0.8805 700.0000
2008 2010 0.6491 700.0000
2008 2011 0.5294 700.0000
2008 2012 0.7323 700.0000
2009 2011 0.6680 700.0000
2009 2012 0.5798 700.0000
2009 2014 0.8824 700.0000
2009 2015 0.5897 700.0000
2009 2016 0.8777 700.0000
2009 2020 0.8473 700.0000
2009 2021 0.8870 700.0000
2009 2022 0.5817 700.0000
2010 2012 0.7349 700.0000
2010 2015 0.7040 700.0000
2010 2016 0.6857 700.0000
2010 2021 0.8322 700.0000
2010 2022 0.6160 700.0000
2011 2016 0.8133 700.0000
2012 2014 0.4811 700.0000
2012 2015 0.5305 700.0000
2012 2016 0.6792 700.0000
2013 2015 0.7055 700.0000
2013 2016 0.5412 700.0000
2013 2017 0.5580 700.0000
2013 2018 0.8835 700.0000
2014 2016 0.6450 700.0000
2014 2017 0.5006 700.0000
2014 2018 0.5887 700.0000
2014 2020 0.8208 700.0000
2015 2017 0.7099 700.0000
2015 2018 0.5536 700.0000
2015 2019 0.7773 700.0000
2015 2020 0.4630 700.0000
2015 2021 0.7693 700.0000
2015 2022 0.7467 700.0000
2016 2018 0.7773 700.0000
2016 2019 0.7335 700.0000
2016 2020 0.7793 700.0000
2017 2019 0.7212 700.0000
2017 2020 0.8942 700.0000
2018 2020 0.5125 700.0000
2019 2021 0.7957 700.0000
2020 2022 0.6470 700.0000
2021 2023 0.7156 700.0000
2022 2024 0.8378 700.0000
2030 2032 0.8713 700.0000
2030 2061 0.8883 700.0000
2030 2072 0.6573 700.0000
2030 2073 0.6051 700.0000
2030 2074 0.5320 700.0000
2030 2075 0.6597 700.0000
2030 2081 0.7520 700.0000
2030 2100 0.6978 700.0000
2030 2101 0.5315 700.0000
2030 2102 0.7238 700.0000
2030 2103 0.8449 700.0000
2031 2033 0.6140 700.0000
2031 2049 0.8090 700.0000
2031 2071 0.7198 700.0000
2031 2072 0.6125 700.0000
2031 2073 0.4408 700.0000
2031 2074 0.7848 700.0000
2031 2075 0.6900 700.0000
2031 2081 0.6665 700.0000
2031 2084 0.7765 700.0000
2031 2085 0.7933 700.0000
2031 2098 0.6246 700.0000
2031 2099 0.7160 700.0000
2031 2100 0.6158 700.0000
2031 2101 0.7017 700.0000
2032 2034 0.5262 700.0000
2032 2065 0.7939 700.0000
2032 2068 0.8137 700.0000
2032 2070 0.5813 700.0000
2032 2071 0.5124 700.0000
2032 2072 0.5600 700.0000
2032 2073 0.8406 700.0000
2032 2097 0.8188 700.0000
2032 2098 0.7722 700.0000
2032 2099 0.6049 700.0000
2032 2100 0.7886 700.0000
2032 2101 0.6271 700.0000
2033 2035 0.7395 700.0000
2033 2036 0.6425 700.0000
2033 2045 0.8449 700.0000
2033 2049 0.8519 700.0000
2033 2069 0.8153 700.0000
2033 2070 0.5615 700.0000
2033 2071 0.4044 700.0000
2033 2072 0.6792 700.0000
2033 2073 0.6847 700.0000
2033 2096 0.6418 700.0000
2033 2097 0.5803 700.0000
2033 2098 0.5676 700.0000
2033 2099 0.6929 700.0000
2034 2036 0.6968 700.0000
2034 2068 0.7808 700.0000
2034 2069 0.6523 700.0000
2034 2070 0.5667 700.0000
2034 2071 0.7061 700.0000
2034 2096 0.7421 700.0000
2034 2097 0.4602 700.0000
2034 2098 0.7150 700.0000
2034 2099 0.6399 700.0000
2035 2037 0.7362 700.0000
2035 2069 0.6054 700.0000
2035 2070 0.7935 700.0000
2035 2094 0.6721 700.0000
2035 2095 0.6103 700.0000
2035 2096 0.5807 700.0000
2035 2097 0.5418 700.0000
2036 2038 0.7149 700.0000
2036 2039 0.8042 700.0000
2036 2040 0.6426 700.0000
2036 2045 0.8230 700.0000
2036 2064 0.7180 700.0000
2036 2066 0.8240 700.0000
2036 2069 0.4522 700.0000
2036 2070 0.5788 700.0000
2036 2071 0.7141 700.0000
2036 2091 0.6886 700.0000
2036 2094 0.7742 700.0000
2036 2095 0.8890 700.0000
2036 2096 0.6932 700.0000
2036 2097 0.8465 700.0000
2037 2039 0.5666 700.0000
2037 2040 0.5622 700.0000
2037 2069 0.6929 700.0000
2037 2091 0.6135 700.0000
2037 2092 0.6511 700.0000
2037 2094 0.6307 700.0000
2037 2096 0.8958 700.0000
2038 2040 0.6218 700.0000
2038 2066 0.8765 700.0000
2038 2069 0.7969 700.0000
2038 2092 0.8859 700.0000
2039 2041 0.6098 700.0000
2039 2044 0.8511 700.0000
2039 2064 0.8093 700.0000
2039 2066 0.8605 700.0000
2039 2092 0.8908 700.0000
2040 2042 0.7391 700.0000
2040 2044 0.6624 700.0000
2040 2045 0.6961 700.0000
2040 2064 0.5729 700.0000
2040 2066 0.7608 700.0000
2040 2069 0.8642 700.0000
2040 2091 0.7934 700.0000
2041 2043 0.6430 700.0000
2041 2044 0.4197 700.0000
2041 2045 0.5836 700.0000
2041 2062 0.8988 700.0000
2041 2064 0.6951 700.0000
2042 2044 0.6551 700.0000
2042 2045 0.5890 700.0000
2042 2046 0.7213 700.0000
2042 2061 0.8443 700.0000
2042 2062 0.4791 700.0000
2042 2063 0.7851 700.0000
2042 2064 0.6051 700.0000
2042 2071 0.8814 700.0000
2043 2045 0.7710 700.0000
2043 2046 0.5745 700.0000
2043 2047 0.5507 700.0000
2044 2046 0.6818 700.0000
2044 2047 0.5416 700.0000
2044 2048 0.7029 700.0000
2044 2049 0.8700 700.0000
2044 2091 0.7535 700.0000
2045 2047 0.6848 700.0000
2045 2048 0.6004 700.0000
2045 2049 0.5931 700.0000
2045 2062 0.6863 700.0000
2045 2064 0.7942 700.0000
2045 2071 0.7794 700.0000
2045 2073 0.7548 700.0000
2045 2091 0.7169 700.0000
2046 2048 0.8527 700.0000
2046 2049 0.7176 700.0000
2046 2050 0.4994 700.0000
2046 2057 0.8343 700.0000
2046 2059 0.4963 700.0000
2046 2060 0.7640 700.0000
2046 2061 0.8115 700.0000
2046 2062 0.6546 700.0000
2046 2073 0.8389 700.0000
2047 2049 0.7707 700.0000
2047 2050 0.5346 700.0000
2047 2051 0.7165 700.0000
2047 2059 0.8898 700.0000
2048 2050 0.7927 700.0000
2048 2051 0.6074 700.0000
2048 2054 0.5291 700.0000
2048 2055 0.8727 700.0000
2048 2056 0.8282 700.0000
2048 2089 0.7299 700.0000
2048 2090 0.8656 700.0000
2048 2091 0.6109 700.0000
2048 2096 0.8939 700.0000
2049 2051 0.7458 700.0000
2049 2054 0.6701 700.0000
2049 2055 0.7525 700.0000
2049 2056 0.6513 700.0000
2049 2057 0.6767 700.0000
2049 2059 0.7473 700.0000
2049 2073 0.6308 700.0000
2049 2075 0.7536 700.0000
2049 2080 0.8903 700.0000
2049 2084 0.7123 700.0000
2049 2089 0.8063 700.0000
2050 2052 0.7813 700.0000
2050 2056 0.6587 700.0000
2050 2057 0.4488 700.0000
2050 2058 0.6886 700.0000
2050 2059 0.5283 700.0000
2050 2075 0.8570 700.0000
2051 2053 0.5475 700.0000
2051 2054 0.4594 700.0000
2051 2055 0.6587 700.0000
2051 2056 0.5545 700.0000
2051 2057 0.7265 700.0000
2052 2054 0.5948 700.0000
2052 2055 0.5269 700.0000
2052 2056 0.4513 700.0000
2052 2057 0.6895 700.0000
2053 2055 0.7998 700.0000
2053 2056 0.8594 700.0000
2054 2056 0.5878 700.0000
2054 2057 0.8923 700.0000
2054 2084 0.7611 700.0000
2054 2087 0.7274 700.0000
2054 2089 0.6367 700.0000
2054 2090 0.8689 700.0000
2055 2057 0.6650 700.0000
2055 2080 0.6099 700.0000
2055 2083 0.4971 700.0000
2055 2084 0.5230 700.0000
2055 2086 0.8610 700.0000
2055 2087 0.6619 700.0000
2055 2089 0.8703 700.0000
2056 2059 0.8969 700.0000
2056 2075 0.8041 700.0000
2056 2080 0.5467 700.0000
2056 2083 0.6905 700.0000
2056 2084 0.6683 700.0000
2057 2059 0.5695 700.0000
2057 2075 0.5861 700.0000
2057 2076 0.8261 700.0000
2057 2077 0.7541 700.0000
2057 2080 0.5741 700.0000
2057 2084 0.8824 700.0000
2058 2060 0.6671 700.0000
2058 2075 0.7881 700.0000
2058 2076 0.4554 700.0000
2058 2077 0.8057 700.0000
2059 2061 0.6534 700.0000
2059 2062 0.7362 700.0000
2059 2073 0.6973 700.0000
2059 2074 0.6489 700.0000
2059 2075 0.5225 700.0000
2059 2076 0.6269 700.0000
2060 2062 0.7155 700.0000
2060 2073 0.7907 700.0000
2060 2074 0.4493 700.0000
2060 2075 0.6541 700.0000
2060 2076 0.5171 700.0000
2061 2063 0.6722 700.0000
2061 2072 0.7335 700.0000
2061 2073 0.6490 700.0000
2061 2074 0.4641 700.0000
2061 2075 0.8363 700.0000
2062 2064 0.7997 700.0000
2062 2071 0.7262 700.0000
2062 2072 0.6429 700.0000
2062 2073 0.5647 700.0000
2062 2074 0.7509 700.0000
2063 2065 0.5415 700.0000
2063 2070 0.8220 700.0000
2063 2071 0.6300 700.0000
2063 2072 0.4604 700.0000
2063 2073 0.7990 700.0000
2064 2066 0.4501 700.0000
2064 2067 0.8771 700.0000
2064 2068 0.8438 700.0000
2064 2069 0.7143 700.0000
2064 2070 0.5670 700.0000
2064 2071 0.6105 700.0000
2064 2072 0.8660 700.0000
2065 2067 0.7263 700.0000
2065 2068 0.5299 700.0000
2065 2069 0.7410 700.0000
2065 2070 0.4411 700.0000
2065 2071 0.5612 700.0000
2065 2072 0.6834 700.0000
2066 2068 0.6505 700.0000
2066 2069 0.5865 700.0000
2066 2070 0.6497 700.0000
2067 2069 0.7592 700.0000
2067 2070 0.8619 700.0000
2068 2070 0.4774 700.0000
2068 2071 0.8257 700.0000
2069 2071 0.7760 700.0000
2070 2072 0.7136 700.0000
2071 2073 0.6007 700.0000
2072 2074 0.7637 700.0000
2072 2101 0.6486 700.0000
2073 2075 0.5867 700.0000
2074 2076 0.6777 700.0000
2075 2077 0.6579 700.0000
2075 2080 0.5692 700.0000
2075 2081 0.6714 700.0000
2075 2084 0.8537 700.0000
2077 2079 0.4977 700.0000
2077 2080 0.5309 700.0000
2077 2081 0.8143 700.0000
2078 2080 0.7599 700.0000
2078 2081 0.6189 700.0000
2078 2082 0.6358 700.0000
2079 2081 0.7766 700.0000
2079 2082 0.6313 700.0000
2079 2083 0.7793 700.0000
2080 2082 0.6229 700.0000
2080 2083 0.5181 700.0000
2080 2084 0.5897 700.0000
2081 2083 0.6388 700.0000
2081 2084 0.5490 700.0000
2081 2085 0.5727 700.0000
2081 2098 0.8881 700.0000
2081 2100 0.7586 700.0000
2082 2084 0.6928 700.0000
2082 2085 0.6335 700.0000
2082 2086 0.7484 700.0000
2083 2085 0.7054 700.0000
2083 2086 0.5637 700.0000
2083 2087 0.6215 700.0000
2084 2086 0.6109 700.0000
2084 2087 0.5136 700.0000
2084 2089 0.7145 700.0000
2084 2098 0.6969 700.0000
2085 2087 0.6761 700.0000
2085 2098 0.5350 700.0000
2085 2099 0.7241 700.0000
2085 2100 0.7035 700.0000
2086 2088 0.7132 700.0000
2086 2089 0.8815 700.0000
2087 2089 0.5483 700.0000
2087 2098 0.8588 700.0000
2088 2090 0.7242 700.0000
2088 2095 0.8582 700.0000
2088 2096 0.8529 700.0000
2089 2091 0.8133 700.0000
2089 2095 0.7335 700.0000
2089 2096 0.4838 700.0000
2089 2097 0.7912 700.0000
2089 2098 0.7419 700.0000
2090 2092 0.7688 700.0000
2090 2093 0.6867 700.0000
2090 2094 0.6643 700.0000
2090 2095 0.5366 700.0000
2090 2096 0.5983 700.0000
2091 2093 0.8100 700.0000
2091 2094 0.6798 700.0000
2091 2095 0.8334 700.0000
2091 2096 0.6879 700.0000
2092 2094 0.6342 700.0000
2093 2095 0.8417 700.0000
2094 2096 0.6909 700.0000
2095 2097 0.6888 700.0000
2096 2098 0.6442 700.0000
2097 2099 0.5631 700.0000
2098 2100 0.7156 700.0000
2099 2101 0.8981 700.0000
2100 2102 0.5640 700.0000
2101 2103 0.5476 700.0000
2101 2104 0.8288 700.0000
2101 2105 0.7402 700.0000
2102 2104 0.6677 700.0000
2102 2105 0.5952 700.0000
2103 2105 0.5621 700.0000
2123 2125 0.6330 700.0000
2123 2165 0.7990 700.0000
2123 2166 0.6496 700.0000
2123 2167 0.3981 700.0000
2123 2168 0.8040 700.0000
2123 2169 0.8894 700.0000
2123 2184 0.7820 700.0000
2123 2185 0.5557 700.0000
2123 2188 0.7507 700.0000
2123 2189 0.7613 700.0000
2124 2126 0.7650 700.0000
2124 2164 0.5442 700.0000
2124 2165 0.6048 700.0000
2124 2166 0.5288 700.0000
2124 2167 0.7160 700.0000
2125 2127 0.7379 700.0000
2125 2163 0.8566 700.0000
2125 2164 0.7329 700.0000
2125 2165 0.5600 700.0000
2125 2166 0.7877 700.0000
2125 2167 0.7221 700.0000
2125 2189 0.6741 700.0000
2125 2192 0.7028 700.0000
2125 2193 0.8436 700.0000
2125 2196 0.8952 700.0000
2126 2128 0.6927 700.0000
2126 2162 0.8787 700.0000
2126 2163 0.5516 700.0000
2126 2164 0.5929 700.0000
2126 2165 0.6845 700.0000
2126 2196 0.7741 700.0000
2127 2129 0.7312 700.0000
2127 2130 0.8376 700.0000
2127 2131 0.6037 700.0000
2127 2132 0.6730 700.0000
2127 2135 0.8899 700.0000
2127 2158 0.8763 700.0000
2127 2162 0.8269 700.0000
2127 2163 0.4426 700.0000
2127 2164 0.7377 700.0000
2127 2165 0.7104 700.0000
2127 2192 0.8884 700.0000
2127 2196 0.6109 700.0000
2128 2130 0.5703 700.0000
2128 2131 0.5394 700.0000
2128 2132 0.8307 700.0000
2128 2163 0.7206 700.0000
2128 2196 0.6876 700.0000
2129 2131 0.6993 700.0000
2129 2132 0.5473 700.0000
2129 2133 0.5461 700.0000
2129 2162 0.7465 700.0000
2129 2163 0.6401 700.0000
2130 2132 0.7067 700.0000
2130 2133 0.5040 700.0000
2130 2134 0.7688 700.0000
2131 2133 0.7087 700.0000
2131 2134 0.5629 700.0000
2131 2135 0.5725 700.0000
2131 2163 0.8642 700.0000
2131 2196 0.7593 700.0000
2132 2134 0.8570 700.0000
2132 2135 0.6508 700.0000
2132 2136 0.5123 700.0000
2132 2158 0.7564 700.0000
2132 2159 0.6680 700.0000
2132 2160 0.8572 700.0000
2132 2161 0.8022 700.0000
2132 2162 0.6061 700.0000
2132 2163 0.5159 700.0000
2132 2164 0.8798 700.0000
2133 2135 0.7765 700.0000
2133 2136 0.6183 700.0000
2133 2137 0.6789 700.0000
2134 2136 0.7798 700.0000
2134 2137 0.6017 700.0000
2134 2138 0.5496 700.0000
2134 2141 0.7625 700.0000
2135 2137 0.7326 700.0000
2135 2138 0.6110 700.0000
2135 2139 0.7252 700.0000
2135 2140 0.8253 700.0000
2135 2141 0.5701 700.0000
2135 2142 0.5742 700.0000
2135 2145 0.8566 700.0000
2135 2158 0.8087 700.0000
2136 2138 0.7999 700.0000
2136 2139 0.6698 700.0000
2136 2142 0.7820 700.0000
2136 2158 0.8041 700.0000
2136 2159 0.8602 700.0000
2136 2160 0.7996 700.0000
2137 2139 0.7857 700.0000
2138 2140 0.5146 700.0000
2138 2141 0.5767 700.0000
2138 2142 0.8230 700.0000
2139 2141 0.6771 700.0000
2139 2142 0.5326 700.0000
2139 2143 0.6232 700.0000
2140 2142 0.6763 700.0000
2140 2143 0.6145 700.0000
2140 2144 0.5910 700.0000
2141 2143 0.6904 700.0000
2141 2144 0.4762 700.0000
2141 2145 0.6451 700.0000
2142 2144 0.6872 700.0000
2142 2145 0.5396 700.0000
2142 2146 0.5760 700.0000
2142 2156 0.8463 700.0000
2142 2158 0.6079 700.0000
2143 2145 0.7408 700.0000
2143 2146 0.5915 700.0000
2143 2147 0.6537 700.0000
2144 2146 0.7446 700.0000
2144 2147 0.6402 700.0000
2144 2148 0.7191 700.0000
2145 2147 0.6737 700.0000
2145 2148 0.5594 700.0000
2145 2149 0.6263 700.0000
2145 2150 0.8842 700.0000
2145 2156 0.7661 700.0000
2145 2158 0.8223 700.0000
2145 2192 0.7612 700.0000
2145 2195 0.6416 700.0000
2146 2148 0.7538 700.0000
2146 2149 0.6263 700.0000
2146 2150 0.5392 700.0000
2146 2154 0.7812 700.0000
2146 2155 0.8091 700.0000
2146 2156 0.5184 700.0000
2146 2158 0.7494 700.0000
2147 2149 0.7508 700.0000
2147 2150 0.4426 700.0000
2147 2151 0.6436 700.0000
2148 2150 0.8272 700.0000
2148 2151 0.5439 700.0000
2148 2152 0.7620 700.0000
2148 2191 0.7044 700.0000
2148 2192 0.8637 700.0000
2148 2195 0.6909 700.0000
2149 2151 0.7175 700.0000
2149 2152 0.4922 700.0000
2149 2153 0.8532 700.0000
2149 2154 0.4790 700.0000
2149 2155 0.8798 700.0000
2149 2156 0.6683 700.0000
2149 2167 0.8215 700.0000
2149 2188 0.6311 700.0000
2149 2191 0.6070 700.0000
2149 2192 0.6575 700.0000
2149 2195 0.8250 700.0000
2150 2152 0.8128 700.0000
2150 2153 0.8061 700.0000
2150 2154 0.6145 700.0000
2150 2155 0.6725 700.0000
2150 2156 0.7827 700.0000
2150 2170 0.8914 700.0000
2151 2153 0.8187 700.0000
2152 2154 0.5173 700.0000
2152 2173 0.8791 700.0000
2152 2180 0.8707 700.0000
2152 2184 0.7013 700.0000
2152 2187 0.7178 700.0000
2152 2188 0.5967 700.0000
2152 2191 0.7154 700.0000
2153 2155 0.8940 700.0000
2153 2169 0.7970 700.0000
2153 2170 0.5572 700.0000
2153 2171 0.7532 700.0000
2153 2172 0.4868 700.0000
2153 2173 0.4914 700.0000
2153 2174 0.8826 700.0000
2153 2175 0.8493 700.0000
2153 2176 0.6600 700.0000
2153 2180 0.7876 700.0000
2153 2184 0.7393 700.0000
2154 2156 0.6130 700.0000
2154 2167 0.6472 700.0000
2154 2168 0.8089 700.0000
2154 2169 0.6379 700.0000
2154 2170 0.6121 700.0000
2154 2172 0.8935 700.0000
2154 2173 0.8730 700.0000
2154 2184 0.6866 700.0000
2154 2188 0.6852 700.0000
2155 2157 0.7423 700.0000
2155 2166 0.8655 700.0000
2155 2167 0.7546 700.0000
2155 2168 0.5403 700.0000
2155 2169 0.6183 700.0000
2155 2170 0.5767 700.0000
2155 2171 0.8733 700.0000
2156 2158 0.5626 700.0000
2156 2165 0.6316 700.0000
2156 2166 0.6180 700.0000
2156 2167 0.5831 700.0000
2156 2168 0.7366 700.0000
2157 2159 0.7094 700.0000
2157 2164 0.8975 700.0000
2157 2165 0.5912 700.0000
2157 2166 0.4124 700.0000
2157 2167 0.7243 700.0000
2157 2168 0.6392 700.0000
2158 2160 0.8871 700.0000
2158 2162 0.9000 700.0000
2158 2163 0.7871 700.0000
2158 2164 0.8625 700.0000
2158 2165 0.5239 700.0000
2158 2166 0.7468 700.0000
2159 2161 0.5679 700.0000
2159 2162 0.4178 700.0000
2159 2163 0.5962 700.0000
2159 2164 0.5819 700.0000
2159 2165 0.7040 700.0000
2159 2166 0.8297 700.0000
2160 2162 0.7502 700.0000
2161 2163 0.8377 700.0000
2161 2164 0.8972 700.0000
2162 2164 0.4651 700.0000
2162 2165 0.8387 700.0000
2163 2165 0.6433 700.0000
2164 2166 0.7182 700.0000
2165 2167 0.6205 700.0000
2165 2192 0.8278 700.0000
2166 2168 0.5616 700.0000
2167 2169 0.7312 700.0000
2167 2184 0.7697 700.0000
2167 2185 0.8023 700.0000
2167 2188 0.6916 700.0000
2167 2189 0.8371 700.0000
2167 2192 0.8672 700.0000
2168 2170 0.8139 700.0000
2169 2171 0.6966 700.0000
2169 2172 0.8527 700.0000
2169 2173 0.6788 700.0000
2169 2184 0.6319 700.0000
2170 2172 0.4725 700.0000
2170 2173 0.5330 700.0000
2170 2174 0.7915 700.0000
2170 2184 0.8201 700.0000
2171 2173 0.5884 700.0000
2171 2174 0.5867 700.0000
2171 2175 0.7436 700.0000
2172 2174 0.6053 700.0000
2172 2175 0.5548 700.0000
2172 2176 0.7162 700.0000
2173 2175 0.6398 700.0000
2173 2176 0.5668 700.0000
2173 2177 0.6560 700.0000
2173 2180 0.7342 700.0000
2173 2181 0.5624 700.0000
2173 2184 0.6912 700.0000
2174 2176 0.6899 700.0000
2174 2177 0.6336 700.0000
2174 2178 0.8976 700.0000
2174 2181 0.7674 700.0000
2175 2177 0.6867 700.0000
2176 2179 0.8209 700.0000
2176 2180 0.4720 700.0000
2176 2181 0.7953 700.0000
2177 2179 0.4967 700.0000
2177 2180 0.5709 700.0000
2177 2181 0.5456 700.0000
2178 2181 0.6698 700.0000
2178 2182 0.8328 700.0000
2179 2181 0.5897 700.0000
2179 2182 0.6040 700.0000
2179 2183 0.6886 700.0000
2180 2183 0.6660 700.0000
2180 2184 0.8596 700.0000
2180 2187 0.8160 700.0000
2181 2183 0.6555 700.0000
2181 2184 0.6517 700.0000
2183 2185 0.7225 700.0000
2183 2186 0.5653 700.0000
2183 2187 0.5040 700.0000
2183 2188 0.8474 700.0000
2184 2186 0.6872 700.0000
2184 2187 0.6505 700.0000
2184 2188 0.5271 700.0000
2184 2189 0.8853 700.0000
2185 2187 0.7384 700.0000
2185 2188 0.6233 700.0000
2185 2189 0.6854 700.0000
2186 2188 0.5250 700.0000
2186 2189 0.5152 700.0000
2186 2190 0.5745 700.0000
2186 2191 0.8367 700.0000
2187 2189 0.6837 700.0000
2187 2190 0.5869 700.0000
2187 2191 0.6928 700.0000
2188 2190 0.6040 700.0000
2188 2191 0.5462 700.0000
2188 2192 0.6722 700.0000
2188 2193 0.8819 700.0000
2189 2191 0.5903 700.0000
2189 2192 0.5473 700.0000
2189 2193 0.5726 700.0000
2189 2194 0.8850 700.0000
2190 2192 0.6734 700.0000
2190 2193 0.5256 700.0000
2190 2194 0.6621 700.0000
2191 2193 0.5889 700.0000
2191 2194 0.5455 700.0000
2191 2195 0.6239 700.0000
2192 2194 0.6389 700.0000
2192 2195 0.5103 700.0000
2192 2196 0.6842 700.0000
2193 2195 0.5954 700.0000
2193 2196 0.5427 700.0000
2193 2197 0.6661 700.0000
2194 2196 0.7522 700.0000
2194 2197 0.5114 700.0000
2194 2198 0.6146 700.0000
2195 2197 0.6198 700.0000
2195 2198 0.5115 700.0000
2196 2198 0.8264 700.0000
2199 2237 0.8327 700.0000
2199 2238 0.5091 700.0000
2199 2239 0.5169 700.0000
2199 2240 0.6692 700.0000
2200 2202 0.6067 700.0000
2200 2236 0.7790 700.0000
2200 2237 0.6975 700.0000
2200 2238 0.5707 700.0000
2200 2239 0.8421 700.0000
2200 2240 0.4624 700.0000
2200 2243 0.5657 700.0000
2200 2244 0.7819 700.0000
2201 2203 0.7001 700.0000
2201 2235 0.7183 700.0000
2201 2236 0.6448 700.0000
2201 2237 0.5625 700.0000
2201 2238 0.6771 700.0000
2201 2240 0.8769 700.0000
2201 2243 0.7756 700.0000
2202 2204 0.6420 700.0000
2202 2234 0.7954 700.0000
2202 2235 0.6687 700.0000
2202 2236 0.4896 700.0000
2202 2237 0.7720 700.0000
2202 2243 0.6600 700.0000
2202 2244 0.8800 700.0000
2202 2247 0.6801 700.0000
2203 2205 0.8459 700.0000
2203 2233 0.5827 700.0000
2203 2234 0.6350 700.0000
2203 2235 0.5733 700.0000
2203 2236 0.6528 700.0000
2203 2247 0.8605 700.0000
2204 2206 0.6491 700.0000
2204 2233 0.5718 700.0000
2204 2234 0.4307 700.0000
2204 2235 0.7131 700.0000
2204 2236 0.6992 700.0000
2204 2247 0.6711 700.0000
2204 2250 0.7499 700.0000
2204 2251 0.7540 700.0000
2205 2207 0.7930 700.0000
2205 2231 0.8565 700.0000
2205 2232 0.5534 700.0000
2205 2233 0.5185 700.0000
2205 2234 0.7957 700.0000
2206 2208 0.6284 700.0000
2206 2209 0.8656 700.0000
2206 2210 0.7291 700.0000
2206 2211 0.6272 700.0000
2206 2227 0.7166 700.0000
2206 2232 0.5944 700.0000
2206 2233 0.6724 700.0000
2206 2234 0.6461 700.0000
2206 2250 0.8547 700.0000
2206 2254 0.8546 700.0000
2207 2209 0.4721 700.0000
2207 2210 0.5450 700.0000
2207 2211 0.7879 700.0000
2207 2212 0.8733 700.0000
2207 2232 0.6372 700.0000
2208 2210 0.6868 700.0000
2208 2211 0.6792 700.0000
2208 2212 0.6546 700.0000
2208 2227 0.7193 700.0000
2208 2229 0.7535 700.0000
2208 2232 0.6340 700.0000
2209 2211 0.8106 700.0000
2209 2212 0.5804 700.0000
2209 2213 0.6909 700.0000
2210 2212 0.7212 700.0000
2210 2213 0.5282 700.0000
2210 2214 0.5958 700.0000
2210 2253 0.8602 700.0000
2210 2254 0.5569 700.0000
2210 2257 0.7901 700.0000
2211 2213 0.7173 700.0000
2211 2214 0.5153 700.0000
2211 2215 0.4694 700.0000
2211 2216 0.8443 700.0000
2211 2218 0.7311 700.0000
2211 2225 0.8913 700.0000
2211 2227 0.5816 700.0000
2211 2234 0.7092 700.0000
2211 2250 0.8257 700.0000
2212 2214 0.7071 700.0000
2212 2215 0.4989 700.0000
2212 2216 0.8236 700.0000
2212 2227 0.8908 700.0000
2213 2215 0.6309 700.0000
2213 2216 0.7454 700.0000
2213 2217 0.8087 700.0000
2213 2253 0.8636 700.0000
2213 2254 0.8657 700.0000
2213 2257 0.7453 700.0000
2214 2216 0.6611 700.0000
2214 2217 0.5483 700.0000
2214 2218 0.6179 700.0000
2214 2250 0.7256 700.0000
2214 2253 0.5430 700.0000
2214 2254 0.6714 700.0000
2214 2257 0.8985 700.0000
2215 2217 0.7175 700.0000
2215 2218 0.6649 700.0000
2215 2219 0.7574 700.0000
2215 2227 0.8954 700.0000
2216 2218 0.6615 700.0000
2216 2219 0.5771 700.0000
2217 2219 0.6475 700.0000
2217 2249 0.8951 700.0000
2217 2253 0.6404 700.0000
2218 2220 0.7381 700.0000
2218 2225 0.7272 700.0000
2218 2246 0.7574 700.0000
2218 2249 0.6979 700.0000
2218 2250 0.6396 700.0000
2218 2253 0.7845 700.0000
2219 2221 0.7463 700.0000
2219 2225 0.8139 700.0000
2220 2222 0.4441 700.0000
2220 2223 0.5178 700.0000
2220 2224 0.8989 700.0000
2220 2225 0.7555 700.0000
2220 2242 0.7907 700.0000
2220 2245 0.8998 700.0000
2220 2246 0.6523 700.0000
2221 2223 0.6670 700.0000
2221 2225 0.8966 700.0000
2222 2238 0.8846 700.0000
2222 2239 0.7770 700.0000
2222 2242 0.4737 700.0000
2222 2243 0.8487 700.0000
2222 2245 0.8324 700.0000
2222 2246 0.7718 700.0000
2223 2225 0.5803 700.0000
2223 2236 0.6377 700.0000
2223 2237 0.5109 700.0000
2223 2238 0.6040 700.0000
2223 2239 0.8115 700.0000
2223 2242 0.6325 700.0000
2223 2243 0.6427 700.0000
2223 2246 0.6962 700.0000
2224 2226 0.6028 700.0000
2224 2235 0.6817 700.0000
2224 2236 0.6259 700.0000
2224 2237 0.4145 700.0000
2224 2238 0.7320 700.0000
2225 2227 0.8602 700.0000
2225 2234 0.6797 700.0000
2225 2235 0.6626 700.0000
2225 2236 0.5876 700.0000
2225 2237 0.7172 700.0000
2225 2246 0.8480 700.0000
2226 2228 0.6859 700.0000
2226 2234 0.6983 700.0000
2226 2235 0.4820 700.0000
2226 2236 0.8114 700.0000
2226 2237 0.8552 700.0000
2227 2229 0.5310 700.0000
2227 2230 0.8781 700.0000
2227 2231 0.8560 700.0000
2227 2232 0.7424 700.0000
2227 2233 0.6850 700.0000
2227 2234 0.5492 700.0000
2227 2235 0.7523 700.0000
2228 2230 0.5157 700.0000
2228 2231 0.4367 700.0000
2228 2232 0.6977 700.0000
2228 2233 0.5438 700.0000
2228 2234 0.7403 700.0000
2228 2235 0.7209 700.0000
2229 2231 0.6978 700.0000
2229 2232 0.6517 700.0000
2229 2233 0.8405 700.0000
2230 2232 0.7174 700.0000
2230 2233 0.8744 700.0000
2231 2233 0.4858 700.0000
2233 2235 0.6654 700.0000
2234 2236 0.6020 700.0000
2234 2250 0.8302 700.0000
2235 2237 0.6816 700.0000
2236 2238 0.7476 700.0000
2236 2243 0.5405 700.0000
2236 2246 0.7143 700.0000
2236 2247 0.7320 700.0000
2237 2239 0.8345 700.0000
2237 2240 0.8831 700.0000
2237 2242 0.8682 700.0000
2237 2243 0.6316 700.0000
2238 2240 0.5770 700.0000
2238 2241 0.8800 700.0000
2238 2242 0.6560 700.0000
2238 2243 0.5750 700.0000
2239 2241 0.6129 700.0000
2239 2242 0.5249 700.0000
2239 2243 0.7757 700.0000
2240 2242 0.6285 700.0000
2240 2243 0.5681 700.0000
2240 2244 0.6660 700.0000
2241 2243 0.7493 700.0000
2241 2244 0.6760 700.0000
2241 2245 0.8131 700.0000
2242 2244 0.7436 700.0000
2242 2245 0.6120 700.0000
2242 2246 0.7017 700.0000
2243 2245 0.6243 700.0000
2243 2246 0.5798 700.0000
2243 2247 0.6633 700.0000
2244 2246 0.7731 700.0000
2244 2247 0.6164 700.0000
2244 2248 0.8085 700.0000
2245 2247 0.6702 700.0000
2245 2248 0.5944 700.0000
2245 2249 0.6436 700.0000
2246 2248 0.6337 700.0000
2246 2249 0.5088 700.0000
2246 2250 0.6976 700.0000
2247 2249 0.7898 700.0000
2247 2250 0.6843 700.0000
2247 2251 0.6029 700.0000
2248 2250 0.6269 700.0000
2248 2251 0.5485 700.0000
2248 2252 0.6397 700.0000
2249 2251 0.8276 700.0000
2249 2252 0.6217 700.0000
2249 2253 0.7494 700.0000
2250 2252 0.6756 700.0000
2250 2253 0.6157 700.0000
2250 2254 0.7312 700.0000
2251 2254 0.8161 700.0000
2252 2254 0.7605 700.0000
2252 2255 0.7380 700.0000
2253 2255 0.7527 700.0000
2253 2256 0.6493 700.0000
2253 2257 0.8277 700.0000
2254 2256 0.7019 700.0000
2254 2257 0.7708 700.0000
2255 2257 0.8061 700.0000
2255 2258 0.8508 700.0000
2256 2258 0.6495 700.0000
2256 2259 0.7455 700.0000
2257 2259 0.7295 700.0000
2257 2260 0.8250 700.0000
2258 2260 0.8206 700.0000
2259 2261 0.8580 700.0000
2268 2270 0.7506 700.0000
2268 2312 0.6327 700.0000
2268 2313 0.6666 700.0000
2268 2315 0.8962 700.0000
2269 2271 0.6200 700.0000
2269 2301 0.8163 700.0000
2269 2310 0.5892 700.0000
2269 2311 0.7288 700.0000
2269 2312 0.5843 700.0000
2269 2313 0.8671 700.0000
2270 2272 0.6865 700.0000
2270 2309 0.8618 700.0000
2270 2310 0.7099 700.0000
2270 2311 0.5517 700.0000
2270 2312 0.8891 700.0000
2270 2313 0.8856 700.0000
2270 2315 0.8978 700.0000
2270 2318 0.6664 700.0000
2270 2319 0.7493 700.0000
2270 2322 0.7212 700.0000
2271 2273 0.7808 700.0000
2271 2301 0.8985 700.0000
2271 2303 0.8577 700.0000
2271 2306 0.8241 700.0000
2271 2308 0.4967 700.0000
2271 2309 0.6943 700.0000
2271 2310 0.5255 700.0000
2271 2311 0.7493 700.0000
2272 2274 0.5986 700.0000
2272 2308 0.6587 700.0000
2272 2309 0.4612 700.0000
2272 2310 0.7052 700.0000
2272 2311 0.6829 700.0000
2272 2321 0.8846 700.0000
2272 2322 0.5623 700.0000
2272 2325 0.7348 700.0000
2272 2326 0.7020 700.0000
2273 2275 0.7513 700.0000
2273 2306 0.8220 700.0000
2273 2307 0.6364 700.0000
2273 2308 0.5145 700.0000
2273 2309 0.7664 700.0000
2274 2276 0.6671 700.0000
2274 2277 0.7712 700.0000
2274 2278 0.5961 700.0000
2274 2279 0.6711 700.0000
2274 2282 0.8708 700.0000
2274 2302 0.6659 700.0000
2274 2307 0.6175 700.0000
2274 2308 0.6638 700.0000
2274 2309 0.5727 700.0000
2274 2325 0.8510 700.0000
2274 2329 0.7655 700.0000
2275 2277 0.4650 700.0000
2275 2278 0.4461 700.0000
2275 2279 0.7398 700.0000
2275 2302 0.7968 700.0000
2275 2307 0.5662 700.0000
2275 2329 0.8787 700.0000
2276 2278 0.7209 700.0000
2276 2279 0.6396 700.0000
2276 2280 0.7547 700.0000
2276 2302 0.6693 700.0000
2276 2304 0.7060 700.0000
2276 2307 0.5997 700.0000
2277 2279 0.6557 700.0000
2277 2280 0.5204 700.0000
2277 2281 0.5799 700.0000
2277 2282 0.8079 700.0000
2278 2281 0.7133 700.0000
2278 2282 0.7946 700.0000
2278 2329 0.5127 700.0000
2278 2330 0.8766 700.0000
2279 2281 0.7535 700.0000
2279 2282 0.5506 700.0000
2279 2283 0.5120 700.0000
2279 2284 0.8784 700.0000
2279 2288 0.8326 700.0000
2279 2300 0.8860 700.0000
2279 2302 0.4982 700.0000
2279 2304 0.8076 700.0000
2279 2309 0.6957 700.0000
2280 2282 0.7320 700.0000
2280 2283 0.5772 700.0000
2280 2284 0.5249 700.0000
2281 2283 0.6562 700.0000
2281 2284 0.5817 700.0000
2281 2285 0.6553 700.0000
2281 2328 0.8699 700.0000
2281 2329 0.8951 700.0000
2282 2284 0.7154 700.0000
2282 2285 0.5016 700.0000
2282 2286 0.8338 700.0000
2282 2287 0.6337 700.0000
2282 2288 0.5869 700.0000
2282 2325 0.6875 700.0000
2282 2328 0.7142 700.0000
2282 2329 0.7764 700.0000
2283 2285 0.5766 700.0000
2283 2286 0.8857 700.0000
2283 2287 0.8671 700.0000
2283 2288 0.6059 700.0000
2283 2289 0.8194 700.0000
2284 2286 0.8803 700.0000
2285 2287 0.5282 700.0000
2285 2288 0.6100 700.0000
2285 2289 0.7126 700.0000
2285 2328 0.8210 700.0000
2286 2288 0.6578 700.0000
2286 2289 0.5467 700.0000
2286 2290 0.6384 700.0000
2286 2291 0.8648 700.0000
2287 2289 0.6602 700.0000
2287 2290 0.5823 700.0000
2287 2291 0.5618 700.0000
2287 2292 0.8913 700.0000
2287 2321 0.8488 700.0000
2287 2324 0.6541 700.0000
2287 2325 0.6843 700.0000
2287 2328 0.7179 700.0000
2288 2290 0.7545 700.0000
2288 2291 0.5497 700.0000
2288 2292 0.6318 700.0000
2288 2300 0.7059 700.0000
2288 2321 0.8772 700.0000
2288 2325 0.7795 700.0000
2289 2291 0.6902 700.0000
2289 2292 0.5682 700.0000
2289 2293 0.6876 700.0000
2290 2292 0.7276 700.0000
2290 2293 0.5493 700.0000
2290 2294 0.5066 700.0000
2290 2295 0.8241 700.0000
2290 2324 0.8498 700.0000
2291 2293 0.6533 700.0000
2291 2294 0.5554 700.0000
2291 2295 0.5454 700.0000
2291 2296 0.8749 700.0000
2291 2298 0.7478 700.0000
2291 2300 0.8515 700.0000
2291 2317 0.8435 700.0000
2291 2320 0.6927 700.0000
2291 2321 0.6015 700.0000
2291 2324 0.6819 700.0000
2291 2325 0.8370 700.0000
2292 2294 0.7550 700.0000
2292 2295 0.5811 700.0000
2292 2296 0.5935 700.0000
2292 2298 0.6087 700.0000
2292 2300 0.7194 700.0000
2293 2295 0.6370 700.0000
2293 2296 0.6397 700.0000
2294 2296 0.7847 700.0000
2294 2317 0.8500 700.0000
2294 2320 0.7518 700.0000
2295 2297 0.6835 700.0000
2295 2298 0.5472 700.0000
2295 2314 0.8152 700.0000
2295 2316 0.8546 700.0000
2295 2317 0.4925 700.0000
2295 2318 0.8650 700.0000
2295 2320 0.7186 700.0000
2295 2321 0.8073 700.0000
2296 2298 0.6188 700.0000
2296 2317 0.8252 700.0000
2297 2299 0.8133 700.0000
2297 2313 0.6920 700.0000
2297 2314 0.5977 700.0000
2297 2317 0.7498 700.0000
2298 2300 0.5686 700.0000
2298 2311 0.6668 700.0000
2298 2312 0.6755 700.0000
2298 2313 0.6057 700.0000
2298 2314 0.6799 700.0000
2298 2317 0.6317 700.0000
2298 2318 0.6906 700.0000
2298 2321 0.8208 700.0000
2299 2301 0.6632 700.0000
2299 2310 0.8316 700.0000
2299 2311 0.7359 700.0000
2299 2312 0.3888 700.0000
2299 2313 0.6785 700.0000
2300 2302 0.8907 700.0000
2300 2309 0.6737 700.0000
2300 2310 0.6789 700.0000
2300 2311 0.5828 700.0000
2300 2312 0.7939 700.0000
2300 2321 0.8988 700.0000
2301 2303 0.7170 700.0000
2301 2308 0.8997 700.0000
2301 2309 0.5805 700.0000
2301 2310 0.3823 700.0000
2301 2311 0.6621 700.0000
2301 2312 0.7526 700.0000
2302 2304 0.5176 700.0000
2302 2305 0.8321 700.0000
2302 2306 0.7726 700.0000
2302 2307 0.6849 700.0000
2302 2308 0.6770 700.0000
2302 2309 0.5394 700.0000
2302 2310 0.7087 700.0000
2303 2305 0.4986 700.0000
2303 2306 0.4366 700.0000
2303 2307 0.6765 700.0000
2303 2308 0.5503 700.0000
2303 2309 0.7751 700.0000
2303 2310 0.6999 700.0000
2304 2306 0.8685 700.0000
2304 2307 0.8167 700.0000
2305 2307 0.6386 700.0000
2305 2308 0.8118 700.0000
2306 2308 0.4314 700.0000
2308 2310 0.6455 700.0000
2309 2311 0.5832 700.0000
2309 2322 0.8762 700.0000
2309 2325 0.8182 700.0000
2310 2312 0.7409 700.0000
2311 2313 0.7063 700.0000
2311 2318 0.5214 700.0000
2311 2319 0.8958 700.0000
2311 2321 0.7283 700.0000
2311 2322 0.7283 700.0000
2312 2314 0.7862 700.0000
2312 2318 0.8546 700.0000
2313 2315 0.5905 700.0000
2313 2316 0.8006 700.0000
2313 2317 0.6894 700.0000
2313 2318 0.5982 700.0000
2314 2316 0.5595 700.0000
2314 2317 0.4764 700.0000
2314 2318 0.6127 700.0000
2315 2317 0.6176 700.0000
2315 2318 0.5346 700.0000
2315 2319 0.5664 700.0000
2316 2318 0.5432 700.0000
2316 2319 0.5552 700.0000
2316 2320 0.6652 700.0000
2316 2321 0.8525 700.0000
2317 2319 0.7743 700.0000
2317 2320 0.5833 700.0000
2317 2321 0.7095 700.0000
2318 2320 0.7190 700.0000
2318 2321 0.5637 700.0000
2318 2322 0.6287 700.0000
2318 2323 0.8933 700.0000
2319 2321 0.7621 700.0000
2319 2322 0.5867 700.0000
2319 2323 0.7585 700.0000
2320 2322 0.8163 700.0000
2320 2323 0.6375 700.0000
2320 2324 0.5513 700.0000
2321 2323 0.5556 700.0000
2321 2324 0.5081 700.0000
2321 2325 0.5489 700.0000
2321 2326 0.8127 700.0000
2322 2324 0.8184 700.0000
2322 2325 0.6430 700.0000
2322 2326 0.5508 700.0000
2323 2325 0.6529 700.0000
2323 2326 0.5193 700.0000
2323 2327 0.6902 700.0000
2324 2326 0.7844 700.0000
2324 2327 0.6284 700.0000
2324 2328 0.7911 700.0000
2325 2327 0.7323 700.0000
2325 2328 0.6730 700.0000
2325 2329 0.6501 700.0000
2326 2328 0.8585 700.0000
2326 2329 0.6240 700.0000
2326 2330 0.5945 700.0000
2327 2329 0.7307 700.0000
2327 2330 0.6946 700.0000
2328 2330 0.8315 700.0000
2333 2335 0.7942 700.0000
2333 2378 0.7785 700.0000
2333 2379 0.5498 700.0000
2333 2380 0.4373 700.0000
2333 2381 0.6660 700.0000
2333 2382 0.5956 700.0000
2333 2383 0.6391 700.0000
2333 2385 0.8151 700.0000
2333 2386 0.5881 700.0000
2334 2336 0.7536 700.0000
2334 2377 0.6095 700.0000
2334 2378 0.6638 700.0000
2334 2379 0.5089 700.0000
2334 2380 0.7203 700.0000
2334 2386 0.7918 700.0000
2335 2337 0.5663 700.0000
2335 2376 0.8122 700.0000
2335 2377 0.7051 700.0000
2335 2378 0.5450 700.0000
2335 2379 0.8504 700.0000
2335 2386 0.6134 700.0000
2335 2387 0.8114 700.0000
2335 2390 0.6534 700.0000
2336 2338 0.7497 700.0000
2336 2372 0.6714 700.0000
2336 2375 0.5619 700.0000
2336 2376 0.5812 700.0000
2336 2377 0.5139 700.0000
2336 2378 0.6757 700.0000
2337 2339 0.6282 700.0000
2337 2375 0.6284 700.0000
2337 2376 0.4430 700.0000
2337 2377 0.7277 700.0000
2337 2378 0.6418 700.0000
2337 2390 0.6367 700.0000
2337 2393 0.7457 700.0000
2337 2394 0.8042 700.0000
2338 2340 0.7722 700.0000
2338 2374 0.7091 700.0000
2338 2375 0.5857 700.0000
2338 2376 0.7086 700.0000
2339 2341 0.6382 700.0000
2339 2342 0.8093 700.0000
2339 2343 0.5468 700.0000
2339 2344 0.6251 700.0000
2339 2347 0.8812 700.0000
2339 2374 0.7974 700.0000
2339 2375 0.7129 700.0000
2339 2376 0.6545 700.0000
2339 2393 0.8229 700.0000
2339 2394 0.8011 700.0000
2340 2342 0.4491 700.0000
2340 2343 0.4291 700.0000
2340 2344 0.6858 700.0000
2340 2345 0.8211 700.0000
2341 2343 0.6129 700.0000
2341 2344 0.5999 700.0000
2341 2345 0.6034 700.0000
2341 2374 0.8417 700.0000
2342 2344 0.7848 700.0000
2342 2345 0.5794 700.0000
2342 2346 0.8647 700.0000
2343 2345 0.6936 700.0000
2343 2346 0.5770 700.0000
2343 2347 0.6119 700.0000
2343 2393 0.8447 700.0000
2344 2346 0.8076 700.0000
2344 2347 0.5601 700.0000
2344 2348 0.5304 700.0000
2344 2371 0.6304 700.0000
2344 2373 0.7285 700.0000
2344 2374 0.6298 700.0000
2344 2375 0.6881 700.0000
2344 2376 0.7077 700.0000
2345 2347 0.7515 700.0000
2345 2348 0.5484 700.0000
2345 2349 0.6581 700.0000
2346 2348 0.7415 700.0000
2346 2349 0.5785 700.0000
2346 2350 0.5403 700.0000
2346 2355 0.7750 700.0000
2347 2349 0.7179 700.0000
2347 2350 0.5327 700.0000
2347 2355 0.7285 700.0000
2347 2369 0.5940 700.0000
2347 2371 0.6857 700.0000
2347 2376 0.7935 700.0000
2347 2393 0.8743 700.0000
2348 2350 0.7115 700.0000
2348 2371 0.6568 700.0000
2350 2352 0.7960 700.0000
2350 2354 0.7933 700.0000
2350 2355 0.6115 700.0000
2350 2369 0.8080 700.0000
2351 2353 0.5167 700.0000
2351 2354 0.4370 700.0000
2351 2355 0.7002 700.0000
2351 2356 0.8153 700.0000
2351 2357 0.8991 700.0000
2351 2369 0.8535 700.0000
2352 2354 0.7686 700.0000
2352 2355 0.8270 700.0000
2352 2356 0.6612 700.0000
2352 2368 0.7045 700.0000
2352 2369 0.5464 700.0000
2352 2370 0.6244 700.0000
2352 2371 0.8353 700.0000
2353 2355 0.8843 700.0000
2353 2356 0.6638 700.0000
2353 2357 0.6886 700.0000
2353 2368 0.8387 700.0000
2353 2369 0.8268 700.0000
2354 2356 0.7223 700.0000
2354 2357 0.5754 700.0000
2354 2358 0.7304 700.0000
2355 2357 0.7621 700.0000
2355 2358 0.5527 700.0000
2355 2359 0.5432 700.0000
2355 2360 0.7788 700.0000
2355 2369 0.6711 700.0000
2356 2358 0.6097 700.0000
2356 2359 0.5484 700.0000
2356 2360 0.4958 700.0000
2356 2361 0.6515 700.0000
2356 2362 0.8972 700.0000
2356 2365 0.8987 700.0000
2356 2367 0.6267 700.0000
2356 2368 0.5875 700.0000
2356 2369 0.5710 700.0000
2357 2359 0.8288 700.0000
2357 2360 0.8011 700.0000
2357 2361 0.5250 700.0000
2357 2362 0.7346 700.0000
2357 2367 0.8948 700.0000
2358 2360 0.7285 700.0000
2358 2361 0.6891 700.0000
2358 2362 0.5815 700.0000
2358 2363 0.7875 700.0000
2359 2361 0.7632 700.0000
2359 2362 0.7447 700.0000
2359 2363 0.7005 700.0000
2359 2365 0.7774 700.0000
2359 2367 0.8178 700.0000
2359 2369 0.8334 700.0000
2359 2389 0.7723 700.0000
2359 2392 0.5766 700.0000
2359 2393 0.6679 700.0000
2359 2396 0.7099 700.0000
2360 2362 0.7371 700.0000
2360 2363 0.6941 700.0000
2360 2365 0.4778 700.0000
2360 2366 0.7763 700.0000
2360 2367 0.4609 700.0000
2360 2368 0.6981 700.0000
2360 2369 0.8061 700.0000
2360 2378 0.8753 700.0000
2360 2385 0.8732 700.0000
2360 2388 0.8674 700.0000
2360 2389 0.5626 700.0000
2360 2392 0.6465 700.0000
2360 2393 0.7398 700.0000
2361 2363 0.6751 700.0000
2361 2364 0.6756 700.0000
2361 2365 0.5704 700.0000
2361 2366 0.6317 700.0000
2361 2367 0.6370 700.0000
2362 2364 0.5938 700.0000
2362 2365 0.7204 700.0000
2363 2365 0.5956 700.0000
2363 2392 0.7297 700.0000
2364 2366 0.8455 700.0000
2365 2367 0.5345 700.0000
2365 2380 0.8453 700.0000
2365 2385 0.5837 700.0000
2365 2386 0.8922 700.0000
2365 2388 0.5924 700.0000
2365 2389 0.6253 700.0000
2365 2392 0.7843 700.0000
2366 2368 0.7947 700.0000
2366 2379 0.8547 700.0000
2366 2380 0.5755 700.0000
2366 2381 0.5042 700.0000
2366 2382 0.7328 700.0000
2366 2385 0.6737 700.0000
2367 2369 0.8486 700.0000
2367 2378 0.7262 700.0000
2367 2379 0.6000 700.0000
2367 2380 0.5400 700.0000
2367 2381 0.7413 700.0000
2367 2382 0.8884 700.0000
2367 2385 0.6940 700.0000
2367 2386 0.7777 700.0000
2367 2389 0.6733 700.0000
2368 2370 0.5975 700.0000
2368 2377 0.7383 700.0000
2368 2378 0.5939 700.0000
2368 2379 0.4233 700.0000
2368 2380 0.6846 700.0000
2368 2389 0.8885 700.0000
2369 2371 0.6546 700.0000
2369 2376 0.6747 700.0000
2369 2377 0.7527 700.0000
2369 2378 0.7211 700.0000
2369 2379 0.8651 700.0000
2369 2393 0.7771 700.0000
2370 2372 0.7292 700.0000
2370 2376 0.7315 700.0000
2370 2377 0.4760 700.0000
2370 2378 0.7376 700.0000
2370 2379 0.6873 700.0000
2371 2373 0.6093 700.0000
2371 2374 0.8157 700.0000
2371 2375 0.6514 700.0000
2371 2376 0.5878 700.0000
2371 2377 0.6917 700.0000
2372 2374 0.7279 700.0000
2372 2375 0.5053 700.0000
2372 2376 0.7050 700.0000
2372 2377 0.5765 700.0000
2373 2375 0.5032 700.0000
2373 2376 0.8279 700.0000
2374 2376 0.7949 700.0000
2375 2377 0.6861 700.0000
2376 2378 0.6012 700.0000
2376 2393 0.7723 700.0000
2377 2379 0.5995 700.0000
2378 2380 0.7215 700.0000
2378 2386 0.5922 700.0000
2378 2389 0.6605 700.0000
2378 2390 0.7152 700.0000
2378 2393 0.7807 700.0000
2379 2381 0.7586 700.0000
2379 2382 0.8967 700.0000
2379 2386 0.7051 700.0000
2380 2382 0.4683 700.0000
2380 2383 0.7121 700.0000
2380 2385 0.5546 700.0000
2380 2386 0.5334 700.0000
2380 2389 0.8463 700.0000
2381 2383 0.8380 700.0000
2381 2385 0.7309 700.0000
2381 2386 0.8761 700.0000
2382 2384 0.5705 700.0000
2382 2385 0.4578 700.0000
2382 2386 0.6174 700.0000
2382 2387 0.8575 700.0000
2382 2388 0.8999 700.0000
2383 2385 0.5670 700.0000
2383 2386 0.5440 700.0000
2383 2387 0.6391 700.0000
2383 2388 0.8941 700.0000
2384 2386 0.7534 700.0000
2384 2387 0.6363 700.0000
2384 2388 0.6084 700.0000
2385 2387 0.5796 700.0000
2385 2388 0.4643 700.0000
2385 2389 0.6013 700.0000
2386 2388 0.7094 700.0000
2386 2389 0.5602 700.0000
2386 2390 0.6455 700.0000
2387 2389 0.6300 700.0000
2387 2390 0.5493 700.0000
2387 2391 0.7259 700.0000
2388 2390 0.7991 700.0000
2388 2391 0.6326 700.0000
2388 2392 0.7384 700.0000
2389 2391 0.6483 700.0000
2389 2392 0.5599 700.0000
2389 2393 0.6080 700.0000
2389 2394 0.8318 700.0000
2390 2392 0.8183 700.0000
2390 2393 0.6572 700.0000
2390 2394 0.6175 700.0000
2391 2393 0.8352 700.0000
2391 2394 0.6586 700.0000
2391 2395 0.6232 700.0000
2392 2394 0.7160 700.0000
2392 2395 0.5134 700.0000
2392 2396 0.5677 700.0000
2393 2395 0.6966 700.0000
2393 2396 0.6456 700.0000
2394 2396 0.6826 700.0000
2397 2399 0.8938 700.0000
2397 2449 0.7975 700.0000
2397 2450 0.4843 700.0000
2397 2451 0.5553 700.0000
2397 2452 0.6555 700.0000
2398 2400 0.6239 700.0000
2398 2448 0.8065 700.0000
2398 2449 0.6625 700.0000
2398 2450 0.5323 700.0000
2398 2451 0.7252 700.0000
2398 2452 0.5345 700.0000
2398 2455 0.6148 700.0000
2398 2456 0.7848 700.0000
2399 2401 0.5980 700.0000
2399 2447 0.7375 700.0000
2399 2448 0.7352 700.0000
2399 2449 0.6471 700.0000
2399 2450 0.8111 700.0000
2399 2455 0.8652 700.0000
2400 2402 0.7573 700.0000
2400 2446 0.8858 700.0000
2400 2447 0.7717 700.0000
2400 2448 0.5209 700.0000
2400 2449 0.7814 700.0000
2400 2450 0.8947 700.0000
2400 2452 0.8847 700.0000
2400 2455 0.5679 700.0000
2400 2456 0.6485 700.0000
2400 2458 0.8470 700.0000
2400 2459 0.4940 700.0000
2401 2403 0.7207 700.0000
2401 2445 0.6053 700.0000
2401 2446 0.7085 700.0000
2401 2447 0.5441 700.0000
2401 2448 0.7784 700.0000
2402 2404 0.6492 700.0000
2402 2444 0.7845 700.0000
2402 2445 0.6469 700.0000
2402 2446 0.4083 700.0000
2402 2447 0.7163 700.0000
2402 2448 0.7523 700.0000
2402 2459 0.6216 700.0000
2402 2462 0.7079 700.0000
2402 2463 0.6295 700.0000
2402 2466 0.7519 700.0000
2403 2405 0.7329 700.0000
2403 2443 0.7801 700.0000
2403 2444 0.6494 700.0000
2403 2445 0.5585 700.0000
2403 2446 0.7836 700.0000
2404 2406 0.6072 700.0000
2404 2407 0.7242 700.0000
2404 2409 0.7449 700.0000
2404 2410 0.7425 700.0000
2404 2443 0.6160 700.0000
2404 2444 0.3794 700.0000
2404 2445 0.6634 700.0000
2404 2446 0.7267 700.0000
2404 2466 0.6995 700.0000
2405 2442 0.8332 700.0000
2405 2443 0.7023 700.0000
2405 2444 0.7646 700.0000
2406 2408 0.4807 700.0000
2406 2409 0.5827 700.0000
2406 2410 0.7878 700.0000
2406 2442 0.8726 700.0000
2406 2443 0.8059 700.0000
2406 2444 0.7755 700.0000
2407 2409 0.7271 700.0000
2407 2410 0.6525 700.0000
2407 2411 0.6517 700.0000
2407 2439 0.6672 700.0000
2407 2440 0.7112 700.0000
2407 2442 0.7480 700.0000
2407 2443 0.6819 700.0000
2407 2444 0.6351 700.0000
2408 2410 0.7307 700.0000
2408 2411 0.5935 700.0000
2408 2412 0.8157 700.0000
2409 2411 0.6459 700.0000
2409 2412 0.6044 700.0000
2409 2414 0.8911 700.0000
2409 2415 0.6218 700.0000
2409 2465 0.7297 700.0000
2409 2466 0.6466 700.0000
2409 2469 0.6377 700.0000
2410 2412 0.6199 700.0000
2410 2415 0.4881 700.0000
2410 2416 0.7403 700.0000
2410 2437 0.6222 700.0000
2410 2439 0.8867 700.0000
2410 2444 0.7752 700.0000
2410 2446 0.8276 700.0000
2410 2466 0.8469 700.0000
2411 2415 0.8135 700.0000
2411 2416 0.7227 700.0000
2411 2437 0.8900 700.0000
2412 2414 0.5969 700.0000
2412 2415 0.5984 700.0000
2412 2416 0.4930 700.0000
2412 2417 0.8214 700.0000
2413 2416 0.6162 700.0000
2413 2417 0.7858 700.0000
2414 2416 0.8102 700.0000
2414 2417 0.6902 700.0000
2414 2418 0.7508 700.0000
2414 2465 0.7053 700.0000
2414 2469 0.7532 700.0000
2415 2417 0.6855 700.0000
2415 2418 0.5795 700.0000
2415 2419 0.5403 700.0000
2415 2437 0.7994 700.0000
2415 2446 0.8788 700.0000
2415 2462 0.6604 700.0000
2415 2465 0.6103 700.0000
2415 2466 0.7770 700.0000
2415 2469 0.8913 700.0000
2416 2418 0.7992 700.0000
2416 2419 0.6348 700.0000
2416 2420 0.7782 700.0000
2417 2419 0.4963 700.0000
2417 2420 0.5292 700.0000
2417 2421 0.5053 700.0000
2417 2422 0.7847 700.0000
2418 2420 0.7539 700.0000
2418 2421 0.5565 700.0000
2418 2422 0.5527 700.0000
2418 2423 0.8772 700.0000
2418 2458 0.8904 700.0000
2418 2461 0.7381 700.0000
2418 2462 0.6724 700.0000
2418 2465 0.6993 700.0000
2419 2421 0.6311 700.0000
2419 2422 0.5500 700.0000
2419 2423 0.5966 700.0000
2419 2435 0.6639 700.0000
2419 2458 0.8866 700.0000
2419 2462 0.7549 700.0000
2420 2422 0.7187 700.0000
2420 2423 0.5823 700.0000
2420 2424 0.5746 700.0000
2421 2423 0.6948 700.0000
2421 2424 0.5662 700.0000
2421 2425 0.7030 700.0000
2422 2424 0.7563 700.0000
2422 2425 0.5690 700.0000
2422 2426 0.6063 700.0000
2422 2427 0.8439 700.0000
2422 2433 0.8280 700.0000
2422 2435 0.8534 700.0000
2422 2457 0.8790 700.0000
2422 2458 0.6081 700.0000
2422 2461 0.7613 700.0000
2422 2462 0.8074 700.0000
2423 2425 0.7628 700.0000
2423 2426 0.6487 700.0000
2423 2427 0.5186 700.0000
2423 2431 0.8178 700.0000
2423 2432 0.8709 700.0000
2423 2433 0.6163 700.0000
2423 2434 0.7534 700.0000
2423 2435 0.6717 700.0000
2423 2458 0.8757 700.0000
2424 2426 0.8224 700.0000
2424 2427 0.7034 700.0000
2424 2428 0.7471 700.0000
2425 2427 0.7617 700.0000
2425 2428 0.7735 700.0000
2426 2428 0.7174 700.0000
2426 2431 0.8633 700.0000
2426 2432 0.5859 700.0000
2426 2433 0.6167 700.0000
2426 2451 0.8871 700.0000
2426 2453 0.8397 700.0000
2426 2454 0.5521 700.0000
2426 2457 0.7646 700.0000
2426 2458 0.7654 700.0000
2427 2429 0.6733 700.0000
2427 2430 0.6363 700.0000
2427 2431 0.4267 700.0000
2427 2432 0.5351 700.0000
2427 2433 0.5742 700.0000
2427 2434 0.8323 700.0000
2428 2430 0.6235 700.0000
2428 2431 0.7578 700.0000
2428 2432 0.8306 700.0000
2429 2431 0.6584 700.0000
2429 2432 0.8412 700.0000
2430 2432 0.6025 700.0000
2431 2433 0.6261 700.0000
2431 2434 0.7397 700.0000
2432 2434 0.7681 700.0000
2432 2449 0.8658 700.0000
2432 2450 0.6225 700.0000
2432 2451 0.4830 700.0000
2432 2453 0.8881 700.0000
2432 2454 0.5521 700.0000
2432 2455 0.8481 700.0000
2433 2435 0.6589 700.0000
2433 2448 0.7071 700.0000
2433 2449 0.6093 700.0000
2433 2450 0.5856 700.0000
2433 2451 0.6696 700.0000
2433 2454 0.6440 700.0000
2433 2455 0.6813 700.0000
2433 2458 0.7503 700.0000
2434 2436 0.5925 700.0000
2434 2447 0.7842 700.0000
2434 2448 0.6681 700.0000
2434 2449 0.4757 700.0000
2434 2450 0.7056 700.0000
2435 2437 0.6660 700.0000
2435 2446 0.6783 700.0000
2435 2447 0.6562 700.0000
2435 2448 0.5671 700.0000
2435 2449 0.7313 700.0000
2435 2458 0.8072 700.0000
2435 2462 0.8624 700.0000
2436 2438 0.6591 700.0000
2436 2445 0.8902 700.0000
2436 2446 0.6612 700.0000
2436 2447 0.4573 700.0000
2436 2448 0.7232 700.0000
2436 2449 0.7349 700.0000
2437 2439 0.6918 700.0000
2437 2444 0.7849 700.0000
2437 2445 0.8104 700.0000
2437 2446 0.5844 700.0000
2437 2447 0.7633 700.0000
2438 2440 0.7380 700.0000
2438 2443 0.8524 700.0000
2438 2444 0.6245 700.0000
2438 2445 0.4747 700.0000
2438 2446 0.6889 700.0000
2438 2447 0.6807 700.0000
2439 2441 0.8217 700.0000
2439 2442 0.8706 700.0000
2439 2443 0.6832 700.0000
2439 2444 0.5793 700.0000
2439 2445 0.7600 700.0000
2440 2442 0.4952 700.0000
2440 2443 0.4182 700.0000
2440 2444 0.5996 700.0000
2440 2445 0.8185 700.0000
2441 2443 0.7561 700.0000
2442 2444 0.7585 700.0000
2443 2445 0.6869 700.0000
2444 2446 0.6927 700.0000
2445 2447 0.6409 700.0000
2446 2448 0.6311 700.0000
2446 2459 0.8595 700.0000
2446 2462 0.7586 700.0000
2447 2449 0.6316 700.0000
2448 2450 0.7324 700.0000
2448 2455 0.5222 700.0000
2448 2456 0.8511 700.0000
2448 2458 0.6336 700.0000
2448 2459 0.6757 700.0000
2448 2462 0.8196 700.0000
2449 2451 0.7772 700.0000
2449 2455 0.6599 700.0000
2450 2452 0.6229 700.0000
2450 2454 0.6919 700.0000
2450 2455 0.5620 700.0000
2451 2453 0.6753 700.0000
2451 2454 0.4729 700.0000
2451 2455 0.6388 700.0000
2451 2456 0.8966 700.0000
2452 2454 0.6027 700.0000
2452 2455 0.5450 700.0000
2452 2456 0.5662 700.0000
2452 2457 0.8807 700.0000
2453 2455 0.7188 700.0000
2453 2456 0.6442 700.0000
2453 2457 0.5423 700.0000
2454 2456 0.6919 700.0000
2454 2457 0.5629 700.0000
2454 2458 0.7102 700.0000
2455 2457 0.6699 700.0000
2455 2458 0.5362 700.0000
2455 2459 0.7015 700.0000
2456 2458 0.6724 700.0000
2456 2459 0.6370 700.0000
2456 2460 0.7275 700.0000
2457 2459 0.8920 700.0000
2457 2460 0.6757 700.0000
2457 2461 0.7139 700.0000
2458 2460 0.7226 700.0000
2458 2461 0.5525 700.0000
2458 2462 0.5740 700.0000
2459 2461 0.7557 700.0000
2459 2462 0.6393 700.0000
2459 2463 0.5459 700.0000
2459 2464 0.8217 700.0000
2460 2462 0.7747 700.0000
2460 2463 0.6968 700.0000
2460 2464 0.5871 700.0000
2461 2463 0.7906 700.0000
2461 2464 0.5828 700.0000
2461 2465 0.7699 700.0000
2462 2464 0.6815 700.0000
2462 2465 0.6084 700.0000
2462 2466 0.6738 700.0000
2463 2465 0.8293 700.0000
2463 2466 0.5803 700.0000
2463 2467 0.5608 700.0000
2463 2468 0.8855 700.0000
2464 2466 0.6727 700.0000
2464 2467 0.6333 700.0000
2464 2468 0.5963 700.0000
2465 2467 0.7962 700.0000
2465 2468 0.5759 700.0000
2465 2469 0.4714 700.0000
2466 2468 0.6631 700.0000
2466 2469 0.5794 700.0000
2467 2469 0.7577 700.0000
2471 2473 0.8076 700.0000
2471 2519 0.7017 700.0000
2471 2520 0.4423 700.0000
2471 2521 0.5901 700.0000
2471 2522 0.8513 700.0000
2472 2474 0.5256 700.0000
2472 2518 0.7883 700.0000
2472 2519 0.6336 700.0000
2472 2520 0.4593 700.0000
2472 2521 0.6098 700.0000
2472 2522 0.5558 700.0000
2472 2523 0.8645 700.0000
2472 2525 0.5855 700.0000
2472 2526 0.7989 700.0000
2473 2475 0.7818 700.0000
2473 2517 0.6262 700.0000
2473 2518 0.6914 700.0000
2473 2519 0.5240 700.0000
2473 2520 0.7118 700.0000
2473 2525 0.8656 700.0000
2474 2476 0.8265 700.0000
2474 2517 0.7883 700.0000
2474 2518 0.6519 700.0000
2474 2519 0.8136 700.0000
2474 2520 0.8505 700.0000
2474 2522 0.8379 700.0000
2474 2525 0.6432 700.0000
2474 2526 0.7248 700.0000
2474 2529 0.7729 700.0000
2475 2477 0.5720 700.0000
2475 2478 0.8790 700.0000
2475 2509 0.8090 700.0000
2475 2512 0.7056 700.0000
2475 2513 0.6759 700.0000
2475 2515 0.6062 700.0000
2475 2516 0.6113 700.0000
2475 2517 0.5389 700.0000
2475 2518 0.7022 700.0000
2476 2478 0.6108 700.0000
2476 2515 0.5827 700.0000
2476 2516 0.4288 700.0000
2476 2517 0.7127 700.0000
2476 2518 0.7009 700.0000
2476 2529 0.6548 700.0000
2476 2532 0.6747 700.0000
2476 2533 0.6931 700.0000
2476 2536 0.8068 700.0000
2477 2479 0.5952 700.0000
2477 2513 0.6046 700.0000
2477 2514 0.7793 700.0000
2477 2515 0.6572 700.0000
2477 2516 0.8083 700.0000
2478 2480 0.5983 700.0000
2478 2481 0.6674 700.0000
2478 2483 0.6077 700.0000
2478 2484 0.5683 700.0000
2478 2487 0.8755 700.0000
2478 2508 0.8916 700.0000
2478 2514 0.7134 700.0000
2478 2515 0.5503 700.0000
2478 2516 0.6653 700.0000
2478 2536 0.5722 700.0000
2479 2481 0.7101 700.0000
2479 2483 0.8388 700.0000
2479 2514 0.7534 700.0000
2479 2515 0.8809 700.0000
2479 2536 0.8070 700.0000
2480 2482 0.5383 700.0000
2480 2483 0.5136 700.0000
2480 2484 0.7372 700.0000
2480 2514 0.8727 700.0000
2480 2536 0.8390 700.0000
2481 2483 0.5761 700.0000
2481 2484 0.5271 700.0000
2481 2485 0.6421 700.0000
2481 2508 0.8234 700.0000
2481 2514 0.6202 700.0000
2481 2515 0.8333 700.0000
2482 2484 0.6527 700.0000
2482 2485 0.5509 700.0000
2482 2486 0.7431 700.0000
2483 2485 0.6213 700.0000
2483 2486 0.5848 700.0000
2483 2487 0.5617 700.0000
2483 2536 0.6855 700.0000
2484 2486 0.8009 700.0000
2484 2487 0.5614 700.0000
2484 2488 0.6619 700.0000
2484 2507 0.6281 700.0000
2484 2508 0.6675 700.0000
2484 2514 0.7820 700.0000
2484 2515 0.6102 700.0000
2484 2516 0.6995 700.0000
2484 2536 0.8942 700.0000
2485 2487 0.6890 700.0000
2485 2488 0.5501 700.0000
2485 2489 0.6465 700.0000
2485 2507 0.8065 700.0000
2485 2508 0.8628 700.0000
2486 2488 0.8441 700.0000
2486 2489 0.6051 700.0000
2486 2490 0.4877 700.0000
2486 2491 0.6174 700.0000
2487 2489 0.6600 700.0000
2487 2490 0.7217 700.0000
2487 2491 0.5360 700.0000
2487 2492 0.8646 700.0000
2487 2494 0.8250 700.0000
2487 2495 0.6976 700.0000
2487 2507 0.8127 700.0000
2487 2516 0.8588 700.0000
2487 2532 0.8291 700.0000
2487 2535 0.6834 700.0000
2487 2536 0.8269 700.0000
2488 2490 0.8228 700.0000
2488 2491 0.8895 700.0000
2488 2492 0.6853 700.0000
2488 2495 0.7429 700.0000
2488 2507 0.5341 700.0000
2489 2491 0.7042 700.0000
2489 2492 0.5305 700.0000
2490 2492 0.6230 700.0000
2491 2493 0.6663 700.0000
2491 2494 0.6144 700.0000
2491 2495 0.7086 700.0000
2491 2535 0.6927 700.0000
2492 2494 0.8527 700.0000
2492 2495 0.7048 700.0000
2492 2496 0.8484 700.0000
2493 2495 0.7832 700.0000
2493 2496 0.6594 700.0000
2493 2497 0.7347 700.0000
2494 2496 0.6406 700.0000
2494 2497 0.5214 700.0000
2494 2498 0.6303 700.0000
2494 2531 0.7259 700.0000
2494 2532 0.7550 700.0000
2494 2535 0.7013 700.0000
2495 2497 0.7728 700.0000
2495 2498 0.6253 700.0000
2495 2499 0.7426 700.0000
2495 2505 0.6486 700.0000
2495 2507 0.7763 700.0000
2495 2516 0.8748 700.0000
2495 2532 0.7989 700.0000
2495 2535 0.8945 700.0000
2496 2498 0.6064 700.0000
2496 2499 0.5002 700.0000
2496 2500 0.5982 700.0000
2497 2499 0.8026 700.0000
2497 2500 0.6121 700.0000
2497 2501 0.8413 700.0000
2498 2500 0.7078 700.0000
2498 2501 0.5805 700.0000
2498 2502 0.8473 700.0000
2498 2503 0.5029 700.0000
2498 2505 0.7108 700.0000
2498 2518 0.8288 700.0000
2498 2524 0.8394 700.0000
2498 2525 0.8801 700.0000
2498 2528 0.6222 700.0000
2498 2531 0.7751 700.0000
2498 2532 0.8695 700.0000
2499 2501 0.7360 700.0000
2499 2502 0.7193 700.0000
2499 2503 0.5717 700.0000
2499 2504 0.6975 700.0000
2499 2505 0.6416 700.0000
2500 2502 0.8189 700.0000
2500 2503 0.8955 700.0000
2501 2503 0.5447 700.0000
2501 2521 0.8003 700.0000
2501 2524 0.5421 700.0000
2501 2525 0.8935 700.0000
2501 2527 0.8422 700.0000
2501 2528 0.8787 700.0000
2502 2504 0.7685 700.0000
2502 2519 0.8365 700.0000
2502 2520 0.6922 700.0000
2502 2521 0.7171 700.0000
2502 2524 0.8038 700.0000
2503 2505 0.6434 700.0000
2503 2518 0.6298 700.0000
2503 2519 0.5732 700.0000
2503 2520 0.5874 700.0000
2503 2521 0.7203 700.0000
2503 2524 0.7052 700.0000
2503 2525 0.6496 700.0000
2503 2528 0.7388 700.0000
2504 2506 0.6196 700.0000
2504 2517 0.7187 700.0000
2504 2518 0.6893 700.0000
2504 2519 0.4329 700.0000
2504 2520 0.7460 700.0000
2505 2507 0.6004 700.0000
2505 2516 0.6867 700.0000
2505 2517 0.6246 700.0000
2505 2518 0.5911 700.0000
2505 2519 0.7142 700.0000
2506 2508 0.7186 700.0000
2506 2509 0.6106 700.0000
2506 2515 0.7296 700.0000
2506 2516 0.6062 700.0000
2506 2517 0.4279 700.0000
2506 2518 0.6887 700.0000
2506 2519 0.7788 700.0000
2507 2509 0.7612 700.0000
2507 2515 0.6250 700.0000
2507 2516 0.5509 700.0000
2507 2517 0.7572 700.0000
2508 2510 0.7963 700.0000
2508 2512 0.8218 700.0000
2508 2513 0.8913 700.0000
2508 2514 0.5361 700.0000
2508 2515 0.4511 700.0000
2508 2516 0.7382 700.0000
2508 2517 0.8592 700.0000
2509 2511 0.6888 700.0000
2509 2512 0.4441 700.0000
2509 2513 0.7912 700.0000
2509 2514 0.7653 700.0000
2509 2515 0.5986 700.0000
2509 2516 0.8136 700.0000
2509 2517 0.6274 700.0000
2510 2512 0.7124 700.0000
2512 2514 0.8715 700.0000
2512 2515 0.7948 700.0000
2512 2517 0.7474 700.0000
2513 2515 0.7111 700.0000
2515 2517 0.6710 700.0000
2516 2518 0.6211 700.0000
2516 2529 0.8636 700.0000
2516 2532 0.7004 700.0000
2517 2519 0.6076 700.0000
2518 2520 0.7214 700.0000
2518 2525 0.5462 700.0000
2518 2526 0.8820 700.0000
2518 2528 0.6479 700.0000
2518 2529 0.6708 700.0000
2518 2532 0.8388 700.0000
2519 2521 0.7789 700.0000
2519 2525 0.6938 700.0000
2520 2522 0.7513 700.0000
2520 2523 0.8134 700.0000
2520 2524 0.7477 700.0000
2520 2525 0.5440 700.0000
2521 2523 0.4930 700.0000
2521 2524 0.5015 700.0000
2521 2525 0.5550 700.0000
2521 2526 0.8107 700.0000
2521 2527 0.8742 700.0000
2522 2524 0.7890 700.0000
2522 2525 0.6560 700.0000
2522 2526 0.6008 700.0000
2523 2525 0.6270 700.0000
2523 2526 0.5848 700.0000
2523 2527 0.5772 700.0000
2524 2526 0.6904 700.0000
2524 2527 0.4450 700.0000
2524 2528 0.6917 700.0000
2525 2527 0.6415 700.0000
2525 2528 0.5136 700.0000
2525 2529 0.6103 700.0000
2525 2530 0.8750 700.0000
2526 2528 0.6222 700.0000
2526 2529 0.5599 700.0000
2526 2530 0.6533 700.0000
2527 2529 0.7425 700.0000
2527 2530 0.6582 700.0000
2527 2531 0.7187 700.0000
2528 2530 0.5588 700.0000
2528 2531 0.4653 700.0000
2528 2532 0.5771 700.0000
2528 2533 0.8223 700.0000
2529 2531 0.6179 700.0000
2529 2532 0.5355 700.0000
2529 2533 0.5467 700.0000
2529 2534 0.8759 700.0000
2530 2532 0.6711 700.0000
2530 2533 0.5275 700.0000
2530 2534 0.6317 700.0000
2531 2533 0.7062 700.0000
2531 2534 0.5024 700.0000
2531 2535 0.6775 700.0000
2532 2534 0.6439 700.0000
2532 2535 0.5333 700.0000
2532 2536 0.7046 700.0000
2532 2537 0.8656 700.0000
2533 2535 0.7591 700.0000
2533 2536 0.6003 700.0000
2533 2537 0.6626 700.0000
2534 2536 0.8597 700.0000
2534 2537 0.6220 700.0000
2535 2537 0.6253 700.0000
2540 2542 0.6744 700.0000
2540 2572 0.8937 700.0000
2541 2543 0.6993 700.0000
2542 2544 0.6561 700.0000
2543 2545 0.7995 700.0000
2543 2577 0.8230 700.0000
2544 2546 0.6683 700.0000
2545 2547 0.5795 700.0000
2546 2548 0.5209 700.0000
2546 2549 0.8102 700.0000
2546 2550 0.8776 700.0000
2546 2551 0.6677 700.0000
2547 2549 0.7256 700.0000
2548 2550 0.7273 700.0000
2548 2551 0.6771 700.0000
2549 2551 0.6232 700.0000
2550 2552 0.6097 700.0000
2550 2553 0.5886 700.0000
2550 2554 0.6440 700.0000
2551 2553 0.6586 700.0000
2551 2554 0.5398 700.0000
2551 2555 0.7098 700.0000
2551 2556 0.8168 700.0000
2552 2554 0.8423 700.0000
2552 2555 0.7243 700.0000
2552 2556 0.5329 700.0000
2552 2576 0.6476 700.0000
2553 2555 0.7734 700.0000
2553 2556 0.4419 700.0000
2553 2557 0.4999 700.0000
2554 2556 0.7789 700.0000
2554 2557 0.6342 700.0000
2554 2558 0.6395 700.0000
2554 2559 0.8872 700.0000
2554 2562 0.6877 700.0000
2555 2557 0.7350 700.0000
2555 2558 0.6911 700.0000
2555 2559 0.4710 700.0000
2555 2561 0.8976 700.0000
2555 2562 0.5272 700.0000
2555 2563 0.7447 700.0000
2555 2574 0.7435 700.0000
2555 2576 0.6234 700.0000
2556 2558 0.8264 700.0000
2556 2559 0.6669 700.0000
2556 2576 0.6987 700.0000
2557 2559 0.7367 700.0000
2557 2562 0.8878 700.0000
2558 2560 0.8433 700.0000
2558 2561 0.5527 700.0000
2558 2562 0.5136 700.0000
2559 2561 0.6554 700.0000
2559 2562 0.5251 700.0000
2559 2563 0.4928 700.0000
2559 2564 0.8439 700.0000
2559 2574 0.8093 700.0000
2559 2576 0.8757 700.0000
2560 2563 0.6605 700.0000
2560 2564 0.8325 700.0000
2561 2563 0.7402 700.0000
2561 2564 0.5800 700.0000
2561 2565 0.5645 700.0000
2561 2566 0.8713 700.0000
2562 2564 0.7767 700.0000
2562 2565 0.7044 700.0000
2562 2566 0.7555 700.0000
2562 2574 0.8527 700.0000
2563 2565 0.8388 700.0000
2563 2566 0.6631 700.0000
2563 2567 0.7568 700.0000
2563 2573 0.6886 700.0000
2563 2574 0.5185 700.0000
2563 2575 0.8364 700.0000
2564 2566 0.6185 700.0000
2564 2567 0.5208 700.0000
2564 2568 0.6399 700.0000
2564 2569 0.8483 700.0000
2564 2573 0.8611 700.0000
2565 2567 0.7441 700.0000
2565 2568 0.4340 700.0000
2565 2569 0.5345 700.0000
2565 2570 0.7939 700.0000
2566 2568 0.7406 700.0000
2566 2569 0.5883 700.0000
2566 2570 0.5225 700.0000
2566 2571 0.6626 700.0000
2566 2572 0.5185 700.0000
2566 2573 0.7443 700.0000
2566 2574 0.6374 700.0000
2567 2569 0.7705 700.0000
2567 2570 0.7975 700.0000
2567 2571 0.4845 700.0000
2567 2572 0.6007 700.0000
2567 2573 0.5510 700.0000
2568 2570 0.7618 700.0000
2568 2571 0.8691 700.0000
2569 2571 0.7376 700.0000
2569 2572 0.8139 700.0000
2570 2572 0.5413 700.0000
2571 2573 0.6325 700.0000
2572 2574 0.7248 700.0000
2573 2575 0.8885 700.0000
2574 2576 0.7396 700.0000
2575 2577 0.6376 700.0000
2593 2595 0.5708 700.0000
2593 2596 0.7772 700.0000
2593 2606 0.7046 700.0000
2593 2607 0.5769 700.0000
2593 2608 0.5628 700.0000
2593 2609 0.8011 700.0000
2593 2768 0.8940 700.0000
2594 2607 0.5475 700.0000
2594 2608 0.7253 700.0000
2594 2609 0.7101 700.0000
2594 2765 0.7388 700.0000
2594 2768 0.5594 700.0000
2594 2769 0.6433 700.0000
2594 2772 0.6759 700.0000
2595 2597 0.6255 700.0000
2595 2605 0.6864 700.0000
2595 2606 0.5904 700.0000
2595 2607 0.4118 700.0000
2595 2608 0.8237 700.0000
2595 2760 0.8454 700.0000
2595 2768 0.8811 700.0000
2595 2772 0.5919 700.0000
2595 2775 0.7059 700.0000
2595 2776 0.7955 700.0000
2596 2598 0.7338 700.0000
2596 2604 0.5735 700.0000
2596 2605 0.6832 700.0000
2596 2606 0.5588 700.0000
2596 2607 0.8280 700.0000
2596 2757 0.8959 700.0000
2597 2599 0.6078 700.0000
2597 2603 0.8477 700.0000
2597 2604 0.5958 700.0000
2597 2605 0.4469 700.0000
2597 2606 0.7157 700.0000
2597 2607 0.8574 700.0000
2597 2775 0.6765 700.0000
2597 2779 0.6691 700.0000
2598 2600 0.5366 700.0000
2598 2601 0.7607 700.0000
2598 2602 0.7479 700.0000
2598 2603 0.6035 700.0000
2598 2604 0.5595 700.0000
2598 2605 0.7062 700.0000
2598 2779 0.8245 700.0000
2599 2601 0.7755 700.0000
2599 2602 0.7967 700.0000
2599 2603 0.4939 700.0000
2599 2604 0.6170 700.0000
2599 2605 0.6151 700.0000
2599 2742 0.7478 700.0000
2599 2743 0.6891 700.0000
2599 2746 0.5688 700.0000
2599 2747 0.8383 700.0000
2599 2758 0.8010 700.0000
2599 2779 0.7223 700.0000
2600 2602 0.5106 700.0000
2600 2603 0.3948 700.0000
2600 2604 0.7312 700.0000
2600 2746 0.6594 700.0000
2600 2753 0.7879 700.0000
2600 2756 0.8246 700.0000
2601 2603 0.5776 700.0000
2601 2753 0.8277 700.0000
2601 2756 0.8490 700.0000
2602 2604 0.6373 700.0000
2602 2753 0.8210 700.0000
2602 2755 0.8647 700.0000
2602 2756 0.4691 700.0000
2602 2757 0.8432 700.0000
2603 2605 0.7652 700.0000
2603 2746 0.6913 700.0000
2603 2753 0.7311 700.0000
2603 2755 0.6991 700.0000
2603 2756 0.4898 700.0000
2603 2757 0.7326 700.0000
2603 2758 0.7407 700.0000
2604 2606 0.6011 700.0000
2604 2755 0.8938 700.0000
2604 2756 0.6820 700.0000
2604 2757 0.5426 700.0000
2604 2758 0.5873 700.0000
2604 2759 0.7895 700.0000
2605 2607 0.6728 700.0000
2605 2739 0.8187 700.0000
2605 2742 0.7722 700.0000
2605 2757 0.8193 700.0000
2605 2758 0.4808 700.0000
2605 2759 0.7224 700.0000
2605 2760 0.6586 700.0000
2605 2775 0.7245 700.0000
2605 2779 0.8500 700.0000
2606 2608 0.5942 700.0000
2606 2757 0.6949 700.0000
2606 2758 0.5945 700.0000
2606 2759 0.4354 700.0000
2606 2760 0.6121 700.0000
2606 2761 0.8679 700.0000
2607 2609 0.8634 700.0000
2607 2759 0.7491 700.0000
2607 2760 0.4944 700.0000
2607 2761 0.7223 700.0000
2607 2768 0.5957 700.0000
2607 2770 0.8980 700.0000
2607 2771 0.6362 700.0000
2607 2772 0.6100 700.0000
2607 2775 0.7961 700.0000
2608 2610 0.5916 700.0000
2608 2615 0.8067 700.0000
2608 2759 0.5971 700.0000
2608 2760 0.6706 700.0000
2608 2761 0.5351 700.0000
2608 2762 0.8253 700.0000
2608 2768 0.7466 700.0000
2609 2611 0.8907 700.0000
2609 2761 0.7459 700.0000
2609 2762 0.6494 700.0000
2609 2763 0.5727 700.0000
2609 2764 0.6593 700.0000
2609 2765 0.6026 700.0000
2609 2767 0.8850 700.0000
2609 2768 0.6351 700.0000
2610 2612 0.6206 700.0000
2610 2613 0.8623 700.0000
2610 2614 0.8834 700.0000
2610 2615 0.7146 700.0000
2610 2761 0.5291 700.0000
2610 2762 0.5430 700.0000
2610 2763 0.4733 700.0000
2610 2764 0.7936 700.0000
2610 2768 0.8662 700.0000
2611 2613 0.4468 700.0000
2611 2614 0.5083 700.0000
2611 2615 0.6325 700.0000
2611 2634 0.8741 700.0000
2611 2637 0.8472 700.0000
2611 2638 0.8539 700.0000
2611 2761 0.8169 700.0000
2611 2762 0.8300 700.0000
2611 2763 0.6781 700.0000
2612 2614 0.8116 700.0000
2612 2615 0.5608 700.0000
2612 2617 0.8763 700.0000
2612 2620 0.6296 700.0000
2612 2621 0.7669 700.0000
2612 2622 0.8722 700.0000
2612 2634 0.6802 700.0000
2612 2637 0.8553 700.0000
2612 2638 0.6843 700.0000
2612 2675 0.8292 700.0000
2612 2718 0.6495 700.0000
2612 2719 0.8568 700.0000
2612 2720 0.7420 700.0000
2612 2761 0.6053 700.0000
2612 2762 0.7814 700.0000
2612 2763 0.8496 700.0000
2613 2615 0.6065 700.0000
2613 2620 0.8321 700.0000
2613 2637 0.7501 700.0000
2613 2638 0.6083 700.0000
2613 2641 0.6580 700.0000
2613 2642 0.8791 700.0000
2613 2673 0.6036 700.0000
2613 2674 0.6724 700.0000
2613 2675 0.6823 700.0000
2614 2641 0.8613 700.0000
2614 2673 0.8764 700.0000
2614 2674 0.7974 700.0000
2615 2617 0.5143 700.0000
2615 2620 0.8038 700.0000
2615 2674 0.7596 700.0000
2615 2675 0.7129 700.0000
2615 2718 0.7399 700.0000
2615 2759 0.7563 700.0000
2615 2761 0.8073 700.0000
2616 2618 0.7903 700.0000
2616 2674 0.8152 700.0000
2616 2675 0.8236 700.0000
2616 2716 0.7938 700.0000
2616 2759 0.7629 700.0000
2617 2619 0.5570 700.0000
2617 2620 0.6938 700.0000
2617 2674 0.7448 700.0000
2617 2675 0.5907 700.0000
2617 2714 0.8921 700.0000
2617 2716 0.4758 700.0000
2617 2717 0.6789 700.0000
2617 2718 0.6576 700.0000
2617 2757 0.8019 700.0000
2617 2759 0.6890 700.0000
2618 2620 0.8331 700.0000
2618 2674 0.8770 700.0000
2618 2675 0.6961 700.0000
2618 2676 0.6515 700.0000
2618 2677 0.8767 700.0000
2618 2709 0.8765 700.0000
2618 2714 0.4987 700.0000
2618 2715 0.6813 700.0000
2618 2716 0.4046 700.0000
2618 2717 0.7412 700.0000
2618 2757 0.8799 700.0000
2619 2621 0.6985 700.0000
2619 2675 0.6068 700.0000
2619 2676 0.7677 700.0000
2619 2677 0.6930 700.0000
2619 2678 0.6791 700.0000
2619 2679 0.6493 700.0000
2619 2709 0.6999 700.0000
2619 2714 0.5686 700.0000
2619 2716 0.5601 700.0000
2619 2717 0.5012 700.0000
2619 2718 0.5837 700.0000
2620 2622 0.7043 700.0000
2620 2638 0.8154 700.0000
2620 2670 0.8724 700.0000
2620 2673 0.8381 700.0000
2620 2674 0.8858 700.0000
2620 2675 0.5702 700.0000
2620 2677 0.8307 700.0000
2620 2678 0.5279 700.0000
2620 2679 0.5745 700.0000
2620 2680 0.8563 700.0000
2620 2716 0.8697 700.0000
2620 2717 0.6616 700.0000
2620 2718 0.4785 700.0000
2620 2719 0.7658 700.0000
2620 2720 0.8518 700.0000
2621 2623 0.6837 700.0000
2621 2624 0.8720 700.0000
2621 2634 0.8760 700.0000
2621 2678 0.6840 700.0000
2621 2679 0.4745 700.0000
2621 2680 0.7039 700.0000
2621 2681 0.6392 700.0000
2621 2702 0.8656 700.0000
2621 2705 0.6930 700.0000
2621 2717 0.7129 700.0000
2621 2718 0.5209 700.0000
2621 2719 0.5268 700.0000
2621 2720 0.5548 700.0000
2621 2722 0.7802 700.0000
2622 2624 0.4912 700.0000
2622 2625 0.8853 700.0000
2622 2628 0.8609 700.0000
2622 2630 0.7514 700.0000
2622 2634 0.6104 700.0000
2622 2635 0.5690 700.0000
2622 2638 0.6663 700.0000
2622 2678 0.6590 700.0000
2622 2679 0.6538 700.0000
2622 2680 0.4768 700.0000
2622 2681 0.5568 700.0000
2622 2682 0.8730 700.0000
2622 2720 0.7670 700.0000
2622 2722 0.8326 700.0000
2623 2625 0.7426 700.0000
2623 2630 0.8244 700.0000
2623 2632 0.8294 700.0000
2623 2633 0.8009 700.0000
2623 2634 0.5849 700.0000
2623 2635 0.5982 700.0000
2623 2638 0.8859 700.0000
2623 2680 0.7146 700.0000
2623 2681 0.5244 700.0000
2623 2682 0.7301 700.0000
2623 2683 0.7451 700.0000
2623 2720 0.7048 700.0000
2623 2721 0.7924 700.0000
2623 2722 0.5966 700.0000
2623 2723 0.7348 700.0000
2623 2727 0.8395 700.0000
2624 2626 0.7218 700.0000
2624 2627 0.8784 700.0000
2624 2628 0.6054 700.0000
2624 2629 0.8623 700.0000
2624 2630 0.7211 700.0000
2624 2634 0.8826 700.0000
2624 2635 0.7184 700.0000
2624 2660 0.8513 700.0000
2624 2680 0.5654 700.0000
2624 2681 0.4492 700.0000
2624 2682 0.5015 700.0000
2624 2683 0.6543 700.0000
2624 2722 0.8248 700.0000
2624 2723 0.8886 700.0000
2624 2727 0.8520 700.0000
2625 2627 0.5062 700.0000
2625 2628 0.5141 700.0000
2625 2629 0.5936 700.0000
2625 2630 0.7182 700.0000
2625 2631 0.7963 700.0000
2625 2635 0.8908 700.0000
2625 2659 0.8785 700.0000
2625 2660 0.7686 700.0000
2625 2680 0.8676 700.0000
2625 2681 0.8255 700.0000
2625 2682 0.6573 700.0000
2625 2683 0.7881 700.0000
2625 2727 0.8307 700.0000
2626 2628 0.7247 700.0000
2626 2629 0.8824 700.0000
2626 2659 0.5962 700.0000
2626 2660 0.5508 700.0000
2626 2661 0.6593 700.0000
2626 2662 0.6492 700.0000
2626 2682 0.6085 700.0000
2626 2683 0.7467 700.0000
2626 2685 0.7973 700.0000
2627 2629 0.5093 700.0000
2627 2631 0.8952 700.0000
2627 2650 0.8866 700.0000
2627 2651 0.8352 700.0000
2627 2654 0.6748 700.0000
2627 2658 0.8101 700.0000
2627 2659 0.4937 700.0000
2627 2660 0.7151 700.0000
2628 2630 0.6302 700.0000
2628 2646 0.8743 700.0000
2628 2647 0.6867 700.0000
2628 2650 0.4693 700.0000
2628 2651 0.6971 700.0000
2628 2653 0.7353 700.0000
2628 2654 0.6657 700.0000
2628 2658 0.8929 700.0000
2628 2659 0.8747 700.0000
2628 2660 0.6887 700.0000
2628 2666 0.8093 700.0000
2628 2680 0.6193 700.0000
2628 2681 0.8840 700.0000
2628 2682 0.8445 700.0000
2629 2631 0.5072 700.0000
2629 2647 0.5797 700.0000
2629 2650 0.7370 700.0000
2629 2651 0.6962 700.0000
2630 2632 0.6656 700.0000
2630 2633 0.8402 700.0000
2630 2634 0.8653 700.0000
2630 2635 0.4498 700.0000
2630 2636 0.5690 700.0000
2630 2637 0.8274 700.0000
2630 2638 0.7613 700.0000
2630 2639 0.5551 700.0000
2630 2646 0.6993 700.0000
2630 2647 0.5488 700.0000
2630 2650 0.7594 700.0000
2630 2680 0.8424 700.0000
2631 2635 0.8259 700.0000
2631 2636 0.7879 700.0000
2631 2647 0.8861 700.0000
2632 2634 0.6714 700.0000
2632 2635 0.4817 700.0000
2632 2636 0.4652 700.0000
2632 2637 0.7448 700.0000
2632 2726 0.7697 700.0000
2633 2635 0.4810 700.0000
2633 2636 0.4691 700.0000
2633 2637 0.5949 700.0000
2633 2638 0.8175 700.0000
2633 2725 0.8868 700.0000
2633 2726 0.8255 700.0000
2634 2636 0.6011 700.0000
2634 2637 0.5370 700.0000
2634 2638 0.5471 700.0000
2634 2639 0.8925 700.0000
2634 2720 0.7723 700.0000
2634 2721 0.8929 700.0000
2634 2762 0.8874 700.0000
2635 2637 0.5133 700.0000
2635 2638 0.4996 700.0000
2635 2639 0.5968 700.0000
2636 2638 0.5716 700.0000
2636 2639 0.4902 700.0000
2636 2640 0.6185 700.0000
2636 2641 0.8306 700.0000
2637 2639 0.5473 700.0000
2637 2640 0.5251 700.0000
2637 2641 0.6150 700.0000
2637 2642 0.8338 700.0000
2638 2640 0.7540 700.0000
2638 2641 0.5750 700.0000
2638 2642 0.6610 700.0000
2638 2643 0.8423 700.0000
2638 2646 0.7865 700.0000
2638 2670 0.8582 700.0000
2638 2673 0.6960 700.0000
2638 2678 0.8220 700.0000
2639 2641 0.5545 700.0000
2639 2642 0.5030 700.0000
2639 2643 0.4775 700.0000
2639 2644 0.7091 700.0000
2639 2646 0.5727 700.0000
2639 2647 0.6970 700.0000
2639 2673 0.8750 700.0000
2640 2642 0.7099 700.0000
2640 2643 0.6887 700.0000
2641 2643 0.5541 700.0000
2641 2646 0.8810 700.0000
2641 2670 0.8588 700.0000
2641 2671 0.7861 700.0000
2641 2672 0.5948 700.0000
2641 2673 0.5715 700.0000
2642 2644 0.6444 700.0000
2642 2645 0.6546 700.0000
2642 2646 0.5793 700.0000
2642 2670 0.5906 700.0000
2642 2671 0.4838 700.0000
2642 2672 0.4479 700.0000
2642 2673 0.5068 700.0000
2643 2645 0.5488 700.0000
2643 2646 0.5732 700.0000
2643 2647 0.7820 700.0000
2643 2648 0.8937 700.0000
2643 2670 0.7999 700.0000
2643 2671 0.6551 700.0000
2643 2672 0.5840 700.0000
2643 2673 0.8101 700.0000
2644 2646 0.6557 700.0000
2644 2647 0.6785 700.0000
2644 2648 0.6771 700.0000
2644 2671 0.8411 700.0000
2644 2672 0.8235 700.0000
2645 2647 0.8420 700.0000
2645 2648 0.6445 700.0000
2645 2649 0.7370 700.0000
2645 2669 0.6780 700.0000
2645 2670 0.7202 700.0000
2645 2671 0.5367 700.0000
2645 2672 0.7106 700.0000
2646 2648 0.6196 700.0000
2646 2649 0.6120 700.0000
2646 2650 0.5764 700.0000
2646 2651 0.8794 700.0000
2646 2668 0.6339 700.0000
2646 2669 0.6789 700.0000
2646 2670 0.5860 700.0000
2646 2671 0.6596 700.0000
2646 2673 0.8457 700.0000
2646 2678 0.7216 700.0000
2646 2680 0.8323 700.0000
2647 2649 0.7218 700.0000
2647 2650 0.4843 700.0000
2647 2651 0.5145 700.0000
2648 2650 0.5422 700.0000
2648 2651 0.4679 700.0000
2648 2652 0.5589 700.0000
2648 2653 0.8445 700.0000
2648 2669 0.8428 700.0000
2649 2651 0.6722 700.0000
2649 2652 0.4926 700.0000
2649 2653 0.5925 700.0000
2649 2667 0.8756 700.0000
2649 2668 0.5688 700.0000
2649 2669 0.5087 700.0000
2649 2670 0.8877 700.0000
2650 2652 0.6748 700.0000
2650 2653 0.5184 700.0000
2650 2654 0.6768 700.0000
2650 2666 0.8322 700.0000
2650 2668 0.6578 700.0000
2650 2669 0.8509 700.0000
2650 2680 0.7080 700.0000
2651 2653 0.6722 700.0000
2651 2654 0.5837 700.0000
2651 2655 0.7144 700.0000
2652 2654 0.7369 700.0000
2652 2655 0.6060 700.0000
2652 2656 0.6698 700.0000
2653 2655 0.7447 700.0000
2653 2656 0.5059 700.0000
2653 2657 0.5153 700.0000
2653 2658 0.6786 700.0000
2653 2660 0.8687 700.0000
2653 2666 0.7277 700.0000
2653 2667 0.8524 700.0000
2653 2668 0.8069 700.0000
2654 2656 0.7039 700.0000
2654 2657 0.6031 700.0000
2654 2658 0.3923 700.0000
2654 2659 0.6691 700.0000
2654 2660 0.7322 700.0000
2655 2657 0.8437 700.0000
2655 2658 0.7631 700.0000
2656 2658 0.7377 700.0000
2657 2660 0.7732 700.0000
2657 2666 0.8398 700.0000
2658 2660 0.5927 700.0000
2658 2661 0.8970 700.0000
2659 2661 0.7889 700.0000
2660 2662 0.7055 700.0000
2660 2663 0.8178 700.0000
2660 2664 0.5803 700.0000
2660 2665 0.7271 700.0000
2660 2666 0.7530 700.0000
2660 2681 0.8740 700.0000
2660 2682 0.6172 700.0000
2661 2663 0.6321 700.0000
2661 2664 0.5311 700.0000
2661 2682 0.6977 700.0000
2661 2683 0.8770 700.0000
2661 2697 0.8817 700.0000
2662 2664 0.5803 700.0000
2662 2682 0.5200 700.0000
2662 2683 0.5406 700.0000
2662 2684 0.6166 700.0000
2662 2685 0.8474 700.0000
2662 2693 0.8462 700.0000
2662 2694 0.8969 700.0000
2662 2697 0.5652 700.0000
2662 2700 0.8082 700.0000
2662 2701 0.8682 700.0000
2663 2665 0.6590 700.0000
2663 2681 0.7360 700.0000
2663 2682 0.5258 700.0000
2663 2683 0.6161 700.0000
2663 2684 0.7554 700.0000
2663 2696 0.7633 700.0000
2663 2697 0.4673 700.0000
2663 2698 0.7082 700.0000
2663 2700 0.4108 700.0000
2663 2701 0.4611 700.0000
2663 2702 0.8377 700.0000
2663 2703 0.8953 700.0000
2663 2704 0.7140 700.0000
2664 2666 0.7676 700.0000
2664 2681 0.7355 700.0000
2664 2682 0.5499 700.0000
2664 2683 0.8054 700.0000
2664 2697 0.7948 700.0000
2664 2700 0.5698 700.0000
2664 2701 0.6193 700.0000
2664 2704 0.6574 700.0000
2665 2667 0.7595 700.0000
2665 2679 0.6920 700.0000
2665 2680 0.6833 700.0000
2665 2681 0.5798 700.0000
2665 2682 0.6592 700.0000
2665 2700 0.8163 700.0000
2665 2701 0.6153 700.0000
2665 2702 0.8837 700.0000
2665 2704 0.5079 700.0000
2665 2705 0.6147 700.0000
2665 2708 0.6971 700.0000
2666 2668 0.6757 700.0000
2666 2678 0.7904 700.0000
2666 2679 0.6079 700.0000
2666 2680 0.4891 700.0000
2666 2681 0.7337 700.0000
2666 2682 0.8628 700.0000
2666 2704 0.8579 700.0000
2666 2705 0.8322 700.0000
2666 2708 0.7347 700.0000
2667 2669 0.7878 700.0000
2667 2677 0.5781 700.0000
2667 2678 0.5962 700.0000
2667 2679 0.5538 700.0000
2667 2680 0.6461 700.0000
2667 2708 0.6409 700.0000
2667 2712 0.7027 700.0000
2668 2670 0.6172 700.0000
2668 2671 0.8604 700.0000
2668 2677 0.5234 700.0000
2668 2678 0.4288 700.0000
2668 2679 0.6952 700.0000
2668 2680 0.6114 700.0000
2669 2671 0.6320 700.0000
2669 2676 0.8937 700.0000
2669 2677 0.6095 700.0000
2669 2678 0.7672 700.0000
2670 2672 0.7263 700.0000
2670 2673 0.4530 700.0000
2670 2674 0.7494 700.0000
2670 2675 0.6373 700.0000
2670 2676 0.7512 700.0000
2670 2677 0.6127 700.0000
2670 2678 0.5709 700.0000
2671 2673 0.4897 700.0000
2671 2674 0.7958 700.0000
2671 2675 0.8111 700.0000
2671 2676 0.8976 700.0000
2671 2677 0.8665 700.0000
2671 2678 0.8745 700.0000
2672 2674 0.8548 700.0000
2673 2675 0.4617 700.0000
2673 2678 0.8067 700.0000
2674 2676 0.7775 700.0000
2675 2677 0.7731 700.0000
2675 2678 0.7381 700.0000
2675 2718 0.8996 700.0000
2676 2714 0.7119 700.0000
2677 2679 0.7511 700.0000
2677 2712 0.6985 700.0000
2677 2714 0.7337 700.0000
2678 2680 0.5250 700.0000
2679 2681 0.6583 700.0000
2679 2705 0.5609 700.0000
2679 2708 0.6629 700.0000
2679 2709 0.7945 700.0000
2679 2717 0.8522 700.0000
2679 2718 0.8475 700.0000
2680 2682 0.7836 700.0000
2681 2683 0.6018 700.0000
2681 2698 0.8749 700.0000
2681 2701 0.5896 700.0000
2681 2702 0.7973 700.0000
2681 2704 0.8746 700.0000
2681 2705 0.7254 700.0000
2681 2720 0.8783 700.0000
2681 2722 0.6592 700.0000
2682 2684 0.6933 700.0000
2682 2697 0.8185 700.0000
2682 2698 0.8555 700.0000
2682 2701 0.6672 700.0000
2682 2722 0.8284 700.0000
2682 2723 0.8774 700.0000
2682 2727 0.8862 700.0000
2683 2685 0.7099 700.0000
2683 2694 0.8328 700.0000
2683 2697 0.6705 700.0000
2683 2698 0.6389 700.0000
2683 2701 0.7269 700.0000
2683 2722 0.6529 700.0000
2683 2723 0.5647 700.0000
2683 2727 0.6143 700.0000
2683 2729 0.8913 700.0000
2684 2686 0.7453 700.0000
2684 2687 0.8805 700.0000
2684 2693 0.8345 700.0000
2684 2694 0.5100 700.0000
2684 2695 0.8134 700.0000
2684 2697 0.5657 700.0000
2684 2698 0.5968 700.0000
2684 2722 0.7836 700.0000
2684 2723 0.5467 700.0000
2684 2727 0.5945 700.0000
2684 2728 0.8340 700.0000
2684 2729 0.6652 700.0000
2685 2687 0.8677 700.0000
2685 2723 0.8070 700.0000
2685 2726 0.7799 700.0000
2685 2727 0.4271 700.0000
2685 2728 0.7940 700.0000
2686 2688 0.5516 700.0000
2686 2690 0.8018 700.0000
2686 2691 0.6100 700.0000
2686 2694 0.5863 700.0000
2686 2695 0.8854 700.0000
2686 2723 0.8366 700.0000
2686 2727 0.8706 700.0000
2686 2728 0.5302 700.0000
2686 2729 0.4766 700.0000
2686 2730 0.5862 700.0000
2686 2733 0.7987 700.0000
2687 2689 0.5832 700.0000
2687 2690 0.4796 700.0000
2687 2691 0.5733 700.0000
2687 2692 0.8589 700.0000
2687 2693 0.8310 700.0000
2687 2694 0.6289 700.0000
2687 2728 0.8611 700.0000
2687 2729 0.8685 700.0000
2688 2690 0.6154 700.0000
2688 2691 0.5216 700.0000
2688 2692 0.8148 700.0000
2688 2694 0.8133 700.0000
2689 2691 0.8326 700.0000
2690 2692 0.6393 700.0000
2690 2693 0.4630 700.0000
2690 2694 0.6018 700.0000
2691 2693 0.7095 700.0000
2691 2694 0.4661 700.0000
2691 2695 0.6016 700.0000
2691 2729 0.8521 700.0000
2691 2733 0.7709 700.0000
2692 2694 0.5821 700.0000
2692 2695 0.5520 700.0000
2692 2696 0.8000 700.0000
2693 2695 0.8129 700.0000
2693 2696 0.6980 700.0000
2693 2697 0.6038 700.0000
2694 2696 0.7794 700.0000
2694 2697 0.5523 700.0000
2694 2698 0.6966 700.0000
2694 2729 0.6845 700.0000
2695 2697 0.6400 700.0000
2695 2698 0.5655 700.0000
2695 2699 0.5638 700.0000
2695 2729 0.7838 700.0000
2695 2733 0.7542 700.0000
2695 2734 0.8367 700.0000
2695 2737 0.5757 700.0000
2696 2698 0.7791 700.0000
2696 2699 0.5731 700.0000
2696 2700 0.5716 700.0000
2697 2699 0.7440 700.0000
2697 2700 0.5746 700.0000
2697 2701 0.7058 700.0000
2698 2700 0.8166 700.0000
2698 2701 0.5595 700.0000
2698 2702 0.6303 700.0000
2698 2703 0.8803 700.0000
2698 2722 0.6064 700.0000
2698 2723 0.7146 700.0000
2698 2729 0.7493 700.0000
2698 2734 0.6784 700.0000
2698 2737 0.5780 700.0000
2698 2738 0.6556 700.0000
2698 2741 0.8598 700.0000
2699 2701 0.7769 700.0000
2699 2702 0.7118 700.0000
2699 2703 0.6318 700.0000
2699 2737 0.5464 700.0000
2699 2738 0.7669 700.0000
2699 2740 0.6591 700.0000
2699 2741 0.5366 700.0000
2699 2744 0.6993 700.0000
2700 2702 0.8092 700.0000
2700 2703 0.6398 700.0000
2700 2704 0.5969 700.0000
2701 2703 0.5940 700.0000
2701 2704 0.5062 700.0000
2701 2705 0.5781 700.0000
2701 2706 0.8457 700.0000
2701 2722 0.7808 700.0000
2701 2738 0.8897 700.0000
2701 2741 0.8935 700.0000
2702 2704 0.6351 700.0000
2702 2705 0.5108 700.0000
2702 2706 0.5979 700.0000
2702 2707 0.8734 700.0000
2702 2719 0.7588 700.0000
2702 2722 0.7772 700.0000
2702 2737 0.8408 700.0000
2702 2738 0.6154 700.0000
2702 2741 0.5922 700.0000
2702 2742 0.7059 700.0000
2702 2745 0.8808 700.0000
2703 2705 0.7050 700.0000
2703 2706 0.6327 700.0000
2703 2707 0.6878 700.0000
2703 2741 0.5612 700.0000
2703 2742 0.7808 700.0000
2703 2744 0.7266 700.0000
2703 2745 0.6167 700.0000
2704 2706 0.6735 700.0000
2704 2707 0.5208 700.0000
2704 2708 0.6238 700.0000
2705 2707 0.5924 700.0000
2705 2708 0.5241 700.0000
2705 2709 0.6703 700.0000
2705 2717 0.8060 700.0000
2705 2719 0.8352 700.0000
2706 2708 0.6805 700.0000
2706 2709 0.5855 700.0000
2706 2710 0.6218 700.0000
2706 2717 0.7121 700.0000
2706 2719 0.8835 700.0000
2706 2741 0.8361 700.0000
2706 2742 0.7229 700.0000
2706 2745 0.6321 700.0000
2706 2746 0.8220 700.0000
2706 2755 0.7292 700.0000
2706 2758 0.8509 700.0000
2707 2709 0.6101 700.0000
2707 2710 0.5223 700.0000
2707 2711 0.6914 700.0000
2707 2745 0.7646 700.0000
2708 2710 0.7156 700.0000
2708 2711 0.5378 700.0000
2708 2712 0.6015 700.0000
2708 2714 0.8376 700.0000
2709 2711 0.6447 700.0000
2709 2712 0.5984 700.0000
2709 2713 0.7490 700.0000
2709 2714 0.4764 700.0000
2709 2716 0.8199 700.0000
2709 2717 0.7229 700.0000
2709 2754 0.7608 700.0000
2709 2755 0.6665 700.0000
2710 2712 0.8586 700.0000
2710 2713 0.7201 700.0000
2710 2714 0.7961 700.0000
2710 2745 0.8530 700.0000
2710 2749 0.8814 700.0000
2710 2752 0.8400 700.0000
2710 2753 0.6445 700.0000
2710 2754 0.5268 700.0000
2710 2755 0.5711 700.0000
2711 2713 0.7341 700.0000
2711 2714 0.8731 700.0000
2712 2714 0.5941 700.0000
2713 2715 0.8829 700.0000
2713 2754 0.5706 700.0000
2714 2716 0.6384 700.0000
2714 2717 0.7997 700.0000
2714 2754 0.7931 700.0000
2714 2755 0.7878 700.0000
2715 2754 0.6533 700.0000
2715 2755 0.6385 700.0000
2715 2756 0.5109 700.0000
2715 2757 0.6392 700.0000
2716 2718 0.7210 700.0000
2716 2755 0.6476 700.0000
2716 2756 0.7802 700.0000
2716 2757 0.5193 700.0000
2716 2758 0.7219 700.0000
2716 2759 0.6821 700.0000
2717 2719 0.5917 700.0000
2717 2755 0.6977 700.0000
2717 2757 0.7428 700.0000
2717 2758 0.5220 700.0000
2717 2759 0.6240 700.0000
2717 2760 0.8724 700.0000
2718 2720 0.6525 700.0000
2718 2758 0.7127 700.0000
2718 2759 0.5828 700.0000
2718 2760 0.7111 700.0000
2718 2761 0.6371 700.0000
2719 2721 0.7414 700.0000
2719 2722 0.7527 700.0000
2719 2738 0.7197 700.0000
2719 2742 0.8810 700.0000
2719 2758 0.7154 700.0000
2719 2759 0.7710 700.0000
2719 2760 0.5240 700.0000
2719 2761 0.6244 700.0000
2719 2771 0.8631 700.0000
2720 2722 0.5117 700.0000
2720 2723 0.8901 700.0000
2720 2724 0.8830 700.0000
2720 2738 0.8046 700.0000
2720 2760 0.6988 700.0000
2720 2761 0.5772 700.0000
2720 2762 0.7138 700.0000
2720 2771 0.8466 700.0000
2721 2723 0.6183 700.0000
2721 2724 0.4994 700.0000
2721 2725 0.7720 700.0000
2721 2729 0.8504 700.0000
2721 2731 0.7356 700.0000
2721 2734 0.5852 700.0000
2721 2735 0.7048 700.0000
2721 2738 0.7532 700.0000
2721 2760 0.8576 700.0000
2721 2761 0.7954 700.0000
2721 2762 0.7091 700.0000
2721 2767 0.7115 700.0000
2721 2771 0.7438 700.0000
2722 2724 0.6655 700.0000
2722 2725 0.8637 700.0000
2722 2727 0.8581 700.0000
2722 2729 0.7969 700.0000
2722 2734 0.6445 700.0000
2722 2735 0.8871 700.0000
2722 2738 0.7047 700.0000
2723 2725 0.5436 700.0000
2723 2726 0.7197 700.0000
2723 2727 0.4683 700.0000
2723 2728 0.6026 700.0000
2723 2729 0.5029 700.0000
2723 2730 0.8210 700.0000
2723 2734 0.6670 700.0000
2724 2726 0.7308 700.0000
2724 2727 0.7463 700.0000
2724 2728 0.5706 700.0000
2724 2729 0.5775 700.0000
2724 2730 0.6757 700.0000
2724 2731 0.5816 700.0000
2724 2734 0.6267 700.0000
2724 2735 0.8923 700.0000
2724 2767 0.8342 700.0000
2725 2727 0.5813 700.0000
2725 2728 0.5074 700.0000
2725 2729 0.7684 700.0000
2725 2730 0.8766 700.0000
2725 2731 0.8833 700.0000
2726 2728 0.6500 700.0000
2727 2729 0.7838 700.0000
2728 2730 0.5762 700.0000
2728 2731 0.8863 700.0000
2729 2731 0.7121 700.0000
2729 2732 0.7693 700.0000
2729 2733 0.6741 700.0000
2729 2734 0.4993 700.0000
2729 2735 0.8814 700.0000
2729 2737 0.8523 700.0000
2730 2732 0.5674 700.0000
2730 2733 0.5312 700.0000
2730 2734 0.6137 700.0000
2730 2735 0.8748 700.0000
2731 2733 0.8185 700.0000
2731 2734 0.5387 700.0000
2731 2735 0.5828 700.0000
2731 2766 0.7409 700.0000
2731 2767 0.6290 700.0000
2731 2770 0.6475 700.0000
2731 2771 0.8016 700.0000
2732 2734 0.5286 700.0000
2732 2735 0.4746 700.0000
2732 2736 0.5792 700.0000
2732 2737 0.8026 700.0000
2732 2770 0.6589 700.0000
2732 2771 0.8357 700.0000
2732 2774 0.7904 700.0000
2733 2735 0.8470 700.0000
2733 2736 0.6604 700.0000
2733 2737 0.7627 700.0000
2734 2736 0.7009 700.0000
2734 2737 0.5444 700.0000
2734 2738 0.5797 700.0000
2734 2739 0.8913 700.0000
2734 2770 0.8954 700.0000
2734 2771 0.7903 700.0000
2735 2737 0.6055 700.0000
2735 2738 0.5270 700.0000
2735 2739 0.6335 700.0000
2735 2740 0.8680 700.0000
2735 2760 0.8519 700.0000
2735 2767 0.7929 700.0000
2735 2770 0.5823 700.0000
2735 2771 0.4634 700.0000
2735 2772 0.8549 700.0000
2735 2774 0.6030 700.0000
2735 2775 0.8691 700.0000
2736 2738 0.7341 700.0000
2736 2739 0.6331 700.0000
2736 2740 0.6225 700.0000
2736 2774 0.5827 700.0000
2736 2775 0.8894 700.0000
2736 2777 0.7488 700.0000
2736 2778 0.6996 700.0000
2737 2739 0.6291 700.0000
2737 2740 0.5319 700.0000
2737 2741 0.6520 700.0000
2737 2742 0.8991 700.0000
2738 2740 0.6250 700.0000
2738 2741 0.5888 700.0000
2738 2742 0.6476 700.0000
2738 2760 0.7917 700.0000
2738 2771 0.7284 700.0000
2738 2774 0.8932 700.0000
2739 2741 0.5803 700.0000
2739 2742 0.5116 700.0000
2739 2743 0.6687 700.0000
2739 2744 0.8642 700.0000
2739 2760 0.8123 700.0000
2739 2771 0.7301 700.0000
2739 2774 0.6028 700.0000
2739 2775 0.6082 700.0000
2739 2777 0.8959 700.0000
2739 2778 0.6122 700.0000
2739 2779 0.7439 700.0000
2740 2742 0.5904 700.0000
2740 2743 0.5328 700.0000
2740 2744 0.5434 700.0000
2740 2774 0.8583 700.0000
2740 2778 0.6257 700.0000
2740 2779 0.8446 700.0000
2741 2743 0.6459 700.0000
2741 2744 0.4457 700.0000
2741 2745 0.6437 700.0000
2741 2746 0.8591 700.0000
2742 2744 0.6715 700.0000
2742 2745 0.6057 700.0000
2742 2746 0.6348 700.0000
2742 2758 0.7242 700.0000
2743 2745 0.7896 700.0000
2743 2746 0.7186 700.0000
2743 2747 0.5187 700.0000
2743 2748 0.8887 700.0000
2743 2778 0.6349 700.0000
2743 2779 0.5828 700.0000
2744 2746 0.8106 700.0000
2744 2747 0.6106 700.0000
2744 2748 0.6505 700.0000
2745 2747 0.7373 700.0000
2745 2748 0.7036 700.0000
2745 2749 0.5957 700.0000
2745 2753 0.7954 700.0000
2746 2748 0.8337 700.0000
2746 2749 0.6419 700.0000
2746 2753 0.5895 700.0000
2746 2755 0.7858 700.0000
2746 2758 0.8984 700.0000
2747 2749 0.8281 700.0000
2748 2750 0.8553 700.0000
2749 2751 0.6028 700.0000
2749 2752 0.7343 700.0000
2749 2753 0.6161 700.0000
2750 2752 0.8786 700.0000
2751 2753 0.6971 700.0000
2752 2754 0.6295 700.0000
2752 2755 0.8864 700.0000
2753 2755 0.5814 700.0000
2753 2756 0.7169 700.0000
2754 2756 0.6451 700.0000
2755 2757 0.7151 700.0000
2755 2758 0.6964 700.0000
2756 2758 0.8337 700.0000
2757 2759 0.5533 700.0000
2758 2760 0.6712 700.0000
2759 2761 0.7117 700.0000
2760 2762 0.8355 700.0000
2760 2768 0.7440 700.0000
2760 2771 0.5029 700.0000
2760 2772 0.8541 700.0000
2760 2775 0.8856 700.0000
2761 2763 0.7502 700.0000
2761 2764 0.8834 700.0000
2761 2767 0.8197 700.0000
2761 2768 0.7137 700.0000
2761 2771 0.7603 700.0000
2762 2764 0.4497 700.0000
2762 2765 0.8505 700.0000
2762 2767 0.5144 700.0000
2762 2768 0.6058 700.0000
2762 2771 0.8167 700.0000
2763 2765 0.8015 700.0000
2763 2767 0.7793 700.0000
2763 2768 0.8366 700.0000
2764 2766 0.5785 700.0000
2764 2767 0.4562 700.0000
2764 2768 0.6112 700.0000
2764 2769 0.8081 700.0000
2765 2767 0.7327 700.0000
2765 2768 0.6008 700.0000
2765 2769 0.5553 700.0000
2766 2768 0.7333 700.0000
2766 2769 0.5797 700.0000
2766 2770 0.6930 700.0000
2767 2769 0.6514 700.0000
2767 2770 0.5455 700.0000
2767 2771 0.5950 700.0000
2768 2770 0.5649 700.0000
2768 2771 0.5344 700.0000
2768 2772 0.6542 700.0000
2769 2771 0.8148 700.0000
2769 2772 0.6498 700.0000
2769 2773 0.7114 700.0000
2770 2772 0.5168 700.0000
2770 2773 0.5633 700.0000
2770 2774 0.6112 700.0000
2770 2775 0.8497 700.0000
2771 2773 0.8315 700.0000
2771 2774 0.6312 700.0000
2771 2775 0.7295 700.0000
2772 2774 0.5138 700.0000
2772 2775 0.4944 700.0000
2772 2776 0.5227 700.0000
2772 2777 0.8427 700.0000
2773 2775 0.6565 700.0000
2773 2776 0.4348 700.0000
2773 2777 0.6462 700.0000
2774 2776 0.5822 700.0000
2774 2777 0.4812 700.0000
2774 2778 0.5727 700.0000
2774 2779 0.7851 700.0000
2775 2777 0.6078 700.0000
2775 2778 0.5588 700.0000
2775 2779 0.5330 700.0000
2776 2778 0.7827 700.0000
2776 2779 0.7781 700.0000
2777 2779 0.7051 700.0000
2808 2810 0.6786 700.0000
2808 2816 0.6512 700.0000
2808 2817 0.6292 700.0000
2808 2818 0.5808 700.0000
2808 2819 0.7601 700.0000
2808 2987 0.6647 700.0000
2808 2991 0.8901 700.0000
2809 2811 0.7243 700.0000
2809 2815 0.8529 700.0000
2809 2816 0.6908 700.0000
2809 2817 0.4174 700.0000
2809 2818 0.7362 700.0000
2809 2819 0.8943 700.0000
2809 2950 0.8335 700.0000
2809 2954 0.8036 700.0000
2809 2987 0.5270 700.0000
2809 2988 0.8933 700.0000
2809 2990 0.7338 700.0000
2809 2991 0.7218 700.0000
2810 2812 0.6645 700.0000
2810 2813 0.7529 700.0000
2810 2814 0.5658 700.0000
2810 2815 0.6326 700.0000
2810 2816 0.5934 700.0000
2810 2817 0.6067 700.0000
2810 2954 0.7888 700.0000
2811 2813 0.4427 700.0000
2811 2814 0.4386 700.0000
2811 2815 0.4816 700.0000
2811 2816 0.7849 700.0000
2811 2817 0.6955 700.0000
2811 2953 0.7945 700.0000
2811 2954 0.5405 700.0000
2811 2957 0.5738 700.0000
2811 2958 0.7513 700.0000
2812 2814 0.6195 700.0000
2812 2815 0.7920 700.0000
2812 2954 0.6729 700.0000
2812 2957 0.6310 700.0000
2812 2958 0.6123 700.0000
2813 2815 0.5771 700.0000
2813 2954 0.8519 700.0000
2813 2957 0.4708 700.0000
2813 2958 0.6363 700.0000
2813 2960 0.8803 700.0000
2813 2961 0.8696 700.0000
2813 2962 0.6880 700.0000
2814 2816 0.6764 700.0000
2814 2817 0.8744 700.0000
2814 2957 0.6789 700.0000
2814 2962 0.7699 700.0000
2814 2965 0.8760 700.0000
2814 2966 0.7283 700.0000
2815 2817 0.5922 700.0000
2815 2953 0.6906 700.0000
2815 2954 0.7682 700.0000
2815 2956 0.8425 700.0000
2815 2957 0.5771 700.0000
2815 2962 0.7446 700.0000
2815 2965 0.6465 700.0000
2815 2966 0.6654 700.0000
2815 2967 0.7059 700.0000
2815 2968 0.6473 700.0000
2816 2818 0.5674 700.0000
2816 2966 0.6901 700.0000
2816 2967 0.4951 700.0000
2816 2968 0.6574 700.0000
2816 2969 0.8052 700.0000
2817 2819 0.8398 700.0000
2817 2950 0.6903 700.0000
2817 2953 0.6834 700.0000
2817 2954 0.7236 700.0000
2817 2967 0.8125 700.0000
2817 2968 0.5138 700.0000
2817 2969 0.7952 700.0000
2817 2970 0.6703 700.0000
2817 2987 0.7016 700.0000
2818 2820 0.6289 700.0000
2818 2967 0.6744 700.0000
2818 2968 0.5937 700.0000
2818 2969 0.4661 700.0000
2818 2970 0.6325 700.0000
2818 2987 0.8646 700.0000
2819 2821 0.6205 700.0000
2819 2969 0.7786 700.0000
2819 2970 0.5681 700.0000
2819 2971 0.7757 700.0000
2819 2972 0.6719 700.0000
2819 2980 0.7576 700.0000
2819 2983 0.6772 700.0000
2819 2984 0.7180 700.0000
2819 2987 0.6680 700.0000
2820 2822 0.5867 700.0000
2820 2823 0.8152 700.0000
2820 2969 0.6164 700.0000
2820 2970 0.6817 700.0000
2820 2971 0.4968 700.0000
2820 2972 0.5831 700.0000
2821 2823 0.8921 700.0000
2821 2971 0.8073 700.0000
2821 2972 0.5635 700.0000
2821 2973 0.7852 700.0000
2821 2974 0.5634 700.0000
2821 2980 0.6415 700.0000
2822 2824 0.6916 700.0000
2822 2825 0.7228 700.0000
2822 2826 0.5184 700.0000
2822 2827 0.6927 700.0000
2822 2828 0.8637 700.0000
2822 2971 0.6405 700.0000
2822 2972 0.7757 700.0000
2822 2973 0.7419 700.0000
2822 2974 0.7348 700.0000
2823 2825 0.4359 700.0000
2823 2826 0.4572 700.0000
2823 2827 0.6696 700.0000
2823 2850 0.8269 700.0000
2823 2971 0.6237 700.0000
2823 2972 0.7884 700.0000
2823 2973 0.6045 700.0000
2823 2974 0.7682 700.0000
2824 2826 0.6043 700.0000
2824 2827 0.5869 700.0000
2824 2832 0.7072 700.0000
2824 2833 0.8342 700.0000
2824 2834 0.8581 700.0000
2824 2847 0.6293 700.0000
2824 2850 0.6659 700.0000
2824 2851 0.6036 700.0000
2824 2854 0.8919 700.0000
2824 2885 0.8926 700.0000
2824 2929 0.8052 700.0000
2824 2931 0.7022 700.0000
2824 2971 0.6017 700.0000
2824 2973 0.8373 700.0000
2825 2827 0.6599 700.0000
2825 2847 0.8400 700.0000
2825 2850 0.5393 700.0000
2825 2851 0.5904 700.0000
2825 2853 0.8396 700.0000
2825 2854 0.5763 700.0000
2825 2885 0.7760 700.0000
2825 2886 0.8794 700.0000
2826 2828 0.6960 700.0000
2826 2854 0.7414 700.0000
2826 2885 0.8298 700.0000
2826 2886 0.6899 700.0000
2827 2829 0.5193 700.0000
2827 2831 0.8639 700.0000
2827 2832 0.6865 700.0000
2827 2885 0.7182 700.0000
2827 2886 0.5471 700.0000
2827 2887 0.6256 700.0000
2827 2929 0.7503 700.0000
2827 2969 0.8542 700.0000
2827 2971 0.7692 700.0000
2828 2830 0.8767 700.0000
2828 2886 0.5459 700.0000
2828 2887 0.7844 700.0000
2829 2831 0.5110 700.0000
2829 2832 0.6302 700.0000
2829 2886 0.7861 700.0000
2829 2887 0.6022 700.0000
2829 2888 0.7992 700.0000
2829 2927 0.4677 700.0000
2829 2928 0.6175 700.0000
2829 2929 0.5715 700.0000
2829 2967 0.8060 700.0000
2829 2969 0.6359 700.0000
2830 2832 0.8262 700.0000
2830 2887 0.6370 700.0000
2830 2888 0.4368 700.0000
2830 2889 0.7158 700.0000
2830 2920 0.7774 700.0000
2830 2925 0.5161 700.0000
2830 2926 0.6506 700.0000
2830 2927 0.4122 700.0000
2830 2928 0.7259 700.0000
2830 2929 0.8785 700.0000
2830 2967 0.8967 700.0000
2831 2833 0.6861 700.0000
2831 2887 0.6367 700.0000
2831 2888 0.7319 700.0000
2831 2889 0.6411 700.0000
2831 2890 0.6694 700.0000
2831 2891 0.6507 700.0000
2831 2916 0.8154 700.0000
2831 2919 0.8865 700.0000
2831 2920 0.6344 700.0000
2831 2925 0.7144 700.0000
2831 2927 0.5533 700.0000
2831 2928 0.4628 700.0000
2831 2929 0.5487 700.0000
2831 2930 0.8371 700.0000
2832 2834 0.6992 700.0000
2832 2851 0.8191 700.0000
2832 2882 0.8654 700.0000
2832 2885 0.8326 700.0000
2832 2887 0.6124 700.0000
2832 2889 0.8348 700.0000
2832 2890 0.5033 700.0000
2832 2891 0.5960 700.0000
2832 2892 0.8428 700.0000
2832 2927 0.8901 700.0000
2832 2928 0.6818 700.0000
2832 2929 0.4744 700.0000
2832 2930 0.7591 700.0000
2832 2931 0.7875 700.0000
2832 2971 0.8735 700.0000
2833 2835 0.7357 700.0000
2833 2847 0.8576 700.0000
2833 2890 0.6716 700.0000
2833 2891 0.5016 700.0000
2833 2892 0.7195 700.0000
2833 2893 0.6715 700.0000
2833 2916 0.7016 700.0000
2833 2928 0.7345 700.0000
2833 2929 0.5289 700.0000
2833 2930 0.5281 700.0000
2833 2931 0.5538 700.0000
2833 2933 0.7438 700.0000
2833 2971 0.8779 700.0000
2834 2836 0.5679 700.0000
2834 2842 0.7664 700.0000
2834 2845 0.8902 700.0000
2834 2847 0.5777 700.0000
2834 2848 0.5844 700.0000
2834 2851 0.6989 700.0000
2834 2890 0.6701 700.0000
2834 2891 0.6666 700.0000
2834 2892 0.4641 700.0000
2834 2893 0.5587 700.0000
2834 2931 0.7793 700.0000
2834 2933 0.8221 700.0000
2835 2837 0.6816 700.0000
2835 2842 0.8434 700.0000
2835 2845 0.7467 700.0000
2835 2846 0.8615 700.0000
2835 2847 0.5996 700.0000
2835 2848 0.6462 700.0000
2835 2892 0.7132 700.0000
2835 2893 0.4988 700.0000
2835 2894 0.6954 700.0000
2835 2895 0.6452 700.0000
2835 2931 0.8266 700.0000
2835 2932 0.8920 700.0000
2835 2933 0.6342 700.0000
2835 2934 0.7898 700.0000
2835 2938 0.8813 700.0000
2836 2838 0.7283 700.0000
2836 2839 0.7723 700.0000
2836 2840 0.5812 700.0000
2836 2841 0.7217 700.0000
2836 2842 0.6903 700.0000
2836 2844 0.8990 700.0000
2836 2845 0.8210 700.0000
2836 2847 0.8795 700.0000
2836 2848 0.7187 700.0000
2836 2863 0.8908 700.0000
2836 2876 0.8646 700.0000
2836 2878 0.8655 700.0000
2836 2892 0.6096 700.0000
2836 2893 0.5226 700.0000
2836 2894 0.5328 700.0000
2836 2895 0.6864 700.0000
2837 2839 0.4738 700.0000
2837 2840 0.5311 700.0000
2837 2841 0.5615 700.0000
2837 2842 0.7669 700.0000
2837 2844 0.6581 700.0000
2837 2845 0.8380 700.0000
2837 2848 0.8846 700.0000
2837 2893 0.8393 700.0000
2837 2894 0.6452 700.0000
2837 2895 0.7854 700.0000
2838 2840 0.6641 700.0000
2838 2841 0.8983 700.0000
2838 2872 0.5587 700.0000
2838 2873 0.6573 700.0000
2838 2874 0.7319 700.0000
2838 2876 0.8442 700.0000
2838 2894 0.6209 700.0000
2838 2895 0.8536 700.0000
2839 2841 0.4688 700.0000
2839 2842 0.8847 700.0000
2839 2844 0.6785 700.0000
2839 2872 0.8708 700.0000
2840 2842 0.6943 700.0000
2840 2860 0.7060 700.0000
2840 2863 0.5520 700.0000
2840 2864 0.6307 700.0000
2840 2867 0.7368 700.0000
2840 2872 0.7662 700.0000
2840 2878 0.8150 700.0000
2840 2892 0.7663 700.0000
2840 2894 0.8458 700.0000
2841 2843 0.5296 700.0000
2841 2844 0.4808 700.0000
2841 2845 0.8029 700.0000
2841 2848 0.7981 700.0000
2841 2860 0.6692 700.0000
2841 2863 0.8730 700.0000
2841 2864 0.8629 700.0000
2842 2844 0.7589 700.0000
2842 2845 0.6625 700.0000
2842 2847 0.8477 700.0000
2842 2848 0.4306 700.0000
2842 2849 0.7022 700.0000
2842 2850 0.8826 700.0000
2842 2851 0.7555 700.0000
2842 2852 0.5597 700.0000
2842 2859 0.7156 700.0000
2842 2860 0.5457 700.0000
2842 2863 0.7769 700.0000
2842 2892 0.8093 700.0000
2843 2845 0.5515 700.0000
2843 2846 0.8303 700.0000
2843 2848 0.6389 700.0000
2843 2849 0.5282 700.0000
2843 2852 0.7317 700.0000
2843 2860 0.8645 700.0000
2844 2848 0.8803 700.0000
2845 2847 0.5731 700.0000
2845 2848 0.4255 700.0000
2845 2849 0.5325 700.0000
2845 2850 0.7689 700.0000
2845 2937 0.8301 700.0000
2846 2848 0.5663 700.0000
2846 2849 0.5678 700.0000
2846 2850 0.6480 700.0000
2846 2937 0.8388 700.0000
2847 2849 0.7451 700.0000
2847 2850 0.5709 700.0000
2847 2851 0.6175 700.0000
2847 2931 0.7366 700.0000
2847 2932 0.8446 700.0000
2847 2933 0.8685 700.0000
2848 2850 0.5672 700.0000
2848 2851 0.5363 700.0000
2848 2852 0.6363 700.0000
2848 2853 0.8521 700.0000
2848 2892 0.8694 700.0000
2849 2851 0.7414 700.0000
2849 2852 0.5985 700.0000
2849 2853 0.5126 700.0000
2850 2852 0.6473 700.0000
2850 2853 0.4994 700.0000
2850 2854 0.7299 700.0000
2851 2853 0.7040 700.0000
2851 2854 0.6344 700.0000
2851 2855 0.6524 700.0000
2851 2856 0.8099 700.0000
2851 2859 0.7711 700.0000
2851 2885 0.6869 700.0000
2851 2890 0.8221 700.0000
2852 2854 0.7749 700.0000
2852 2855 0.5549 700.0000
2852 2856 0.4589 700.0000
2852 2857 0.6290 700.0000
2852 2858 0.8449 700.0000
2852 2859 0.6093 700.0000
2852 2860 0.7168 700.0000
2853 2855 0.7523 700.0000
2853 2856 0.7356 700.0000
2854 2856 0.7296 700.0000
2854 2882 0.8899 700.0000
2854 2884 0.5462 700.0000
2854 2885 0.5095 700.0000
2854 2886 0.7680 700.0000
2855 2857 0.6638 700.0000
2855 2858 0.6503 700.0000
2855 2859 0.5940 700.0000
2855 2882 0.6759 700.0000
2855 2883 0.6012 700.0000
2855 2884 0.4221 700.0000
2855 2885 0.5421 700.0000
2856 2858 0.4609 700.0000
2856 2859 0.5488 700.0000
2856 2860 0.8068 700.0000
2856 2861 0.8617 700.0000
2856 2883 0.6747 700.0000
2856 2884 0.6511 700.0000
2856 2885 0.8541 700.0000
2857 2859 0.6321 700.0000
2857 2860 0.6709 700.0000
2857 2861 0.6027 700.0000
2857 2883 0.8096 700.0000
2858 2860 0.7920 700.0000
2858 2861 0.5453 700.0000
2858 2862 0.7724 700.0000
2858 2883 0.5140 700.0000
2858 2884 0.8180 700.0000
2859 2861 0.6982 700.0000
2859 2862 0.5717 700.0000
2859 2863 0.6329 700.0000
2859 2864 0.8743 700.0000
2859 2880 0.6363 700.0000
2859 2881 0.6819 700.0000
2859 2882 0.7389 700.0000
2859 2883 0.5993 700.0000
2859 2885 0.8819 700.0000
2859 2890 0.7608 700.0000
2859 2892 0.8111 700.0000
2860 2862 0.7557 700.0000
2860 2863 0.5171 700.0000
2860 2864 0.5114 700.0000
2860 2865 0.8951 700.0000
2861 2863 0.7865 700.0000
2861 2864 0.6330 700.0000
2861 2865 0.7343 700.0000
2862 2864 0.7322 700.0000
2862 2865 0.5868 700.0000
2862 2866 0.6264 700.0000
2862 2879 0.8150 700.0000
2862 2880 0.5103 700.0000
2862 2881 0.5669 700.0000
2862 2883 0.7049 700.0000
2863 2865 0.6391 700.0000
2863 2866 0.5427 700.0000
2863 2867 0.6424 700.0000
2863 2868 0.8803 700.0000
2863 2878 0.6502 700.0000
2863 2880 0.6643 700.0000
2863 2892 0.6218 700.0000
2864 2866 0.6825 700.0000
2864 2867 0.6096 700.0000
2864 2868 0.6447 700.0000
2865 2867 0.5797 700.0000
2865 2868 0.4656 700.0000
2866 2868 0.6223 700.0000
2866 2869 0.7992 700.0000
2866 2870 0.7304 700.0000
2866 2878 0.6106 700.0000
2866 2879 0.7504 700.0000
2866 2880 0.7697 700.0000
2867 2869 0.5339 700.0000
2867 2870 0.4606 700.0000
2867 2871 0.7888 700.0000
2867 2872 0.7318 700.0000
2867 2878 0.7305 700.0000
2868 2870 0.7318 700.0000
2869 2871 0.6393 700.0000
2869 2872 0.8500 700.0000
2870 2872 0.5610 700.0000
2870 2873 0.8549 700.0000
2870 2876 0.8188 700.0000
2870 2878 0.8253 700.0000
2871 2873 0.5800 700.0000
2871 2876 0.7496 700.0000
2872 2874 0.8408 700.0000
2872 2875 0.8334 700.0000
2872 2876 0.5848 700.0000
2872 2878 0.8764 700.0000
2872 2894 0.7390 700.0000
2873 2875 0.5284 700.0000
2873 2876 0.4682 700.0000
2873 2894 0.6040 700.0000
2873 2895 0.8903 700.0000
2874 2876 0.7400 700.0000
2874 2894 0.5683 700.0000
2874 2895 0.6037 700.0000
2874 2896 0.5669 700.0000
2874 2897 0.7835 700.0000
2874 2904 0.8719 700.0000
2874 2905 0.8214 700.0000
2874 2908 0.6585 700.0000
2875 2877 0.6108 700.0000
2875 2893 0.6684 700.0000
2875 2894 0.4841 700.0000
2875 2895 0.6666 700.0000
2875 2896 0.7789 700.0000
2875 2908 0.5844 700.0000
2875 2909 0.8191 700.0000
2875 2911 0.7516 700.0000
2875 2912 0.5633 700.0000
2875 2915 0.7922 700.0000
2876 2878 0.6148 700.0000
2876 2892 0.8868 700.0000
2876 2893 0.6367 700.0000
2876 2894 0.4762 700.0000
2876 2895 0.8241 700.0000
2876 2912 0.7859 700.0000
2876 2915 0.8515 700.0000
2877 2879 0.7921 700.0000
2877 2891 0.6313 700.0000
2877 2892 0.7010 700.0000
2877 2893 0.5766 700.0000
2877 2894 0.7376 700.0000
2877 2912 0.6899 700.0000
2877 2915 0.5653 700.0000
2877 2916 0.6916 700.0000
2877 2919 0.8171 700.0000
2878 2880 0.7127 700.0000
2878 2890 0.8283 700.0000
2878 2891 0.6610 700.0000
2878 2892 0.4928 700.0000
2878 2893 0.7116 700.0000
2878 2894 0.8494 700.0000
2879 2881 0.6954 700.0000
2879 2889 0.6127 700.0000
2879 2890 0.6629 700.0000
2879 2891 0.6299 700.0000
2879 2892 0.7674 700.0000
2879 2919 0.7737 700.0000
2879 2923 0.8903 700.0000
2880 2882 0.6788 700.0000
2880 2883 0.7887 700.0000
2880 2889 0.6272 700.0000
2880 2890 0.4284 700.0000
2880 2891 0.6879 700.0000
2880 2892 0.6136 700.0000
2881 2883 0.5122 700.0000
2881 2885 0.8521 700.0000
2881 2887 0.8063 700.0000
2881 2889 0.5538 700.0000
2881 2890 0.6153 700.0000
2882 2884 0.6501 700.0000
2882 2885 0.4346 700.0000
2882 2886 0.7689 700.0000
2882 2887 0.4741 700.0000
2882 2888 0.7877 700.0000
2882 2889 0.6600 700.0000
2882 2890 0.6415 700.0000
2883 2885 0.7534 700.0000
2884 2886 0.7876 700.0000
2885 2887 0.4696 700.0000
2885 2890 0.8240 700.0000
2887 2889 0.6658 700.0000
2887 2890 0.6979 700.0000
2888 2923 0.8764 700.0000
2888 2925 0.6847 700.0000
2888 2927 0.8458 700.0000
2889 2891 0.7793 700.0000
2889 2920 0.8666 700.0000
2889 2923 0.7299 700.0000
2889 2925 0.8061 700.0000
2890 2892 0.5204 700.0000
2891 2893 0.6655 700.0000
2891 2915 0.8712 700.0000
2891 2916 0.5798 700.0000
2891 2919 0.7490 700.0000
2891 2920 0.8700 700.0000
2891 2928 0.8808 700.0000
2891 2929 0.8679 700.0000
2892 2894 0.8547 700.0000
2893 2895 0.5853 700.0000
2893 2909 0.8727 700.0000
2893 2912 0.6371 700.0000
2893 2916 0.8202 700.0000
2893 2933 0.7668 700.0000
2894 2896 0.6860 700.0000
2894 2908 0.8744 700.0000
2894 2912 0.7916 700.0000
2895 2897 0.7188 700.0000
2895 2905 0.8618 700.0000
2895 2908 0.7537 700.0000
2895 2909 0.6722 700.0000
2895 2912 0.7702 700.0000
2895 2933 0.7366 700.0000
2895 2934 0.6992 700.0000
2895 2938 0.6400 700.0000
2895 2940 0.8811 700.0000
2896 2898 0.8137 700.0000
2896 2899 0.8113 700.0000
2896 2904 0.8182 700.0000
2896 2905 0.5257 700.0000
2896 2906 0.8347 700.0000
2896 2908 0.5925 700.0000
2896 2909 0.5963 700.0000
2896 2912 0.8663 700.0000
2896 2933 0.8741 700.0000
2896 2934 0.7129 700.0000
2896 2938 0.6067 700.0000
2896 2939 0.8863 700.0000
2896 2940 0.6983 700.0000
2897 2899 0.5228 700.0000
2897 2905 0.7703 700.0000
2897 2934 0.8612 700.0000
2897 2937 0.8913 700.0000
2897 2938 0.4942 700.0000
2897 2939 0.7349 700.0000
2897 2940 0.8143 700.0000
2898 2900 0.5488 700.0000
2898 2901 0.5470 700.0000
2898 2902 0.6770 700.0000
2898 2905 0.6753 700.0000
2898 2906 0.7758 700.0000
2898 2934 0.8479 700.0000
2898 2938 0.7818 700.0000
2898 2939 0.5108 700.0000
2898 2940 0.4552 700.0000
2898 2941 0.6016 700.0000
2898 2944 0.8206 700.0000
2899 2901 0.7687 700.0000
2899 2902 0.6169 700.0000
2899 2904 0.8060 700.0000
2899 2905 0.6753 700.0000
2900 2902 0.6665 700.0000
2901 2903 0.6166 700.0000
2901 2904 0.7972 700.0000
2901 2905 0.6645 700.0000
2901 2906 0.6407 700.0000
2902 2904 0.4876 700.0000
2902 2905 0.4617 700.0000
2902 2906 0.5965 700.0000
2903 2905 0.6311 700.0000
2903 2906 0.5852 700.0000
2903 2907 0.6678 700.0000
2904 2906 0.6148 700.0000
2904 2907 0.5625 700.0000
2904 2908 0.5647 700.0000
2905 2907 0.7080 700.0000
2905 2908 0.5221 700.0000
2905 2909 0.6861 700.0000
2905 2910 0.8831 700.0000
2905 2940 0.7747 700.0000
2906 2908 0.6764 700.0000
2906 2909 0.6439 700.0000
2906 2910 0.6008 700.0000
2906 2940 0.7985 700.0000
2906 2944 0.8418 700.0000
2906 2948 0.7056 700.0000
2907 2909 0.8168 700.0000
2907 2910 0.5348 700.0000
2907 2911 0.5361 700.0000
2908 2910 0.6916 700.0000
2908 2911 0.5489 700.0000
2908 2912 0.6368 700.0000
2909 2911 0.6998 700.0000
2909 2912 0.4973 700.0000
2909 2913 0.6009 700.0000
2909 2933 0.6860 700.0000
2909 2934 0.7998 700.0000
2909 2940 0.7537 700.0000
2909 2945 0.7186 700.0000
2909 2948 0.7020 700.0000
2909 2949 0.8110 700.0000
2910 2912 0.7474 700.0000
2910 2913 0.6418 700.0000
2910 2914 0.6394 700.0000
2910 2948 0.5953 700.0000
2910 2949 0.8358 700.0000
2910 2951 0.8411 700.0000
2910 2952 0.5482 700.0000
2910 2955 0.8468 700.0000
2911 2913 0.6800 700.0000
2911 2914 0.4819 700.0000
2911 2915 0.6815 700.0000
2911 2952 0.8376 700.0000
2912 2914 0.7098 700.0000
2912 2915 0.5713 700.0000
2912 2916 0.6114 700.0000
2912 2933 0.8645 700.0000
2913 2915 0.7431 700.0000
2913 2916 0.5796 700.0000
2913 2917 0.6177 700.0000
2913 2930 0.6815 700.0000
2913 2933 0.8689 700.0000
2913 2948 0.7771 700.0000
2913 2949 0.6077 700.0000
2913 2952 0.6030 700.0000
2913 2953 0.7626 700.0000
2913 2956 0.8783 700.0000
2914 2916 0.7838 700.0000
2914 2917 0.6683 700.0000
2914 2918 0.6189 700.0000
2914 2952 0.5768 700.0000
2914 2953 0.8925 700.0000
2914 2955 0.8228 700.0000
2914 2956 0.6413 700.0000
2915 2917 0.7667 700.0000
2915 2918 0.5438 700.0000
2915 2919 0.6016 700.0000
2916 2918 0.6760 700.0000
2916 2919 0.5504 700.0000
2916 2920 0.6713 700.0000
2916 2928 0.7377 700.0000
2916 2929 0.8921 700.0000
2916 2930 0.7406 700.0000
2917 2919 0.7393 700.0000
2917 2920 0.6231 700.0000
2917 2921 0.7749 700.0000
2917 2928 0.6738 700.0000
2917 2930 0.8076 700.0000
2917 2952 0.8139 700.0000
2917 2953 0.6789 700.0000
2917 2956 0.5277 700.0000
2917 2965 0.7172 700.0000
2917 2968 0.8120 700.0000
2918 2920 0.7318 700.0000
2918 2921 0.7151 700.0000
2918 2922 0.7263 700.0000
2918 2956 0.6915 700.0000
2918 2960 0.8398 700.0000
2919 2921 0.7580 700.0000
2919 2922 0.5332 700.0000
2919 2923 0.6129 700.0000
2919 2925 0.8667 700.0000
2920 2922 0.5871 700.0000
2920 2923 0.5423 700.0000
2920 2924 0.7035 700.0000
2920 2925 0.4817 700.0000
2920 2926 0.8867 700.0000
2920 2927 0.7118 700.0000
2920 2928 0.6458 700.0000
2920 2964 0.7849 700.0000
2920 2965 0.6393 700.0000
2921 2923 0.6970 700.0000
2921 2924 0.5732 700.0000
2921 2925 0.6615 700.0000
2921 2956 0.8895 700.0000
2921 2960 0.8798 700.0000
2921 2962 0.6165 700.0000
2921 2963 0.6162 700.0000
2921 2964 0.4832 700.0000
2921 2965 0.5303 700.0000
2922 2924 0.5862 700.0000
2922 2925 0.7410 700.0000
2922 2964 0.8633 700.0000
2923 2925 0.5064 700.0000
2923 2964 0.8864 700.0000
2924 2926 0.7432 700.0000
2924 2963 0.7916 700.0000
2924 2964 0.5082 700.0000
2924 2965 0.8312 700.0000
2925 2927 0.5932 700.0000
2925 2928 0.8376 700.0000
2925 2964 0.6042 700.0000
2925 2965 0.6887 700.0000
2926 2964 0.5452 700.0000
2926 2965 0.6211 700.0000
2926 2966 0.4919 700.0000
2926 2967 0.6571 700.0000
2927 2929 0.7138 700.0000
2927 2964 0.8773 700.0000
2927 2965 0.6569 700.0000
2927 2966 0.7335 700.0000
2927 2967 0.5172 700.0000
2927 2968 0.7144 700.0000
2927 2969 0.6843 700.0000
2928 2930 0.5521 700.0000
2928 2965 0.7499 700.0000
2928 2967 0.7346 700.0000
2928 2968 0.5241 700.0000
2928 2969 0.6143 700.0000
2928 2970 0.8683 700.0000
2929 2931 0.6119 700.0000
2929 2968 0.6745 700.0000
2929 2969 0.5411 700.0000
2929 2970 0.7266 700.0000
2929 2971 0.5969 700.0000
2930 2932 0.7962 700.0000
2930 2933 0.7259 700.0000
2930 2949 0.6941 700.0000
2930 2968 0.6713 700.0000
2930 2969 0.7524 700.0000
2930 2970 0.5898 700.0000
2930 2971 0.7159 700.0000
2931 2933 0.5168 700.0000
2931 2945 0.8899 700.0000
2931 2970 0.7293 700.0000
2931 2971 0.5054 700.0000
2931 2972 0.7240 700.0000
2932 2934 0.5976 700.0000
2932 2935 0.5031 700.0000
2932 2936 0.7893 700.0000
2932 2940 0.8876 700.0000
2932 2942 0.7717 700.0000
2932 2945 0.6187 700.0000
2932 2946 0.8867 700.0000
2932 2970 0.8631 700.0000
2932 2971 0.7711 700.0000
2932 2972 0.6966 700.0000
2932 2976 0.8358 700.0000
2932 2979 0.6434 700.0000
2932 2983 0.8429 700.0000
2933 2935 0.6419 700.0000
2933 2936 0.8467 700.0000
2933 2938 0.8385 700.0000
2933 2940 0.7764 700.0000
2933 2945 0.6226 700.0000
2933 2949 0.8577 700.0000
2934 2936 0.4650 700.0000
2934 2937 0.7095 700.0000
2934 2938 0.4368 700.0000
2934 2939 0.5588 700.0000
2934 2940 0.4451 700.0000
2934 2941 0.7967 700.0000
2934 2942 0.8358 700.0000
2934 2945 0.6884 700.0000
2935 2937 0.7805 700.0000
2935 2938 0.6978 700.0000
2935 2939 0.5828 700.0000
2935 2940 0.5627 700.0000
2935 2941 0.6633 700.0000
2935 2942 0.5088 700.0000
2935 2945 0.6639 700.0000
2935 2976 0.8642 700.0000
2935 2979 0.6721 700.0000
2936 2938 0.5155 700.0000
2936 2939 0.5112 700.0000
2936 2940 0.7206 700.0000
2936 2941 0.8840 700.0000
2936 2942 0.8111 700.0000
2937 2939 0.7124 700.0000
2938 2940 0.6015 700.0000
2939 2941 0.5769 700.0000
2939 2942 0.8265 700.0000
2940 2942 0.7867 700.0000
2940 2944 0.6988 700.0000
2940 2945 0.6188 700.0000
2941 2943 0.5320 700.0000
2941 2944 0.4604 700.0000
2941 2945 0.7047 700.0000
2941 2946 0.8798 700.0000
2942 2944 0.7624 700.0000
2942 2945 0.7095 700.0000
2942 2946 0.7832 700.0000
2942 2976 0.7754 700.0000
2942 2978 0.5511 700.0000
2942 2979 0.4362 700.0000
2942 2982 0.6556 700.0000
2942 2983 0.8167 700.0000
2943 2945 0.7608 700.0000
2943 2946 0.6196 700.0000
2943 2947 0.6834 700.0000
2943 2979 0.8505 700.0000
2943 2982 0.6046 700.0000
2943 2983 0.8578 700.0000
2943 2986 0.8599 700.0000
2944 2946 0.6246 700.0000
2944 2947 0.5728 700.0000
2944 2948 0.6554 700.0000
2945 2947 0.7873 700.0000
2945 2948 0.5375 700.0000
2945 2949 0.5408 700.0000
2945 2950 0.8428 700.0000
2945 2979 0.8172 700.0000
2945 2983 0.7536 700.0000
2946 2948 0.5856 700.0000
2946 2949 0.5398 700.0000
2946 2950 0.5581 700.0000
2946 2951 0.8010 700.0000
2946 2970 0.8347 700.0000
2946 2979 0.8050 700.0000
2946 2982 0.6153 700.0000
2946 2983 0.4727 700.0000
2946 2986 0.6099 700.0000
2946 2987 0.8777 700.0000
2947 2949 0.7756 700.0000
2947 2950 0.6519 700.0000
2947 2951 0.6124 700.0000
2947 2986 0.5872 700.0000
2947 2989 0.7635 700.0000
2947 2990 0.7988 700.0000
2948 2950 0.6688 700.0000
2948 2951 0.5594 700.0000
2948 2952 0.6514 700.0000
2949 2951 0.6161 700.0000
2949 2952 0.6527 700.0000
2949 2953 0.6339 700.0000
2949 2970 0.7012 700.0000
2949 2983 0.7990 700.0000
2950 2952 0.7587 700.0000
2950 2953 0.5711 700.0000
2950 2954 0.6177 700.0000
2950 2970 0.7387 700.0000
2950 2983 0.7405 700.0000
2950 2986 0.6452 700.0000
2950 2987 0.7230 700.0000
2950 2990 0.6546 700.0000
2951 2953 0.5983 700.0000
2951 2954 0.5572 700.0000
2951 2955 0.5342 700.0000
2951 2986 0.8801 700.0000
2951 2990 0.7630 700.0000
2952 2954 0.7675 700.0000
2952 2955 0.4161 700.0000
2952 2956 0.6601 700.0000
2952 2959 0.8968 700.0000
2953 2955 0.6492 700.0000
2953 2956 0.5900 700.0000
2953 2957 0.6421 700.0000
2953 2958 0.8702 700.0000
2953 2968 0.7140 700.0000
2954 2956 0.8704 700.0000
2954 2957 0.6367 700.0000
2954 2958 0.7045 700.0000
2954 2990 0.6964 700.0000
2955 2957 0.7517 700.0000
2955 2958 0.6506 700.0000
2955 2959 0.6251 700.0000
2956 2958 0.6923 700.0000
2956 2959 0.6318 700.0000
2956 2960 0.4721 700.0000
2956 2962 0.7398 700.0000
2956 2965 0.8554 700.0000
2957 2959 0.6844 700.0000
2957 2960 0.5673 700.0000
2957 2961 0.8667 700.0000
2957 2962 0.6367 700.0000
2957 2965 0.8861 700.0000
2958 2960 0.6253 700.0000
2960 2962 0.5885 700.0000
2961 2963 0.6824 700.0000
2962 2964 0.6382 700.0000
2962 2965 0.5623 700.0000
2962 2966 0.8023 700.0000
2963 2965 0.8306 700.0000
2964 2966 0.6208 700.0000
2965 2967 0.6844 700.0000
2965 2968 0.7836 700.0000
2966 2968 0.8887 700.0000
2967 2969 0.5830 700.0000
2968 2970 0.5802 700.0000
2969 2971 0.6495 700.0000
2970 2972 0.7226 700.0000
2970 2983 0.6216 700.0000
2970 2987 0.8168 700.0000
2971 2973 0.8358 700.0000
2972 2974 0.6761 700.0000
2972 2975 0.8620 700.0000
2972 2976 0.6252 700.0000
2972 2979 0.6162 700.0000
2972 2980 0.5627 700.0000
2972 2983 0.7165 700.0000
2973 2975 0.4518 700.0000
2973 2976 0.5754 700.0000
2973 2977 0.8537 700.0000
2973 2980 0.8972 700.0000
2974 2976 0.6642 700.0000
2974 2977 0.6994 700.0000
2974 2980 0.7803 700.0000
2975 2977 0.5277 700.0000
2975 2978 0.8988 700.0000
2975 2980 0.8537 700.0000
2976 2978 0.5552 700.0000
2976 2979 0.4682 700.0000
2976 2980 0.5856 700.0000
2977 2979 0.7819 700.0000
2977 2980 0.5691 700.0000
2977 2981 0.7729 700.0000
2978 2980 0.7289 700.0000
2978 2981 0.7184 700.0000
2978 2982 0.7645 700.0000
2979 2981 0.7494 700.0000
2979 2982 0.5626 700.0000
2979 2983 0.5877 700.0000
2980 2982 0.6353 700.0000
2980 2983 0.6483 700.0000
2980 2984 0.6247 700.0000
2980 2985 0.8926 700.0000
2981 2983 0.7771 700.0000
2981 2984 0.5013 700.0000
2981 2985 0.5035 700.0000
2982 2984 0.5330 700.0000
2982 2985 0.4944 700.0000
2982 2986 0.6711 700.0000
2982 2987 0.8571 700.0000
2983 2985 0.7644 700.0000
2983 2986 0.6701 700.0000
2983 2987 0.6493 700.0000
2984 2986 0.6994 700.0000
2984 2987 0.5511 700.0000
2984 2988 0.6504 700.0000
2985 2987 0.7617 700.0000
2985 2988 0.5921 700.0000
2985 2989 0.7228 700.0000
2986 2988 0.6198 700.0000
2986 2989 0.4198 700.0000
2986 2990 0.4947 700.0000
2987 2989 0.8241 700.0000
2987 2990 0.6514 700.0000
2987 2991 0.7460 700.0000
2988 2990 0.6990 700.0000
2988 2991 0.5083 700.0000
2989 2991 0.7849 700.0000
3020 3022 0.7110 700.0000
3020 3031 0.6626 700.0000
3020 3032 0.5965 700.0000
3020 3033 0.5536 700.0000
3020 3034 0.7216 700.0000
3020 3168 0.8788 700.0000
3020 3177 0.8746 700.0000
3021 3031 0.8077 700.0000
3021 3032 0.5208 700.0000
3021 3033 0.7006 700.0000
3021 3034 0.8818 700.0000
3021 3177 0.6522 700.0000
3021 3178 0.8383 700.0000
3021 3180 0.8821 700.0000
3021 3181 0.5355 700.0000
3021 3184 0.7258 700.0000
3022 3024 0.7867 700.0000
3022 3029 0.6212 700.0000
3022 3030 0.6868 700.0000
3022 3031 0.5146 700.0000
3022 3032 0.7813 700.0000
3022 3184 0.8699 700.0000
3023 3025 0.5733 700.0000
3023 3026 0.8675 700.0000
3023 3028 0.8645 700.0000
3023 3029 0.7512 700.0000
3023 3030 0.5248 700.0000
3023 3031 0.8228 700.0000
3023 3032 0.8942 700.0000
3023 3149 0.8599 700.0000
3023 3184 0.5137 700.0000
3023 3185 0.8451 700.0000
3023 3187 0.8388 700.0000
3024 3026 0.4360 700.0000
3024 3027 0.6429 700.0000
3024 3028 0.6310 700.0000
3024 3029 0.6056 700.0000
3024 3030 0.8582 700.0000
3025 3027 0.6514 700.0000
3025 3028 0.4745 700.0000
3025 3029 0.7185 700.0000
3025 3030 0.6474 700.0000
3025 3149 0.7466 700.0000
3025 3152 0.5981 700.0000
3025 3153 0.6985 700.0000
3025 3156 0.7101 700.0000
3025 3167 0.8770 700.0000
3025 3187 0.8972 700.0000
3026 3028 0.5357 700.0000
3026 3029 0.8120 700.0000
3026 3156 0.6533 700.0000
3026 3161 0.8947 700.0000
3027 3029 0.7258 700.0000
3027 3156 0.6435 700.0000
3027 3161 0.6043 700.0000
3027 3164 0.7563 700.0000
3027 3165 0.6821 700.0000
3028 3030 0.7219 700.0000
3028 3152 0.6595 700.0000
3028 3155 0.8302 700.0000
3028 3156 0.7043 700.0000
3028 3161 0.7362 700.0000
3028 3164 0.6424 700.0000
3028 3165 0.6598 700.0000
3028 3166 0.7245 700.0000
3028 3167 0.6488 700.0000
3029 3031 0.6144 700.0000
3029 3164 0.8962 700.0000
3029 3165 0.6883 700.0000
3029 3166 0.4776 700.0000
3029 3167 0.6255 700.0000
3030 3032 0.6203 700.0000
3030 3148 0.8154 700.0000
3030 3149 0.6937 700.0000
3030 3152 0.7425 700.0000
3030 3166 0.7925 700.0000
3030 3167 0.5153 700.0000
3030 3168 0.7488 700.0000
3030 3169 0.6890 700.0000
3030 3180 0.8631 700.0000
3030 3184 0.6746 700.0000
3031 3033 0.6880 700.0000
3031 3128 0.8977 700.0000
3031 3166 0.5991 700.0000
3031 3167 0.6154 700.0000
3031 3168 0.4422 700.0000
3031 3169 0.6667 700.0000
3031 3170 0.8986 700.0000
3032 3034 0.7697 700.0000
3032 3167 0.8907 700.0000
3032 3168 0.6362 700.0000
3032 3169 0.4710 700.0000
3032 3170 0.7125 700.0000
3032 3171 0.6957 700.0000
3032 3177 0.6240 700.0000
3032 3180 0.6312 700.0000
3032 3181 0.8415 700.0000
3032 3184 0.7392 700.0000
3033 3035 0.5841 700.0000
3033 3168 0.6119 700.0000
3033 3169 0.5563 700.0000
3033 3170 0.4840 700.0000
3033 3171 0.5061 700.0000
3033 3177 0.6445 700.0000
3033 3180 0.8948 700.0000
3034 3036 0.8468 700.0000
3034 3169 0.8955 700.0000
3034 3170 0.6600 700.0000
3034 3171 0.5296 700.0000
3034 3172 0.7263 700.0000
3034 3173 0.8434 700.0000
3034 3174 0.7303 700.0000
3034 3177 0.6707 700.0000
3035 3037 0.6705 700.0000
3035 3038 0.8707 700.0000
3035 3039 0.7864 700.0000
3035 3040 0.8088 700.0000
3035 3170 0.5170 700.0000
3035 3171 0.5549 700.0000
3035 3172 0.5375 700.0000
3035 3173 0.8562 700.0000
3036 3038 0.4418 700.0000
3036 3039 0.4381 700.0000
3036 3040 0.6854 700.0000
3036 3059 0.8865 700.0000
3036 3062 0.8157 700.0000
3036 3170 0.7303 700.0000
3036 3172 0.7222 700.0000
3037 3039 0.6866 700.0000
3037 3040 0.5452 700.0000
3037 3045 0.6586 700.0000
3037 3046 0.7991 700.0000
3037 3059 0.7254 700.0000
3037 3062 0.8028 700.0000
3037 3063 0.6859 700.0000
3037 3094 0.8838 700.0000
3037 3128 0.6420 700.0000
3037 3129 0.7908 700.0000
3037 3130 0.7093 700.0000
3037 3168 0.8365 700.0000
3037 3169 0.8892 700.0000
3037 3170 0.5262 700.0000
3037 3171 0.8875 700.0000
3038 3040 0.6570 700.0000
3038 3045 0.8375 700.0000
3038 3059 0.8814 700.0000
3038 3062 0.6401 700.0000
3038 3063 0.6196 700.0000
3038 3066 0.5761 700.0000
3038 3067 0.8811 700.0000
3038 3094 0.6375 700.0000
3038 3095 0.8121 700.0000
3039 3066 0.8945 700.0000
3039 3094 0.8963 700.0000
3039 3095 0.7419 700.0000
3040 3042 0.6855 700.0000
3040 3045 0.8163 700.0000
3040 3095 0.7084 700.0000
3040 3128 0.6285 700.0000
3040 3168 0.6817 700.0000
3040 3170 0.7346 700.0000
3041 3043 0.8060 700.0000
3041 3095 0.4795 700.0000
3041 3096 0.7776 700.0000
3041 3126 0.8418 700.0000
3041 3128 0.8975 700.0000
3042 3044 0.5250 700.0000
3042 3045 0.6362 700.0000
3042 3094 0.8724 700.0000
3042 3095 0.7465 700.0000
3042 3096 0.5348 700.0000
3042 3097 0.6881 700.0000
3042 3098 0.8766 700.0000
3042 3124 0.8737 700.0000
3042 3125 0.7932 700.0000
3042 3126 0.4841 700.0000
3042 3127 0.6950 700.0000
3042 3128 0.5939 700.0000
3042 3166 0.8643 700.0000
3042 3168 0.8900 700.0000
3043 3045 0.8276 700.0000
3043 3096 0.6550 700.0000
3043 3097 0.4612 700.0000
3043 3098 0.7241 700.0000
3043 3119 0.7947 700.0000
3043 3124 0.4780 700.0000
3043 3125 0.5523 700.0000
3043 3126 0.4084 700.0000
3043 3127 0.7052 700.0000
3043 3128 0.8510 700.0000
3044 3046 0.6566 700.0000
3044 3096 0.6146 700.0000
3044 3097 0.6809 700.0000
3044 3098 0.5745 700.0000
3044 3099 0.6717 700.0000
3044 3100 0.6474 700.0000
3044 3115 0.8167 700.0000
3044 3119 0.6795 700.0000
3044 3124 0.6425 700.0000
3044 3125 0.8427 700.0000
3044 3126 0.5683 700.0000
3044 3127 0.4925 700.0000
3044 3128 0.5831 700.0000
3044 3129 0.8742 700.0000
3045 3047 0.7398 700.0000
3045 3063 0.7338 700.0000
3045 3091 0.7756 700.0000
3045 3094 0.7163 700.0000
3045 3096 0.5638 700.0000
3045 3098 0.7264 700.0000
3045 3099 0.5145 700.0000
3045 3100 0.6687 700.0000
3045 3101 0.8739 700.0000
3045 3126 0.8895 700.0000
3045 3127 0.7413 700.0000
3045 3128 0.5124 700.0000
3045 3129 0.7702 700.0000
3045 3130 0.8681 700.0000
3046 3048 0.7033 700.0000
3046 3063 0.8398 700.0000
3046 3099 0.6686 700.0000
3046 3100 0.5030 700.0000
3046 3101 0.6993 700.0000
3046 3102 0.6595 700.0000
3046 3115 0.7691 700.0000
3046 3127 0.7571 700.0000
3046 3128 0.6302 700.0000
3046 3129 0.5286 700.0000
3046 3130 0.5708 700.0000
3046 3132 0.8046 700.0000
3047 3049 0.5542 700.0000
3047 3053 0.8533 700.0000
3047 3055 0.8305 700.0000
3047 3059 0.6645 700.0000
3047 3060 0.5275 700.0000
3047 3062 0.8982 700.0000
3047 3063 0.6021 700.0000
3047 3064 0.7735 700.0000
3047 3087 0.8850 700.0000
3047 3099 0.6803 700.0000
3047 3100 0.6716 700.0000
3047 3101 0.4526 700.0000
3047 3102 0.5599 700.0000
3047 3103 0.8906 700.0000
3047 3130 0.7543 700.0000
3047 3132 0.8792 700.0000
3048 3050 0.7470 700.0000
3048 3055 0.7284 700.0000
3048 3057 0.8532 700.0000
3048 3058 0.8328 700.0000
3048 3059 0.6194 700.0000
3048 3060 0.5937 700.0000
3048 3063 0.8838 700.0000
3048 3101 0.7572 700.0000
3048 3102 0.5282 700.0000
3048 3103 0.6954 700.0000
3048 3104 0.5654 700.0000
3048 3130 0.6647 700.0000
3048 3131 0.7890 700.0000
3048 3132 0.5972 700.0000
3048 3133 0.7132 700.0000
3048 3135 0.8699 700.0000
3048 3136 0.8760 700.0000
3049 3051 0.7528 700.0000
3049 3052 0.7134 700.0000
3049 3053 0.5335 700.0000
3049 3054 0.7204 700.0000
3049 3055 0.5044 700.0000
3049 3057 0.8527 700.0000
3049 3059 0.8944 700.0000
3049 3060 0.6368 700.0000
3049 3101 0.6619 700.0000
3049 3102 0.5615 700.0000
3049 3103 0.5415 700.0000
3049 3104 0.6380 700.0000
3049 3105 0.8811 700.0000
3050 3052 0.4344 700.0000
3050 3053 0.5051 700.0000
3050 3054 0.5536 700.0000
3050 3055 0.5186 700.0000
3050 3060 0.8843 700.0000
3050 3102 0.8225 700.0000
3050 3103 0.5915 700.0000
3050 3104 0.7429 700.0000
3050 3105 0.8598 700.0000
3051 3053 0.6101 700.0000
3051 3054 0.8645 700.0000
3051 3082 0.7705 700.0000
3051 3085 0.8319 700.0000
3051 3103 0.5876 700.0000
3051 3104 0.8974 700.0000
3051 3105 0.8453 700.0000
3051 3106 0.8400 700.0000
3052 3054 0.4395 700.0000
3052 3055 0.7658 700.0000
3052 3075 0.8932 700.0000
3052 3076 0.8565 700.0000
3052 3079 0.7125 700.0000
3052 3103 0.8720 700.0000
3053 3055 0.8065 700.0000
3053 3075 0.5947 700.0000
3053 3076 0.7601 700.0000
3053 3078 0.8423 700.0000
3053 3079 0.5839 700.0000
3053 3082 0.7938 700.0000
3053 3087 0.5981 700.0000
3053 3101 0.6220 700.0000
3053 3102 0.7558 700.0000
3053 3103 0.6937 700.0000
3054 3056 0.6422 700.0000
3054 3060 0.8939 700.0000
3054 3072 0.8975 700.0000
3054 3075 0.8431 700.0000
3054 3076 0.7969 700.0000
3055 3057 0.4676 700.0000
3055 3058 0.7306 700.0000
3055 3059 0.8487 700.0000
3055 3060 0.5116 700.0000
3055 3061 0.7722 700.0000
3055 3064 0.8587 700.0000
3055 3136 0.8003 700.0000
3056 3058 0.8053 700.0000
3056 3060 0.6494 700.0000
3056 3061 0.5160 700.0000
3056 3062 0.8804 700.0000
3056 3064 0.6935 700.0000
3056 3065 0.7642 700.0000
3056 3072 0.7835 700.0000
3057 3059 0.6423 700.0000
3057 3060 0.5132 700.0000
3057 3061 0.5020 700.0000
3057 3062 0.7951 700.0000
3057 3136 0.7039 700.0000
3058 3060 0.5142 700.0000
3058 3061 0.4948 700.0000
3058 3062 0.6127 700.0000
3058 3063 0.8271 700.0000
3058 3135 0.8765 700.0000
3058 3136 0.8129 700.0000
3059 3061 0.7019 700.0000
3059 3062 0.5469 700.0000
3059 3063 0.5903 700.0000
3059 3064 0.8738 700.0000
3059 3130 0.7120 700.0000
3059 3131 0.8642 700.0000
3059 3172 0.8824 700.0000
3060 3062 0.5575 700.0000
3060 3063 0.5138 700.0000
3060 3064 0.5437 700.0000
3060 3065 0.8181 700.0000
3060 3101 0.8467 700.0000
3061 3063 0.7400 700.0000
3061 3064 0.6520 700.0000
3061 3065 0.4836 700.0000
3061 3066 0.8714 700.0000
3062 3064 0.5842 700.0000
3062 3065 0.4905 700.0000
3062 3066 0.5466 700.0000
3062 3067 0.8285 700.0000
3063 3065 0.7111 700.0000
3063 3066 0.5889 700.0000
3063 3067 0.6553 700.0000
3063 3068 0.8602 700.0000
3063 3094 0.7313 700.0000
3063 3099 0.7675 700.0000
3063 3101 0.8774 700.0000
3064 3066 0.6757 700.0000
3064 3067 0.5699 700.0000
3064 3068 0.5795 700.0000
3064 3069 0.8684 700.0000
3064 3071 0.6336 700.0000
3064 3072 0.5242 700.0000
3064 3075 0.8574 700.0000
3064 3099 0.8844 700.0000
3064 3101 0.8748 700.0000
3065 3067 0.7254 700.0000
3065 3068 0.6990 700.0000
3065 3069 0.8963 700.0000
3065 3072 0.8374 700.0000
3066 3068 0.6579 700.0000
3066 3092 0.8595 700.0000
3066 3093 0.6778 700.0000
3066 3094 0.6127 700.0000
3067 3069 0.8066 700.0000
3067 3070 0.7714 700.0000
3067 3071 0.5627 700.0000
3067 3072 0.7824 700.0000
3067 3090 0.7838 700.0000
3067 3091 0.5756 700.0000
3067 3092 0.4961 700.0000
3067 3093 0.4868 700.0000
3067 3094 0.5271 700.0000
3067 3096 0.8969 700.0000
3067 3099 0.8457 700.0000
3068 3070 0.5481 700.0000
3068 3071 0.4874 700.0000
3068 3072 0.5641 700.0000
3068 3073 0.8100 700.0000
3068 3091 0.8021 700.0000
3068 3092 0.6803 700.0000
3068 3093 0.6148 700.0000
3068 3094 0.8495 700.0000
3069 3071 0.7342 700.0000
3069 3072 0.5492 700.0000
3069 3073 0.5472 700.0000
3070 3072 0.7033 700.0000
3070 3073 0.4868 700.0000
3070 3074 0.7011 700.0000
3070 3090 0.8647 700.0000
3070 3092 0.7968 700.0000
3070 3093 0.8690 700.0000
3071 3073 0.6915 700.0000
3071 3074 0.5069 700.0000
3071 3075 0.6310 700.0000
3071 3076 0.8609 700.0000
3071 3089 0.5786 700.0000
3071 3090 0.5700 700.0000
3071 3091 0.6702 700.0000
3071 3092 0.7006 700.0000
3071 3099 0.7461 700.0000
3071 3101 0.8779 700.0000
3072 3074 0.8140 700.0000
3072 3075 0.6605 700.0000
3072 3076 0.7008 700.0000
3073 3075 0.8647 700.0000
3073 3076 0.7303 700.0000
3073 3077 0.7351 700.0000
3074 3076 0.6984 700.0000
3074 3077 0.5889 700.0000
3074 3078 0.5654 700.0000
3074 3087 0.8260 700.0000
3074 3088 0.7990 700.0000
3074 3089 0.5132 700.0000
3074 3090 0.6404 700.0000
3075 3077 0.6785 700.0000
3075 3078 0.5421 700.0000
3075 3079 0.6224 700.0000
3075 3087 0.5868 700.0000
3075 3088 0.8553 700.0000
3075 3089 0.6698 700.0000
3075 3099 0.8934 700.0000
3075 3101 0.6235 700.0000
3076 3078 0.6646 700.0000
3076 3079 0.5481 700.0000
3076 3080 0.6260 700.0000
3077 3079 0.7075 700.0000
3077 3080 0.6173 700.0000
3077 3081 0.7089 700.0000
3078 3080 0.7569 700.0000
3078 3081 0.5716 700.0000
3078 3083 0.8947 700.0000
3078 3087 0.5392 700.0000
3078 3088 0.7028 700.0000
3078 3089 0.7564 700.0000
3078 3101 0.8826 700.0000
3079 3081 0.6103 700.0000
3079 3082 0.5969 700.0000
3079 3087 0.7130 700.0000
3080 3082 0.8663 700.0000
3081 3083 0.6803 700.0000
3082 3084 0.6274 700.0000
3082 3085 0.6641 700.0000
3082 3087 0.8625 700.0000
3084 3086 0.4624 700.0000
3084 3087 0.7375 700.0000
3085 3087 0.8463 700.0000
3085 3102 0.7898 700.0000
3085 3103 0.6551 700.0000
3085 3106 0.7487 700.0000
3085 3110 0.8669 700.0000
3085 3111 0.7882 700.0000
3085 3114 0.8561 700.0000
3086 3088 0.6560 700.0000
3086 3100 0.6713 700.0000
3086 3101 0.7877 700.0000
3086 3102 0.7266 700.0000
3086 3111 0.8138 700.0000
3086 3114 0.6345 700.0000
3086 3115 0.7423 700.0000
3086 3118 0.7286 700.0000
3087 3089 0.6580 700.0000
3087 3099 0.8033 700.0000
3087 3100 0.6524 700.0000
3087 3101 0.4438 700.0000
3087 3102 0.7533 700.0000
3088 3090 0.7148 700.0000
3088 3098 0.6356 700.0000
3088 3099 0.6472 700.0000
3088 3100 0.5562 700.0000
3088 3101 0.6616 700.0000
3088 3118 0.7995 700.0000
3089 3091 0.6328 700.0000
3089 3092 0.8512 700.0000
3089 3098 0.5612 700.0000
3089 3099 0.4249 700.0000
3089 3100 0.7038 700.0000
3089 3101 0.6263 700.0000
3090 3092 0.5615 700.0000
3090 3094 0.8253 700.0000
3090 3096 0.7016 700.0000
3090 3097 0.8157 700.0000
3090 3098 0.4858 700.0000
3090 3099 0.4959 700.0000
3090 3100 0.8992 700.0000
3090 3101 0.8899 700.0000
3091 3093 0.6931 700.0000
3091 3094 0.4761 700.0000
3091 3096 0.4538 700.0000
3091 3097 0.7556 700.0000
3091 3098 0.5937 700.0000
3091 3099 0.5555 700.0000
3092 3094 0.4994 700.0000
3092 3096 0.6488 700.0000
3092 3098 0.8667 700.0000
3092 3099 0.8338 700.0000
3094 3096 0.4862 700.0000
3094 3099 0.7912 700.0000
3096 3098 0.5614 700.0000
3096 3099 0.6579 700.0000
3096 3128 0.8990 700.0000
3097 3122 0.8778 700.0000
3097 3124 0.6240 700.0000
3097 3126 0.8665 700.0000
3098 3100 0.6884 700.0000
3098 3119 0.8974 700.0000
3098 3122 0.8089 700.0000
3098 3124 0.7268 700.0000
3099 3101 0.5397 700.0000
3100 3102 0.6402 700.0000
3100 3114 0.8965 700.0000
3100 3115 0.6190 700.0000
3100 3118 0.8328 700.0000
3100 3119 0.8432 700.0000
3101 3103 0.8748 700.0000
3102 3104 0.6395 700.0000
3102 3105 0.8781 700.0000
3102 3106 0.7752 700.0000
3102 3111 0.6266 700.0000
3102 3112 0.8774 700.0000
3102 3115 0.8432 700.0000
3102 3132 0.7264 700.0000
3103 3105 0.5382 700.0000
3103 3106 0.4570 700.0000
3103 3111 0.7520 700.0000
3103 3132 0.8754 700.0000
3104 3106 0.5123 700.0000
3104 3107 0.8516 700.0000
3104 3108 0.7461 700.0000
3104 3111 0.8367 700.0000
3104 3132 0.5764 700.0000
3104 3133 0.4873 700.0000
3104 3134 0.8447 700.0000
3104 3135 0.8101 700.0000
3104 3136 0.8214 700.0000
3104 3137 0.5947 700.0000
3104 3139 0.7071 700.0000
3105 3107 0.7322 700.0000
3105 3108 0.7953 700.0000
3105 3132 0.8401 700.0000
3105 3133 0.6694 700.0000
3105 3137 0.5978 700.0000
3105 3139 0.6894 700.0000
3106 3108 0.6948 700.0000
3106 3110 0.7567 700.0000
3106 3111 0.6738 700.0000
3106 3132 0.8979 700.0000
3107 3109 0.5817 700.0000
3107 3110 0.4756 700.0000
3107 3111 0.6005 700.0000
3107 3112 0.8521 700.0000
3107 3147 0.7803 700.0000
3108 3110 0.6059 700.0000
3108 3111 0.5147 700.0000
3108 3112 0.6077 700.0000
3108 3113 0.8508 700.0000
3108 3132 0.5697 700.0000
3108 3133 0.7915 700.0000
3108 3139 0.7816 700.0000
3108 3143 0.8988 700.0000
3108 3144 0.6071 700.0000
3108 3145 0.8632 700.0000
3108 3147 0.5364 700.0000
3108 3148 0.6471 700.0000
3108 3151 0.8578 700.0000
3109 3111 0.7131 700.0000
3109 3112 0.6428 700.0000
3109 3113 0.6136 700.0000
3109 3147 0.4757 700.0000
3109 3148 0.7124 700.0000
3109 3149 0.8727 700.0000
3109 3150 0.5634 700.0000
3109 3151 0.4911 700.0000
3109 3152 0.8786 700.0000
3109 3154 0.7275 700.0000
3110 3112 0.5991 700.0000
3110 3113 0.5003 700.0000
3110 3114 0.5857 700.0000
3110 3115 0.8807 700.0000
3110 3147 0.8897 700.0000
3110 3151 0.8174 700.0000
3111 3113 0.5728 700.0000
3111 3114 0.5295 700.0000
3111 3115 0.6605 700.0000
3111 3116 0.8973 700.0000
3111 3132 0.7744 700.0000
3111 3151 0.8995 700.0000
3112 3114 0.5777 700.0000
3112 3115 0.5132 700.0000
3112 3116 0.5777 700.0000
3112 3117 0.8697 700.0000
3112 3129 0.8121 700.0000
3112 3132 0.8123 700.0000
3112 3147 0.7585 700.0000
3112 3148 0.6120 700.0000
3112 3151 0.5760 700.0000
3112 3152 0.7640 700.0000
3113 3115 0.5918 700.0000
3113 3116 0.5164 700.0000
3113 3117 0.5608 700.0000
3113 3151 0.5456 700.0000
3113 3152 0.8066 700.0000
3113 3154 0.7834 700.0000
3113 3155 0.7031 700.0000
3114 3116 0.6145 700.0000
3114 3117 0.4921 700.0000
3114 3118 0.6796 700.0000
3114 3119 0.8624 700.0000
3115 3117 0.6519 700.0000
3115 3118 0.6225 700.0000
3115 3119 0.5687 700.0000
3115 3127 0.7550 700.0000
3116 3118 0.7712 700.0000
3116 3119 0.5650 700.0000
3116 3120 0.7104 700.0000
3116 3127 0.7430 700.0000
3116 3151 0.7307 700.0000
3116 3152 0.7138 700.0000
3116 3155 0.5351 700.0000
3116 3160 0.8418 700.0000
3116 3161 0.8875 700.0000
3116 3164 0.6999 700.0000
3116 3167 0.8592 700.0000
3117 3119 0.7312 700.0000
3117 3120 0.7047 700.0000
3117 3121 0.6405 700.0000
3117 3155 0.6785 700.0000
3117 3160 0.7622 700.0000
3118 3120 0.7584 700.0000
3118 3121 0.4332 700.0000
3118 3122 0.5463 700.0000
3118 3124 0.8015 700.0000
3119 3121 0.6637 700.0000
3119 3122 0.5600 700.0000
3119 3123 0.7367 700.0000
3119 3124 0.4642 700.0000
3119 3125 0.7913 700.0000
3119 3126 0.7941 700.0000
3119 3127 0.7003 700.0000
3119 3163 0.7875 700.0000
3119 3164 0.6905 700.0000
3120 3122 0.7598 700.0000
3120 3123 0.5672 700.0000
3120 3124 0.7539 700.0000
3120 3125 0.8735 700.0000
3120 3155 0.7676 700.0000
3120 3160 0.6303 700.0000
3120 3161 0.6434 700.0000
3120 3162 0.6186 700.0000
3120 3163 0.4720 700.0000
3120 3164 0.5698 700.0000
3121 3123 0.7559 700.0000
3121 3124 0.8741 700.0000
3122 3124 0.4666 700.0000
3123 3125 0.7864 700.0000
3123 3162 0.8404 700.0000
3123 3163 0.5224 700.0000
3123 3164 0.8400 700.0000
3124 3126 0.6726 700.0000
3124 3127 0.8288 700.0000
3124 3163 0.7667 700.0000
3124 3164 0.8239 700.0000
3125 3127 0.7080 700.0000
3125 3163 0.5824 700.0000
3125 3164 0.5258 700.0000
3125 3165 0.5007 700.0000
3125 3166 0.6556 700.0000
3126 3128 0.6686 700.0000
3126 3164 0.7102 700.0000
3126 3165 0.7542 700.0000
3126 3166 0.5384 700.0000
3126 3167 0.7272 700.0000
3126 3168 0.8563 700.0000
3127 3129 0.6446 700.0000
3127 3164 0.7445 700.0000
3127 3166 0.6348 700.0000
3127 3167 0.4872 700.0000
3127 3168 0.7136 700.0000
3127 3169 0.8997 700.0000
3128 3130 0.7523 700.0000
3128 3166 0.7881 700.0000
3128 3167 0.6904 700.0000
3128 3168 0.4829 700.0000
3128 3169 0.6938 700.0000
3128 3170 0.6762 700.0000
3129 3131 0.6831 700.0000
3129 3132 0.7077 700.0000
3129 3148 0.7771 700.0000
3129 3167 0.6979 700.0000
3129 3168 0.6471 700.0000
3129 3169 0.4687 700.0000
3129 3170 0.6143 700.0000
3130 3132 0.5078 700.0000
3130 3133 0.8460 700.0000
3130 3134 0.8605 700.0000
3130 3169 0.6247 700.0000
3130 3170 0.5803 700.0000
3130 3171 0.7569 700.0000
3131 3133 0.5828 700.0000
3131 3134 0.5015 700.0000
3131 3135 0.7880 700.0000
3131 3139 0.8605 700.0000
3131 3141 0.7880 700.0000
3131 3144 0.6466 700.0000
3131 3145 0.8514 700.0000
3131 3148 0.8566 700.0000
3131 3169 0.7210 700.0000
3131 3170 0.7548 700.0000
3131 3171 0.6790 700.0000
3131 3176 0.7683 700.0000
3131 3180 0.8185 700.0000
3132 3134 0.6634 700.0000
3132 3135 0.8633 700.0000
3132 3139 0.7526 700.0000
3132 3144 0.6399 700.0000
3132 3148 0.7781 700.0000
3133 3135 0.4638 700.0000
3133 3136 0.7089 700.0000
3133 3137 0.4585 700.0000
3133 3138 0.7377 700.0000
3133 3139 0.4125 700.0000
3133 3141 0.8242 700.0000
3133 3144 0.7106 700.0000
3134 3136 0.7801 700.0000
3134 3137 0.6529 700.0000
3134 3138 0.7236 700.0000
3134 3139 0.5561 700.0000
3134 3140 0.7902 700.0000
3134 3141 0.6023 700.0000
3134 3144 0.7142 700.0000
3134 3173 0.8844 700.0000
3134 3176 0.7823 700.0000
3135 3137 0.4761 700.0000
3135 3138 0.5446 700.0000
3135 3139 0.7012 700.0000
3136 3138 0.6382 700.0000
3137 3139 0.5031 700.0000
3139 3141 0.7032 700.0000
3139 3143 0.6972 700.0000
3139 3144 0.6357 700.0000
3140 3142 0.5128 700.0000
3140 3143 0.5119 700.0000
3140 3144 0.7189 700.0000
3140 3179 0.8756 700.0000
3141 3143 0.6577 700.0000
3141 3144 0.5359 700.0000
3141 3145 0.6841 700.0000
3141 3146 0.8884 700.0000
3141 3176 0.6036 700.0000
3141 3179 0.6103 700.0000
3141 3180 0.7352 700.0000
3142 3144 0.6653 700.0000
3142 3145 0.5929 700.0000
3142 3146 0.5865 700.0000
3142 3176 0.8721 700.0000
3142 3179 0.5386 700.0000
3142 3180 0.7439 700.0000
3142 3182 0.8161 700.0000
3142 3183 0.6314 700.0000
3143 3145 0.7189 700.0000
3143 3146 0.5788 700.0000
3143 3147 0.7469 700.0000
3144 3146 0.6530 700.0000
3144 3147 0.5417 700.0000
3144 3148 0.5973 700.0000
3144 3149 0.8863 700.0000
3144 3179 0.8972 700.0000
3144 3180 0.7241 700.0000
3145 3147 0.5186 700.0000
3145 3148 0.4992 700.0000
3145 3149 0.5765 700.0000
3145 3150 0.7979 700.0000
3145 3179 0.7247 700.0000
3145 3180 0.4805 700.0000
3145 3183 0.5868 700.0000
3145 3184 0.8661 700.0000
3146 3148 0.7567 700.0000
3146 3149 0.6468 700.0000
3146 3150 0.6328 700.0000
3146 3180 0.8574 700.0000
3146 3183 0.5948 700.0000
3146 3186 0.8584 700.0000
3146 3187 0.7658 700.0000
3147 3149 0.5690 700.0000
3147 3150 0.4676 700.0000
3147 3151 0.6104 700.0000
3147 3152 0.8472 700.0000
3148 3150 0.6631 700.0000
3148 3151 0.5936 700.0000
3148 3152 0.6603 700.0000
3148 3167 0.8856 700.0000
3148 3169 0.8138 700.0000
3148 3180 0.7918 700.0000
3149 3151 0.6184 700.0000
3149 3152 0.5501 700.0000
3149 3153 0.6610 700.0000
3149 3180 0.8357 700.0000
3149 3183 0.7607 700.0000
3149 3184 0.7758 700.0000
3149 3187 0.6379 700.0000
3150 3152 0.6774 700.0000
3150 3153 0.5200 700.0000
3150 3154 0.6200 700.0000
3150 3187 0.7970 700.0000
3151 3153 0.6075 700.0000
3151 3154 0.4939 700.0000
3151 3155 0.6704 700.0000
3151 3156 0.8540 700.0000
3152 3154 0.6807 700.0000
3152 3155 0.6023 700.0000
3152 3156 0.6620 700.0000
3152 3167 0.7349 700.0000
3153 3155 0.8368 700.0000
3153 3156 0.6386 700.0000
3153 3157 0.5414 700.0000
3153 3187 0.8181 700.0000
3154 3156 0.6836 700.0000
3154 3157 0.5127 700.0000
3154 3158 0.5851 700.0000
3155 3157 0.7781 700.0000
3155 3158 0.6012 700.0000
3155 3159 0.6550 700.0000
3155 3160 0.4576 700.0000
3155 3161 0.5628 700.0000
3155 3164 0.7516 700.0000
3156 3158 0.6603 700.0000
3156 3159 0.5724 700.0000
3156 3160 0.6399 700.0000
3156 3161 0.5709 700.0000
3157 3159 0.7448 700.0000
3158 3160 0.5790 700.0000
3158 3161 0.8955 700.0000
3159 3161 0.5157 700.0000
3159 3162 0.6970 700.0000
3160 3162 0.6168 700.0000
3160 3163 0.8648 700.0000
3160 3164 0.8315 700.0000
3161 3163 0.6204 700.0000
3161 3164 0.5538 700.0000
3161 3165 0.8049 700.0000
3162 3164 0.7455 700.0000
3163 3165 0.5978 700.0000
3164 3166 0.7709 700.0000
3164 3167 0.7836 700.0000
3165 3167 0.8998 700.0000
3166 3168 0.6317 700.0000
3167 3169 0.6979 700.0000
3168 3170 0.5686 700.0000
3169 3171 0.6101 700.0000
3169 3177 0.8662 700.0000
3169 3180 0.7068 700.0000
3170 3172 0.8288 700.0000
3171 3173 0.5913 700.0000
3171 3174 0.7052 700.0000
3171 3176 0.5859 700.0000
3171 3177 0.5588 700.0000
3171 3180 0.7711 700.0000
3172 3174 0.7509 700.0000
3173 3175 0.5602 700.0000
3173 3176 0.5399 700.0000
3173 3177 0.7701 700.0000
3174 3176 0.5939 700.0000
3174 3177 0.5609 700.0000
3174 3178 0.6580 700.0000
3175 3177 0.7755 700.0000
3175 3178 0.6620 700.0000
3175 3179 0.8070 700.0000
3176 3178 0.6191 700.0000
3176 3179 0.5232 700.0000
3176 3180 0.6022 700.0000
3177 3179 0.6402 700.0000
3177 3180 0.5950 700.0000
3177 3181 0.7310 700.0000
3178 3180 0.7655 700.0000
3178 3181 0.6315 700.0000
3178 3182 0.7138 700.0000
3179 3181 0.7652 700.0000
3179 3182 0.5505 700.0000
3179 3183 0.6039 700.0000
3179 3184 0.8930 700.0000
3180 3182 0.7107 700.0000
3180 3183 0.6031 700.0000
3180 3184 0.6741 700.0000
3181 3183 0.7607 700.0000
3181 3184 0.5478 700.0000
3181 3185 0.5323 700.0000
3182 3184 0.5889 700.0000
3182 3185 0.5652 700.0000
3182 3186 0.5242 700.0000
3182 3187 0.8796 700.0000
3183 3185 0.7632 700.0000
3183 3186 0.4662 700.0000
3183 3187 0.6225 700.0000
3184 3186 0.7630 700.0000
3184 3187 0.6965 700.0000
3185 3187 0.8406 700.0000
3228 3230 0.5457 700.0000
3229 3231 0.7074 700.0000
3230 3232 0.7641 700.0000
3230 3244 0.8053 700.0000
3230 3247 0.7072 700.0000
3230 3248 0.8897 700.0000
3231 3233 0.7756 700.0000
3232 3234 0.7084 700.0000
3232 3240 0.5384 700.0000
3232 3243 0.7041 700.0000
3232 3244 0.6716 700.0000
3233 3240 0.6922 700.0000
3234 3236 0.5627 700.0000
3234 3237 0.7639 700.0000
3234 3238 0.8985 700.0000
3234 3239 0.6574 700.0000
3234 3240 0.6019 700.0000
3235 3237 0.8813 700.0000
3235 3238 0.8903 700.0000
3235 3239 0.7012 700.0000
3236 3238 0.4582 700.0000
3236 3239 0.4404 700.0000
3236 3240 0.6440 700.0000
3236 3241 0.8402 700.0000
3237 3239 0.6263 700.0000
3237 3240 0.5355 700.0000
3237 3241 0.5302 700.0000
3237 3242 0.8574 700.0000
3238 3240 0.6078 700.0000
3238 3241 0.5318 700.0000
3238 3242 0.5352 700.0000
3239 3241 0.6941 700.0000
3239 3242 0.5597 700.0000
3239 3243 0.6983 700.0000
3240 3242 0.7099 700.0000
3240 3243 0.5406 700.0000
3240 3244 0.5932 700.0000
3241 3243 0.6975 700.0000
3241 3244 0.5925 700.0000
3241 3245 0.7282 700.0000
3242 3244 0.7933 700.0000
3242 3245 0.6664 700.0000
3243 3245 0.5507 700.0000
3243 3246 0.5708 700.0000
3243 3247 0.6286 700.0000
3243 3248 0.8164 700.0000
3244 3246 0.7842 700.0000
3244 3247 0.5815 700.0000
3244 3248 0.5653 700.0000
3244 3249 0.8973 700.0000
3245 3247 0.6296 700.0000
3245 3248 0.4754 700.0000
3245 3249 0.5222 700.0000
3245 3250 0.8861 700.0000
3246 3248 0.7998 700.0000
3246 3249 0.6375 700.0000
3246 3250 0.5630 700.0000
3246 3251 0.8944 700.0000
3247 3249 0.6669 700.0000
3247 3250 0.5464 700.0000
3247 3251 0.5722 700.0000
3248 3250 0.7657 700.0000
3248 3251 0.6210 700.0000
3248 3252 0.6954 700.0000
3249 3251 0.6856 700.0000
3249 3252 0.5694 700.0000
3249 3253 0.5710 700.0000
3250 3252 0.7438 700.0000
3250 3253 0.5333 700.0000
3250 3254 0.6691 700.0000
3251 3253 0.7078 700.0000
3251 3254 0.6550 700.0000
3252 3254 0.8188 700.0000
3255 3257 0.7101 700.0000
3255 3299 0.6042 700.0000
3255 3300 0.4167 700.0000
3255 3301 0.5452 700.0000
3255 3302 0.6980 700.0000
3255 3305 0.8926 700.0000
3256 3258 0.7690 700.0000
3256 3298 0.7326 700.0000
3256 3299 0.6470 700.0000
3256 3300 0.4971 700.0000
3256 3301 0.6662 700.0000
3256 3302 0.4876 700.0000
3256 3304 0.8959 700.0000
3256 3305 0.5563 700.0000
3256 3306 0.7361 700.0000
3257 3259 0.6959 700.0000
3257 3297 0.8345 700.0000
3257 3298 0.6435 700.0000
3257 3299 0.6080 700.0000
3257 3300 0.6856 700.0000
3257 3302 0.8417 700.0000
3257 3305 0.7508 700.0000
3258 3260 0.5658 700.0000
3258 3296 0.6752 700.0000
3258 3297 0.7373 700.0000
3258 3298 0.5043 700.0000
3258 3305 0.6511 700.0000
3258 3306 0.7541 700.0000
3258 3308 0.7381 700.0000
3258 3309 0.5931 700.0000
3258 3312 0.7698 700.0000
3258 3313 0.8361 700.0000
3259 3261 0.7517 700.0000
3259 3295 0.6723 700.0000
3259 3296 0.6375 700.0000
3259 3297 0.5751 700.0000
3259 3298 0.6919 700.0000
3260 3262 0.6501 700.0000
3260 3265 0.7757 700.0000
3260 3294 0.7567 700.0000
3260 3295 0.5564 700.0000
3260 3296 0.4564 700.0000
3260 3297 0.7596 700.0000
3260 3298 0.8738 700.0000
3260 3312 0.7609 700.0000
3260 3313 0.7928 700.0000
3260 3316 0.8263 700.0000
3261 3263 0.7470 700.0000
3261 3265 0.8300 700.0000
3261 3293 0.7013 700.0000
3261 3294 0.4981 700.0000
3261 3295 0.5358 700.0000
3261 3296 0.7956 700.0000
3262 3264 0.4604 700.0000
3262 3265 0.5441 700.0000
3262 3266 0.7969 700.0000
3262 3294 0.5916 700.0000
3262 3295 0.8454 700.0000
3262 3296 0.8763 700.0000
3262 3316 0.6022 700.0000
3262 3320 0.7148 700.0000
3263 3265 0.6432 700.0000
3263 3266 0.5013 700.0000
3263 3267 0.7785 700.0000
3263 3294 0.5173 700.0000
3264 3266 0.6476 700.0000
3264 3267 0.5308 700.0000
3264 3268 0.6726 700.0000
3264 3294 0.8009 700.0000
3264 3315 0.8877 700.0000
3264 3316 0.5557 700.0000
3264 3319 0.5335 700.0000
3264 3320 0.5630 700.0000
3264 3323 0.6708 700.0000
3265 3267 0.6382 700.0000
3265 3268 0.4701 700.0000
3265 3289 0.7748 700.0000
3265 3294 0.5195 700.0000
3265 3295 0.7313 700.0000
3265 3296 0.6724 700.0000
3265 3315 0.8461 700.0000
3265 3316 0.6786 700.0000
3265 3319 0.8489 700.0000
3266 3268 0.7481 700.0000
3266 3294 0.5629 700.0000
3267 3269 0.7560 700.0000
3267 3272 0.8984 700.0000
3267 3319 0.6581 700.0000
3267 3323 0.6787 700.0000
3268 3271 0.8531 700.0000
3268 3272 0.4683 700.0000
3268 3273 0.6157 700.0000
3268 3276 0.8504 700.0000
3268 3315 0.6429 700.0000
3268 3316 0.7493 700.0000
3268 3318 0.8893 700.0000
3268 3319 0.6907 700.0000
3269 3271 0.5339 700.0000
3269 3272 0.4438 700.0000
3269 3273 0.6631 700.0000
3269 3274 0.8201 700.0000
3269 3319 0.8926 700.0000
3270 3272 0.7457 700.0000
3270 3273 0.6725 700.0000
3270 3274 0.5526 700.0000
3271 3273 0.8433 700.0000
3271 3274 0.5702 700.0000
3271 3275 0.5299 700.0000
3271 3315 0.8166 700.0000
3271 3318 0.8075 700.0000
3272 3274 0.7009 700.0000
3272 3275 0.5188 700.0000
3272 3276 0.7046 700.0000
3272 3315 0.5381 700.0000
3272 3318 0.7168 700.0000
3272 3319 0.7934 700.0000
3273 3275 0.8221 700.0000
3273 3276 0.5982 700.0000
3273 3277 0.7134 700.0000
3273 3289 0.7678 700.0000
3274 3276 0.7444 700.0000
3274 3277 0.6239 700.0000
3274 3278 0.6370 700.0000
3275 3277 0.7707 700.0000
3275 3278 0.5895 700.0000
3275 3279 0.6947 700.0000
3275 3311 0.7731 700.0000
3275 3312 0.8770 700.0000
3275 3315 0.6433 700.0000
3275 3318 0.8889 700.0000
3276 3278 0.7007 700.0000
3276 3279 0.5413 700.0000
3276 3280 0.6784 700.0000
3276 3287 0.6117 700.0000
3276 3289 0.8825 700.0000
3276 3296 0.8874 700.0000
3276 3308 0.8717 700.0000
3276 3311 0.8704 700.0000
3276 3312 0.7395 700.0000
3276 3315 0.7760 700.0000
3277 3279 0.6840 700.0000
3277 3280 0.5357 700.0000
3277 3281 0.5862 700.0000
3277 3287 0.7656 700.0000
3278 3280 0.8005 700.0000
3278 3281 0.5894 700.0000
3278 3282 0.6906 700.0000
3279 3281 0.7079 700.0000
3279 3282 0.5533 700.0000
3279 3283 0.5613 700.0000
3279 3285 0.6760 700.0000
3279 3287 0.7842 700.0000
3279 3307 0.7640 700.0000
3279 3308 0.6278 700.0000
3279 3311 0.6462 700.0000
3279 3312 0.8405 700.0000
3280 3282 0.8460 700.0000
3280 3283 0.7191 700.0000
3280 3284 0.6830 700.0000
3280 3285 0.4642 700.0000
3280 3286 0.6046 700.0000
3280 3287 0.5199 700.0000
3281 3283 0.8066 700.0000
3281 3284 0.7408 700.0000
3281 3285 0.8408 700.0000
3282 3284 0.7419 700.0000
3282 3285 0.8544 700.0000
3282 3304 0.8354 700.0000
3282 3307 0.7944 700.0000
3283 3285 0.5054 700.0000
3283 3300 0.8914 700.0000
3283 3301 0.8382 700.0000
3283 3303 0.7650 700.0000
3283 3304 0.4519 700.0000
3283 3305 0.7764 700.0000
3283 3307 0.6415 700.0000
3283 3308 0.7323 700.0000
3284 3286 0.8828 700.0000
3284 3300 0.8550 700.0000
3284 3301 0.8257 700.0000
3284 3304 0.7277 700.0000
3285 3287 0.5968 700.0000
3285 3298 0.6521 700.0000
3285 3299 0.6441 700.0000
3285 3300 0.6189 700.0000
3285 3301 0.7906 700.0000
3285 3304 0.6598 700.0000
3285 3305 0.6952 700.0000
3285 3308 0.7817 700.0000
3286 3288 0.6164 700.0000
3286 3297 0.8121 700.0000
3286 3298 0.6147 700.0000
3286 3299 0.4908 700.0000
3286 3300 0.7604 700.0000
3287 3289 0.6968 700.0000
3287 3296 0.7108 700.0000
3287 3297 0.7297 700.0000
3287 3298 0.5549 700.0000
3287 3299 0.7749 700.0000
3287 3308 0.8989 700.0000
3288 3290 0.7325 700.0000
3288 3295 0.7278 700.0000
3288 3296 0.5848 700.0000
3288 3297 0.4173 700.0000
3288 3298 0.6620 700.0000
3288 3299 0.8485 700.0000
3289 3291 0.5880 700.0000
3289 3294 0.8477 700.0000
3289 3295 0.6383 700.0000
3289 3296 0.5625 700.0000
3289 3297 0.6949 700.0000
3290 3292 0.5389 700.0000
3290 3293 0.5304 700.0000
3290 3294 0.6595 700.0000
3290 3295 0.4929 700.0000
3290 3296 0.7924 700.0000
3290 3297 0.7485 700.0000
3291 3295 0.8969 700.0000
3292 3294 0.8804 700.0000
3293 3295 0.5912 700.0000
3294 3296 0.7586 700.0000
3295 3297 0.5472 700.0000
3296 3298 0.6734 700.0000
3296 3312 0.7140 700.0000
3297 3299 0.7861 700.0000
3298 3300 0.6710 700.0000
3298 3305 0.5774 700.0000
3298 3308 0.7284 700.0000
3298 3312 0.8908 700.0000
3299 3301 0.7857 700.0000
3299 3305 0.7418 700.0000
3300 3302 0.5973 700.0000
3300 3303 0.8997 700.0000
3300 3304 0.6621 700.0000
3300 3305 0.5565 700.0000
3301 3303 0.5903 700.0000
3301 3304 0.4961 700.0000
3301 3305 0.6516 700.0000
3302 3304 0.6064 700.0000
3302 3305 0.5376 700.0000
3302 3306 0.5915 700.0000
3303 3305 0.7598 700.0000
3303 3306 0.7878 700.0000
3303 3307 0.7138 700.0000
3304 3306 0.7284 700.0000
3304 3307 0.5766 700.0000
3304 3308 0.7253 700.0000
3305 3307 0.6827 700.0000
3305 3308 0.5202 700.0000
3305 3309 0.6541 700.0000
3305 3310 0.8662 700.0000
3306 3308 0.6465 700.0000
3306 3309 0.4386 700.0000
3306 3310 0.6472 700.0000
3307 3309 0.7526 700.0000
3307 3310 0.6130 700.0000
3307 3311 0.5747 700.0000
3308 3310 0.5573 700.0000
3308 3311 0.4868 700.0000
3308 3312 0.5453 700.0000
3308 3313 0.8096 700.0000
3309 3311 0.7979 700.0000
3309 3312 0.6991 700.0000
3309 3313 0.5574 700.0000
3310 3312 0.6857 700.0000
3310 3313 0.5410 700.0000
3310 3314 0.7288 700.0000
3311 3313 0.7901 700.0000
3311 3314 0.6526 700.0000
3311 3315 0.7223 700.0000
3312 3314 0.6073 700.0000
3312 3315 0.5075 700.0000
3312 3316 0.6269 700.0000
3313 3315 0.7808 700.0000
3313 3316 0.6038 700.0000
3313 3317 0.7352 700.0000
3314 3316 0.5586 700.0000
3314 3317 0.4958 700.0000
3314 3318 0.5889 700.0000
3314 3319 0.8571 700.0000
3315 3317 0.8102 700.0000
3315 3318 0.5110 700.0000
3315 3319 0.6792 700.0000
3316 3318 0.7034 700.0000
3316 3319 0.5808 700.0000
3316 3320 0.5698 700.0000
3317 3319 0.7397 700.0000
3317 3320 0.5509 700.0000
3317 3321 0.5886 700.0000
3318 3320 0.8734 700.0000
3318 3321 0.7439 700.0000
3318 3322 0.7838 700.0000
3319 3321 0.6392 700.0000
3319 3322 0.5431 700.0000
3319 3323 0.6031 700.0000
3319 3324 0.8709 700.0000
3320 3322 0.7716 700.0000
3320 3323 0.7169 700.0000
3320 3324 0.6338 700.0000
3321 3323 0.7549 700.0000
3321 3324 0.5010 700.0000
3321 3325 0.6055 700.0000
3322 3324 0.5868 700.0000
3322 3325 0.4628 700.0000
3322 3326 0.6114 700.0000
3322 3327 0.8581 700.0000
3323 3325 0.7778 700.0000
3323 3326 0.5605 700.0000
3323 3327 0.6834 700.0000
3324 3326 0.8167 700.0000
3324 3327 0.6639 700.0000
3324 3328 0.7542 700.0000
3325 3327 0.7375 700.0000
3325 3328 0.6147 700.0000
3325 3329 0.7432 700.0000
3326 3328 0.8778 700.0000
3326 3329 0.6047 700.0000
3326 3330 0.5806 700.0000
3327 3329 0.5506 700.0000
3327 3330 0.4963 700.0000
3327 3331 0.5487 700.0000
3327 3332 0.8745 700.0000
3328 3330 0.8297 700.0000
3328 3331 0.6619 700.0000
3328 3332 0.6381 700.0000
3329 3331 0.5298 700.0000
3329 3332 0.5028 700.0000
3329 3333 0.5586 700.0000
3329 3334 0.8488 700.0000
3330 3332 0.6977 700.0000
3330 3333 0.5693 700.0000
3330 3334 0.6699 700.0000
3331 3333 0.6257 700.0000
3331 3334 0.5395 700.0000
3332 3334 0.6819 700.0000
3336 3338 0.6631 700.0000
3336 3354 0.6316 700.0000
3336 3358 0.6428 700.0000
3336 3398 0.5783 700.0000
3336 3399 0.6758 700.0000
3336 3400 0.6057 700.0000
3337 3339 0.5325 700.0000
3337 3348 0.5872 700.0000
3337 3349 0.7800 700.0000
3337 3354 0.6868 700.0000
3337 3397 0.7857 700.0000
3337 3398 0.7534 700.0000
3337 3399 0.4825 700.0000
3337 3400 0.7724 700.0000
3338 3348 0.8860 700.0000
3338 3349 0.6326 700.0000
3338 3353 0.8007 700.0000
3338 3354 0.5170 700.0000
3338 3357 0.5020 700.0000
3338 3358 0.6374 700.0000
3338 3361 0.8119 700.0000
3338 3381 0.8706 700.0000
3338 3384 0.8080 700.0000
3338 3396 0.6825 700.0000
3338 3397 0.6778 700.0000
3338 3398 0.5092 700.0000
3338 3399 0.7072 700.0000
3339 3341 0.6924 700.0000
3339 3346 0.5564 700.0000
3339 3347 0.6682 700.0000
3339 3348 0.4912 700.0000
3339 3349 0.6362 700.0000
3339 3395 0.8409 700.0000
3339 3396 0.6848 700.0000
3339 3397 0.4178 700.0000
3339 3398 0.8679 700.0000
3339 3399 0.6154 700.0000
3340 3342 0.6182 700.0000
3340 3345 0.7677 700.0000
3340 3346 0.6398 700.0000
3340 3347 0.4120 700.0000
3340 3348 0.6385 700.0000
3340 3349 0.5577 700.0000
3340 3372 0.6354 700.0000
3340 3373 0.8352 700.0000
3340 3386 0.8632 700.0000
3340 3394 0.6707 700.0000
3340 3395 0.7279 700.0000
3340 3396 0.7208 700.0000
3340 3397 0.8305 700.0000
3341 3343 0.7793 700.0000
3341 3344 0.6710 700.0000
3341 3345 0.5811 700.0000
3341 3346 0.5153 700.0000
3341 3347 0.6591 700.0000
3341 3394 0.6176 700.0000
3341 3395 0.4260 700.0000
3341 3396 0.6705 700.0000
3341 3397 0.6756 700.0000
3342 3344 0.7172 700.0000
3342 3345 0.5210 700.0000
3342 3346 0.7684 700.0000
3342 3347 0.6311 700.0000
3342 3372 0.8988 700.0000
3342 3373 0.8919 700.0000
3342 3394 0.6661 700.0000
3342 3395 0.8504 700.0000
3343 3345 0.5642 700.0000
3344 3346 0.7760 700.0000
3345 3347 0.5291 700.0000
3346 3348 0.6817 700.0000
3346 3395 0.8999 700.0000
3346 3397 0.7589 700.0000
3347 3349 0.7767 700.0000
3348 3350 0.7653 700.0000
3348 3354 0.8638 700.0000
3349 3353 0.5196 700.0000
3349 3354 0.6019 700.0000
3349 3357 0.7524 700.0000
3349 3370 0.7849 700.0000
3349 3372 0.7536 700.0000
3349 3396 0.8375 700.0000
3350 3352 0.5711 700.0000
3350 3353 0.4317 700.0000
3350 3354 0.6488 700.0000
3350 3355 0.8841 700.0000
3350 3371 0.8910 700.0000
3351 3353 0.7220 700.0000
3351 3354 0.6812 700.0000
3351 3355 0.7452 700.0000
3352 3354 0.7126 700.0000
3352 3355 0.5510 700.0000
3352 3356 0.7287 700.0000
3353 3355 0.6393 700.0000
3353 3356 0.5256 700.0000
3353 3357 0.5910 700.0000
3353 3370 0.6497 700.0000
3353 3371 0.8019 700.0000
3354 3356 0.7616 700.0000
3354 3357 0.5609 700.0000
3354 3358 0.6549 700.0000
3354 3359 0.8776 700.0000
3354 3398 0.8871 700.0000
3355 3357 0.6626 700.0000
3355 3358 0.6399 700.0000
3355 3359 0.5224 700.0000
3355 3360 0.8671 700.0000
3356 3358 0.8498 700.0000
3356 3359 0.6439 700.0000
3356 3360 0.6754 700.0000
3356 3368 0.6119 700.0000
3356 3369 0.7592 700.0000
3356 3370 0.7253 700.0000
3357 3359 0.6956 700.0000
3357 3360 0.5968 700.0000
3357 3361 0.7566 700.0000
3357 3368 0.6235 700.0000
3357 3370 0.7941 700.0000
3357 3379 0.7088 700.0000
3357 3381 0.7162 700.0000
3357 3398 0.8906 700.0000
3358 3360 0.6292 700.0000
3358 3361 0.4843 700.0000
3358 3362 0.6205 700.0000
3358 3363 0.8985 700.0000
3358 3398 0.6918 700.0000
3359 3361 0.7932 700.0000
3359 3362 0.4647 700.0000
3359 3363 0.5739 700.0000
3359 3365 0.8243 700.0000
3360 3362 0.6293 700.0000
3360 3363 0.4459 700.0000
3360 3364 0.7346 700.0000
3360 3365 0.4049 700.0000
3360 3367 0.8068 700.0000
3360 3368 0.6862 700.0000
3360 3381 0.6896 700.0000
3361 3363 0.8497 700.0000
3361 3364 0.7421 700.0000
3361 3365 0.8754 700.0000
3361 3381 0.6443 700.0000
3361 3384 0.8742 700.0000
3361 3398 0.6974 700.0000
3362 3364 0.7929 700.0000
3362 3365 0.8970 700.0000
3363 3365 0.4823 700.0000
3364 3366 0.8171 700.0000
3365 3367 0.5940 700.0000
3365 3368 0.6907 700.0000
3365 3381 0.7461 700.0000
3366 3380 0.6759 700.0000
3366 3381 0.6978 700.0000
3366 3382 0.6341 700.0000
3367 3369 0.6841 700.0000
3367 3378 0.6313 700.0000
3367 3379 0.5805 700.0000
3367 3380 0.5825 700.0000
3367 3381 0.6522 700.0000
3367 3382 0.8640 700.0000
3368 3370 0.6059 700.0000
3368 3378 0.5837 700.0000
3368 3379 0.4335 700.0000
3368 3380 0.7697 700.0000
3368 3381 0.6994 700.0000
3369 3371 0.8094 700.0000
3369 3376 0.6963 700.0000
3369 3377 0.8249 700.0000
3369 3378 0.5089 700.0000
3369 3379 0.6656 700.0000
3370 3372 0.6251 700.0000
3370 3376 0.6379 700.0000
3370 3377 0.5829 700.0000
3370 3378 0.6455 700.0000
3370 3379 0.6384 700.0000
3370 3386 0.8106 700.0000
3371 3373 0.7828 700.0000
3371 3374 0.6146 700.0000
3371 3375 0.8072 700.0000
3371 3376 0.5068 700.0000
3371 3377 0.7394 700.0000
3372 3374 0.7156 700.0000
3372 3375 0.6183 700.0000
3372 3376 0.7680 700.0000
3372 3377 0.4866 700.0000
3372 3386 0.8326 700.0000
3372 3394 0.8104 700.0000
3373 3375 0.5655 700.0000
3373 3377 0.8388 700.0000
3374 3376 0.8434 700.0000
3375 3377 0.6349 700.0000
3375 3388 0.7257 700.0000
3375 3389 0.8685 700.0000
3375 3390 0.8601 700.0000
3376 3378 0.8079 700.0000
3376 3388 0.8050 700.0000
3376 3389 0.7618 700.0000
3377 3379 0.7805 700.0000
3377 3386 0.5379 700.0000
3377 3387 0.5478 700.0000
3377 3388 0.4926 700.0000
3377 3389 0.7662 700.0000
3377 3391 0.8791 700.0000
3377 3392 0.8122 700.0000
3377 3393 0.8012 700.0000
3377 3394 0.6877 700.0000
3378 3380 0.7181 700.0000
3378 3385 0.7769 700.0000
3378 3386 0.5890 700.0000
3378 3387 0.4772 700.0000
3378 3388 0.7555 700.0000
3378 3389 0.8585 700.0000
3379 3381 0.5833 700.0000
3379 3383 0.8301 700.0000
3379 3384 0.8129 700.0000
3379 3385 0.5865 700.0000
3379 3386 0.5325 700.0000
3379 3387 0.7049 700.0000
3379 3396 0.7342 700.0000
3380 3382 0.5026 700.0000
3380 3383 0.4378 700.0000
3380 3384 0.6671 700.0000
3380 3385 0.4817 700.0000
3380 3386 0.7412 700.0000
3380 3387 0.8271 700.0000
3380 3396 0.8625 700.0000
3381 3383 0.6843 700.0000
3381 3384 0.5529 700.0000
3381 3385 0.7847 700.0000
3381 3396 0.8435 700.0000
3382 3384 0.6394 700.0000
3382 3385 0.8454 700.0000
3383 3385 0.4520 700.0000
3383 3386 0.8624 700.0000
3383 3395 0.8996 700.0000
3383 3396 0.8074 700.0000
3384 3395 0.7801 700.0000
3384 3396 0.5157 700.0000
3384 3397 0.7382 700.0000
3384 3398 0.8088 700.0000
3385 3387 0.6268 700.0000
3385 3393 0.6422 700.0000
3385 3394 0.6631 700.0000
3385 3395 0.6195 700.0000
3385 3396 0.5837 700.0000
3386 3388 0.7302 700.0000
3386 3391 0.8621 700.0000
3386 3392 0.8741 700.0000
3386 3393 0.5114 700.0000
3386 3394 0.4220 700.0000
3386 3395 0.6562 700.0000
3386 3396 0.6485 700.0000
3387 3389 0.7344 700.0000
3387 3391 0.5530 700.0000
3387 3392 0.7024 700.0000
3387 3393 0.5110 700.0000
3387 3394 0.6872 700.0000
3388 3390 0.4956 700.0000
3388 3391 0.4501 700.0000
3388 3392 0.4675 700.0000
3388 3393 0.6870 700.0000
3388 3394 0.8359 700.0000
3389 3391 0.6577 700.0000
3389 3392 0.7891 700.0000
3390 3392 0.5505 700.0000
3391 3393 0.5666 700.0000
3392 3394 0.7721 700.0000
3393 3395 0.7364 700.0000
3394 3396 0.6837 700.0000
3395 3397 0.6528 700.0000
3397 3399 0.5768 700.0000
3398 3400 0.5868 700.0000
3419 3421 0.6142 700.0000
3419 3451 0.7527 700.0000
3419 3452 0.6481 700.0000
3419 3453 0.3818 700.0000
3419 3454 0.7370 700.0000
3419 3455 0.8885 700.0000
3419 3494 0.8767 700.0000
3420 3422 0.7609 700.0000
3420 3450 0.5751 700.0000
3420 3451 0.6951 700.0000
3420 3452 0.5731 700.0000
3420 3453 0.6400 700.0000
3420 3494 0.7418 700.0000
3420 3597 0.8785 700.0000
3421 3423 0.6084 700.0000
3421 3449 0.8619 700.0000
3421 3450 0.5964 700.0000
3421 3451 0.4168 700.0000
3421 3452 0.6965 700.0000
3421 3453 0.6283 700.0000
3422 3424 0.6515 700.0000
3422 3448 0.5978 700.0000
3422 3449 0.6560 700.0000
3422 3450 0.5463 700.0000
3422 3451 0.8409 700.0000
3423 3425 0.6955 700.0000
3423 3426 0.8294 700.0000
3423 3427 0.5725 700.0000
3423 3428 0.8932 700.0000
3423 3429 0.6152 700.0000
3423 3430 0.5588 700.0000
3423 3448 0.8001 700.0000
3423 3449 0.4804 700.0000
3423 3450 0.6703 700.0000
3423 3451 0.6265 700.0000
3423 3596 0.8181 700.0000
3424 3426 0.4915 700.0000
3424 3427 0.4582 700.0000
3424 3429 0.8999 700.0000
3424 3430 0.6819 700.0000
3424 3449 0.8409 700.0000
3425 3427 0.5620 700.0000
3425 3428 0.8638 700.0000
3425 3430 0.4805 700.0000
3425 3431 0.6913 700.0000
3425 3449 0.8318 700.0000
3426 3428 0.6547 700.0000
3426 3430 0.7338 700.0000
3426 3431 0.7388 700.0000
3427 3429 0.5834 700.0000
3427 3430 0.6191 700.0000
3427 3431 0.6816 700.0000
3428 3430 0.7589 700.0000
3428 3431 0.5373 700.0000
3428 3432 0.6601 700.0000
3429 3431 0.7423 700.0000
3429 3432 0.6222 700.0000
3429 3433 0.6935 700.0000
3429 3449 0.8212 700.0000
3429 3451 0.6912 700.0000
3429 3595 0.8686 700.0000
3429 3596 0.6867 700.0000
3430 3432 0.7320 700.0000
3430 3433 0.6106 700.0000
3430 3434 0.5710 700.0000
3430 3435 0.8872 700.0000
3430 3446 0.7589 700.0000
3430 3448 0.8936 700.0000
3430 3449 0.5023 700.0000
3431 3433 0.6764 700.0000
3431 3434 0.5763 700.0000
3431 3435 0.6731 700.0000
3432 3434 0.5949 700.0000
3432 3435 0.5682 700.0000
3432 3436 0.6379 700.0000
3432 3541 0.8761 700.0000
3433 3435 0.6035 700.0000
3433 3436 0.5978 700.0000
3433 3437 0.7177 700.0000
3433 3438 0.8589 700.0000
3433 3449 0.6792 700.0000
3433 3541 0.5897 700.0000
3433 3596 0.6320 700.0000
3433 3598 0.7554 700.0000
3434 3436 0.6302 700.0000
3434 3437 0.5631 700.0000
3434 3438 0.5180 700.0000
3434 3439 0.8340 700.0000
3434 3446 0.7214 700.0000
3434 3449 0.7869 700.0000
3434 3598 0.8281 700.0000
3435 3437 0.7140 700.0000
3435 3438 0.5152 700.0000
3435 3439 0.5664 700.0000
3436 3438 0.7336 700.0000
3436 3439 0.4958 700.0000
3436 3440 0.8637 700.0000
3436 3480 0.7957 700.0000
3436 3482 0.8214 700.0000
3436 3520 0.8906 700.0000
3436 3541 0.7159 700.0000
3437 3439 0.7329 700.0000
3437 3440 0.6337 700.0000
3437 3441 0.4286 700.0000
3437 3442 0.7437 700.0000
3437 3443 0.8853 700.0000
3437 3444 0.7199 700.0000
3437 3446 0.7377 700.0000
3437 3482 0.7286 700.0000
3437 3520 0.5438 700.0000
3437 3521 0.8313 700.0000
3437 3524 0.8420 700.0000
3437 3539 0.7467 700.0000
3437 3541 0.8601 700.0000
3437 3598 0.6646 700.0000
3437 3600 0.7559 700.0000
3438 3440 0.6457 700.0000
3438 3441 0.5168 700.0000
3438 3442 0.4605 700.0000
3438 3443 0.8121 700.0000
3438 3444 0.8041 700.0000
3438 3446 0.8066 700.0000
3438 3520 0.8737 700.0000
3439 3441 0.7654 700.0000
3439 3442 0.8439 700.0000
3439 3519 0.7776 700.0000
3439 3520 0.8306 700.0000
3440 3442 0.6775 700.0000
3440 3443 0.7852 700.0000
3440 3444 0.8759 700.0000
3440 3519 0.5825 700.0000
3440 3520 0.5169 700.0000
3440 3521 0.4791 700.0000
3440 3524 0.8988 700.0000
3441 3443 0.5124 700.0000
3441 3444 0.4846 700.0000
3441 3519 0.8733 700.0000
3441 3520 0.5479 700.0000
3441 3521 0.5955 700.0000
3441 3524 0.7066 700.0000
3441 3600 0.8181 700.0000
3442 3444 0.6165 700.0000
3444 3446 0.7741 700.0000
3444 3524 0.7258 700.0000
3444 3537 0.7741 700.0000
3444 3600 0.5723 700.0000
3444 3601 0.7851 700.0000
3445 3447 0.5734 700.0000
3445 3600 0.8167 700.0000
3445 3601 0.5059 700.0000
3446 3448 0.7211 700.0000
3446 3449 0.7207 700.0000
3446 3598 0.6879 700.0000
3446 3599 0.6477 700.0000
3446 3600 0.6305 700.0000
3446 3601 0.7917 700.0000
3447 3449 0.8743 700.0000
3447 3536 0.6346 700.0000
3447 3598 0.8810 700.0000
3447 3599 0.4997 700.0000
3447 3600 0.7116 700.0000
3447 3601 0.5673 700.0000
3448 3450 0.5141 700.0000
3448 3536 0.8479 700.0000
3448 3538 0.8890 700.0000
3448 3597 0.6766 700.0000
3448 3598 0.6812 700.0000
3448 3599 0.4109 700.0000
3448 3600 0.8767 700.0000
3449 3451 0.8378 700.0000
3449 3596 0.6911 700.0000
3449 3597 0.6242 700.0000
3449 3598 0.5551 700.0000
3449 3599 0.6895 700.0000
3450 3452 0.6868 700.0000
3450 3494 0.8860 700.0000
3450 3540 0.8853 700.0000
3450 3596 0.7668 700.0000
3450 3597 0.4385 700.0000
3450 3598 0.7319 700.0000
3450 3599 0.7199 700.0000
3451 3453 0.5319 700.0000
3451 3595 0.6889 700.0000
3451 3596 0.6089 700.0000
3452 3454 0.6771 700.0000
3452 3493 0.8730 700.0000
3452 3494 0.5658 700.0000
3452 3540 0.8304 700.0000
3452 3593 0.6678 700.0000
3452 3594 0.5463 700.0000
3452 3595 0.6186 700.0000
3452 3596 0.6589 700.0000
3452 3597 0.7280 700.0000
3453 3455 0.7321 700.0000
3453 3595 0.8873 700.0000
3454 3456 0.5300 700.0000
3454 3457 0.4403 700.0000
3454 3458 0.7358 700.0000
3454 3459 0.8271 700.0000
3454 3494 0.7722 700.0000
3454 3495 0.7973 700.0000
3454 3496 0.8557 700.0000
3454 3497 0.8885 700.0000
3454 3593 0.6932 700.0000
3454 3594 0.7872 700.0000
3455 3457 0.6220 700.0000
3455 3458 0.6534 700.0000
3455 3459 0.5862 700.0000
3455 3460 0.8785 700.0000
3456 3458 0.8624 700.0000
3456 3459 0.5776 700.0000
3456 3460 0.6902 700.0000
3457 3459 0.6844 700.0000
3457 3460 0.5617 700.0000
3457 3461 0.7670 700.0000
3457 3496 0.7425 700.0000
3457 3497 0.6806 700.0000
3457 3592 0.7785 700.0000
3457 3593 0.5871 700.0000
3457 3594 0.7376 700.0000
3458 3460 0.7295 700.0000
3458 3461 0.5828 700.0000
3458 3462 0.5064 700.0000
3458 3463 0.8987 700.0000
3458 3543 0.8060 700.0000
3458 3593 0.5702 700.0000
3458 3595 0.8455 700.0000
3459 3461 0.8133 700.0000
3459 3462 0.6343 700.0000
3459 3463 0.6937 700.0000
3460 3462 0.6823 700.0000
3460 3463 0.5568 700.0000
3460 3464 0.7349 700.0000
3460 3590 0.6203 700.0000
3460 3592 0.8879 700.0000
3461 3463 0.6888 700.0000
3461 3464 0.6924 700.0000
3461 3465 0.5740 700.0000
3461 3478 0.7673 700.0000
3461 3543 0.6578 700.0000
3461 3544 0.7490 700.0000
3461 3545 0.6028 700.0000
3461 3590 0.7500 700.0000
3461 3591 0.7123 700.0000
3461 3592 0.5736 700.0000
3461 3593 0.6068 700.0000
3462 3464 0.7857 700.0000
3462 3465 0.4828 700.0000
3462 3466 0.5913 700.0000
3462 3543 0.8929 700.0000
3462 3593 0.8916 700.0000
3463 3465 0.6361 700.0000
3463 3466 0.4777 700.0000
3463 3467 0.5968 700.0000
3463 3468 0.8810 700.0000
3463 3590 0.8235 700.0000
3464 3466 0.7461 700.0000
3464 3467 0.4816 700.0000
3464 3468 0.5466 700.0000
3464 3469 0.8531 700.0000
3464 3545 0.6777 700.0000
3464 3572 0.8892 700.0000
3464 3588 0.8468 700.0000
3464 3590 0.5556 700.0000
3464 3591 0.6525 700.0000
3465 3467 0.7182 700.0000
3465 3468 0.6004 700.0000
3465 3469 0.5214 700.0000
3465 3477 0.6627 700.0000
3465 3478 0.6400 700.0000
3465 3545 0.6330 700.0000
3466 3468 0.8301 700.0000
3466 3469 0.6279 700.0000
3466 3470 0.7698 700.0000
3467 3469 0.6379 700.0000
3467 3470 0.5613 700.0000
3467 3471 0.6637 700.0000
3467 3472 0.8638 700.0000
3468 3470 0.6823 700.0000
3468 3471 0.5873 700.0000
3468 3472 0.5392 700.0000
3468 3473 0.7956 700.0000
3468 3475 0.7995 700.0000
3468 3477 0.4955 700.0000
3468 3545 0.6054 700.0000
3468 3546 0.8120 700.0000
3468 3547 0.6496 700.0000
3468 3548 0.8011 700.0000
3468 3572 0.6294 700.0000
3468 3591 0.8237 700.0000
3469 3471 0.7641 700.0000
3469 3472 0.6142 700.0000
3469 3473 0.5354 700.0000
3469 3474 0.8849 700.0000
3469 3475 0.7013 700.0000
3469 3476 0.8631 700.0000
3469 3477 0.5649 700.0000
3470 3472 0.6102 700.0000
3470 3473 0.5613 700.0000
3471 3473 0.7299 700.0000
3471 3548 0.8334 700.0000
3471 3569 0.7826 700.0000
3471 3572 0.8210 700.0000
3472 3474 0.8550 700.0000
3472 3475 0.5123 700.0000
3472 3477 0.6212 700.0000
3472 3547 0.6845 700.0000
3472 3548 0.6037 700.0000
3472 3572 0.7827 700.0000
3473 3475 0.4689 700.0000
3473 3476 0.8620 700.0000
3473 3477 0.7401 700.0000
3474 3476 0.8041 700.0000
3475 3477 0.4873 700.0000
3475 3547 0.6424 700.0000
3475 3548 0.7206 700.0000
3476 3478 0.6552 700.0000
3476 3479 0.7244 700.0000
3476 3546 0.8633 700.0000
3476 3547 0.7743 700.0000
3477 3479 0.7576 700.0000
3477 3544 0.8618 700.0000
3477 3545 0.5813 700.0000
3477 3546 0.5757 700.0000
3477 3547 0.4314 700.0000
3477 3548 0.7381 700.0000
3477 3572 0.7856 700.0000
3478 3480 0.6825 700.0000
3478 3543 0.5681 700.0000
3478 3544 0.5979 700.0000
3478 3545 0.5863 700.0000
3478 3546 0.7392 700.0000
3478 3547 0.8634 700.0000
3479 3481 0.5900 700.0000
3479 3518 0.8175 700.0000
3479 3542 0.8792 700.0000
3479 3543 0.8317 700.0000
3479 3544 0.5387 700.0000
3479 3545 0.7493 700.0000
3479 3546 0.5379 700.0000
3479 3547 0.7675 700.0000
3479 3584 0.7357 700.0000
3480 3482 0.7731 700.0000
3480 3541 0.4766 700.0000
3480 3542 0.5997 700.0000
3480 3543 0.5316 700.0000
3480 3544 0.7193 700.0000
3480 3595 0.7903 700.0000
3480 3596 0.8725 700.0000
3481 3483 0.8269 700.0000
3481 3516 0.5392 700.0000
3481 3517 0.4800 700.0000
3481 3518 0.5654 700.0000
3481 3519 0.8365 700.0000
3481 3541 0.6154 700.0000
3481 3542 0.4899 700.0000
3481 3543 0.8257 700.0000
3481 3544 0.5646 700.0000
3481 3546 0.8908 700.0000
3481 3584 0.7181 700.0000
3482 3484 0.8139 700.0000
3482 3516 0.7648 700.0000
3482 3517 0.4722 700.0000
3482 3518 0.6288 700.0000
3482 3519 0.6465 700.0000
3482 3520 0.4780 700.0000
3482 3521 0.8458 700.0000
3482 3522 0.8851 700.0000
3482 3523 0.6103 700.0000
3482 3539 0.6466 700.0000
3482 3540 0.8313 700.0000
3482 3541 0.5280 700.0000
3482 3542 0.6595 700.0000
3482 3598 0.8694 700.0000
3483 3485 0.5878 700.0000
3483 3493 0.8933 700.0000
3483 3498 0.6963 700.0000
3483 3514 0.7536 700.0000
3483 3515 0.8267 700.0000
3483 3516 0.5663 700.0000
3483 3517 0.7427 700.0000
3483 3523 0.6273 700.0000
3483 3528 0.7854 700.0000
3483 3529 0.8696 700.0000
3483 3539 0.6402 700.0000
3483 3540 0.5575 700.0000
3483 3542 0.7302 700.0000
3484 3486 0.7605 700.0000
3484 3506 0.8998 700.0000
3484 3516 0.8460 700.0000
3484 3517 0.8724 700.0000
3484 3522 0.8590 700.0000
3484 3523 0.4797 700.0000
3484 3524 0.7424 700.0000
3484 3525 0.8572 700.0000
3484 3527 0.8568 700.0000
3484 3528 0.5625 700.0000
3484 3529 0.5470 700.0000
3484 3530 0.8764 700.0000
3484 3537 0.8827 700.0000
3484 3538 0.7610 700.0000
3484 3539 0.5515 700.0000
3484 3540 0.6643 700.0000
3485 3487 0.6304 700.0000
3485 3488 0.7524 700.0000
3485 3489 0.5698 700.0000
3485 3490 0.6698 700.0000
3485 3493 0.8451 700.0000
3485 3523 0.8301 700.0000
3485 3528 0.8027 700.0000
3485 3529 0.5763 700.0000
3485 3530 0.7334 700.0000
3485 3537 0.8238 700.0000
3485 3538 0.5430 700.0000
3485 3539 0.6618 700.0000
3485 3540 0.6534 700.0000
3486 3488 0.4639 700.0000
3486 3489 0.4369 700.0000
3486 3490 0.6910 700.0000
3486 3505 0.8514 700.0000
3486 3529 0.7439 700.0000
3486 3530 0.5767 700.0000
3486 3531 0.8572 700.0000
3486 3538 0.6912 700.0000
3487 3489 0.5340 700.0000
3487 3490 0.5307 700.0000
3487 3491 0.7474 700.0000
3487 3530 0.8536 700.0000
3487 3531 0.8776 700.0000
3487 3532 0.6949 700.0000
3487 3536 0.8956 700.0000
3487 3538 0.5694 700.0000
3488 3490 0.5310 700.0000
3488 3491 0.5826 700.0000
3488 3492 0.6639 700.0000
3488 3538 0.8796 700.0000
3489 3491 0.5663 700.0000
3489 3492 0.5278 700.0000
3489 3493 0.6196 700.0000
3489 3494 0.8575 700.0000
3489 3502 0.8231 700.0000
3489 3538 0.8694 700.0000
3490 3492 0.6451 700.0000
3490 3493 0.5441 700.0000
3490 3494 0.5480 700.0000
3490 3538 0.7027 700.0000
3490 3540 0.7104 700.0000
3490 3597 0.7527 700.0000
3491 3493 0.6110 700.0000
3491 3494 0.5421 700.0000
3491 3495 0.6528 700.0000
3491 3496 0.8374 700.0000
3492 3494 0.7350 700.0000
3492 3495 0.6659 700.0000
3492 3496 0.6013 700.0000
3492 3497 0.7269 700.0000
3492 3502 0.8727 700.0000
3493 3495 0.7828 700.0000
3493 3496 0.6054 700.0000
3493 3497 0.3863 700.0000
3493 3498 0.5367 700.0000
3493 3499 0.8601 700.0000
3493 3540 0.6734 700.0000
3493 3594 0.6349 700.0000
3494 3496 0.7391 700.0000
3494 3497 0.6809 700.0000
3494 3498 0.8978 700.0000
3494 3540 0.7584 700.0000
3494 3594 0.6433 700.0000
3494 3597 0.7949 700.0000
3495 3497 0.8268 700.0000
3496 3498 0.8265 700.0000
3496 3499 0.8020 700.0000
3496 3589 0.8982 700.0000
3497 3499 0.6530 700.0000
3497 3589 0.6759 700.0000
3497 3592 0.7376 700.0000
3497 3593 0.8438 700.0000
3497 3594 0.6752 700.0000
3498 3514 0.6407 700.0000
3498 3516 0.7832 700.0000
3498 3540 0.7768 700.0000
3498 3542 0.8067 700.0000
3498 3586 0.8780 700.0000
3498 3589 0.6351 700.0000
3498 3592 0.5387 700.0000
3498 3593 0.8468 700.0000
3498 3594 0.6471 700.0000
3499 3501 0.4427 700.0000
3499 3502 0.4861 700.0000
3499 3503 0.7653 700.0000
3499 3513 0.8692 700.0000
3499 3514 0.7744 700.0000
3499 3589 0.5522 700.0000
3500 3502 0.8502 700.0000
3500 3503 0.6951 700.0000
3500 3512 0.7563 700.0000
3500 3513 0.6067 700.0000
3500 3514 0.7326 700.0000
3500 3557 0.7909 700.0000
3500 3586 0.7678 700.0000
3500 3587 0.6393 700.0000
3500 3588 0.7128 700.0000
3500 3589 0.5877 700.0000
3501 3503 0.5417 700.0000
3501 3504 0.8771 700.0000
3501 3513 0.8341 700.0000
3501 3589 0.8692 700.0000
3502 3504 0.8239 700.0000
3502 3505 0.6807 700.0000
3503 3505 0.6706 700.0000
3503 3506 0.7936 700.0000
3503 3507 0.6853 700.0000
3503 3508 0.7177 700.0000
3503 3511 0.8066 700.0000
3503 3512 0.6178 700.0000
3503 3513 0.5285 700.0000
3503 3514 0.7320 700.0000
3503 3515 0.8134 700.0000
3504 3506 0.5437 700.0000
3504 3507 0.4827 700.0000
3504 3508 0.6023 700.0000
3504 3511 0.8982 700.0000
3504 3512 0.7794 700.0000
3504 3513 0.8030 700.0000
3504 3515 0.8979 700.0000
3505 3507 0.7802 700.0000
3505 3530 0.8463 700.0000
3506 3508 0.8566 700.0000
3506 3515 0.8454 700.0000
3506 3527 0.5957 700.0000
3506 3528 0.5598 700.0000
3506 3530 0.8203 700.0000
3507 3509 0.6374 700.0000
3507 3510 0.8581 700.0000
3507 3511 0.7192 700.0000
3507 3512 0.8634 700.0000
3507 3513 0.7664 700.0000
3507 3515 0.5984 700.0000
3507 3528 0.8117 700.0000
3508 3510 0.7202 700.0000
3508 3511 0.4408 700.0000
3508 3512 0.5692 700.0000
3508 3513 0.7151 700.0000
3508 3515 0.7366 700.0000
3508 3553 0.8486 700.0000
3508 3554 0.6171 700.0000
3508 3555 0.8340 700.0000
3508 3556 0.8667 700.0000
3509 3511 0.5263 700.0000
3509 3512 0.8676 700.0000
3509 3515 0.7956 700.0000
3509 3552 0.6992 700.0000
3509 3553 0.6505 700.0000
3509 3554 0.5530 700.0000
3509 3555 0.8562 700.0000
3509 3556 0.8683 700.0000
3510 3515 0.7471 700.0000
3510 3551 0.6551 700.0000
3510 3552 0.4584 700.0000
3510 3553 0.6403 700.0000
3510 3554 0.7897 700.0000
3510 3556 0.8765 700.0000
3510 3574 0.7091 700.0000
3510 3575 0.6399 700.0000
3510 3576 0.5726 700.0000
3510 3583 0.6910 700.0000
3510 3585 0.7440 700.0000
3511 3513 0.5094 700.0000
3511 3514 0.8490 700.0000
3511 3515 0.6531 700.0000
3511 3552 0.7186 700.0000
3511 3553 0.6215 700.0000
3511 3554 0.6541 700.0000
3511 3555 0.6781 700.0000
3511 3556 0.5183 700.0000
3511 3557 0.7612 700.0000
3511 3558 0.8743 700.0000
3511 3574 0.7507 700.0000
3511 3585 0.6179 700.0000
3511 3586 0.8363 700.0000
3511 3587 0.6931 700.0000
3512 3553 0.8823 700.0000
3512 3554 0.7681 700.0000
3512 3555 0.6636 700.0000
3512 3556 0.6121 700.0000
3512 3557 0.5241 700.0000
3512 3558 0.8209 700.0000
3512 3587 0.7402 700.0000
3513 3515 0.5107 700.0000
3513 3516 0.8666 700.0000
3513 3556 0.8770 700.0000
3513 3557 0.8515 700.0000
3513 3585 0.5470 700.0000
3513 3586 0.5240 700.0000
3513 3587 0.5325 700.0000
3514 3516 0.5460 700.0000
3514 3585 0.5738 700.0000
3514 3586 0.4256 700.0000
3514 3587 0.6989 700.0000
3514 3589 0.7703 700.0000
3514 3591 0.8648 700.0000
3514 3592 0.8336 700.0000
3515 3517 0.8477 700.0000
3515 3522 0.8930 700.0000
3515 3528 0.8702 700.0000
3515 3574 0.8722 700.0000
3515 3583 0.6528 700.0000
3515 3584 0.8058 700.0000
3515 3585 0.5016 700.0000
3515 3586 0.7035 700.0000
3515 3587 0.8994 700.0000
3516 3518 0.8689 700.0000
3516 3542 0.6609 700.0000
3516 3544 0.6359 700.0000
3516 3583 0.7379 700.0000
3516 3584 0.6141 700.0000
3516 3585 0.6644 700.0000
3516 3586 0.6597 700.0000
3516 3592 0.7875 700.0000
3517 3519 0.5584 700.0000
3517 3520 0.6601 700.0000
3517 3521 0.8389 700.0000
3517 3522 0.6171 700.0000
3517 3523 0.6339 700.0000
3517 3542 0.8541 700.0000
3517 3582 0.6230 700.0000
3517 3583 0.5956 700.0000
3517 3584 0.6838 700.0000
3518 3520 0.7367 700.0000
3518 3521 0.8744 700.0000
3518 3522 0.8479 700.0000
3518 3581 0.6837 700.0000
3518 3582 0.5453 700.0000
3518 3583 0.7187 700.0000
3518 3584 0.7423 700.0000
3519 3521 0.5233 700.0000
3519 3522 0.7160 700.0000
3519 3523 0.7989 700.0000
3519 3582 0.6704 700.0000
3520 3522 0.7118 700.0000
3520 3523 0.4946 700.0000
3520 3524 0.5867 700.0000
3520 3539 0.7395 700.0000
3521 3523 0.6269 700.0000
3521 3524 0.5806 700.0000
3521 3525 0.7602 700.0000
3522 3524 0.7252 700.0000
3522 3525 0.6502 700.0000
3522 3527 0.8691 700.0000
3522 3528 0.5998 700.0000
3522 3582 0.7175 700.0000
3522 3583 0.7446 700.0000
3523 3525 0.6175 700.0000
3523 3527 0.8565 700.0000
3523 3528 0.5588 700.0000
3523 3529 0.6160 700.0000
3523 3537 0.8941 700.0000
3523 3539 0.6120 700.0000
3524 3526 0.6434 700.0000
3524 3527 0.8261 700.0000
3524 3528 0.7109 700.0000
3524 3529 0.4958 700.0000
3524 3537 0.6298 700.0000
3524 3539 0.7157 700.0000
3524 3600 0.7162 700.0000
3525 3527 0.4663 700.0000
3525 3528 0.5000 700.0000
3525 3529 0.5758 700.0000
3525 3530 0.8600 700.0000
3525 3537 0.8706 700.0000
3526 3528 0.7408 700.0000
3526 3529 0.5208 700.0000
3526 3530 0.6299 700.0000
3526 3531 0.5936 700.0000
3526 3537 0.7016 700.0000
3527 3529 0.6456 700.0000
3527 3530 0.5796 700.0000
3528 3530 0.7571 700.0000
3529 3531 0.6199 700.0000
3529 3537 0.4497 700.0000
3529 3538 0.6339 700.0000
3529 3539 0.6939 700.0000
3529 3600 0.7516 700.0000
3530 3532 0.8909 700.0000
3530 3537 0.8516 700.0000
3531 3533 0.7125 700.0000
3531 3534 0.8460 700.0000
3531 3535 0.5166 700.0000
3531 3536 0.8182 700.0000
3531 3537 0.5417 700.0000
3531 3538 0.8061 700.0000
3532 3534 0.4509 700.0000
3532 3535 0.4369 700.0000
3532 3536 0.4949 700.0000
3532 3537 0.7265 700.0000
3532 3538 0.7586 700.0000
3533 3535 0.5922 700.0000
3533 3536 0.7387 700.0000
3534 3536 0.4801 700.0000
3534 3601 0.8401 700.0000
3535 3537 0.6142 700.0000
3535 3538 0.8890 700.0000
3535 3600 0.8011 700.0000
3535 3601 0.5654 700.0000
3536 3538 0.7099 700.0000
3536 3599 0.6307 700.0000
3536 3600 0.7577 700.0000
3536 3601 0.6034 700.0000
3537 3539 0.7216 700.0000
3537 3598 0.8522 700.0000
3537 3599 0.7081 700.0000
3537 3600 0.3898 700.0000
3537 3601 0.7529 700.0000
3538 3540 0.7361 700.0000
3538 3597 0.6661 700.0000
3538 3598 0.6846 700.0000
3538 3599 0.5401 700.0000
3538 3600 0.6292 700.0000
3539 3541 0.8200 700.0000
3539 3597 0.6129 700.0000
3539 3598 0.4348 700.0000
3539 3599 0.7316 700.0000
3539 3600 0.6573 700.0000
3540 3542 0.6760 700.0000
3540 3594 0.5944 700.0000
3540 3595 0.8780 700.0000
3540 3596 0.7982 700.0000
3540 3597 0.4760 700.0000
3540 3598 0.6801 700.0000
3541 3543 0.7247 700.0000
3541 3594 0.8939 700.0000
3541 3595 0.6469 700.0000
3541 3596 0.5550 700.0000
3541 3598 0.8133 700.0000
3542 3544 0.5734 700.0000
3542 3592 0.6533 700.0000
3542 3593 0.6887 700.0000
3542 3594 0.5909 700.0000
3542 3595 0.6428 700.0000
3542 3596 0.7610 700.0000
3543 3545 0.8329 700.0000
3543 3592 0.7739 700.0000
3543 3593 0.5885 700.0000
3543 3594 0.7817 700.0000
3543 3595 0.5183 700.0000
3543 3596 0.8031 700.0000
3544 3546 0.5573 700.0000
3544 3547 0.8626 700.0000
3544 3584 0.7617 700.0000
3544 3586 0.8236 700.0000
3544 3591 0.6389 700.0000
3544 3592 0.5675 700.0000
3545 3547 0.6511 700.0000
3545 3572 0.7305 700.0000
3545 3573 0.8170 700.0000
3545 3586 0.8746 700.0000
3545 3590 0.8246 700.0000
3545 3591 0.4455 700.0000
3545 3592 0.6770 700.0000
3546 3548 0.7098 700.0000
3546 3549 0.6252 700.0000
3546 3572 0.6315 700.0000
3546 3573 0.5170 700.0000
3546 3574 0.8475 700.0000
3546 3584 0.6018 700.0000
3546 3585 0.8793 700.0000
3546 3586 0.8568 700.0000
3546 3591 0.7506 700.0000
3547 3549 0.5571 700.0000
3547 3571 0.8437 700.0000
3547 3572 0.5053 700.0000
3547 3573 0.5960 700.0000
3547 3584 0.8735 700.0000
3548 3550 0.7867 700.0000
3548 3562 0.6912 700.0000
3548 3570 0.8995 700.0000
3548 3571 0.5363 700.0000
3548 3572 0.5031 700.0000
3548 3573 0.6807 700.0000
3549 3571 0.7380 700.0000
3549 3572 0.7903 700.0000
3549 3573 0.5856 700.0000
3549 3574 0.6917 700.0000
3549 3575 0.6204 700.0000
3549 3577 0.8701 700.0000
3549 3578 0.5495 700.0000
3549 3579 0.8793 700.0000
3549 3581 0.7845 700.0000
3549 3584 0.7100 700.0000
3550 3552 0.6279 700.0000
3550 3559 0.8238 700.0000
3550 3560 0.6556 700.0000
3550 3562 0.8719 700.0000
3550 3571 0.5278 700.0000
3550 3573 0.6766 700.0000
3550 3574 0.5289 700.0000
3550 3575 0.5873 700.0000
3550 3577 0.8911 700.0000
3550 3578 0.6274 700.0000
3551 3553 0.6837 700.0000
3551 3574 0.6796 700.0000
3551 3575 0.5479 700.0000
3551 3576 0.6519 700.0000
3551 3577 0.6987 700.0000
3551 3578 0.7003 700.0000
3552 3554 0.8140 700.0000
3552 3555 0.8570 700.0000
3552 3556 0.6843 700.0000
3552 3560 0.8618 700.0000
3552 3574 0.5592 700.0000
3552 3575 0.5936 700.0000
3552 3576 0.7203 700.0000
3552 3585 0.8312 700.0000
3553 3555 0.4609 700.0000
3553 3556 0.4445 700.0000
3553 3560 0.8867 700.0000
3553 3574 0.8329 700.0000
3554 3556 0.6667 700.0000
3555 3557 0.6746 700.0000
3555 3558 0.8634 700.0000
3556 3558 0.5484 700.0000
3556 3559 0.6589 700.0000
3556 3560 0.7184 700.0000
3556 3574 0.7910 700.0000
3556 3585 0.8869 700.0000
3556 3587 0.7176 700.0000
3557 3559 0.7368 700.0000
3557 3587 0.6444 700.0000
3558 3560 0.6393 700.0000
3558 3570 0.7298 700.0000
3558 3587 0.5140 700.0000
3558 3588 0.7454 700.0000
3559 3561 0.7263 700.0000
3559 3562 0.8925 700.0000
3559 3570 0.5077 700.0000
3559 3571 0.6198 700.0000
3559 3572 0.6928 700.0000
3559 3573 0.6651 700.0000
3559 3574 0.6852 700.0000
3559 3585 0.8643 700.0000
3559 3586 0.8560 700.0000
3559 3587 0.5556 700.0000
3559 3588 0.7601 700.0000
3560 3562 0.6950 700.0000
3560 3569 0.8614 700.0000
3560 3570 0.5601 700.0000
3560 3571 0.4795 700.0000
3560 3572 0.8834 700.0000
3560 3573 0.8501 700.0000
3560 3574 0.7798 700.0000
3561 3563 0.5832 700.0000
3561 3564 0.5888 700.0000
3561 3566 0.7083 700.0000
3561 3567 0.5871 700.0000
3561 3568 0.7764 700.0000
3561 3569 0.6094 700.0000
3561 3570 0.5352 700.0000
3561 3571 0.5902 700.0000
3562 3564 0.8508 700.0000
3562 3566 0.7704 700.0000
3562 3567 0.8950 700.0000
3562 3568 0.8909 700.0000
3562 3569 0.4352 700.0000
3562 3570 0.5785 700.0000
3562 3571 0.4069 700.0000
3562 3572 0.8325 700.0000
3563 3565 0.4899 700.0000
3563 3566 0.4938 700.0000
3563 3567 0.6874 700.0000
3563 3568 0.8849 700.0000
3563 3569 0.6564 700.0000
3564 3566 0.6641 700.0000
3564 3567 0.6519 700.0000
3565 3567 0.7888 700.0000
3566 3568 0.4710 700.0000
3566 3569 0.5013 700.0000
3566 3570 0.8106 700.0000
3567 3569 0.6671 700.0000
3567 3570 0.7287 700.0000
3568 3570 0.5963 700.0000
3569 3571 0.7102 700.0000
3569 3572 0.8944 700.0000
3570 3572 0.6660 700.0000
3571 3573 0.6755 700.0000
3571 3574 0.7807 700.0000
3572 3574 0.8276 700.0000
3572 3586 0.8799 700.0000
3572 3587 0.8822 700.0000
3572 3588 0.7985 700.0000
3572 3591 0.7343 700.0000
3573 3575 0.7042 700.0000
3573 3584 0.6258 700.0000
3573 3585 0.5671 700.0000
3573 3586 0.6263 700.0000
3573 3587 0.7057 700.0000
3573 3588 0.8840 700.0000
3573 3591 0.7795 700.0000
3574 3576 0.7985 700.0000
3574 3583 0.7828 700.0000
3574 3584 0.6293 700.0000
3574 3585 0.4314 700.0000
3574 3586 0.7137 700.0000
3574 3587 0.7108 700.0000
3575 3577 0.5651 700.0000
3575 3578 0.5925 700.0000
3575 3581 0.6320 700.0000
3575 3582 0.7411 700.0000
3575 3583 0.5481 700.0000
3575 3584 0.5389 700.0000
3575 3585 0.6844 700.0000
3576 3578 0.7366 700.0000
3576 3580 0.8499 700.0000
3576 3581 0.6027 700.0000
3576 3582 0.5352 700.0000
3576 3583 0.4821 700.0000
3576 3584 0.7540 700.0000
3577 3579 0.5482 700.0000
3577 3580 0.5213 700.0000
3577 3581 0.5202 700.0000
3577 3582 0.7332 700.0000
3577 3583 0.8229 700.0000
3578 3580 0.7032 700.0000
3578 3581 0.6557 700.0000
3579 3581 0.7624 700.0000
3580 3582 0.8298 700.0000
3581 3583 0.6432 700.0000
3581 3584 0.6468 700.0000
3582 3584 0.6832 700.0000
3583 3585 0.6804 700.0000
3584 3586 0.7834 700.0000
3585 3587 0.5611 700.0000
3586 3588 0.6348 700.0000
3586 3589 0.7681 700.0000
3586 3591 0.5752 700.0000
3586 3592 0.8045 700.0000
3587 3589 0.8741 700.0000
3587 3591 0.7960 700.0000
3588 3590 0.5533 700.0000
3588 3591 0.5430 700.0000
3589 3591 0.6931 700.0000
3589 3592 0.6832 700.0000
3590 3592 0.7043 700.0000
3592 3594 0.6461 700.0000
3593 3595 0.5163 700.0000
3593 3596 0.8264 700.0000
3594 3596 0.7393 700.0000
3594 3597 0.8295 700.0000
3596 3598 0.7909 700.0000
3597 3599 0.6043 700.0000
3598 3600 0.6014 700.0000
3599 3601 0.7983 700.0000
