i j d[nm] fc
60 62 0.6950 700.0000
61 63 0.7540 700.0000
62 64 0.7490 700.0000
63 65 0.6164 700.0000
63 96 0.7847 700.0000
64 66 0.6459 700.0000
65 67 0.8097 700.0000
66 68 0.7229 700.0000
66 69 0.8744 700.0000
66 70 0.5603 700.0000
66 71 0.6558 700.0000
66 74 0.8533 700.0000
66 95 0.8491 700.0000
66 96 0.8164 700.0000
67 69 0.5325 700.0000
67 70 0.4027 700.0000
67 71 0.7358 700.0000
67 72 0.8419 700.0000
68 70 0.7455 700.0000
68 71 0.6135 700.0000
68 72 0.6622 700.0000
69 71 0.7487 700.0000
69 72 0.5056 700.0000
69 73 0.5933 700.0000
69 74 0.8858 700.0000
70 72 0.7063 700.0000
70 73 0.5539 700.0000
70 74 0.6333 700.0000
71 73 0.7175 700.0000
71 74 0.6026 700.0000
71 75 0.5617 700.0000
71 76 0.8597 700.0000
71 78 0.8989 700.0000
71 95 0.5871 700.0000
71 96 0.7248 700.0000
72 74 0.7791 700.0000
72 75 0.7357 700.0000
72 76 0.7137 700.0000
73 75 0.7835 700.0000
73 76 0.5968 700.0000
73 77 0.6460 700.0000
74 76 0.6718 700.0000
74 77 0.5395 700.0000
74 78 0.6559 700.0000
74 80 0.8639 700.0000
74 81 0.6486 700.0000
74 95 0.6718 700.0000
75 77 0.6899 700.0000
75 78 0.4783 700.0000
75 95 0.5749 700.0000
76 78 0.7671 700.0000
77 79 0.7752 700.0000
77 80 0.4775 700.0000
77 81 0.6998 700.0000
78 80 0.7111 700.0000
78 81 0.6179 700.0000
78 82 0.6091 700.0000
78 93 0.7266 700.0000
78 94 0.7228 700.0000
78 95 0.5629 700.0000
79 81 0.8321 700.0000
79 82 0.6821 700.0000
79 83 0.5103 700.0000
80 82 0.6773 700.0000
80 83 0.5667 700.0000
80 84 0.7388 700.0000
81 83 0.7204 700.0000
81 84 0.5813 700.0000
81 85 0.5616 700.0000
81 93 0.6080 700.0000
81 94 0.8779 700.0000
81 95 0.8421 700.0000
82 84 0.6514 700.0000
82 85 0.5735 700.0000
82 86 0.6551 700.0000
82 87 0.8910 700.0000
82 91 0.8556 700.0000
82 92 0.6935 700.0000
82 93 0.4720 700.0000
82 94 0.7863 700.0000
83 85 0.7816 700.0000
83 86 0.6362 700.0000
83 87 0.6323 700.0000
84 86 0.6799 700.0000
84 87 0.5443 700.0000
84 88 0.5683 700.0000
84 89 0.7106 700.0000
84 91 0.8691 700.0000
85 87 0.7067 700.0000
85 88 0.6522 700.0000
85 89 0.5167 700.0000
85 90 0.6512 700.0000
85 91 0.4843 700.0000
85 92 0.6859 700.0000
85 93 0.6385 700.0000
86 88 0.8644 700.0000
86 89 0.8037 700.0000
86 90 0.5130 700.0000
86 91 0.6215 700.0000
86 92 0.6724 700.0000
86 93 0.8669 700.0000
87 89 0.7609 700.0000
87 90 0.7240 700.0000
87 91 0.8772 700.0000
88 90 0.8112 700.0000
88 91 0.8585 700.0000
89 91 0.5323 700.0000
90 92 0.6502 700.0000
91 93 0.7254 700.0000
92 94 0.7403 700.0000
93 95 0.6948 700.0000
94 96 0.6326 700.0000
107 109 0.5751 700.0000
107 122 0.8139 700.0000
107 123 0.6072 700.0000
107 124 0.5025 700.0000
107 125 0.7472 700.0000
107 285 0.8998 700.0000
108 110 0.7089 700.0000
108 111 0.6600 700.0000
108 121 0.6345 700.0000
108 122 0.6033 700.0000
108 123 0.4526 700.0000
108 276 0.8808 700.0000
109 121 0.7908 700.0000
109 122 0.4790 700.0000
109 123 0.6802 700.0000
109 124 0.7829 700.0000
109 285 0.6925 700.0000
109 286 0.8264 700.0000
109 289 0.5570 700.0000
110 112 0.6397 700.0000
110 119 0.8964 700.0000
110 120 0.6337 700.0000
110 121 0.5793 700.0000
110 122 0.4954 700.0000
110 123 0.8731 700.0000
110 277 0.8480 700.0000
110 288 0.8910 700.0000
110 289 0.5610 700.0000
110 290 0.8576 700.0000
110 291 0.8793 700.0000
110 292 0.5698 700.0000
110 293 0.6511 700.0000
110 296 0.7979 700.0000
111 113 0.6686 700.0000
111 119 0.5440 700.0000
111 120 0.7310 700.0000
111 121 0.6559 700.0000
111 122 0.8822 700.0000
112 114 0.6035 700.0000
112 115 0.8947 700.0000
112 119 0.6937 700.0000
112 120 0.6048 700.0000
112 121 0.8401 700.0000
112 292 0.8091 700.0000
112 296 0.5755 700.0000
113 115 0.5547 700.0000
113 116 0.6459 700.0000
113 118 0.6163 700.0000
113 119 0.5041 700.0000
113 120 0.7265 700.0000
114 116 0.7933 700.0000
114 118 0.5353 700.0000
114 119 0.7239 700.0000
114 120 0.6123 700.0000
114 259 0.7769 700.0000
114 260 0.7462 700.0000
114 263 0.6362 700.0000
114 264 0.8308 700.0000
114 275 0.8382 700.0000
114 296 0.7084 700.0000
115 117 0.6357 700.0000
115 118 0.4117 700.0000
115 119 0.8225 700.0000
115 263 0.6870 700.0000
115 268 0.7990 700.0000
116 118 0.6561 700.0000
117 268 0.7008 700.0000
117 270 0.7269 700.0000
117 271 0.8354 700.0000
117 272 0.8133 700.0000
117 273 0.7105 700.0000
118 120 0.7621 700.0000
118 263 0.7109 700.0000
118 268 0.7877 700.0000
118 270 0.8707 700.0000
118 272 0.5900 700.0000
118 273 0.6328 700.0000
118 274 0.7185 700.0000
118 275 0.6946 700.0000
119 121 0.5799 700.0000
119 273 0.7348 700.0000
119 274 0.5089 700.0000
119 275 0.6415 700.0000
119 276 0.7635 700.0000
120 122 0.6993 700.0000
120 256 0.7983 700.0000
120 259 0.7898 700.0000
120 274 0.8102 700.0000
120 275 0.4965 700.0000
120 276 0.7156 700.0000
120 277 0.6590 700.0000
120 292 0.7406 700.0000
120 296 0.7697 700.0000
121 123 0.5402 700.0000
121 274 0.7388 700.0000
121 275 0.5922 700.0000
121 276 0.4671 700.0000
121 277 0.5316 700.0000
121 278 0.8297 700.0000
121 292 0.8952 700.0000
122 124 0.8602 700.0000
122 276 0.7278 700.0000
122 277 0.4880 700.0000
122 278 0.6991 700.0000
122 279 0.8471 700.0000
122 285 0.6386 700.0000
122 286 0.8592 700.0000
122 288 0.6308 700.0000
122 289 0.6511 700.0000
122 292 0.7796 700.0000
123 125 0.6253 700.0000
123 130 0.7060 700.0000
123 276 0.5653 700.0000
123 277 0.7132 700.0000
123 278 0.6333 700.0000
123 279 0.8486 700.0000
123 285 0.8944 700.0000
124 126 0.8770 700.0000
124 278 0.8109 700.0000
124 279 0.5908 700.0000
124 280 0.6155 700.0000
124 281 0.8218 700.0000
124 282 0.6242 700.0000
124 285 0.6299 700.0000
125 127 0.6425 700.0000
125 128 0.8336 700.0000
125 129 0.6622 700.0000
125 130 0.5417 700.0000
125 131 0.8979 700.0000
125 278 0.6132 700.0000
125 279 0.6289 700.0000
125 280 0.6489 700.0000
126 128 0.4364 700.0000
126 129 0.4695 700.0000
126 130 0.6723 700.0000
126 149 0.8819 700.0000
126 152 0.8541 700.0000
126 278 0.8021 700.0000
126 279 0.7609 700.0000
126 280 0.6015 700.0000
127 129 0.6504 700.0000
127 130 0.5434 700.0000
127 131 0.8761 700.0000
127 132 0.8656 700.0000
127 135 0.6304 700.0000
127 136 0.7706 700.0000
127 149 0.6676 700.0000
127 152 0.8403 700.0000
127 153 0.7063 700.0000
127 188 0.8986 700.0000
127 189 0.8923 700.0000
127 235 0.6630 700.0000
127 236 0.8713 700.0000
127 237 0.7626 700.0000
127 278 0.5744 700.0000
127 279 0.7437 700.0000
127 280 0.8104 700.0000
128 130 0.7521 700.0000
128 135 0.8863 700.0000
128 149 0.8133 700.0000
128 152 0.6227 700.0000
128 153 0.5717 700.0000
128 155 0.8715 700.0000
128 156 0.5978 700.0000
128 157 0.8312 700.0000
128 188 0.6347 700.0000
128 189 0.7234 700.0000
129 131 0.6917 700.0000
129 156 0.8856 700.0000
129 188 0.7718 700.0000
129 189 0.6082 700.0000
130 132 0.5504 700.0000
130 134 0.8838 700.0000
130 135 0.8067 700.0000
130 189 0.7162 700.0000
130 190 0.8848 700.0000
130 235 0.6921 700.0000
130 276 0.6895 700.0000
130 278 0.6916 700.0000
131 133 0.7657 700.0000
131 134 0.8397 700.0000
131 189 0.5518 700.0000
131 190 0.7396 700.0000
131 233 0.7579 700.0000
131 235 0.8755 700.0000
131 276 0.8284 700.0000
132 134 0.4737 700.0000
132 135 0.6526 700.0000
132 189 0.6355 700.0000
132 190 0.5736 700.0000
132 191 0.7566 700.0000
132 231 0.8825 700.0000
132 232 0.8939 700.0000
132 233 0.4724 700.0000
132 234 0.6379 700.0000
132 235 0.6355 700.0000
132 274 0.8363 700.0000
132 276 0.7261 700.0000
133 135 0.8352 700.0000
133 189 0.8741 700.0000
133 190 0.6366 700.0000
133 191 0.4623 700.0000
133 192 0.7239 700.0000
133 230 0.8548 700.0000
133 231 0.5093 700.0000
133 232 0.5907 700.0000
133 233 0.4203 700.0000
133 234 0.7167 700.0000
133 235 0.8974 700.0000
134 136 0.6793 700.0000
134 189 0.8873 700.0000
134 190 0.5867 700.0000
134 191 0.6772 700.0000
134 192 0.5970 700.0000
134 193 0.6962 700.0000
134 194 0.6631 700.0000
134 224 0.8238 700.0000
134 231 0.6518 700.0000
134 233 0.5679 700.0000
134 234 0.4761 700.0000
134 235 0.5338 700.0000
134 236 0.8718 700.0000
134 276 0.8840 700.0000
135 137 0.6947 700.0000
135 153 0.7676 700.0000
135 185 0.8250 700.0000
135 188 0.7988 700.0000
135 189 0.8489 700.0000
135 190 0.6136 700.0000
135 192 0.7456 700.0000
135 193 0.5158 700.0000
135 194 0.5851 700.0000
135 195 0.8498 700.0000
135 234 0.6888 700.0000
135 235 0.4800 700.0000
135 236 0.7726 700.0000
135 237 0.8510 700.0000
136 138 0.6885 700.0000
136 139 0.8996 700.0000
136 149 0.8250 700.0000
136 193 0.6834 700.0000
136 194 0.4692 700.0000
136 195 0.7179 700.0000
136 196 0.6466 700.0000
136 220 0.7307 700.0000
136 234 0.7350 700.0000
136 235 0.5089 700.0000
136 236 0.5283 700.0000
136 237 0.5506 700.0000
136 239 0.8024 700.0000
136 278 0.8897 700.0000
137 139 0.5211 700.0000
137 140 0.8759 700.0000
137 143 0.8713 700.0000
137 145 0.7227 700.0000
137 148 0.8939 700.0000
137 149 0.5760 700.0000
137 150 0.5441 700.0000
137 153 0.6834 700.0000
137 181 0.8586 700.0000
137 193 0.6511 700.0000
137 194 0.6461 700.0000
137 195 0.4670 700.0000
137 196 0.5444 700.0000
137 197 0.8622 700.0000
137 237 0.7796 700.0000
137 239 0.8411 700.0000
138 140 0.7364 700.0000
138 145 0.8023 700.0000
138 147 0.7793 700.0000
138 148 0.7615 700.0000
138 149 0.5627 700.0000
138 150 0.5887 700.0000
138 195 0.7189 700.0000
138 196 0.5381 700.0000
138 197 0.7315 700.0000
138 198 0.7575 700.0000
138 237 0.7220 700.0000
138 238 0.8253 700.0000
138 239 0.6140 700.0000
138 240 0.7408 700.0000
138 243 0.8893 700.0000
138 244 0.8345 700.0000
139 141 0.6887 700.0000
139 142 0.8793 700.0000
139 143 0.6478 700.0000
139 144 0.8294 700.0000
139 145 0.7226 700.0000
139 147 0.8793 700.0000
139 149 0.8788 700.0000
139 150 0.7391 700.0000
139 175 0.8128 700.0000
139 181 0.8753 700.0000
139 195 0.6194 700.0000
139 196 0.4557 700.0000
139 197 0.4792 700.0000
139 198 0.6230 700.0000
139 239 0.7910 700.0000
139 240 0.8515 700.0000
139 244 0.8028 700.0000
140 142 0.5067 700.0000
140 143 0.5126 700.0000
140 144 0.5295 700.0000
140 145 0.6943 700.0000
140 146 0.8378 700.0000
140 147 0.8908 700.0000
140 150 0.8965 700.0000
140 174 0.8595 700.0000
140 175 0.7462 700.0000
140 195 0.8618 700.0000
140 196 0.8194 700.0000
140 197 0.6619 700.0000
140 198 0.8068 700.0000
140 200 0.8931 700.0000
140 244 0.8476 700.0000
141 143 0.7179 700.0000
141 144 0.8428 700.0000
141 174 0.5708 700.0000
141 175 0.5231 700.0000
141 176 0.6204 700.0000
141 177 0.7014 700.0000
141 197 0.5959 700.0000
141 198 0.7503 700.0000
141 200 0.8137 700.0000
142 144 0.5067 700.0000
142 165 0.8827 700.0000
142 166 0.8757 700.0000
142 169 0.6806 700.0000
142 173 0.8107 700.0000
142 174 0.5083 700.0000
142 175 0.7167 700.0000
143 145 0.5804 700.0000
143 162 0.6799 700.0000
143 165 0.4704 700.0000
143 166 0.7332 700.0000
143 168 0.7309 700.0000
143 169 0.6603 700.0000
143 173 0.8723 700.0000
143 174 0.8051 700.0000
143 175 0.6748 700.0000
143 181 0.7475 700.0000
143 195 0.6223 700.0000
143 196 0.8845 700.0000
143 197 0.8609 700.0000
144 146 0.6347 700.0000
144 147 0.8659 700.0000
144 150 0.8898 700.0000
144 162 0.6388 700.0000
144 165 0.7788 700.0000
144 166 0.7619 700.0000
145 147 0.6723 700.0000
145 148 0.8582 700.0000
145 149 0.8671 700.0000
145 150 0.4621 700.0000
145 151 0.6287 700.0000
145 152 0.8691 700.0000
145 153 0.7865 700.0000
145 154 0.6299 700.0000
145 159 0.8887 700.0000
145 161 0.7035 700.0000
145 162 0.4935 700.0000
145 165 0.7131 700.0000
145 195 0.7578 700.0000
146 148 0.6374 700.0000
146 150 0.6287 700.0000
146 151 0.5219 700.0000
146 154 0.8994 700.0000
147 149 0.6598 700.0000
147 150 0.4764 700.0000
147 151 0.4732 700.0000
147 152 0.7450 700.0000
147 243 0.7451 700.0000
148 150 0.4856 700.0000
148 151 0.5170 700.0000
148 152 0.5942 700.0000
148 153 0.8174 700.0000
148 243 0.7945 700.0000
149 151 0.6946 700.0000
149 152 0.5341 700.0000
149 153 0.5473 700.0000
149 237 0.7830 700.0000
150 152 0.5165 700.0000
150 153 0.4988 700.0000
150 154 0.6178 700.0000
150 161 0.8844 700.0000
150 195 0.8493 700.0000
151 153 0.6533 700.0000
151 154 0.5174 700.0000
151 155 0.5987 700.0000
151 156 0.8723 700.0000
152 154 0.5526 700.0000
152 155 0.5167 700.0000
152 156 0.6089 700.0000
152 157 0.8278 700.0000
152 158 0.8873 700.0000
153 155 0.7546 700.0000
153 156 0.5932 700.0000
153 157 0.6599 700.0000
153 158 0.7659 700.0000
153 161 0.7484 700.0000
153 185 0.8196 700.0000
153 188 0.6710 700.0000
153 193 0.7587 700.0000
154 156 0.5819 700.0000
154 157 0.5448 700.0000
154 158 0.4243 700.0000
154 159 0.6462 700.0000
154 160 0.7771 700.0000
154 161 0.5385 700.0000
154 162 0.6906 700.0000
154 187 0.8764 700.0000
154 188 0.8820 700.0000
155 157 0.7253 700.0000
155 158 0.7170 700.0000
156 158 0.5583 700.0000
156 185 0.8778 700.0000
156 186 0.8056 700.0000
156 187 0.5521 700.0000
156 188 0.5880 700.0000
157 159 0.8516 700.0000
157 160 0.6301 700.0000
157 161 0.6487 700.0000
157 184 0.8764 700.0000
157 185 0.6031 700.0000
157 186 0.4839 700.0000
157 187 0.3525 700.0000
157 188 0.4941 700.0000
158 160 0.4465 700.0000
158 161 0.5133 700.0000
158 162 0.8193 700.0000
158 185 0.7562 700.0000
158 186 0.6358 700.0000
158 187 0.5430 700.0000
158 188 0.7854 700.0000
159 161 0.6277 700.0000
159 162 0.5269 700.0000
159 163 0.6002 700.0000
159 164 0.8854 700.0000
159 166 0.8650 700.0000
160 162 0.8059 700.0000
160 163 0.7312 700.0000
160 164 0.6519 700.0000
160 183 0.8916 700.0000
160 184 0.7243 700.0000
160 185 0.7289 700.0000
160 186 0.5872 700.0000
160 187 0.7188 700.0000
161 163 0.7552 700.0000
161 164 0.5586 700.0000
161 165 0.6571 700.0000
161 183 0.6005 700.0000
161 184 0.5672 700.0000
161 185 0.6327 700.0000
161 186 0.6987 700.0000
161 188 0.8838 700.0000
161 193 0.6957 700.0000
161 195 0.8300 700.0000
162 164 0.7296 700.0000
162 165 0.4876 700.0000
162 166 0.5239 700.0000
162 167 0.8928 700.0000
163 165 0.6193 700.0000
163 166 0.4443 700.0000
163 167 0.5280 700.0000
164 166 0.7824 700.0000
164 167 0.5629 700.0000
164 168 0.7934 700.0000
164 182 0.8182 700.0000
164 183 0.5130 700.0000
164 184 0.5802 700.0000
164 185 0.8872 700.0000
165 167 0.6182 700.0000
165 168 0.5798 700.0000
165 169 0.6540 700.0000
165 170 0.8952 700.0000
165 181 0.7957 700.0000
165 182 0.8535 700.0000
165 183 0.6846 700.0000
165 184 0.8988 700.0000
165 195 0.7213 700.0000
166 168 0.8542 700.0000
166 169 0.6532 700.0000
166 170 0.7506 700.0000
167 169 0.7397 700.0000
167 170 0.6479 700.0000
167 171 0.7410 700.0000
168 170 0.6725 700.0000
168 171 0.6502 700.0000
168 172 0.4576 700.0000
168 173 0.5955 700.0000
168 175 0.7875 700.0000
168 181 0.6421 700.0000
168 182 0.7393 700.0000
168 183 0.8454 700.0000
168 195 0.8818 700.0000
169 171 0.8091 700.0000
169 172 0.6743 700.0000
169 173 0.3787 700.0000
169 174 0.6087 700.0000
169 175 0.7665 700.0000
170 172 0.6679 700.0000
170 173 0.5778 700.0000
171 173 0.8241 700.0000
173 175 0.6338 700.0000
173 176 0.8908 700.0000
174 176 0.7084 700.0000
175 177 0.6859 700.0000
175 178 0.7831 700.0000
175 179 0.5221 700.0000
175 180 0.7241 700.0000
175 181 0.7168 700.0000
175 195 0.8812 700.0000
175 196 0.8156 700.0000
175 197 0.5831 700.0000
176 178 0.5679 700.0000
176 179 0.3973 700.0000
176 180 0.8463 700.0000
176 197 0.6009 700.0000
176 198 0.8143 700.0000
176 212 0.8686 700.0000
176 215 0.8734 700.0000
177 179 0.5412 700.0000
177 196 0.8548 700.0000
177 197 0.4904 700.0000
177 198 0.5309 700.0000
177 199 0.6510 700.0000
177 211 0.8830 700.0000
177 212 0.5083 700.0000
177 213 0.8739 700.0000
177 215 0.6477 700.0000
177 216 0.7692 700.0000
178 180 0.6790 700.0000
178 196 0.7184 700.0000
178 197 0.5324 700.0000
178 198 0.6391 700.0000
178 199 0.8107 700.0000
178 211 0.8100 700.0000
178 212 0.6114 700.0000
178 213 0.7434 700.0000
178 214 0.8924 700.0000
178 215 0.4318 700.0000
178 216 0.4273 700.0000
178 217 0.8129 700.0000
178 218 0.8120 700.0000
178 219 0.6419 700.0000
179 181 0.7846 700.0000
179 196 0.7922 700.0000
179 197 0.6148 700.0000
179 198 0.8777 700.0000
179 215 0.7302 700.0000
179 216 0.7251 700.0000
179 219 0.7083 700.0000
180 182 0.6813 700.0000
180 194 0.6366 700.0000
180 195 0.6822 700.0000
180 196 0.5898 700.0000
180 197 0.7140 700.0000
180 216 0.7142 700.0000
180 219 0.5507 700.0000
180 220 0.6653 700.0000
180 223 0.7510 700.0000
181 183 0.6704 700.0000
181 193 0.7617 700.0000
181 194 0.5824 700.0000
181 195 0.4232 700.0000
181 196 0.6719 700.0000
181 197 0.8367 700.0000
181 223 0.8512 700.0000
182 184 0.6805 700.0000
182 192 0.6295 700.0000
182 193 0.6095 700.0000
182 194 0.5803 700.0000
182 195 0.5904 700.0000
182 223 0.7167 700.0000
183 185 0.6527 700.0000
183 186 0.8722 700.0000
183 192 0.6012 700.0000
183 193 0.4437 700.0000
183 194 0.7405 700.0000
183 195 0.6109 700.0000
184 186 0.5780 700.0000
184 188 0.8296 700.0000
184 190 0.7773 700.0000
184 191 0.8451 700.0000
184 192 0.5487 700.0000
184 193 0.5008 700.0000
184 195 0.8591 700.0000
185 187 0.7278 700.0000
185 188 0.4555 700.0000
185 189 0.7664 700.0000
185 190 0.5046 700.0000
185 191 0.7513 700.0000
185 192 0.6597 700.0000
185 193 0.5695 700.0000
186 188 0.5018 700.0000
186 189 0.8285 700.0000
186 190 0.6958 700.0000
186 193 0.8633 700.0000
188 190 0.4637 700.0000
188 193 0.8102 700.0000
189 191 0.8248 700.0000
190 192 0.6410 700.0000
190 193 0.7050 700.0000
191 230 0.8567 700.0000
191 231 0.7508 700.0000
191 233 0.8802 700.0000
192 194 0.6834 700.0000
192 223 0.7985 700.0000
192 228 0.7778 700.0000
192 231 0.7730 700.0000
193 195 0.5231 700.0000
194 196 0.6342 700.0000
194 219 0.8971 700.0000
194 220 0.6195 700.0000
194 223 0.7041 700.0000
194 224 0.8844 700.0000
194 234 0.8629 700.0000
194 235 0.8253 700.0000
195 197 0.8093 700.0000
196 198 0.6129 700.0000
196 216 0.6501 700.0000
196 217 0.8713 700.0000
196 219 0.8571 700.0000
196 220 0.7608 700.0000
196 237 0.8838 700.0000
196 239 0.6610 700.0000
197 199 0.6975 700.0000
197 212 0.8536 700.0000
197 213 0.8878 700.0000
197 216 0.6965 700.0000
197 239 0.7865 700.0000
197 240 0.8673 700.0000
197 244 0.8750 700.0000
198 200 0.6896 700.0000
198 209 0.8504 700.0000
198 212 0.6714 700.0000
198 213 0.6591 700.0000
198 216 0.7265 700.0000
198 239 0.6051 700.0000
198 240 0.5617 700.0000
198 244 0.6110 700.0000
198 246 0.8900 700.0000
199 201 0.7451 700.0000
199 202 0.8280 700.0000
199 208 0.7987 700.0000
199 209 0.5250 700.0000
199 210 0.7948 700.0000
199 211 0.8133 700.0000
199 212 0.5322 700.0000
199 213 0.5888 700.0000
199 216 0.8877 700.0000
199 239 0.7197 700.0000
199 240 0.5251 700.0000
199 244 0.5783 700.0000
199 246 0.6427 700.0000
200 202 0.7443 700.0000
200 209 0.8989 700.0000
200 240 0.7736 700.0000
200 243 0.7647 700.0000
200 244 0.3845 700.0000
200 245 0.7807 700.0000
201 203 0.5598 700.0000
201 204 0.8542 700.0000
201 205 0.7520 700.0000
201 206 0.6228 700.0000
201 208 0.8845 700.0000
201 209 0.5730 700.0000
201 210 0.8591 700.0000
201 240 0.8502 700.0000
201 244 0.8591 700.0000
201 245 0.6413 700.0000
201 246 0.4921 700.0000
201 247 0.5931 700.0000
201 250 0.8707 700.0000
202 204 0.4606 700.0000
202 205 0.5031 700.0000
202 206 0.7668 700.0000
202 208 0.7928 700.0000
202 209 0.6058 700.0000
203 205 0.7618 700.0000
203 206 0.5112 700.0000
204 206 0.7680 700.0000
204 209 0.8800 700.0000
205 207 0.6046 700.0000
205 208 0.4494 700.0000
205 209 0.5076 700.0000
205 210 0.8221 700.0000
205 212 0.8422 700.0000
206 208 0.7282 700.0000
206 209 0.6585 700.0000
206 210 0.7350 700.0000
206 250 0.8761 700.0000
207 209 0.7267 700.0000
207 210 0.6262 700.0000
207 211 0.7685 700.0000
208 210 0.5063 700.0000
208 211 0.4834 700.0000
208 212 0.4883 700.0000
208 213 0.8609 700.0000
208 214 0.8702 700.0000
208 215 0.8592 700.0000
209 211 0.6076 700.0000
209 212 0.5003 700.0000
209 213 0.7157 700.0000
209 246 0.6873 700.0000
210 212 0.6577 700.0000
210 213 0.5613 700.0000
210 214 0.5556 700.0000
210 215 0.8863 700.0000
210 246 0.7585 700.0000
210 250 0.7173 700.0000
210 251 0.8530 700.0000
210 254 0.6375 700.0000
211 213 0.5582 700.0000
211 214 0.4120 700.0000
211 215 0.4991 700.0000
211 216 0.8214 700.0000
211 254 0.8522 700.0000
212 214 0.7589 700.0000
212 215 0.5106 700.0000
212 216 0.7999 700.0000
213 215 0.7101 700.0000
213 216 0.5532 700.0000
213 217 0.6148 700.0000
213 239 0.6171 700.0000
213 240 0.7277 700.0000
213 246 0.7364 700.0000
213 251 0.6830 700.0000
213 254 0.6110 700.0000
213 255 0.6760 700.0000
213 258 0.8162 700.0000
214 216 0.7016 700.0000
214 217 0.6619 700.0000
214 218 0.7241 700.0000
214 254 0.5992 700.0000
214 255 0.7889 700.0000
214 257 0.8695 700.0000
214 258 0.5438 700.0000
215 217 0.8338 700.0000
215 218 0.7156 700.0000
215 219 0.7623 700.0000
216 218 0.5432 700.0000
216 219 0.4778 700.0000
216 220 0.5829 700.0000
216 221 0.8373 700.0000
216 239 0.7654 700.0000
216 255 0.8964 700.0000
216 258 0.8872 700.0000
217 219 0.6113 700.0000
217 220 0.5100 700.0000
217 221 0.6088 700.0000
217 222 0.8944 700.0000
217 236 0.7912 700.0000
217 239 0.7914 700.0000
217 254 0.8337 700.0000
217 255 0.6052 700.0000
217 258 0.5880 700.0000
217 259 0.6832 700.0000
217 262 0.8671 700.0000
218 220 0.6092 700.0000
218 221 0.5201 700.0000
218 222 0.5429 700.0000
218 258 0.6994 700.0000
218 259 0.8421 700.0000
218 262 0.6762 700.0000
219 221 0.6182 700.0000
219 222 0.5116 700.0000
219 223 0.7696 700.0000
219 224 0.8964 700.0000
220 222 0.6674 700.0000
220 223 0.6768 700.0000
220 224 0.6563 700.0000
220 234 0.8165 700.0000
220 236 0.7870 700.0000
221 223 0.8096 700.0000
221 224 0.5577 700.0000
221 225 0.5873 700.0000
221 226 0.7939 700.0000
221 234 0.8643 700.0000
221 258 0.8601 700.0000
221 259 0.7006 700.0000
221 262 0.6753 700.0000
221 263 0.7904 700.0000
221 272 0.8652 700.0000
221 275 0.8729 700.0000
222 224 0.6758 700.0000
222 225 0.5714 700.0000
222 226 0.5083 700.0000
222 227 0.6694 700.0000
222 262 0.8579 700.0000
223 225 0.7658 700.0000
223 226 0.8450 700.0000
223 227 0.4448 700.0000
223 228 0.5045 700.0000
223 229 0.8668 700.0000
223 231 0.7422 700.0000
224 226 0.7207 700.0000
224 227 0.7420 700.0000
224 228 0.5783 700.0000
224 229 0.7220 700.0000
224 231 0.5025 700.0000
224 233 0.8672 700.0000
224 234 0.7259 700.0000
224 270 0.7983 700.0000
224 271 0.8959 700.0000
224 272 0.6265 700.0000
225 227 0.7849 700.0000
225 228 0.7957 700.0000
225 229 0.7176 700.0000
225 231 0.8076 700.0000
225 263 0.8910 700.0000
225 268 0.6524 700.0000
225 269 0.8616 700.0000
225 270 0.5396 700.0000
225 271 0.8355 700.0000
225 272 0.6304 700.0000
226 229 0.8272 700.0000
226 266 0.8806 700.0000
226 268 0.7747 700.0000
226 269 0.8298 700.0000
226 270 0.7467 700.0000
227 229 0.8382 700.0000
228 230 0.5118 700.0000
228 231 0.4924 700.0000
228 271 0.8954 700.0000
229 231 0.6022 700.0000
229 232 0.8284 700.0000
229 269 0.8795 700.0000
229 270 0.6343 700.0000
229 271 0.5427 700.0000
229 272 0.8346 700.0000
230 232 0.7523 700.0000
230 271 0.7056 700.0000
231 233 0.5895 700.0000
231 234 0.7311 700.0000
231 270 0.8651 700.0000
231 271 0.7002 700.0000
231 272 0.6424 700.0000
232 270 0.8611 700.0000
232 271 0.5299 700.0000
232 272 0.5991 700.0000
232 273 0.5151 700.0000
232 274 0.7095 700.0000
233 235 0.7343 700.0000
233 272 0.6835 700.0000
233 273 0.6984 700.0000
233 274 0.4927 700.0000
233 275 0.7515 700.0000
233 276 0.6760 700.0000
234 236 0.6012 700.0000
234 272 0.7637 700.0000
234 274 0.6870 700.0000
234 275 0.5131 700.0000
234 276 0.5497 700.0000
234 277 0.8589 700.0000
235 237 0.6556 700.0000
235 275 0.7160 700.0000
235 276 0.5355 700.0000
235 277 0.7105 700.0000
235 278 0.6166 700.0000
236 238 0.7364 700.0000
236 239 0.7850 700.0000
236 255 0.7580 700.0000
236 275 0.6929 700.0000
236 276 0.6997 700.0000
236 277 0.5194 700.0000
236 278 0.6181 700.0000
236 288 0.8635 700.0000
237 239 0.5409 700.0000
237 240 0.8705 700.0000
237 241 0.8705 700.0000
237 255 0.8330 700.0000
237 277 0.6932 700.0000
237 278 0.5828 700.0000
237 279 0.7640 700.0000
237 288 0.8315 700.0000
238 240 0.6154 700.0000
238 241 0.4978 700.0000
238 242 0.7705 700.0000
238 246 0.8453 700.0000
238 248 0.7165 700.0000
238 251 0.5801 700.0000
238 252 0.7027 700.0000
238 255 0.7622 700.0000
238 277 0.8440 700.0000
238 278 0.8060 700.0000
238 279 0.7932 700.0000
238 284 0.6753 700.0000
238 288 0.7141 700.0000
239 241 0.6651 700.0000
239 242 0.8471 700.0000
239 244 0.8166 700.0000
239 246 0.7800 700.0000
239 251 0.6699 700.0000
239 255 0.7619 700.0000
240 242 0.5449 700.0000
240 243 0.7295 700.0000
240 244 0.4663 700.0000
240 245 0.7720 700.0000
240 246 0.5093 700.0000
240 247 0.8188 700.0000
240 251 0.6844 700.0000
241 243 0.7470 700.0000
241 244 0.7452 700.0000
241 245 0.7103 700.0000
241 246 0.5800 700.0000
241 247 0.6729 700.0000
241 248 0.5609 700.0000
241 251 0.6367 700.0000
241 252 0.8905 700.0000
241 284 0.7981 700.0000
242 244 0.5842 700.0000
242 245 0.5544 700.0000
242 246 0.7771 700.0000
242 247 0.8828 700.0000
242 248 0.8638 700.0000
243 245 0.6437 700.0000
244 246 0.7788 700.0000
245 247 0.7437 700.0000
246 248 0.7089 700.0000
246 250 0.5965 700.0000
246 251 0.5116 700.0000
246 252 0.8888 700.0000
246 254 0.8593 700.0000
247 249 0.6400 700.0000
247 250 0.5032 700.0000
247 251 0.6103 700.0000
247 252 0.8637 700.0000
248 250 0.6993 700.0000
248 251 0.5396 700.0000
248 252 0.5759 700.0000
248 283 0.7674 700.0000
248 284 0.6186 700.0000
248 286 0.8827 700.0000
248 287 0.6243 700.0000
248 288 0.7989 700.0000
249 251 0.6793 700.0000
249 252 0.5686 700.0000
249 253 0.6912 700.0000
249 284 0.8931 700.0000
249 286 0.8793 700.0000
249 287 0.5837 700.0000
249 288 0.8793 700.0000
249 290 0.8209 700.0000
249 291 0.8090 700.0000
250 252 0.6427 700.0000
250 253 0.5544 700.0000
250 254 0.5711 700.0000
250 255 0.8856 700.0000
251 253 0.7249 700.0000
251 254 0.5392 700.0000
251 255 0.5686 700.0000
251 256 0.8881 700.0000
251 287 0.8617 700.0000
251 288 0.7782 700.0000
252 254 0.6110 700.0000
252 255 0.5406 700.0000
252 256 0.6477 700.0000
252 277 0.8677 700.0000
252 284 0.7799 700.0000
252 286 0.8835 700.0000
252 287 0.5437 700.0000
252 288 0.4659 700.0000
252 290 0.7813 700.0000
252 291 0.5937 700.0000
252 292 0.8294 700.0000
253 255 0.7470 700.0000
253 256 0.6467 700.0000
253 257 0.6482 700.0000
253 290 0.8517 700.0000
253 291 0.5806 700.0000
253 292 0.8712 700.0000
253 294 0.7289 700.0000
253 295 0.6947 700.0000
254 256 0.6377 700.0000
254 257 0.6348 700.0000
254 258 0.5959 700.0000
254 259 0.8872 700.0000
255 257 0.7598 700.0000
255 258 0.5763 700.0000
255 259 0.6353 700.0000
255 277 0.8004 700.0000
255 288 0.7308 700.0000
255 291 0.8875 700.0000
256 258 0.6139 700.0000
256 259 0.5203 700.0000
256 260 0.6942 700.0000
256 277 0.8179 700.0000
256 288 0.7392 700.0000
256 291 0.6053 700.0000
256 292 0.6032 700.0000
256 295 0.5994 700.0000
256 296 0.7357 700.0000
257 259 0.6745 700.0000
257 260 0.4474 700.0000
257 261 0.5813 700.0000
257 262 0.8720 700.0000
257 291 0.8878 700.0000
257 295 0.5851 700.0000
257 296 0.8637 700.0000
258 260 0.6915 700.0000
258 261 0.5518 700.0000
258 262 0.5930 700.0000
258 263 0.8806 700.0000
259 261 0.6620 700.0000
259 262 0.5698 700.0000
259 263 0.6207 700.0000
259 275 0.7403 700.0000
260 262 0.7149 700.0000
260 263 0.7125 700.0000
260 264 0.5330 700.0000
260 295 0.6574 700.0000
260 296 0.7115 700.0000
261 263 0.6371 700.0000
261 264 0.4775 700.0000
261 265 0.8925 700.0000
262 264 0.6351 700.0000
262 265 0.8520 700.0000
262 266 0.6854 700.0000
263 265 0.7341 700.0000
263 266 0.6435 700.0000
263 268 0.6929 700.0000
264 266 0.7273 700.0000
265 267 0.6229 700.0000
265 268 0.8306 700.0000
266 268 0.6185 700.0000
267 269 0.6843 700.0000
268 270 0.4930 700.0000
268 272 0.7678 700.0000
269 271 0.8105 700.0000
270 272 0.5232 700.0000
270 273 0.8241 700.0000
271 273 0.6628 700.0000
272 274 0.6750 700.0000
272 275 0.7422 700.0000
273 275 0.8953 700.0000
274 276 0.5661 700.0000
275 277 0.6568 700.0000
276 278 0.6604 700.0000
277 279 0.7973 700.0000
277 285 0.8179 700.0000
277 288 0.5090 700.0000
277 292 0.8670 700.0000
278 280 0.7774 700.0000
278 284 0.8298 700.0000
278 285 0.7758 700.0000
278 288 0.7680 700.0000
279 281 0.5194 700.0000
279 282 0.7545 700.0000
279 283 0.8103 700.0000
279 284 0.5408 700.0000
279 285 0.5553 700.0000
279 288 0.7917 700.0000
280 282 0.7338 700.0000
280 283 0.8956 700.0000
280 284 0.7944 700.0000
280 285 0.8408 700.0000
281 283 0.5271 700.0000
281 284 0.5065 700.0000
281 285 0.7284 700.0000
282 284 0.6740 700.0000
282 285 0.5624 700.0000
282 286 0.6938 700.0000
283 285 0.5886 700.0000
283 286 0.5650 700.0000
283 287 0.6841 700.0000
284 286 0.5797 700.0000
284 287 0.5454 700.0000
284 288 0.5837 700.0000
285 287 0.5756 700.0000
285 288 0.5741 700.0000
285 289 0.6616 700.0000
285 290 0.8848 700.0000
286 288 0.6495 700.0000
286 289 0.5146 700.0000
286 290 0.5996 700.0000
286 291 0.8326 700.0000
287 289 0.6407 700.0000
287 290 0.4974 700.0000
287 291 0.6036 700.0000
287 292 0.8080 700.0000
288 290 0.7181 700.0000
288 291 0.6386 700.0000
288 292 0.6947 700.0000
289 291 0.6820 700.0000
289 292 0.6046 700.0000
289 293 0.5060 700.0000
290 292 0.5190 700.0000
290 293 0.4743 700.0000
290 294 0.6665 700.0000
290 295 0.8232 700.0000
291 293 0.6052 700.0000
291 294 0.5648 700.0000
291 295 0.5489 700.0000
291 296 0.7496 700.0000
292 294 0.7192 700.0000
292 295 0.5449 700.0000
292 296 0.5022 700.0000
293 295 0.7818 700.0000
293 296 0.7170 700.0000
294 296 0.7846 700.0000
311 313 0.7090 700.0000
311 318 0.7444 700.0000
311 319 0.6067 700.0000
311 320 0.5653 700.0000
311 321 0.7074 700.0000
311 483 0.6490 700.0000
311 487 0.8846 700.0000
312 314 0.6268 700.0000
312 317 0.7590 700.0000
312 318 0.6738 700.0000
312 319 0.4396 700.0000
312 320 0.7650 700.0000
312 321 0.8959 700.0000
312 447 0.8267 700.0000
312 451 0.8395 700.0000
312 483 0.5502 700.0000
312 484 0.8690 700.0000
312 486 0.8761 700.0000
312 487 0.6240 700.0000
312 490 0.8488 700.0000
312 492 0.6888 700.0000
313 315 0.6655 700.0000
313 316 0.7932 700.0000
313 317 0.6075 700.0000
313 318 0.5525 700.0000
313 319 0.7159 700.0000
313 492 0.6838 700.0000
313 493 0.8652 700.0000
314 316 0.7073 700.0000
314 317 0.4686 700.0000
314 318 0.7173 700.0000
314 319 0.7807 700.0000
314 450 0.8355 700.0000
314 451 0.6644 700.0000
314 454 0.5598 700.0000
314 455 0.7640 700.0000
314 458 0.8524 700.0000
314 490 0.7943 700.0000
314 492 0.7922 700.0000
315 317 0.6204 700.0000
315 454 0.5731 700.0000
315 455 0.7513 700.0000
315 458 0.5338 700.0000
316 318 0.7831 700.0000
316 454 0.7878 700.0000
316 458 0.5910 700.0000
316 459 0.7553 700.0000
316 460 0.6894 700.0000
316 461 0.5217 700.0000
316 462 0.7536 700.0000
317 319 0.6327 700.0000
317 450 0.7041 700.0000
317 451 0.8005 700.0000
317 453 0.7550 700.0000
317 454 0.5746 700.0000
317 458 0.8692 700.0000
317 460 0.8079 700.0000
317 461 0.7532 700.0000
317 462 0.5095 700.0000
317 463 0.6575 700.0000
317 464 0.6631 700.0000
318 320 0.5948 700.0000
318 461 0.8122 700.0000
318 462 0.6273 700.0000
318 463 0.4603 700.0000
318 464 0.5811 700.0000
318 465 0.8276 700.0000
319 321 0.7035 700.0000
319 447 0.7217 700.0000
319 450 0.7162 700.0000
319 451 0.8543 700.0000
319 462 0.8884 700.0000
319 463 0.7363 700.0000
319 464 0.4845 700.0000
319 465 0.7416 700.0000
319 466 0.6666 700.0000
319 483 0.6875 700.0000
320 322 0.6499 700.0000
320 463 0.6764 700.0000
320 464 0.5915 700.0000
320 465 0.4711 700.0000
320 466 0.7121 700.0000
321 323 0.7648 700.0000
321 465 0.7574 700.0000
321 466 0.5632 700.0000
321 467 0.7459 700.0000
321 468 0.7170 700.0000
321 476 0.6358 700.0000
321 479 0.6743 700.0000
321 480 0.6490 700.0000
321 483 0.6599 700.0000
322 324 0.5896 700.0000
322 329 0.8147 700.0000
322 465 0.6368 700.0000
322 466 0.7151 700.0000
322 467 0.4953 700.0000
322 468 0.5795 700.0000
322 476 0.7583 700.0000
323 325 0.8758 700.0000
323 467 0.7646 700.0000
323 468 0.5438 700.0000
323 469 0.7599 700.0000
323 470 0.5077 700.0000
323 471 0.8617 700.0000
323 472 0.8410 700.0000
323 473 0.8118 700.0000
323 476 0.5613 700.0000
324 326 0.6744 700.0000
324 327 0.8108 700.0000
324 328 0.7307 700.0000
324 329 0.7427 700.0000
324 467 0.5237 700.0000
324 468 0.5426 700.0000
324 469 0.5315 700.0000
324 470 0.5156 700.0000
324 471 0.8963 700.0000
324 472 0.8859 700.0000
325 327 0.5150 700.0000
325 328 0.4375 700.0000
325 329 0.7525 700.0000
325 351 0.8186 700.0000
325 467 0.7744 700.0000
325 468 0.8632 700.0000
325 469 0.5778 700.0000
325 470 0.6814 700.0000
326 328 0.6951 700.0000
326 329 0.5304 700.0000
326 334 0.6274 700.0000
326 335 0.7265 700.0000
326 336 0.8484 700.0000
326 348 0.6887 700.0000
326 351 0.7633 700.0000
326 352 0.6960 700.0000
326 426 0.6465 700.0000
326 427 0.8578 700.0000
326 428 0.6241 700.0000
326 467 0.5490 700.0000
326 468 0.8792 700.0000
326 469 0.8893 700.0000
327 329 0.6819 700.0000
327 334 0.8429 700.0000
327 348 0.7760 700.0000
327 351 0.5125 700.0000
327 352 0.5694 700.0000
327 354 0.8283 700.0000
327 355 0.6007 700.0000
327 386 0.7448 700.0000
328 351 0.8640 700.0000
328 355 0.7664 700.0000
328 387 0.8462 700.0000
329 331 0.6698 700.0000
329 334 0.7352 700.0000
329 386 0.8876 700.0000
329 387 0.7431 700.0000
329 426 0.6280 700.0000
329 465 0.6929 700.0000
329 467 0.7000 700.0000
330 332 0.7950 700.0000
330 334 0.8693 700.0000
330 386 0.8989 700.0000
330 387 0.5566 700.0000
330 388 0.7511 700.0000
330 424 0.7965 700.0000
330 426 0.8172 700.0000
330 465 0.8305 700.0000
331 333 0.5115 700.0000
331 334 0.6263 700.0000
331 386 0.8722 700.0000
331 387 0.7313 700.0000
331 388 0.5373 700.0000
331 389 0.6980 700.0000
331 422 0.8890 700.0000
331 423 0.8124 700.0000
331 424 0.4745 700.0000
331 425 0.6743 700.0000
331 426 0.6251 700.0000
331 463 0.8600 700.0000
331 465 0.7905 700.0000
332 334 0.8260 700.0000
332 388 0.6381 700.0000
332 389 0.4498 700.0000
332 390 0.6735 700.0000
332 417 0.8485 700.0000
332 420 0.8977 700.0000
332 422 0.5343 700.0000
332 423 0.5647 700.0000
332 424 0.4034 700.0000
332 425 0.7159 700.0000
332 426 0.8771 700.0000
332 463 0.8933 700.0000
333 335 0.6558 700.0000
333 388 0.6106 700.0000
333 389 0.6888 700.0000
333 390 0.6256 700.0000
333 391 0.6705 700.0000
333 392 0.5503 700.0000
333 413 0.8503 700.0000
333 417 0.7604 700.0000
333 422 0.6852 700.0000
333 423 0.8696 700.0000
333 424 0.5557 700.0000
333 425 0.4598 700.0000
333 426 0.5645 700.0000
333 427 0.8084 700.0000
334 336 0.7201 700.0000
334 352 0.7623 700.0000
334 383 0.7751 700.0000
334 386 0.7004 700.0000
334 388 0.5616 700.0000
334 390 0.8509 700.0000
334 391 0.5293 700.0000
334 392 0.6990 700.0000
334 393 0.8826 700.0000
334 424 0.8883 700.0000
334 425 0.7062 700.0000
334 426 0.5007 700.0000
334 427 0.7745 700.0000
334 428 0.8576 700.0000
335 337 0.7238 700.0000
335 348 0.8474 700.0000
335 352 0.8731 700.0000
335 391 0.6758 700.0000
335 392 0.6002 700.0000
335 393 0.7130 700.0000
335 394 0.6979 700.0000
335 413 0.7641 700.0000
335 425 0.7138 700.0000
335 426 0.5653 700.0000
335 427 0.4979 700.0000
335 428 0.5679 700.0000
335 430 0.7757 700.0000
336 338 0.5503 700.0000
336 343 0.8212 700.0000
336 348 0.5859 700.0000
336 349 0.5785 700.0000
336 352 0.6115 700.0000
336 391 0.6613 700.0000
336 392 0.8273 700.0000
336 393 0.4679 700.0000
336 394 0.5830 700.0000
336 395 0.8864 700.0000
336 428 0.7774 700.0000
336 430 0.8900 700.0000
337 339 0.8058 700.0000
337 343 0.8659 700.0000
337 345 0.8081 700.0000
337 346 0.7039 700.0000
337 347 0.7788 700.0000
337 348 0.5405 700.0000
337 349 0.6076 700.0000
337 352 0.8830 700.0000
337 393 0.7418 700.0000
337 394 0.5203 700.0000
337 395 0.7872 700.0000
337 396 0.6450 700.0000
337 428 0.7483 700.0000
337 429 0.8791 700.0000
337 430 0.6762 700.0000
337 431 0.8228 700.0000
337 434 0.8760 700.0000
337 435 0.8658 700.0000
338 340 0.5970 700.0000
338 342 0.7632 700.0000
338 343 0.5897 700.0000
338 344 0.8632 700.0000
338 345 0.6922 700.0000
338 346 0.7949 700.0000
338 348 0.8295 700.0000
338 349 0.6797 700.0000
338 364 0.8436 700.0000
338 379 0.8957 700.0000
338 393 0.6173 700.0000
338 394 0.5297 700.0000
338 395 0.5464 700.0000
338 396 0.6371 700.0000
339 341 0.5107 700.0000
339 342 0.5010 700.0000
339 343 0.6686 700.0000
339 344 0.8058 700.0000
339 345 0.5626 700.0000
339 346 0.8726 700.0000
339 395 0.7229 700.0000
339 396 0.7328 700.0000
339 397 0.8216 700.0000
340 342 0.7002 700.0000
340 343 0.7805 700.0000
340 364 0.8635 700.0000
340 368 0.7852 700.0000
340 372 0.8789 700.0000
340 394 0.8944 700.0000
340 395 0.5465 700.0000
340 396 0.8078 700.0000
340 397 0.6315 700.0000
341 343 0.8906 700.0000
341 368 0.8985 700.0000
341 397 0.8812 700.0000
342 344 0.4413 700.0000
342 345 0.4869 700.0000
342 346 0.8531 700.0000
342 349 0.8926 700.0000
342 361 0.8672 700.0000
343 345 0.6393 700.0000
343 346 0.8311 700.0000
343 349 0.6194 700.0000
343 350 0.8287 700.0000
343 353 0.6989 700.0000
343 360 0.7493 700.0000
343 361 0.5767 700.0000
343 364 0.6515 700.0000
343 365 0.8395 700.0000
343 393 0.8112 700.0000
344 346 0.6211 700.0000
344 349 0.6200 700.0000
344 350 0.5387 700.0000
344 353 0.7266 700.0000
344 361 0.8197 700.0000
345 347 0.7452 700.0000
345 348 0.8754 700.0000
345 349 0.6483 700.0000
345 350 0.6584 700.0000
345 434 0.7653 700.0000
346 348 0.5552 700.0000
346 349 0.4709 700.0000
346 350 0.4520 700.0000
346 351 0.8057 700.0000
346 434 0.6776 700.0000
347 349 0.5608 700.0000
347 350 0.5265 700.0000
347 351 0.6588 700.0000
347 352 0.8908 700.0000
347 433 0.8364 700.0000
347 434 0.7669 700.0000
348 350 0.6665 700.0000
348 351 0.5493 700.0000
348 352 0.5862 700.0000
348 428 0.7146 700.0000
348 429 0.8692 700.0000
349 351 0.5471 700.0000
349 352 0.4981 700.0000
349 353 0.5966 700.0000
349 354 0.8789 700.0000
350 352 0.7700 700.0000
350 353 0.6618 700.0000
350 354 0.7163 700.0000
351 353 0.6497 700.0000
351 354 0.5248 700.0000
351 355 0.6253 700.0000
351 356 0.8791 700.0000
352 354 0.7242 700.0000
352 355 0.6470 700.0000
352 356 0.6290 700.0000
352 357 0.7924 700.0000
352 360 0.7647 700.0000
352 386 0.7259 700.0000
352 391 0.7873 700.0000
353 355 0.7166 700.0000
353 356 0.5608 700.0000
353 357 0.4715 700.0000
353 358 0.6573 700.0000
353 360 0.5887 700.0000
353 361 0.6962 700.0000
354 356 0.7273 700.0000
354 357 0.7245 700.0000
355 357 0.7006 700.0000
355 385 0.6325 700.0000
355 386 0.6616 700.0000
356 358 0.7073 700.0000
356 359 0.6988 700.0000
356 360 0.5917 700.0000
356 383 0.6314 700.0000
356 384 0.5310 700.0000
356 385 0.4417 700.0000
356 386 0.5521 700.0000
356 391 0.8994 700.0000
357 359 0.5195 700.0000
357 360 0.5334 700.0000
357 361 0.7535 700.0000
357 362 0.8828 700.0000
357 383 0.8663 700.0000
357 384 0.6521 700.0000
357 385 0.6572 700.0000
357 386 0.8703 700.0000
358 360 0.6424 700.0000
358 361 0.5699 700.0000
358 362 0.6579 700.0000
358 384 0.8790 700.0000
359 361 0.8114 700.0000
359 362 0.6338 700.0000
359 363 0.7718 700.0000
359 384 0.5766 700.0000
359 385 0.8303 700.0000
360 362 0.6361 700.0000
360 363 0.6177 700.0000
360 364 0.6403 700.0000
360 365 0.8690 700.0000
360 381 0.6329 700.0000
360 382 0.8230 700.0000
360 383 0.7548 700.0000
360 384 0.6249 700.0000
360 391 0.7178 700.0000
360 393 0.7788 700.0000
361 363 0.8393 700.0000
361 364 0.6366 700.0000
361 365 0.5926 700.0000
362 364 0.7065 700.0000
362 365 0.5406 700.0000
362 366 0.6604 700.0000
362 367 0.8875 700.0000
363 365 0.7504 700.0000
363 366 0.6046 700.0000
363 367 0.5981 700.0000
363 380 0.7899 700.0000
363 381 0.5271 700.0000
363 382 0.5925 700.0000
363 384 0.7630 700.0000
364 366 0.6666 700.0000
364 367 0.5925 700.0000
364 368 0.5748 700.0000
364 379 0.6161 700.0000
364 380 0.8243 700.0000
364 381 0.7200 700.0000
364 393 0.6123 700.0000
365 367 0.6662 700.0000
365 368 0.5561 700.0000
365 369 0.6997 700.0000
366 368 0.6364 700.0000
366 369 0.5042 700.0000
366 370 0.5353 700.0000
366 371 0.8072 700.0000
367 369 0.5861 700.0000
367 370 0.5305 700.0000
367 371 0.5125 700.0000
367 372 0.8439 700.0000
367 379 0.6512 700.0000
367 380 0.7174 700.0000
367 381 0.7825 700.0000
368 370 0.7946 700.0000
368 371 0.7487 700.0000
368 372 0.4764 700.0000
368 376 0.8816 700.0000
368 379 0.7276 700.0000
369 371 0.6780 700.0000
369 372 0.6843 700.0000
371 373 0.7296 700.0000
371 376 0.7602 700.0000
371 379 0.7525 700.0000
371 380 0.8572 700.0000
372 374 0.7143 700.0000
372 375 0.7750 700.0000
372 376 0.5813 700.0000
372 379 0.8081 700.0000
372 395 0.8790 700.0000
373 375 0.5230 700.0000
373 376 0.5297 700.0000
374 397 0.7806 700.0000
374 399 0.7053 700.0000
375 377 0.6538 700.0000
375 397 0.8356 700.0000
376 378 0.5353 700.0000
376 379 0.6190 700.0000
376 395 0.7094 700.0000
376 397 0.8981 700.0000
376 412 0.7508 700.0000
377 379 0.7925 700.0000
377 394 0.6184 700.0000
377 395 0.4851 700.0000
377 396 0.7962 700.0000
377 397 0.6684 700.0000
377 405 0.6485 700.0000
377 408 0.7245 700.0000
377 409 0.5404 700.0000
377 412 0.6015 700.0000
377 413 0.8870 700.0000
378 380 0.6780 700.0000
378 392 0.6303 700.0000
378 393 0.6605 700.0000
378 394 0.5911 700.0000
378 395 0.6272 700.0000
378 409 0.6610 700.0000
378 412 0.4920 700.0000
378 413 0.6381 700.0000
378 416 0.7018 700.0000
379 381 0.7096 700.0000
379 391 0.8389 700.0000
379 392 0.7455 700.0000
379 393 0.4824 700.0000
379 394 0.7545 700.0000
379 395 0.6703 700.0000
380 382 0.7834 700.0000
380 390 0.6732 700.0000
380 391 0.6184 700.0000
380 392 0.5556 700.0000
380 393 0.6275 700.0000
380 416 0.8066 700.0000
380 420 0.8850 700.0000
381 383 0.6474 700.0000
381 384 0.7189 700.0000
381 390 0.6430 700.0000
381 391 0.4184 700.0000
381 392 0.7374 700.0000
381 393 0.6206 700.0000
382 384 0.5031 700.0000
382 388 0.8444 700.0000
382 389 0.8217 700.0000
382 390 0.6226 700.0000
382 391 0.7346 700.0000
383 385 0.6387 700.0000
383 386 0.4540 700.0000
383 387 0.8366 700.0000
383 388 0.4444 700.0000
383 389 0.7346 700.0000
383 390 0.6932 700.0000
383 391 0.5685 700.0000
384 386 0.6627 700.0000
384 388 0.7962 700.0000
384 391 0.7974 700.0000
385 387 0.7812 700.0000
385 388 0.8715 700.0000
386 388 0.4698 700.0000
386 391 0.7844 700.0000
388 390 0.6422 700.0000
388 391 0.6678 700.0000
389 420 0.8776 700.0000
389 422 0.7934 700.0000
389 424 0.8509 700.0000
390 392 0.6744 700.0000
390 420 0.6657 700.0000
390 422 0.8047 700.0000
391 393 0.5286 700.0000
392 394 0.8218 700.0000
392 412 0.8249 700.0000
392 413 0.5398 700.0000
392 416 0.6409 700.0000
392 417 0.7674 700.0000
392 420 0.8295 700.0000
392 425 0.7846 700.0000
392 427 0.8959 700.0000
393 395 0.7104 700.0000
394 396 0.5787 700.0000
394 405 0.8318 700.0000
394 406 0.8618 700.0000
394 409 0.6428 700.0000
394 412 0.8888 700.0000
394 413 0.8213 700.0000
394 430 0.7645 700.0000
395 397 0.5464 700.0000
395 405 0.8207 700.0000
395 409 0.8446 700.0000
396 398 0.8724 700.0000
396 402 0.6655 700.0000
396 405 0.5829 700.0000
396 406 0.7659 700.0000
396 409 0.8880 700.0000
396 430 0.8022 700.0000
396 431 0.7249 700.0000
396 434 0.8785 700.0000
396 435 0.5510 700.0000
397 399 0.5905 700.0000
397 400 0.6353 700.0000
397 405 0.7148 700.0000
398 400 0.6405 700.0000
398 401 0.8366 700.0000
398 402 0.8439 700.0000
399 401 0.8643 700.0000
400 402 0.8502 700.0000
400 404 0.6570 700.0000
400 405 0.6281 700.0000
401 403 0.5401 700.0000
401 404 0.4269 700.0000
401 405 0.6200 700.0000
402 404 0.7837 700.0000
402 405 0.6289 700.0000
402 406 0.7889 700.0000
402 431 0.7299 700.0000
402 435 0.5249 700.0000
402 436 0.7613 700.0000
402 437 0.6198 700.0000
403 405 0.5946 700.0000
403 406 0.5630 700.0000
403 407 0.7264 700.0000
403 408 0.8878 700.0000
403 431 0.8606 700.0000
403 437 0.6694 700.0000
403 441 0.7625 700.0000
403 442 0.8176 700.0000
403 445 0.7275 700.0000
404 406 0.7648 700.0000
404 407 0.6429 700.0000
404 408 0.6190 700.0000
405 407 0.7513 700.0000
405 408 0.5993 700.0000
405 409 0.6448 700.0000
406 408 0.7193 700.0000
406 409 0.5801 700.0000
406 410 0.6496 700.0000
406 430 0.6076 700.0000
406 431 0.7036 700.0000
406 437 0.7996 700.0000
406 442 0.6957 700.0000
406 445 0.5934 700.0000
406 446 0.6586 700.0000
406 449 0.8770 700.0000
407 409 0.6995 700.0000
407 410 0.7125 700.0000
407 411 0.6699 700.0000
407 445 0.5701 700.0000
407 446 0.8040 700.0000
407 448 0.8084 700.0000
407 449 0.5411 700.0000
408 410 0.8294 700.0000
408 411 0.6011 700.0000
408 412 0.7522 700.0000
408 449 0.8600 700.0000
409 411 0.6397 700.0000
409 412 0.5008 700.0000
409 413 0.5514 700.0000
409 414 0.8337 700.0000
409 430 0.8726 700.0000
409 449 0.8893 700.0000
410 412 0.7695 700.0000
410 413 0.5237 700.0000
410 414 0.5657 700.0000
410 427 0.6612 700.0000
410 430 0.8026 700.0000
410 445 0.8152 700.0000
410 446 0.5786 700.0000
410 449 0.5932 700.0000
410 450 0.7235 700.0000
411 413 0.7224 700.0000
411 414 0.6133 700.0000
411 415 0.5068 700.0000
411 449 0.6068 700.0000
411 452 0.8669 700.0000
411 453 0.7792 700.0000
412 414 0.7502 700.0000
412 415 0.5784 700.0000
412 416 0.5446 700.0000
413 415 0.6836 700.0000
413 416 0.5502 700.0000
413 417 0.6626 700.0000
413 425 0.7692 700.0000
413 427 0.7695 700.0000
414 416 0.7181 700.0000
414 417 0.5415 700.0000
414 418 0.7523 700.0000
414 425 0.7640 700.0000
414 427 0.8936 700.0000
414 449 0.7978 700.0000
414 450 0.7229 700.0000
414 453 0.5330 700.0000
414 457 0.8650 700.0000
414 462 0.7902 700.0000
414 464 0.8747 700.0000
415 417 0.7182 700.0000
415 418 0.6437 700.0000
415 419 0.6805 700.0000
415 453 0.7494 700.0000
415 457 0.8531 700.0000
416 418 0.7231 700.0000
416 419 0.4909 700.0000
416 420 0.5961 700.0000
416 422 0.8657 700.0000
417 419 0.6725 700.0000
417 420 0.5770 700.0000
417 421 0.7085 700.0000
417 422 0.4037 700.0000
417 423 0.7671 700.0000
417 424 0.7796 700.0000
417 425 0.7100 700.0000
417 453 0.8809 700.0000
417 460 0.7598 700.0000
417 462 0.7231 700.0000
418 420 0.7144 700.0000
418 421 0.6248 700.0000
418 422 0.6996 700.0000
418 453 0.8374 700.0000
418 457 0.7396 700.0000
418 460 0.5933 700.0000
419 421 0.7616 700.0000
419 422 0.8802 700.0000
420 422 0.5619 700.0000
421 423 0.7621 700.0000
421 460 0.7955 700.0000
422 424 0.5612 700.0000
422 425 0.7420 700.0000
422 460 0.7910 700.0000
422 462 0.7187 700.0000
422 463 0.8993 700.0000
423 425 0.7918 700.0000
423 460 0.7644 700.0000
423 461 0.5812 700.0000
423 462 0.5526 700.0000
423 463 0.6043 700.0000
424 426 0.7004 700.0000
424 461 0.8985 700.0000
424 462 0.6260 700.0000
424 463 0.4948 700.0000
424 464 0.7342 700.0000
424 465 0.7474 700.0000
425 427 0.5400 700.0000
425 462 0.6924 700.0000
425 463 0.6275 700.0000
425 464 0.5237 700.0000
425 465 0.6189 700.0000
425 466 0.8779 700.0000
426 428 0.6849 700.0000
426 463 0.8413 700.0000
426 464 0.6883 700.0000
426 465 0.4718 700.0000
426 466 0.7516 700.0000
426 467 0.6565 700.0000
427 429 0.7804 700.0000
427 430 0.6764 700.0000
427 446 0.7702 700.0000
427 464 0.6741 700.0000
427 465 0.7036 700.0000
427 466 0.5551 700.0000
427 467 0.7177 700.0000
428 430 0.4754 700.0000
428 431 0.8628 700.0000
428 432 0.8801 700.0000
428 466 0.6886 700.0000
428 467 0.5279 700.0000
428 468 0.7447 700.0000
429 431 0.5902 700.0000
429 432 0.5019 700.0000
429 433 0.7709 700.0000
429 442 0.7590 700.0000
429 443 0.8766 700.0000
429 446 0.8509 700.0000
429 466 0.7506 700.0000
429 467 0.6972 700.0000
429 468 0.6526 700.0000
429 472 0.8681 700.0000
429 475 0.6998 700.0000
429 479 0.7670 700.0000
430 432 0.6597 700.0000
430 433 0.8449 700.0000
430 435 0.8815 700.0000
430 437 0.8375 700.0000
430 442 0.7341 700.0000
430 446 0.7197 700.0000
430 466 0.8730 700.0000
431 433 0.4717 700.0000
431 434 0.7336 700.0000
431 435 0.5011 700.0000
431 436 0.7404 700.0000
431 437 0.4306 700.0000
431 442 0.6892 700.0000
432 434 0.7865 700.0000
432 435 0.7446 700.0000
432 436 0.7549 700.0000
432 437 0.5355 700.0000
432 438 0.8350 700.0000
432 439 0.6758 700.0000
432 442 0.7158 700.0000
432 472 0.8720 700.0000
432 475 0.6796 700.0000
433 435 0.5336 700.0000
433 436 0.5639 700.0000
433 437 0.6702 700.0000
434 436 0.6514 700.0000
435 437 0.6382 700.0000
436 438 0.8052 700.0000
437 439 0.7799 700.0000
437 440 0.8606 700.0000
437 441 0.6212 700.0000
437 442 0.6050 700.0000
438 440 0.5425 700.0000
438 441 0.5282 700.0000
438 442 0.7662 700.0000
439 441 0.7126 700.0000
439 442 0.6993 700.0000
439 443 0.7671 700.0000
439 474 0.6731 700.0000
439 475 0.5225 700.0000
439 477 0.8538 700.0000
439 478 0.5714 700.0000
439 479 0.7576 700.0000
440 442 0.6522 700.0000
440 443 0.6540 700.0000
440 444 0.6814 700.0000
440 475 0.8131 700.0000
440 478 0.5743 700.0000
440 479 0.8051 700.0000
440 481 0.8987 700.0000
440 482 0.8479 700.0000
441 443 0.5811 700.0000
441 444 0.4908 700.0000
441 445 0.6104 700.0000
441 446 0.8847 700.0000
442 444 0.5881 700.0000
442 445 0.4956 700.0000
442 446 0.5517 700.0000
442 447 0.8315 700.0000
442 478 0.8649 700.0000
442 479 0.7116 700.0000
443 445 0.5586 700.0000
443 446 0.4999 700.0000
443 447 0.5367 700.0000
443 448 0.8011 700.0000
443 466 0.8342 700.0000
443 475 0.8996 700.0000
443 478 0.6771 700.0000
443 479 0.4951 700.0000
443 482 0.5998 700.0000
444 446 0.7687 700.0000
444 447 0.7105 700.0000
444 448 0.6571 700.0000
444 479 0.8873 700.0000
444 482 0.5921 700.0000
444 485 0.8605 700.0000
444 486 0.8015 700.0000
445 447 0.7505 700.0000
445 448 0.5656 700.0000
445 449 0.6449 700.0000
446 448 0.6911 700.0000
446 449 0.6517 700.0000
446 450 0.6955 700.0000
446 466 0.6865 700.0000
446 479 0.7826 700.0000
447 449 0.8278 700.0000
447 450 0.6159 700.0000
447 451 0.6586 700.0000
447 466 0.7141 700.0000
447 479 0.6895 700.0000
447 482 0.5749 700.0000
447 483 0.6655 700.0000
447 485 0.8968 700.0000
447 486 0.6125 700.0000
448 450 0.6862 700.0000
448 451 0.5833 700.0000
448 452 0.6501 700.0000
448 482 0.8868 700.0000
448 486 0.7117 700.0000
449 451 0.7081 700.0000
449 452 0.5283 700.0000
449 453 0.7521 700.0000
450 452 0.6088 700.0000
450 453 0.5797 700.0000
450 454 0.6436 700.0000
450 455 0.8792 700.0000
450 462 0.8894 700.0000
450 464 0.7099 700.0000
450 466 0.8988 700.0000
451 453 0.7653 700.0000
451 454 0.5682 700.0000
451 455 0.6032 700.0000
451 486 0.7150 700.0000
451 490 0.8595 700.0000
452 454 0.5832 700.0000
452 455 0.4970 700.0000
452 456 0.5726 700.0000
452 457 0.8354 700.0000
453 455 0.7601 700.0000
453 456 0.5905 700.0000
453 457 0.4530 700.0000
453 458 0.8640 700.0000
453 460 0.7521 700.0000
453 462 0.7774 700.0000
454 456 0.5869 700.0000
454 457 0.5893 700.0000
454 458 0.6082 700.0000
454 460 0.8631 700.0000
454 462 0.8745 700.0000
455 457 0.7985 700.0000
455 458 0.7718 700.0000
456 458 0.7471 700.0000
457 459 0.7487 700.0000
457 460 0.6245 700.0000
458 460 0.7490 700.0000
460 462 0.5637 700.0000
461 463 0.7310 700.0000
462 464 0.5901 700.0000
463 465 0.6085 700.0000
464 466 0.6223 700.0000
465 467 0.6528 700.0000
466 468 0.7438 700.0000
466 479 0.6289 700.0000
467 469 0.8065 700.0000
468 470 0.6564 700.0000
468 471 0.8625 700.0000
468 472 0.6089 700.0000
468 473 0.8617 700.0000
468 475 0.6179 700.0000
468 476 0.6046 700.0000
468 479 0.7309 700.0000
469 471 0.4851 700.0000
469 472 0.5031 700.0000
470 472 0.5940 700.0000
470 473 0.7334 700.0000
470 476 0.8708 700.0000
471 473 0.5994 700.0000
472 474 0.7073 700.0000
472 475 0.5064 700.0000
472 476 0.8125 700.0000
473 475 0.6768 700.0000
473 476 0.6322 700.0000
473 477 0.5816 700.0000
474 476 0.8156 700.0000
474 477 0.4572 700.0000
474 478 0.7154 700.0000
475 477 0.6829 700.0000
475 478 0.5813 700.0000
475 479 0.5972 700.0000
476 478 0.6932 700.0000
476 479 0.6723 700.0000
476 480 0.5344 700.0000
476 481 0.8668 700.0000
477 479 0.8445 700.0000
477 480 0.6501 700.0000
477 481 0.7082 700.0000
478 480 0.5293 700.0000
478 481 0.4846 700.0000
478 482 0.6627 700.0000
479 481 0.7268 700.0000
479 482 0.6857 700.0000
479 483 0.7618 700.0000
480 482 0.7009 700.0000
480 483 0.5364 700.0000
480 484 0.6585 700.0000
481 483 0.6784 700.0000
481 484 0.5430 700.0000
481 485 0.6557 700.0000
482 484 0.6185 700.0000
482 485 0.4385 700.0000
482 486 0.5030 700.0000
482 487 0.8780 700.0000
483 485 0.7882 700.0000
483 486 0.7237 700.0000
483 487 0.6126 700.0000
484 486 0.6957 700.0000
484 487 0.4840 700.0000
484 488 0.5344 700.0000
484 489 0.8314 700.0000
485 487 0.7082 700.0000
485 488 0.6429 700.0000
485 489 0.5709 700.0000
486 488 0.8281 700.0000
486 489 0.5251 700.0000
486 490 0.7177 700.0000
487 489 0.6469 700.0000
487 490 0.5446 700.0000
487 491 0.6733 700.0000
487 492 0.4912 700.0000
487 493 0.8345 700.0000
488 490 0.7810 700.0000
488 491 0.7286 700.0000
488 492 0.8091 700.0000
489 491 0.7788 700.0000
490 492 0.4972 700.0000
491 493 0.7091 700.0000
516 518 0.5949 700.0000
517 519 0.6332 700.0000
517 531 0.8821 700.0000
517 534 0.7434 700.0000
518 520 0.6652 700.0000
519 521 0.6933 700.0000
519 527 0.5260 700.0000
519 530 0.7149 700.0000
519 531 0.7625 700.0000
519 534 0.8749 700.0000
520 522 0.7902 700.0000
520 527 0.7426 700.0000
521 523 0.6343 700.0000
521 524 0.7574 700.0000
521 526 0.6908 700.0000
521 527 0.5316 700.0000
522 526 0.7572 700.0000
522 527 0.8610 700.0000
523 525 0.4262 700.0000
523 526 0.3943 700.0000
523 527 0.6499 700.0000
524 526 0.6414 700.0000
524 527 0.5539 700.0000
524 528 0.7321 700.0000
525 527 0.7468 700.0000
525 528 0.7202 700.0000
525 529 0.7428 700.0000
526 528 0.8917 700.0000
526 529 0.7099 700.0000
526 530 0.7602 700.0000
527 529 0.7909 700.0000
527 530 0.5869 700.0000
527 531 0.7282 700.0000
528 530 0.6741 700.0000
528 531 0.5901 700.0000
528 532 0.5950 700.0000
529 531 0.7724 700.0000
529 532 0.5705 700.0000
529 533 0.8151 700.0000
529 536 0.8878 700.0000
530 532 0.5140 700.0000
530 533 0.5671 700.0000
530 534 0.5668 700.0000
530 535 0.8638 700.0000
530 536 0.8537 700.0000
531 533 0.8308 700.0000
531 534 0.5369 700.0000
531 535 0.5468 700.0000
531 536 0.8587 700.0000
532 534 0.5550 700.0000
532 535 0.5382 700.0000
532 536 0.4764 700.0000
532 537 0.8606 700.0000
533 535 0.7964 700.0000
533 536 0.5332 700.0000
533 537 0.5466 700.0000
533 538 0.8854 700.0000
534 536 0.6758 700.0000
534 537 0.5668 700.0000
534 538 0.6044 700.0000
535 537 0.6966 700.0000
535 538 0.5210 700.0000
535 539 0.6740 700.0000
536 538 0.8261 700.0000
536 539 0.7084 700.0000
537 539 0.6013 700.0000
543 545 0.6307 700.0000
543 585 0.6361 700.0000
543 586 0.5928 700.0000
543 587 0.5394 700.0000
543 588 0.7430 700.0000
543 593 0.8015 700.0000
544 546 0.5875 700.0000
544 584 0.8104 700.0000
544 585 0.7528 700.0000
544 586 0.5169 700.0000
544 587 0.8690 700.0000
544 593 0.6840 700.0000
544 597 0.6603 700.0000
545 547 0.6953 700.0000
545 576 0.8946 700.0000
545 583 0.6037 700.0000
545 584 0.6578 700.0000
545 585 0.5819 700.0000
545 586 0.6609 700.0000
546 548 0.6492 700.0000
546 551 0.8377 700.0000
546 582 0.8482 700.0000
546 583 0.6428 700.0000
546 584 0.4535 700.0000
546 585 0.8244 700.0000
546 586 0.7243 700.0000
546 597 0.7190 700.0000
546 600 0.6987 700.0000
546 601 0.6716 700.0000
546 604 0.8316 700.0000
547 549 0.7069 700.0000
547 580 0.8972 700.0000
547 581 0.5361 700.0000
547 582 0.6255 700.0000
547 583 0.5432 700.0000
547 584 0.8439 700.0000
548 550 0.4904 700.0000
548 551 0.5395 700.0000
548 552 0.8388 700.0000
548 582 0.6040 700.0000
548 583 0.7930 700.0000
548 584 0.8055 700.0000
548 601 0.8221 700.0000
548 604 0.6063 700.0000
548 608 0.8475 700.0000
549 551 0.6111 700.0000
549 552 0.6057 700.0000
549 553 0.7936 700.0000
549 580 0.6545 700.0000
549 581 0.7814 700.0000
549 582 0.4639 700.0000
549 583 0.8539 700.0000
550 552 0.6852 700.0000
550 553 0.5570 700.0000
550 554 0.7962 700.0000
550 582 0.8616 700.0000
550 604 0.6065 700.0000
550 605 0.8458 700.0000
550 607 0.5830 700.0000
550 608 0.5575 700.0000
550 611 0.7197 700.0000
551 553 0.7141 700.0000
551 554 0.5248 700.0000
551 575 0.6719 700.0000
551 577 0.8497 700.0000
551 582 0.5346 700.0000
551 583 0.8008 700.0000
551 584 0.6705 700.0000
551 603 0.8954 700.0000
551 604 0.7017 700.0000
551 607 0.8819 700.0000
552 554 0.6550 700.0000
552 575 0.8651 700.0000
552 577 0.7737 700.0000
552 582 0.6469 700.0000
553 555 0.8763 700.0000
553 607 0.7339 700.0000
553 611 0.6218 700.0000
554 557 0.8498 700.0000
554 558 0.5000 700.0000
554 559 0.5572 700.0000
554 562 0.8801 700.0000
554 575 0.8819 700.0000
554 603 0.7541 700.0000
554 604 0.8010 700.0000
554 607 0.7240 700.0000
555 557 0.5931 700.0000
555 558 0.4017 700.0000
555 559 0.4890 700.0000
555 560 0.7736 700.0000
556 558 0.8242 700.0000
556 559 0.7287 700.0000
556 560 0.7224 700.0000
557 559 0.7827 700.0000
557 560 0.6132 700.0000
557 561 0.6347 700.0000
557 603 0.8258 700.0000
558 560 0.6657 700.0000
558 561 0.5767 700.0000
558 562 0.7333 700.0000
558 603 0.5805 700.0000
558 604 0.8870 700.0000
558 607 0.7770 700.0000
559 561 0.7108 700.0000
559 562 0.5590 700.0000
559 563 0.7096 700.0000
559 575 0.8483 700.0000
560 562 0.6882 700.0000
560 563 0.5554 700.0000
560 564 0.7002 700.0000
561 563 0.6221 700.0000
561 564 0.5466 700.0000
561 565 0.6169 700.0000
561 599 0.8112 700.0000
561 600 0.8334 700.0000
561 603 0.6848 700.0000
562 564 0.7278 700.0000
562 565 0.5535 700.0000
562 566 0.6308 700.0000
562 573 0.6115 700.0000
562 584 0.8726 700.0000
562 596 0.8422 700.0000
562 600 0.7125 700.0000
562 603 0.7868 700.0000
563 565 0.6215 700.0000
563 566 0.5022 700.0000
563 567 0.5641 700.0000
563 568 0.8913 700.0000
563 573 0.8024 700.0000
564 566 0.7659 700.0000
564 567 0.5592 700.0000
564 568 0.5926 700.0000
564 569 0.8429 700.0000
565 567 0.7040 700.0000
565 568 0.5490 700.0000
565 569 0.5527 700.0000
565 571 0.7177 700.0000
565 573 0.7899 700.0000
565 595 0.7616 700.0000
565 596 0.5671 700.0000
565 599 0.7123 700.0000
565 600 0.8234 700.0000
566 568 0.7445 700.0000
566 569 0.6372 700.0000
566 570 0.8004 700.0000
566 571 0.5394 700.0000
566 572 0.5809 700.0000
566 573 0.5239 700.0000
566 596 0.8862 700.0000
567 569 0.7192 700.0000
568 570 0.7546 700.0000
568 571 0.8239 700.0000
568 592 0.8410 700.0000
568 595 0.8737 700.0000
569 571 0.4821 700.0000
569 572 0.8742 700.0000
569 589 0.8458 700.0000
569 592 0.5313 700.0000
569 593 0.8944 700.0000
569 595 0.7421 700.0000
569 596 0.7260 700.0000
570 572 0.7838 700.0000
570 588 0.6524 700.0000
570 589 0.6141 700.0000
570 591 0.8946 700.0000
570 592 0.5595 700.0000
570 593 0.8962 700.0000
571 573 0.6344 700.0000
571 586 0.6763 700.0000
571 587 0.6701 700.0000
571 588 0.5674 700.0000
571 589 0.6990 700.0000
571 592 0.6306 700.0000
571 593 0.6875 700.0000
571 596 0.6979 700.0000
572 574 0.6302 700.0000
572 585 0.7165 700.0000
572 586 0.5820 700.0000
572 587 0.4672 700.0000
572 588 0.7172 700.0000
573 575 0.7938 700.0000
573 584 0.6438 700.0000
573 585 0.6930 700.0000
573 586 0.5629 700.0000
573 587 0.7714 700.0000
573 596 0.8304 700.0000
573 600 0.8982 700.0000
574 576 0.6139 700.0000
574 583 0.8279 700.0000
574 584 0.6066 700.0000
574 585 0.4399 700.0000
574 586 0.7114 700.0000
574 587 0.7924 700.0000
575 577 0.6001 700.0000
575 582 0.7342 700.0000
575 583 0.7405 700.0000
575 584 0.6031 700.0000
575 585 0.8599 700.0000
576 578 0.6485 700.0000
576 581 0.7338 700.0000
576 582 0.6254 700.0000
576 583 0.4251 700.0000
576 584 0.6743 700.0000
576 585 0.6671 700.0000
577 579 0.7389 700.0000
577 580 0.8368 700.0000
577 581 0.8050 700.0000
577 582 0.5614 700.0000
577 583 0.7263 700.0000
578 580 0.5528 700.0000
578 581 0.5355 700.0000
578 582 0.6203 700.0000
578 583 0.7303 700.0000
579 581 0.7204 700.0000
579 582 0.8675 700.0000
580 582 0.6523 700.0000
581 583 0.4892 700.0000
582 584 0.7434 700.0000
583 585 0.6971 700.0000
584 586 0.6293 700.0000
584 600 0.7338 700.0000
585 587 0.5993 700.0000
586 588 0.7191 700.0000
586 593 0.5960 700.0000
586 596 0.7097 700.0000
586 597 0.7045 700.0000
586 600 0.8702 700.0000
587 589 0.8518 700.0000
587 593 0.8091 700.0000
588 590 0.8279 700.0000
588 591 0.7858 700.0000
588 592 0.6587 700.0000
588 593 0.5334 700.0000
589 591 0.5113 700.0000
589 592 0.4541 700.0000
589 593 0.5551 700.0000
589 594 0.8246 700.0000
590 592 0.8155 700.0000
590 593 0.6793 700.0000
590 594 0.6196 700.0000
591 593 0.5796 700.0000
591 594 0.5002 700.0000
591 595 0.6412 700.0000
591 596 0.8574 700.0000
592 594 0.6814 700.0000
592 595 0.5632 700.0000
592 596 0.6840 700.0000
593 595 0.7237 700.0000
593 596 0.5592 700.0000
593 597 0.5919 700.0000
593 598 0.8801 700.0000
594 596 0.6639 700.0000
594 597 0.5823 700.0000
594 598 0.5886 700.0000
595 597 0.7239 700.0000
595 598 0.6056 700.0000
595 599 0.6091 700.0000
596 598 0.6499 700.0000
596 599 0.5260 700.0000
596 600 0.5875 700.0000
597 599 0.6354 700.0000
597 600 0.5254 700.0000
597 601 0.6004 700.0000
598 600 0.7536 700.0000
598 601 0.6958 700.0000
598 602 0.7744 700.0000
599 601 0.7606 700.0000
599 602 0.5994 700.0000
599 603 0.6998 700.0000
600 602 0.6978 700.0000
600 603 0.5074 700.0000
600 604 0.6062 700.0000
601 603 0.7321 700.0000
601 604 0.5411 700.0000
601 605 0.6293 700.0000
602 604 0.6690 700.0000
602 605 0.5249 700.0000
602 606 0.5008 700.0000
603 605 0.7031 700.0000
603 606 0.5870 700.0000
603 607 0.6497 700.0000
604 606 0.6893 700.0000
604 607 0.5469 700.0000
604 608 0.6679 700.0000
605 607 0.6438 700.0000
605 608 0.5159 700.0000
605 609 0.7483 700.0000
606 608 0.7839 700.0000
606 609 0.7219 700.0000
606 610 0.7851 700.0000
607 609 0.7127 700.0000
607 610 0.5285 700.0000
607 611 0.6129 700.0000
607 612 0.8870 700.0000
608 610 0.8085 700.0000
608 611 0.6910 700.0000
608 612 0.6888 700.0000
609 611 0.7402 700.0000
609 612 0.5145 700.0000
609 613 0.4543 700.0000
609 614 0.8837 700.0000
609 616 0.8898 700.0000
610 612 0.6760 700.0000
610 613 0.5838 700.0000
610 614 0.5376 700.0000
611 613 0.7833 700.0000
611 614 0.4539 700.0000
611 615 0.6254 700.0000
612 614 0.5866 700.0000
612 615 0.5347 700.0000
612 616 0.5437 700.0000
612 617 0.7850 700.0000
613 616 0.6296 700.0000
613 617 0.6854 700.0000
614 616 0.7761 700.0000
614 617 0.5265 700.0000
614 618 0.8311 700.0000
615 617 0.7212 700.0000
615 618 0.5945 700.0000
615 619 0.6695 700.0000
616 618 0.6832 700.0000
616 619 0.6231 700.0000
616 620 0.6573 700.0000
617 619 0.8226 700.0000
617 620 0.8057 700.0000
617 621 0.6481 700.0000
618 620 0.6673 700.0000
618 621 0.4554 700.0000
618 622 0.5665 700.0000
619 621 0.7601 700.0000
619 622 0.5448 700.0000
620 622 0.7459 700.0000
644 646 0.5701 700.0000
644 673 0.7584 700.0000
644 674 0.6860 700.0000
644 675 0.4747 700.0000
644 676 0.7616 700.0000
644 716 0.8658 700.0000
645 647 0.7883 700.0000
645 672 0.4886 700.0000
645 673 0.7677 700.0000
645 674 0.6118 700.0000
645 675 0.8363 700.0000
645 713 0.7703 700.0000
645 716 0.6897 700.0000
645 818 0.7389 700.0000
646 648 0.6585 700.0000
646 671 0.8782 700.0000
646 672 0.5917 700.0000
646 673 0.5144 700.0000
646 674 0.7375 700.0000
646 675 0.7637 700.0000
647 649 0.6922 700.0000
647 670 0.7748 700.0000
647 671 0.6912 700.0000
647 672 0.5878 700.0000
647 673 0.7385 700.0000
648 650 0.6372 700.0000
648 651 0.7392 700.0000
648 654 0.7246 700.0000
648 670 0.8931 700.0000
648 671 0.5714 700.0000
648 672 0.7301 700.0000
648 673 0.6387 700.0000
648 817 0.7931 700.0000
649 651 0.5961 700.0000
649 654 0.7921 700.0000
649 671 0.8783 700.0000
650 652 0.7856 700.0000
650 654 0.6726 700.0000
650 655 0.6634 700.0000
651 653 0.5555 700.0000
651 654 0.4468 700.0000
651 655 0.5971 700.0000
651 656 0.8371 700.0000
652 654 0.6960 700.0000
652 655 0.4895 700.0000
652 656 0.5236 700.0000
653 655 0.7422 700.0000
653 656 0.6376 700.0000
653 657 0.6816 700.0000
653 702 0.8862 700.0000
654 656 0.6800 700.0000
654 657 0.6062 700.0000
654 658 0.7063 700.0000
654 671 0.7352 700.0000
654 817 0.7645 700.0000
654 819 0.7948 700.0000
655 657 0.7533 700.0000
655 658 0.5589 700.0000
655 659 0.6082 700.0000
656 658 0.7342 700.0000
656 659 0.4789 700.0000
656 660 0.6835 700.0000
657 659 0.6927 700.0000
657 660 0.4355 700.0000
657 661 0.5900 700.0000
657 702 0.8468 700.0000
657 704 0.8844 700.0000
657 742 0.8549 700.0000
657 763 0.7909 700.0000
657 819 0.7273 700.0000
658 660 0.7586 700.0000
658 661 0.6213 700.0000
658 662 0.5139 700.0000
658 666 0.8843 700.0000
658 667 0.8360 700.0000
658 668 0.5014 700.0000
658 671 0.8621 700.0000
658 819 0.7710 700.0000
659 661 0.8274 700.0000
659 662 0.5721 700.0000
659 663 0.6444 700.0000
660 662 0.7544 700.0000
660 663 0.5775 700.0000
660 664 0.7105 700.0000
660 742 0.6810 700.0000
661 663 0.7985 700.0000
661 664 0.6092 700.0000
661 665 0.7415 700.0000
661 666 0.4922 700.0000
661 667 0.8877 700.0000
661 668 0.6579 700.0000
661 704 0.8358 700.0000
661 742 0.5595 700.0000
661 745 0.8811 700.0000
661 761 0.7746 700.0000
661 819 0.6237 700.0000
661 821 0.7201 700.0000
662 664 0.7177 700.0000
662 665 0.6501 700.0000
662 666 0.6297 700.0000
662 667 0.6422 700.0000
662 668 0.6437 700.0000
663 665 0.7808 700.0000
663 666 0.8985 700.0000
664 666 0.5530 700.0000
664 741 0.8252 700.0000
664 742 0.5502 700.0000
664 743 0.5118 700.0000
664 744 0.8766 700.0000
664 745 0.8279 700.0000
664 746 0.6500 700.0000
664 747 0.8478 700.0000
665 667 0.7172 700.0000
665 742 0.8947 700.0000
665 743 0.8418 700.0000
665 746 0.6728 700.0000
665 750 0.8203 700.0000
665 821 0.8646 700.0000
665 822 0.7687 700.0000
665 823 0.6427 700.0000
666 668 0.6762 700.0000
666 742 0.7635 700.0000
666 745 0.8371 700.0000
666 746 0.6557 700.0000
666 759 0.7130 700.0000
666 761 0.8994 700.0000
666 821 0.5414 700.0000
666 822 0.6095 700.0000
666 823 0.6639 700.0000
667 669 0.5816 700.0000
667 820 0.8877 700.0000
667 821 0.6227 700.0000
667 822 0.4271 700.0000
667 823 0.7826 700.0000
668 670 0.7432 700.0000
668 671 0.7525 700.0000
668 819 0.6750 700.0000
668 820 0.6324 700.0000
668 821 0.5207 700.0000
668 822 0.6974 700.0000
669 671 0.8217 700.0000
669 758 0.8426 700.0000
669 820 0.5091 700.0000
669 821 0.5768 700.0000
669 822 0.6378 700.0000
670 672 0.5241 700.0000
670 818 0.6953 700.0000
670 819 0.7609 700.0000
670 820 0.4637 700.0000
670 821 0.8179 700.0000
671 673 0.8262 700.0000
671 817 0.6884 700.0000
671 818 0.6225 700.0000
671 819 0.5123 700.0000
671 820 0.6876 700.0000
672 674 0.6935 700.0000
672 817 0.7484 700.0000
672 818 0.4639 700.0000
672 819 0.7805 700.0000
672 820 0.7657 700.0000
673 675 0.6048 700.0000
673 815 0.8927 700.0000
673 816 0.6814 700.0000
673 817 0.5332 700.0000
673 818 0.8812 700.0000
674 676 0.7118 700.0000
674 715 0.8861 700.0000
674 716 0.5855 700.0000
674 762 0.8274 700.0000
674 814 0.7980 700.0000
674 815 0.5170 700.0000
674 816 0.6101 700.0000
674 817 0.6215 700.0000
674 818 0.7127 700.0000
675 677 0.6461 700.0000
675 680 0.8314 700.0000
675 716 0.8795 700.0000
675 815 0.8685 700.0000
676 678 0.5068 700.0000
676 679 0.4619 700.0000
676 680 0.6545 700.0000
676 681 0.8428 700.0000
676 716 0.7130 700.0000
676 717 0.8594 700.0000
676 718 0.8563 700.0000
676 814 0.8239 700.0000
676 815 0.7674 700.0000
677 679 0.7941 700.0000
677 680 0.6831 700.0000
677 681 0.7527 700.0000
678 680 0.7005 700.0000
678 681 0.5524 700.0000
678 682 0.6642 700.0000
678 718 0.8923 700.0000
679 681 0.6144 700.0000
679 682 0.5514 700.0000
679 683 0.6886 700.0000
679 716 0.8575 700.0000
679 718 0.6918 700.0000
679 719 0.6863 700.0000
679 810 0.8439 700.0000
679 811 0.7488 700.0000
679 813 0.7601 700.0000
679 814 0.6142 700.0000
679 815 0.7147 700.0000
680 682 0.6335 700.0000
680 683 0.5439 700.0000
680 684 0.5522 700.0000
680 765 0.8985 700.0000
680 814 0.6350 700.0000
680 815 0.8658 700.0000
681 683 0.6611 700.0000
681 684 0.5454 700.0000
681 685 0.6790 700.0000
681 811 0.8579 700.0000
682 684 0.6211 700.0000
682 685 0.5693 700.0000
682 686 0.6933 700.0000
682 810 0.8693 700.0000
682 811 0.5077 700.0000
682 813 0.8875 700.0000
682 814 0.8927 700.0000
683 685 0.8988 700.0000
683 686 0.6515 700.0000
683 687 0.5846 700.0000
683 765 0.6548 700.0000
683 766 0.8296 700.0000
683 767 0.6507 700.0000
683 810 0.8408 700.0000
683 811 0.6557 700.0000
683 812 0.7186 700.0000
683 813 0.5915 700.0000
683 814 0.5594 700.0000
684 686 0.7863 700.0000
684 687 0.4937 700.0000
684 688 0.7373 700.0000
685 688 0.6585 700.0000
685 689 0.5880 700.0000
685 811 0.8062 700.0000
686 688 0.7798 700.0000
686 689 0.4673 700.0000
686 690 0.5155 700.0000
686 691 0.8880 700.0000
686 767 0.6895 700.0000
686 793 0.8941 700.0000
686 809 0.7572 700.0000
686 810 0.8573 700.0000
686 811 0.5384 700.0000
686 812 0.5918 700.0000
687 689 0.7898 700.0000
687 690 0.5924 700.0000
687 691 0.5456 700.0000
687 697 0.7524 700.0000
687 698 0.5454 700.0000
687 700 0.8579 700.0000
687 765 0.8893 700.0000
687 767 0.6384 700.0000
688 690 0.7815 700.0000
688 691 0.5252 700.0000
688 692 0.5141 700.0000
689 691 0.7595 700.0000
689 692 0.5915 700.0000
689 693 0.7456 700.0000
690 692 0.7721 700.0000
690 693 0.6198 700.0000
690 694 0.6513 700.0000
690 698 0.5606 700.0000
690 699 0.8667 700.0000
690 767 0.6586 700.0000
690 768 0.8790 700.0000
690 769 0.7428 700.0000
690 770 0.8857 700.0000
690 793 0.6342 700.0000
690 812 0.7806 700.0000
691 693 0.8297 700.0000
691 694 0.6845 700.0000
691 695 0.7700 700.0000
691 696 0.8306 700.0000
691 697 0.5672 700.0000
691 698 0.5568 700.0000
692 694 0.7843 700.0000
692 695 0.6979 700.0000
693 695 0.7270 700.0000
693 790 0.6530 700.0000
693 791 0.7699 700.0000
693 793 0.8409 700.0000
694 696 0.5454 700.0000
694 697 0.8811 700.0000
694 698 0.7579 700.0000
694 769 0.8691 700.0000
694 770 0.6931 700.0000
694 793 0.8805 700.0000
696 698 0.8086 700.0000
696 770 0.8690 700.0000
697 699 0.7382 700.0000
697 700 0.8795 700.0000
698 700 0.6355 700.0000
698 767 0.6317 700.0000
698 768 0.7615 700.0000
698 769 0.6319 700.0000
698 770 0.8604 700.0000
699 701 0.6014 700.0000
699 766 0.8160 700.0000
699 767 0.6528 700.0000
699 768 0.4900 700.0000
699 769 0.4270 700.0000
699 770 0.7483 700.0000
699 771 0.8504 700.0000
699 793 0.8869 700.0000
700 702 0.8313 700.0000
700 703 0.8822 700.0000
700 765 0.5837 700.0000
700 766 0.5774 700.0000
700 767 0.5817 700.0000
700 768 0.6195 700.0000
700 769 0.7590 700.0000
701 703 0.6005 700.0000
701 740 0.7604 700.0000
701 764 0.8610 700.0000
701 765 0.7500 700.0000
701 766 0.5512 700.0000
701 767 0.7742 700.0000
701 768 0.5790 700.0000
701 769 0.8134 700.0000
701 802 0.8991 700.0000
701 805 0.7118 700.0000
702 704 0.7278 700.0000
702 740 0.8691 700.0000
702 763 0.5572 700.0000
702 764 0.5875 700.0000
702 765 0.6813 700.0000
702 766 0.8437 700.0000
702 816 0.7269 700.0000
702 817 0.8479 700.0000
703 705 0.8052 700.0000
703 738 0.5238 700.0000
703 739 0.5548 700.0000
703 740 0.6199 700.0000
703 763 0.7027 700.0000
703 764 0.4887 700.0000
703 765 0.7869 700.0000
703 766 0.5667 700.0000
703 805 0.6835 700.0000
704 738 0.7169 700.0000
704 739 0.5088 700.0000
704 740 0.7113 700.0000
704 741 0.7925 700.0000
704 742 0.5983 700.0000
704 745 0.7522 700.0000
704 761 0.6613 700.0000
704 762 0.7860 700.0000
704 763 0.5480 700.0000
704 764 0.6413 700.0000
704 819 0.8465 700.0000
705 707 0.5724 700.0000
705 715 0.8971 700.0000
705 720 0.6517 700.0000
705 725 0.5791 700.0000
705 736 0.7946 700.0000
705 737 0.8297 700.0000
705 738 0.5191 700.0000
705 739 0.7545 700.0000
705 745 0.8542 700.0000
705 761 0.6774 700.0000
705 762 0.5566 700.0000
705 764 0.8051 700.0000
706 708 0.6507 700.0000
706 725 0.6824 700.0000
706 745 0.5918 700.0000
706 746 0.8438 700.0000
706 748 0.7669 700.0000
706 749 0.6751 700.0000
706 752 0.8437 700.0000
706 759 0.6786 700.0000
706 760 0.7545 700.0000
706 761 0.6006 700.0000
706 762 0.8067 700.0000
707 709 0.8292 700.0000
707 710 0.8180 700.0000
707 711 0.6318 700.0000
707 712 0.5590 700.0000
707 715 0.7901 700.0000
707 720 0.8881 700.0000
707 724 0.7514 700.0000
707 725 0.6241 700.0000
707 759 0.8514 700.0000
707 760 0.6161 700.0000
707 761 0.6710 700.0000
707 762 0.6005 700.0000
707 818 0.8991 700.0000
708 710 0.5255 700.0000
708 711 0.4877 700.0000
708 712 0.6342 700.0000
708 724 0.7710 700.0000
708 725 0.7296 700.0000
708 760 0.6634 700.0000
709 711 0.7484 700.0000
709 712 0.5584 700.0000
709 713 0.7328 700.0000
709 758 0.8562 700.0000
709 760 0.6086 700.0000
710 712 0.7265 700.0000
710 713 0.8815 700.0000
710 714 0.8758 700.0000
710 724 0.8189 700.0000
711 713 0.7892 700.0000
711 714 0.6126 700.0000
711 715 0.7410 700.0000
711 723 0.7381 700.0000
711 724 0.4491 700.0000
711 725 0.8257 700.0000
712 714 0.6442 700.0000
712 715 0.5703 700.0000
712 716 0.6505 700.0000
712 724 0.8353 700.0000
712 760 0.6502 700.0000
712 762 0.6730 700.0000
712 818 0.7308 700.0000
713 715 0.6677 700.0000
713 716 0.5480 700.0000
713 717 0.7149 700.0000
714 716 0.5987 700.0000
714 717 0.5260 700.0000
714 718 0.5481 700.0000
714 719 0.6184 700.0000
714 720 0.8884 700.0000
714 721 0.8469 700.0000
714 724 0.6398 700.0000
715 717 0.7721 700.0000
715 718 0.5828 700.0000
715 719 0.3939 700.0000
715 720 0.5238 700.0000
715 721 0.7639 700.0000
715 724 0.6521 700.0000
715 762 0.6783 700.0000
715 815 0.6725 700.0000
716 718 0.7113 700.0000
716 719 0.6600 700.0000
716 720 0.8521 700.0000
716 762 0.7873 700.0000
716 815 0.6294 700.0000
716 818 0.8420 700.0000
717 719 0.7887 700.0000
718 720 0.7777 700.0000
718 721 0.7116 700.0000
718 724 0.8541 700.0000
718 810 0.8407 700.0000
719 721 0.5472 700.0000
719 724 0.7118 700.0000
719 810 0.6288 700.0000
719 811 0.8852 700.0000
719 813 0.7185 700.0000
719 814 0.8193 700.0000
719 815 0.7152 700.0000
720 724 0.7154 700.0000
720 725 0.8432 700.0000
720 736 0.6764 700.0000
720 738 0.7543 700.0000
720 762 0.7263 700.0000
720 764 0.8099 700.0000
720 807 0.8766 700.0000
720 809 0.8921 700.0000
720 810 0.5888 700.0000
720 813 0.5382 700.0000
720 814 0.7453 700.0000
720 815 0.6572 700.0000
721 723 0.5573 700.0000
721 724 0.4892 700.0000
721 725 0.8481 700.0000
721 735 0.8889 700.0000
721 736 0.6828 700.0000
721 809 0.8145 700.0000
721 810 0.6217 700.0000
722 724 0.8477 700.0000
722 725 0.7380 700.0000
722 726 0.5689 700.0000
722 727 0.7838 700.0000
722 730 0.8754 700.0000
722 733 0.8078 700.0000
722 734 0.5292 700.0000
722 735 0.4401 700.0000
722 736 0.6347 700.0000
722 737 0.7869 700.0000
722 808 0.8614 700.0000
723 725 0.7532 700.0000
723 726 0.7509 700.0000
724 726 0.8587 700.0000
725 727 0.6321 700.0000
725 735 0.8517 700.0000
725 736 0.7286 700.0000
725 737 0.7133 700.0000
725 738 0.8601 700.0000
726 728 0.6603 700.0000
726 730 0.7855 700.0000
726 735 0.7626 700.0000
726 736 0.8533 700.0000
726 737 0.7140 700.0000
727 729 0.5871 700.0000
727 730 0.5413 700.0000
727 731 0.8406 700.0000
727 733 0.8337 700.0000
727 735 0.7934 700.0000
727 737 0.5697 700.0000
728 730 0.7392 700.0000
728 748 0.8700 700.0000
728 752 0.8209 700.0000
729 731 0.4484 700.0000
729 732 0.8128 700.0000
729 733 0.8666 700.0000
729 776 0.8395 700.0000
730 732 0.6841 700.0000
730 733 0.4864 700.0000
730 734 0.6836 700.0000
730 735 0.7757 700.0000
730 737 0.7272 700.0000
730 776 0.5877 700.0000
731 733 0.7374 700.0000
731 774 0.8032 700.0000
731 775 0.8126 700.0000
731 776 0.6337 700.0000
731 797 0.8866 700.0000
732 737 0.7115 700.0000
732 773 0.6975 700.0000
732 774 0.4717 700.0000
732 775 0.7276 700.0000
732 776 0.6851 700.0000
732 778 0.8530 700.0000
732 795 0.6958 700.0000
732 796 0.6401 700.0000
732 797 0.5670 700.0000
732 804 0.6602 700.0000
732 806 0.7133 700.0000
733 735 0.5128 700.0000
733 736 0.8752 700.0000
733 737 0.6499 700.0000
733 774 0.7185 700.0000
733 775 0.7046 700.0000
733 776 0.5176 700.0000
733 777 0.7411 700.0000
733 778 0.5088 700.0000
733 779 0.7451 700.0000
733 780 0.8758 700.0000
733 795 0.7566 700.0000
733 806 0.6460 700.0000
733 808 0.7473 700.0000
734 736 0.7683 700.0000
734 737 0.7750 700.0000
734 776 0.7874 700.0000
734 777 0.8457 700.0000
734 778 0.6346 700.0000
734 779 0.5392 700.0000
734 780 0.7547 700.0000
734 806 0.7825 700.0000
734 807 0.8945 700.0000
734 808 0.6064 700.0000
735 737 0.5083 700.0000
735 778 0.8623 700.0000
735 779 0.8303 700.0000
735 795 0.8888 700.0000
735 806 0.5646 700.0000
735 807 0.6165 700.0000
735 808 0.5328 700.0000
735 809 0.8960 700.0000
736 738 0.5962 700.0000
736 806 0.5812 700.0000
736 807 0.4182 700.0000
736 808 0.6474 700.0000
736 809 0.7139 700.0000
736 810 0.7088 700.0000
736 812 0.8387 700.0000
736 813 0.8489 700.0000
737 739 0.8646 700.0000
737 795 0.8656 700.0000
737 804 0.6838 700.0000
737 805 0.8113 700.0000
737 806 0.5029 700.0000
737 807 0.7484 700.0000
738 764 0.7236 700.0000
738 766 0.6725 700.0000
738 804 0.7534 700.0000
738 805 0.6147 700.0000
738 806 0.6921 700.0000
738 807 0.6708 700.0000
738 813 0.8212 700.0000
739 741 0.5518 700.0000
739 742 0.6889 700.0000
739 744 0.7215 700.0000
739 745 0.6733 700.0000
739 803 0.6471 700.0000
739 804 0.5823 700.0000
739 805 0.6846 700.0000
740 742 0.7906 700.0000
740 802 0.6972 700.0000
740 803 0.5578 700.0000
740 804 0.8058 700.0000
740 805 0.7616 700.0000
741 743 0.5615 700.0000
741 744 0.4316 700.0000
741 745 0.6869 700.0000
741 746 0.8673 700.0000
741 747 0.8954 700.0000
741 803 0.5382 700.0000
741 804 0.8655 700.0000
742 744 0.6800 700.0000
742 745 0.5290 700.0000
742 746 0.6815 700.0000
742 761 0.8606 700.0000
743 745 0.7475 700.0000
743 746 0.6130 700.0000
743 747 0.5303 700.0000
744 746 0.6445 700.0000
744 747 0.5273 700.0000
744 748 0.6121 700.0000
744 803 0.7178 700.0000
745 747 0.6992 700.0000
745 748 0.5416 700.0000
745 749 0.6366 700.0000
745 750 0.8883 700.0000
745 759 0.8725 700.0000
745 761 0.7687 700.0000
746 748 0.6035 700.0000
746 749 0.4908 700.0000
746 750 0.5284 700.0000
746 751 0.8434 700.0000
746 759 0.8427 700.0000
746 823 0.7949 700.0000
747 749 0.7073 700.0000
747 750 0.5878 700.0000
747 751 0.6763 700.0000
748 750 0.7835 700.0000
748 751 0.5995 700.0000
748 752 0.6893 700.0000
749 751 0.6036 700.0000
749 752 0.5051 700.0000
749 753 0.5294 700.0000
749 754 0.8484 700.0000
749 756 0.8787 700.0000
749 759 0.7078 700.0000
749 823 0.7596 700.0000
750 752 0.7972 700.0000
750 753 0.6916 700.0000
750 754 0.8146 700.0000
750 823 0.5918 700.0000
751 753 0.7926 700.0000
752 754 0.7489 700.0000
752 756 0.8442 700.0000
753 755 0.5063 700.0000
753 756 0.4462 700.0000
753 757 0.8360 700.0000
753 758 0.8987 700.0000
753 759 0.8002 700.0000
753 823 0.7915 700.0000
754 756 0.6057 700.0000
754 757 0.8329 700.0000
754 823 0.8888 700.0000
755 757 0.6237 700.0000
756 758 0.6143 700.0000
756 759 0.7633 700.0000
757 759 0.8685 700.0000
757 822 0.7254 700.0000
757 823 0.7513 700.0000
758 760 0.5551 700.0000
758 820 0.6717 700.0000
758 821 0.6391 700.0000
758 822 0.6193 700.0000
758 823 0.8464 700.0000
759 761 0.6639 700.0000
759 820 0.6464 700.0000
759 821 0.4249 700.0000
759 822 0.6098 700.0000
759 823 0.7114 700.0000
760 762 0.8056 700.0000
760 818 0.7036 700.0000
760 820 0.5422 700.0000
760 821 0.6649 700.0000
761 763 0.7305 700.0000
761 818 0.6001 700.0000
761 819 0.5480 700.0000
761 820 0.7152 700.0000
761 821 0.6859 700.0000
762 764 0.7217 700.0000
762 815 0.6484 700.0000
762 816 0.8600 700.0000
762 817 0.8226 700.0000
762 818 0.5130 700.0000
762 819 0.7769 700.0000
763 765 0.8648 700.0000
763 815 0.7685 700.0000
763 816 0.5214 700.0000
763 817 0.4663 700.0000
763 818 0.7831 700.0000
763 819 0.6255 700.0000
764 766 0.5760 700.0000
764 813 0.6713 700.0000
764 814 0.5865 700.0000
764 815 0.5960 700.0000
764 816 0.5341 700.0000
764 817 0.7793 700.0000
765 767 0.6541 700.0000
765 813 0.6564 700.0000
765 814 0.5218 700.0000
765 815 0.7937 700.0000
765 816 0.6415 700.0000
766 768 0.5710 700.0000
766 769 0.8796 700.0000
766 805 0.7649 700.0000
766 807 0.7577 700.0000
766 812 0.6273 700.0000
766 813 0.5572 700.0000
766 814 0.7509 700.0000
767 769 0.6605 700.0000
767 793 0.7551 700.0000
767 794 0.8829 700.0000
767 807 0.8192 700.0000
767 809 0.8761 700.0000
767 811 0.8964 700.0000
767 812 0.4376 700.0000
767 813 0.6690 700.0000
767 814 0.8923 700.0000
768 770 0.7588 700.0000
768 771 0.6366 700.0000
768 793 0.6222 700.0000
768 794 0.5445 700.0000
768 795 0.8481 700.0000
768 805 0.6562 700.0000
768 806 0.8740 700.0000
768 807 0.7854 700.0000
768 812 0.7217 700.0000
769 771 0.5628 700.0000
769 792 0.8154 700.0000
769 793 0.5003 700.0000
769 794 0.5976 700.0000
769 812 0.8943 700.0000
770 772 0.8639 700.0000
770 784 0.8119 700.0000
770 791 0.8170 700.0000
770 792 0.6218 700.0000
770 793 0.5980 700.0000
770 794 0.7643 700.0000
771 773 0.8373 700.0000
771 792 0.7220 700.0000
771 793 0.7797 700.0000
771 794 0.5395 700.0000
771 795 0.6571 700.0000
771 796 0.5836 700.0000
771 798 0.8994 700.0000
771 799 0.5939 700.0000
771 802 0.7804 700.0000
771 805 0.7668 700.0000
772 774 0.6052 700.0000
772 781 0.7862 700.0000
772 782 0.6033 700.0000
772 783 0.8778 700.0000
772 784 0.8942 700.0000
772 792 0.5372 700.0000
772 793 0.8879 700.0000
772 794 0.5980 700.0000
772 795 0.4927 700.0000
772 796 0.5722 700.0000
772 799 0.7021 700.0000
773 775 0.7599 700.0000
773 795 0.6598 700.0000
773 796 0.5121 700.0000
773 797 0.6624 700.0000
773 798 0.6700 700.0000
773 799 0.6352 700.0000
774 776 0.6899 700.0000
774 778 0.6498 700.0000
774 782 0.8665 700.0000
774 795 0.5541 700.0000
774 796 0.5735 700.0000
774 797 0.7190 700.0000
774 806 0.8219 700.0000
775 777 0.4810 700.0000
775 778 0.5131 700.0000
776 778 0.5649 700.0000
777 779 0.7119 700.0000
778 780 0.5637 700.0000
778 781 0.6700 700.0000
778 782 0.6747 700.0000
778 795 0.7501 700.0000
778 806 0.8731 700.0000
778 808 0.7601 700.0000
779 781 0.7409 700.0000
779 808 0.6795 700.0000
780 782 0.6206 700.0000
780 783 0.8675 700.0000
780 791 0.8776 700.0000
780 808 0.5290 700.0000
781 783 0.6893 700.0000
781 791 0.5929 700.0000
781 792 0.5638 700.0000
781 793 0.6814 700.0000
781 794 0.6438 700.0000
781 795 0.7071 700.0000
781 806 0.8781 700.0000
781 807 0.8847 700.0000
781 808 0.5537 700.0000
782 784 0.7071 700.0000
782 785 0.8780 700.0000
782 791 0.6108 700.0000
782 792 0.4607 700.0000
782 793 0.8776 700.0000
782 794 0.7932 700.0000
782 795 0.7681 700.0000
783 785 0.5115 700.0000
783 786 0.6557 700.0000
783 787 0.6954 700.0000
783 788 0.5510 700.0000
783 789 0.8313 700.0000
783 790 0.7324 700.0000
783 791 0.5499 700.0000
783 792 0.5823 700.0000
784 786 0.7922 700.0000
784 787 0.8723 700.0000
784 788 0.6441 700.0000
784 789 0.8988 700.0000
784 790 0.5991 700.0000
784 791 0.5041 700.0000
784 792 0.5010 700.0000
785 787 0.5291 700.0000
785 788 0.4625 700.0000
785 789 0.8715 700.0000
785 790 0.7858 700.0000
785 791 0.8316 700.0000
785 792 0.8879 700.0000
786 788 0.5983 700.0000
787 789 0.6476 700.0000
787 790 0.8505 700.0000
788 790 0.5384 700.0000
788 791 0.7232 700.0000
789 791 0.7435 700.0000
790 792 0.8011 700.0000
791 793 0.6053 700.0000
791 794 0.8680 700.0000
792 794 0.5999 700.0000
792 795 0.7714 700.0000
793 795 0.8372 700.0000
793 807 0.8348 700.0000
793 808 0.8627 700.0000
793 812 0.7310 700.0000
794 796 0.6669 700.0000
794 805 0.7135 700.0000
794 806 0.5792 700.0000
794 807 0.6390 700.0000
794 808 0.7173 700.0000
794 812 0.8285 700.0000
795 797 0.7996 700.0000
795 804 0.8023 700.0000
795 805 0.6758 700.0000
795 806 0.4192 700.0000
795 807 0.7360 700.0000
795 808 0.7345 700.0000
796 798 0.5980 700.0000
796 799 0.6065 700.0000
796 801 0.8706 700.0000
796 802 0.6330 700.0000
796 803 0.8965 700.0000
796 804 0.5794 700.0000
796 805 0.5617 700.0000
796 806 0.6569 700.0000
797 799 0.7422 700.0000
797 800 0.8946 700.0000
797 801 0.7078 700.0000
797 802 0.5992 700.0000
797 803 0.6193 700.0000
797 804 0.4474 700.0000
797 805 0.7265 700.0000
798 800 0.4826 700.0000
798 801 0.4469 700.0000
798 802 0.5319 700.0000
798 803 0.7681 700.0000
798 804 0.8162 700.0000
799 801 0.6569 700.0000
799 802 0.6433 700.0000
800 802 0.6449 700.0000
801 803 0.6197 700.0000
802 804 0.6538 700.0000
802 805 0.6184 700.0000
803 805 0.7654 700.0000
804 806 0.6924 700.0000
805 807 0.7844 700.0000
806 808 0.5958 700.0000
807 809 0.5442 700.0000
807 810 0.6808 700.0000
807 812 0.5290 700.0000
807 813 0.7688 700.0000
808 810 0.8955 700.0000
808 812 0.8146 700.0000
809 811 0.5231 700.0000
809 812 0.4391 700.0000
809 813 0.7243 700.0000
810 812 0.5303 700.0000
810 813 0.4803 700.0000
810 814 0.8521 700.0000
811 813 0.6735 700.0000
813 815 0.6525 700.0000
814 816 0.5709 700.0000
815 817 0.7624 700.0000
815 818 0.8748 700.0000
817 819 0.6479 700.0000
818 820 0.6151 700.0000
818 821 0.8974 700.0000
819 821 0.7039 700.0000
820 822 0.7538 700.0000
821 823 0.7922 700.0000
914 916 0.6950 700.0000
915 917 0.7540 700.0000
916 918 0.7490 700.0000
917 919 0.6164 700.0000
917 950 0.7847 700.0000
918 920 0.6459 700.0000
919 921 0.8097 700.0000
920 922 0.7229 700.0000
920 923 0.8744 700.0000
920 924 0.5603 700.0000
920 925 0.6558 700.0000
920 928 0.8533 700.0000
920 949 0.8491 700.0000
920 950 0.8164 700.0000
921 923 0.5325 700.0000
921 924 0.4027 700.0000
921 925 0.7358 700.0000
921 926 0.8419 700.0000
922 924 0.7455 700.0000
922 925 0.6135 700.0000
922 926 0.6622 700.0000
923 925 0.7487 700.0000
923 926 0.5056 700.0000
923 927 0.5933 700.0000
923 928 0.8858 700.0000
924 926 0.7063 700.0000
924 927 0.5539 700.0000
924 928 0.6333 700.0000
925 927 0.7175 700.0000
925 928 0.6026 700.0000
925 929 0.5617 700.0000
925 930 0.8597 700.0000
925 932 0.8989 700.0000
925 949 0.5871 700.0000
925 950 0.7248 700.0000
926 928 0.7791 700.0000
926 929 0.7357 700.0000
926 930 0.7137 700.0000
927 929 0.7835 700.0000
927 930 0.5968 700.0000
927 931 0.6460 700.0000
928 930 0.6718 700.0000
928 931 0.5395 700.0000
928 932 0.6559 700.0000
928 934 0.8639 700.0000
928 935 0.6486 700.0000
928 949 0.6718 700.0000
929 931 0.6899 700.0000
929 932 0.4783 700.0000
929 949 0.5749 700.0000
930 932 0.7671 700.0000
931 933 0.7752 700.0000
931 934 0.4775 700.0000
931 935 0.6998 700.0000
932 934 0.7111 700.0000
932 935 0.6179 700.0000
932 936 0.6091 700.0000
932 947 0.7266 700.0000
932 948 0.7228 700.0000
932 949 0.5629 700.0000
933 935 0.8321 700.0000
933 936 0.6821 700.0000
933 937 0.5103 700.0000
934 936 0.6773 700.0000
934 937 0.5667 700.0000
934 938 0.7388 700.0000
935 937 0.7204 700.0000
935 938 0.5813 700.0000
935 939 0.5616 700.0000
935 947 0.6080 700.0000
935 948 0.8779 700.0000
935 949 0.8421 700.0000
936 938 0.6514 700.0000
936 939 0.5735 700.0000
936 940 0.6551 700.0000
936 941 0.8910 700.0000
936 945 0.8556 700.0000
936 946 0.6935 700.0000
936 947 0.4720 700.0000
936 948 0.7863 700.0000
937 939 0.7816 700.0000
937 940 0.6362 700.0000
937 941 0.6323 700.0000
938 940 0.6799 700.0000
938 941 0.5443 700.0000
938 942 0.5683 700.0000
938 943 0.7106 700.0000
938 945 0.8691 700.0000
939 941 0.7067 700.0000
939 942 0.6522 700.0000
939 943 0.5167 700.0000
939 944 0.6512 700.0000
939 945 0.4843 700.0000
939 946 0.6859 700.0000
939 947 0.6385 700.0000
940 942 0.8644 700.0000
940 943 0.8037 700.0000
940 944 0.5130 700.0000
940 945 0.6215 700.0000
940 946 0.6724 700.0000
940 947 0.8669 700.0000
941 943 0.7609 700.0000
941 944 0.7240 700.0000
941 945 0.8772 700.0000
942 944 0.8112 700.0000
942 945 0.8585 700.0000
943 945 0.5323 700.0000
944 946 0.6502 700.0000
945 947 0.7254 700.0000
946 948 0.7403 700.0000
947 949 0.6948 700.0000
948 950 0.6326 700.0000
961 963 0.5751 700.0000
961 976 0.8139 700.0000
961 977 0.6072 700.0000
961 978 0.5025 700.0000
961 979 0.7472 700.0000
961 1139 0.8998 700.0000
962 964 0.7089 700.0000
962 965 0.6600 700.0000
962 975 0.6345 700.0000
962 976 0.6033 700.0000
962 977 0.4526 700.0000
962 1130 0.8808 700.0000
963 975 0.7908 700.0000
963 976 0.4790 700.0000
963 977 0.6802 700.0000
963 978 0.7829 700.0000
963 1139 0.6925 700.0000
963 1140 0.8264 700.0000
963 1143 0.5570 700.0000
964 966 0.6397 700.0000
964 973 0.8964 700.0000
964 974 0.6337 700.0000
964 975 0.5793 700.0000
964 976 0.4954 700.0000
964 977 0.8731 700.0000
964 1131 0.8480 700.0000
964 1142 0.8910 700.0000
964 1143 0.5610 700.0000
964 1144 0.8576 700.0000
964 1145 0.8793 700.0000
964 1146 0.5698 700.0000
964 1147 0.6511 700.0000
964 1150 0.7979 700.0000
965 967 0.6686 700.0000
965 973 0.5440 700.0000
965 974 0.7310 700.0000
965 975 0.6559 700.0000
965 976 0.8822 700.0000
966 968 0.6035 700.0000
966 969 0.8947 700.0000
966 973 0.6937 700.0000
966 974 0.6048 700.0000
966 975 0.8401 700.0000
966 1146 0.8091 700.0000
966 1150 0.5755 700.0000
967 969 0.5547 700.0000
967 970 0.6459 700.0000
967 972 0.6163 700.0000
967 973 0.5041 700.0000
967 974 0.7265 700.0000
968 970 0.7933 700.0000
968 972 0.5353 700.0000
968 973 0.7239 700.0000
968 974 0.6123 700.0000
968 1113 0.7769 700.0000
968 1114 0.7462 700.0000
968 1117 0.6362 700.0000
968 1118 0.8308 700.0000
968 1129 0.8382 700.0000
968 1150 0.7084 700.0000
969 971 0.6357 700.0000
969 972 0.4117 700.0000
969 973 0.8225 700.0000
969 1117 0.6870 700.0000
969 1122 0.7990 700.0000
970 972 0.6561 700.0000
971 1122 0.7008 700.0000
971 1124 0.7269 700.0000
971 1125 0.8354 700.0000
971 1126 0.8133 700.0000
971 1127 0.7105 700.0000
972 974 0.7621 700.0000
972 1117 0.7109 700.0000
972 1122 0.7877 700.0000
972 1124 0.8707 700.0000
972 1126 0.5900 700.0000
972 1127 0.6328 700.0000
972 1128 0.7185 700.0000
972 1129 0.6946 700.0000
973 975 0.5799 700.0000
973 1127 0.7348 700.0000
973 1128 0.5089 700.0000
973 1129 0.6415 700.0000
973 1130 0.7635 700.0000
974 976 0.6993 700.0000
974 1110 0.7983 700.0000
974 1113 0.7898 700.0000
974 1128 0.8102 700.0000
974 1129 0.4965 700.0000
974 1130 0.7156 700.0000
974 1131 0.6590 700.0000
974 1146 0.7406 700.0000
974 1150 0.7697 700.0000
975 977 0.5402 700.0000
975 1128 0.7388 700.0000
975 1129 0.5922 700.0000
975 1130 0.4671 700.0000
975 1131 0.5316 700.0000
975 1132 0.8297 700.0000
975 1146 0.8952 700.0000
976 978 0.8602 700.0000
976 1130 0.7278 700.0000
976 1131 0.4880 700.0000
976 1132 0.6991 700.0000
976 1133 0.8471 700.0000
976 1139 0.6386 700.0000
976 1140 0.8592 700.0000
976 1142 0.6308 700.0000
976 1143 0.6511 700.0000
976 1146 0.7796 700.0000
977 979 0.6253 700.0000
977 984 0.7060 700.0000
977 1130 0.5653 700.0000
977 1131 0.7132 700.0000
977 1132 0.6333 700.0000
977 1133 0.8486 700.0000
977 1139 0.8944 700.0000
978 980 0.8770 700.0000
978 1132 0.8109 700.0000
978 1133 0.5908 700.0000
978 1134 0.6155 700.0000
978 1135 0.8218 700.0000
978 1136 0.6242 700.0000
978 1139 0.6299 700.0000
979 981 0.6425 700.0000
979 982 0.8336 700.0000
979 983 0.6622 700.0000
979 984 0.5417 700.0000
979 985 0.8979 700.0000
979 1132 0.6132 700.0000
979 1133 0.6289 700.0000
979 1134 0.6489 700.0000
980 982 0.4364 700.0000
980 983 0.4695 700.0000
980 984 0.6723 700.0000
980 1003 0.8819 700.0000
980 1006 0.8541 700.0000
980 1132 0.8021 700.0000
980 1133 0.7609 700.0000
980 1134 0.6015 700.0000
981 983 0.6504 700.0000
981 984 0.5434 700.0000
981 985 0.8761 700.0000
981 986 0.8656 700.0000
981 989 0.6304 700.0000
981 990 0.7706 700.0000
981 1003 0.6676 700.0000
981 1006 0.8403 700.0000
981 1007 0.7063 700.0000
981 1042 0.8986 700.0000
981 1043 0.8923 700.0000
981 1089 0.6630 700.0000
981 1090 0.8713 700.0000
981 1091 0.7626 700.0000
981 1132 0.5744 700.0000
981 1133 0.7437 700.0000
981 1134 0.8104 700.0000
982 984 0.7521 700.0000
982 989 0.8863 700.0000
982 1003 0.8133 700.0000
982 1006 0.6227 700.0000
982 1007 0.5717 700.0000
982 1009 0.8715 700.0000
982 1010 0.5978 700.0000
982 1011 0.8312 700.0000
982 1042 0.6347 700.0000
982 1043 0.7234 700.0000
983 985 0.6917 700.0000
983 1010 0.8856 700.0000
983 1042 0.7718 700.0000
983 1043 0.6082 700.0000
984 986 0.5504 700.0000
984 988 0.8838 700.0000
984 989 0.8067 700.0000
984 1043 0.7162 700.0000
984 1044 0.8848 700.0000
984 1089 0.6921 700.0000
984 1130 0.6895 700.0000
984 1132 0.6916 700.0000
985 987 0.7657 700.0000
985 988 0.8397 700.0000
985 1043 0.5518 700.0000
985 1044 0.7396 700.0000
985 1087 0.7579 700.0000
985 1089 0.8755 700.0000
985 1130 0.8284 700.0000
986 988 0.4737 700.0000
986 989 0.6526 700.0000
986 1043 0.6355 700.0000
986 1044 0.5736 700.0000
986 1045 0.7566 700.0000
986 1085 0.8825 700.0000
986 1086 0.8939 700.0000
986 1087 0.4724 700.0000
986 1088 0.6379 700.0000
986 1089 0.6355 700.0000
986 1128 0.8363 700.0000
986 1130 0.7261 700.0000
987 989 0.8352 700.0000
987 1043 0.8741 700.0000
987 1044 0.6366 700.0000
987 1045 0.4623 700.0000
987 1046 0.7239 700.0000
987 1084 0.8548 700.0000
987 1085 0.5093 700.0000
987 1086 0.5907 700.0000
987 1087 0.4203 700.0000
987 1088 0.7167 700.0000
987 1089 0.8974 700.0000
988 990 0.6793 700.0000
988 1043 0.8873 700.0000
988 1044 0.5867 700.0000
988 1045 0.6772 700.0000
988 1046 0.5970 700.0000
988 1047 0.6962 700.0000
988 1048 0.6631 700.0000
988 1078 0.8238 700.0000
988 1085 0.6518 700.0000
988 1087 0.5679 700.0000
988 1088 0.4761 700.0000
988 1089 0.5338 700.0000
988 1090 0.8718 700.0000
988 1130 0.8840 700.0000
989 991 0.6947 700.0000
989 1007 0.7676 700.0000
989 1039 0.8250 700.0000
989 1042 0.7988 700.0000
989 1043 0.8489 700.0000
989 1044 0.6136 700.0000
989 1046 0.7456 700.0000
989 1047 0.5158 700.0000
989 1048 0.5851 700.0000
989 1049 0.8498 700.0000
989 1088 0.6888 700.0000
989 1089 0.4800 700.0000
989 1090 0.7726 700.0000
989 1091 0.8510 700.0000
990 992 0.6885 700.0000
990 993 0.8996 700.0000
990 1003 0.8250 700.0000
990 1047 0.6834 700.0000
990 1048 0.4692 700.0000
990 1049 0.7179 700.0000
990 1050 0.6466 700.0000
990 1074 0.7307 700.0000
990 1088 0.7350 700.0000
990 1089 0.5089 700.0000
990 1090 0.5283 700.0000
990 1091 0.5506 700.0000
990 1093 0.8024 700.0000
990 1132 0.8897 700.0000
991 993 0.5211 700.0000
991 994 0.8759 700.0000
991 997 0.8713 700.0000
991 999 0.7227 700.0000
991 1002 0.8939 700.0000
991 1003 0.5760 700.0000
991 1004 0.5441 700.0000
991 1007 0.6834 700.0000
991 1035 0.8586 700.0000
991 1047 0.6511 700.0000
991 1048 0.6461 700.0000
991 1049 0.4670 700.0000
991 1050 0.5444 700.0000
991 1051 0.8622 700.0000
991 1091 0.7796 700.0000
991 1093 0.8411 700.0000
992 994 0.7364 700.0000
992 999 0.8023 700.0000
992 1001 0.7793 700.0000
992 1002 0.7615 700.0000
992 1003 0.5627 700.0000
992 1004 0.5887 700.0000
992 1049 0.7189 700.0000
992 1050 0.5381 700.0000
992 1051 0.7315 700.0000
992 1052 0.7575 700.0000
992 1091 0.7220 700.0000
992 1092 0.8253 700.0000
992 1093 0.6140 700.0000
992 1094 0.7408 700.0000
992 1097 0.8893 700.0000
992 1098 0.8345 700.0000
993 995 0.6887 700.0000
993 996 0.8793 700.0000
993 997 0.6478 700.0000
993 998 0.8294 700.0000
993 999 0.7226 700.0000
993 1001 0.8793 700.0000
993 1003 0.8788 700.0000
993 1004 0.7391 700.0000
993 1029 0.8128 700.0000
993 1035 0.8753 700.0000
993 1049 0.6194 700.0000
993 1050 0.4557 700.0000
993 1051 0.4792 700.0000
993 1052 0.6230 700.0000
993 1093 0.7910 700.0000
993 1094 0.8515 700.0000
993 1098 0.8028 700.0000
994 996 0.5067 700.0000
994 997 0.5126 700.0000
994 998 0.5295 700.0000
994 999 0.6943 700.0000
994 1000 0.8378 700.0000
994 1001 0.8908 700.0000
994 1004 0.8965 700.0000
994 1028 0.8595 700.0000
994 1029 0.7462 700.0000
994 1049 0.8618 700.0000
994 1050 0.8194 700.0000
994 1051 0.6619 700.0000
994 1052 0.8068 700.0000
994 1054 0.8931 700.0000
994 1098 0.8476 700.0000
995 997 0.7179 700.0000
995 998 0.8428 700.0000
995 1028 0.5708 700.0000
995 1029 0.5231 700.0000
995 1030 0.6204 700.0000
995 1031 0.7014 700.0000
995 1051 0.5959 700.0000
995 1052 0.7503 700.0000
995 1054 0.8137 700.0000
996 998 0.5067 700.0000
996 1019 0.8827 700.0000
996 1020 0.8757 700.0000
996 1023 0.6806 700.0000
996 1027 0.8107 700.0000
996 1028 0.5083 700.0000
996 1029 0.7167 700.0000
997 999 0.5804 700.0000
997 1016 0.6799 700.0000
997 1019 0.4704 700.0000
997 1020 0.7332 700.0000
997 1022 0.7309 700.0000
997 1023 0.6603 700.0000
997 1027 0.8723 700.0000
997 1028 0.8051 700.0000
997 1029 0.6748 700.0000
997 1035 0.7475 700.0000
997 1049 0.6223 700.0000
997 1050 0.8845 700.0000
997 1051 0.8609 700.0000
998 1000 0.6347 700.0000
998 1001 0.8659 700.0000
998 1004 0.8898 700.0000
998 1016 0.6388 700.0000
998 1019 0.7788 700.0000
998 1020 0.7619 700.0000
999 1001 0.6723 700.0000
999 1002 0.8582 700.0000
999 1003 0.8671 700.0000
999 1004 0.4621 700.0000
999 1005 0.6287 700.0000
999 1006 0.8691 700.0000
999 1007 0.7865 700.0000
999 1008 0.6299 700.0000
999 1013 0.8887 700.0000
999 1015 0.7035 700.0000
999 1016 0.4935 700.0000
999 1019 0.7131 700.0000
999 1049 0.7578 700.0000
1000 1002 0.6374 700.0000
1000 1004 0.6287 700.0000
1000 1005 0.5219 700.0000
1000 1008 0.8994 700.0000
1001 1003 0.6598 700.0000
1001 1004 0.4764 700.0000
1001 1005 0.4732 700.0000
1001 1006 0.7450 700.0000
1001 1097 0.7451 700.0000
1002 1004 0.4856 700.0000
1002 1005 0.5170 700.0000
1002 1006 0.5942 700.0000
1002 1007 0.8174 700.0000
1002 1097 0.7945 700.0000
1003 1005 0.6946 700.0000
1003 1006 0.5341 700.0000
1003 1007 0.5473 700.0000
1003 1091 0.7830 700.0000
1004 1006 0.5165 700.0000
1004 1007 0.4988 700.0000
1004 1008 0.6178 700.0000
1004 1015 0.8844 700.0000
1004 1049 0.8493 700.0000
1005 1007 0.6533 700.0000
1005 1008 0.5174 700.0000
1005 1009 0.5987 700.0000
1005 1010 0.8723 700.0000
1006 1008 0.5526 700.0000
1006 1009 0.5167 700.0000
1006 1010 0.6089 700.0000
1006 1011 0.8278 700.0000
1006 1012 0.8873 700.0000
1007 1009 0.7546 700.0000
1007 1010 0.5932 700.0000
1007 1011 0.6599 700.0000
1007 1012 0.7659 700.0000
1007 1015 0.7484 700.0000
1007 1039 0.8196 700.0000
1007 1042 0.6710 700.0000
1007 1047 0.7587 700.0000
1008 1010 0.5819 700.0000
1008 1011 0.5448 700.0000
1008 1012 0.4243 700.0000
1008 1013 0.6462 700.0000
1008 1014 0.7771 700.0000
1008 1015 0.5385 700.0000
1008 1016 0.6906 700.0000
1008 1041 0.8764 700.0000
1008 1042 0.8820 700.0000
1009 1011 0.7253 700.0000
1009 1012 0.7170 700.0000
1010 1012 0.5583 700.0000
1010 1039 0.8778 700.0000
1010 1040 0.8056 700.0000
1010 1041 0.5521 700.0000
1010 1042 0.5880 700.0000
1011 1013 0.8516 700.0000
1011 1014 0.6301 700.0000
1011 1015 0.6487 700.0000
1011 1038 0.8764 700.0000
1011 1039 0.6031 700.0000
1011 1040 0.4839 700.0000
1011 1041 0.3525 700.0000
1011 1042 0.4941 700.0000
1012 1014 0.4465 700.0000
1012 1015 0.5133 700.0000
1012 1016 0.8193 700.0000
1012 1039 0.7562 700.0000
1012 1040 0.6358 700.0000
1012 1041 0.5430 700.0000
1012 1042 0.7854 700.0000
1013 1015 0.6277 700.0000
1013 1016 0.5269 700.0000
1013 1017 0.6002 700.0000
1013 1018 0.8854 700.0000
1013 1020 0.8650 700.0000
1014 1016 0.8059 700.0000
1014 1017 0.7312 700.0000
1014 1018 0.6519 700.0000
1014 1037 0.8916 700.0000
1014 1038 0.7243 700.0000
1014 1039 0.7289 700.0000
1014 1040 0.5872 700.0000
1014 1041 0.7188 700.0000
1015 1017 0.7552 700.0000
1015 1018 0.5586 700.0000
1015 1019 0.6571 700.0000
1015 1037 0.6005 700.0000
1015 1038 0.5672 700.0000
1015 1039 0.6327 700.0000
1015 1040 0.6987 700.0000
1015 1042 0.8838 700.0000
1015 1047 0.6957 700.0000
1015 1049 0.8300 700.0000
1016 1018 0.7296 700.0000
1016 1019 0.4876 700.0000
1016 1020 0.5239 700.0000
1016 1021 0.8928 700.0000
1017 1019 0.6193 700.0000
1017 1020 0.4443 700.0000
1017 1021 0.5280 700.0000
1018 1020 0.7824 700.0000
1018 1021 0.5629 700.0000
1018 1022 0.7934 700.0000
1018 1036 0.8182 700.0000
1018 1037 0.5130 700.0000
1018 1038 0.5802 700.0000
1018 1039 0.8872 700.0000
1019 1021 0.6182 700.0000
1019 1022 0.5798 700.0000
1019 1023 0.6540 700.0000
1019 1024 0.8952 700.0000
1019 1035 0.7957 700.0000
1019 1036 0.8535 700.0000
1019 1037 0.6846 700.0000
1019 1038 0.8988 700.0000
1019 1049 0.7213 700.0000
1020 1022 0.8542 700.0000
1020 1023 0.6532 700.0000
1020 1024 0.7506 700.0000
1021 1023 0.7397 700.0000
1021 1024 0.6479 700.0000
1021 1025 0.7410 700.0000
1022 1024 0.6725 700.0000
1022 1025 0.6502 700.0000
1022 1026 0.4576 700.0000
1022 1027 0.5955 700.0000
1022 1029 0.7875 700.0000
1022 1035 0.6421 700.0000
1022 1036 0.7393 700.0000
1022 1037 0.8454 700.0000
1022 1049 0.8818 700.0000
1023 1025 0.8091 700.0000
1023 1026 0.6743 700.0000
1023 1027 0.3787 700.0000
1023 1028 0.6087 700.0000
1023 1029 0.7665 700.0000
1024 1026 0.6679 700.0000
1024 1027 0.5778 700.0000
1025 1027 0.8241 700.0000
1027 1029 0.6338 700.0000
1027 1030 0.8908 700.0000
1028 1030 0.7084 700.0000
1029 1031 0.6859 700.0000
1029 1032 0.7831 700.0000
1029 1033 0.5221 700.0000
1029 1034 0.7241 700.0000
1029 1035 0.7168 700.0000
1029 1049 0.8812 700.0000
1029 1050 0.8156 700.0000
1029 1051 0.5831 700.0000
1030 1032 0.5679 700.0000
1030 1033 0.3973 700.0000
1030 1034 0.8463 700.0000
1030 1051 0.6009 700.0000
1030 1052 0.8143 700.0000
1030 1066 0.8686 700.0000
1030 1069 0.8734 700.0000
1031 1033 0.5412 700.0000
1031 1050 0.8548 700.0000
1031 1051 0.4904 700.0000
1031 1052 0.5309 700.0000
1031 1053 0.6510 700.0000
1031 1065 0.8830 700.0000
1031 1066 0.5083 700.0000
1031 1067 0.8739 700.0000
1031 1069 0.6477 700.0000
1031 1070 0.7692 700.0000
1032 1034 0.6790 700.0000
1032 1050 0.7184 700.0000
1032 1051 0.5324 700.0000
1032 1052 0.6391 700.0000
1032 1053 0.8107 700.0000
1032 1065 0.8100 700.0000
1032 1066 0.6114 700.0000
1032 1067 0.7434 700.0000
1032 1068 0.8924 700.0000
1032 1069 0.4318 700.0000
1032 1070 0.4273 700.0000
1032 1071 0.8129 700.0000
1032 1072 0.8120 700.0000
1032 1073 0.6419 700.0000
1033 1035 0.7846 700.0000
1033 1050 0.7922 700.0000
1033 1051 0.6148 700.0000
1033 1052 0.8777 700.0000
1033 1069 0.7302 700.0000
1033 1070 0.7251 700.0000
1033 1073 0.7083 700.0000
1034 1036 0.6813 700.0000
1034 1048 0.6366 700.0000
1034 1049 0.6822 700.0000
1034 1050 0.5898 700.0000
1034 1051 0.7140 700.0000
1034 1070 0.7142 700.0000
1034 1073 0.5507 700.0000
1034 1074 0.6653 700.0000
1034 1077 0.7510 700.0000
1035 1037 0.6704 700.0000
1035 1047 0.7617 700.0000
1035 1048 0.5824 700.0000
1035 1049 0.4232 700.0000
1035 1050 0.6719 700.0000
1035 1051 0.8367 700.0000
1035 1077 0.8512 700.0000
1036 1038 0.6805 700.0000
1036 1046 0.6295 700.0000
1036 1047 0.6095 700.0000
1036 1048 0.5803 700.0000
1036 1049 0.5904 700.0000
1036 1077 0.7167 700.0000
1037 1039 0.6527 700.0000
1037 1040 0.8722 700.0000
1037 1046 0.6012 700.0000
1037 1047 0.4437 700.0000
1037 1048 0.7405 700.0000
1037 1049 0.6109 700.0000
1038 1040 0.5780 700.0000
1038 1042 0.8296 700.0000
1038 1044 0.7773 700.0000
1038 1045 0.8451 700.0000
1038 1046 0.5487 700.0000
1038 1047 0.5008 700.0000
1038 1049 0.8591 700.0000
1039 1041 0.7278 700.0000
1039 1042 0.4555 700.0000
1039 1043 0.7664 700.0000
1039 1044 0.5046 700.0000
1039 1045 0.7513 700.0000
1039 1046 0.6597 700.0000
1039 1047 0.5695 700.0000
1040 1042 0.5018 700.0000
1040 1043 0.8285 700.0000
1040 1044 0.6958 700.0000
1040 1047 0.8633 700.0000
1042 1044 0.4637 700.0000
1042 1047 0.8102 700.0000
1043 1045 0.8248 700.0000
1044 1046 0.6410 700.0000
1044 1047 0.7050 700.0000
1045 1084 0.8567 700.0000
1045 1085 0.7508 700.0000
1045 1087 0.8802 700.0000
1046 1048 0.6834 700.0000
1046 1077 0.7985 700.0000
1046 1082 0.7778 700.0000
1046 1085 0.7730 700.0000
1047 1049 0.5231 700.0000
1048 1050 0.6342 700.0000
1048 1073 0.8971 700.0000
1048 1074 0.6195 700.0000
1048 1077 0.7041 700.0000
1048 1078 0.8844 700.0000
1048 1088 0.8629 700.0000
1048 1089 0.8253 700.0000
1049 1051 0.8093 700.0000
1050 1052 0.6129 700.0000
1050 1070 0.6501 700.0000
1050 1071 0.8713 700.0000
1050 1073 0.8571 700.0000
1050 1074 0.7608 700.0000
1050 1091 0.8838 700.0000
1050 1093 0.6610 700.0000
1051 1053 0.6975 700.0000
1051 1066 0.8536 700.0000
1051 1067 0.8878 700.0000
1051 1070 0.6965 700.0000
1051 1093 0.7865 700.0000
1051 1094 0.8673 700.0000
1051 1098 0.8750 700.0000
1052 1054 0.6896 700.0000
1052 1063 0.8504 700.0000
1052 1066 0.6714 700.0000
1052 1067 0.6591 700.0000
1052 1070 0.7265 700.0000
1052 1093 0.6051 700.0000
1052 1094 0.5617 700.0000
1052 1098 0.6110 700.0000
1052 1100 0.8900 700.0000
1053 1055 0.7451 700.0000
1053 1056 0.8280 700.0000
1053 1062 0.7987 700.0000
1053 1063 0.5250 700.0000
1053 1064 0.7948 700.0000
1053 1065 0.8133 700.0000
1053 1066 0.5322 700.0000
1053 1067 0.5888 700.0000
1053 1070 0.8877 700.0000
1053 1093 0.7197 700.0000
1053 1094 0.5251 700.0000
1053 1098 0.5783 700.0000
1053 1100 0.6427 700.0000
1054 1056 0.7443 700.0000
1054 1063 0.8989 700.0000
1054 1094 0.7736 700.0000
1054 1097 0.7647 700.0000
1054 1098 0.3845 700.0000
1054 1099 0.7807 700.0000
1055 1057 0.5598 700.0000
1055 1058 0.8542 700.0000
1055 1059 0.7520 700.0000
1055 1060 0.6228 700.0000
1055 1062 0.8845 700.0000
1055 1063 0.5730 700.0000
1055 1064 0.8591 700.0000
1055 1094 0.8502 700.0000
1055 1098 0.8591 700.0000
1055 1099 0.6413 700.0000
1055 1100 0.4921 700.0000
1055 1101 0.5931 700.0000
1055 1104 0.8707 700.0000
1056 1058 0.4606 700.0000
1056 1059 0.5031 700.0000
1056 1060 0.7668 700.0000
1056 1062 0.7928 700.0000
1056 1063 0.6058 700.0000
1057 1059 0.7618 700.0000
1057 1060 0.5112 700.0000
1058 1060 0.7680 700.0000
1058 1063 0.8800 700.0000
1059 1061 0.6046 700.0000
1059 1062 0.4494 700.0000
1059 1063 0.5076 700.0000
1059 1064 0.8221 700.0000
1059 1066 0.8422 700.0000
1060 1062 0.7282 700.0000
1060 1063 0.6585 700.0000
1060 1064 0.7350 700.0000
1060 1104 0.8761 700.0000
1061 1063 0.7267 700.0000
1061 1064 0.6262 700.0000
1061 1065 0.7685 700.0000
1062 1064 0.5063 700.0000
1062 1065 0.4834 700.0000
1062 1066 0.4883 700.0000
1062 1067 0.8609 700.0000
1062 1068 0.8702 700.0000
1062 1069 0.8592 700.0000
1063 1065 0.6076 700.0000
1063 1066 0.5003 700.0000
1063 1067 0.7157 700.0000
1063 1100 0.6873 700.0000
1064 1066 0.6577 700.0000
1064 1067 0.5613 700.0000
1064 1068 0.5556 700.0000
1064 1069 0.8863 700.0000
1064 1100 0.7585 700.0000
1064 1104 0.7173 700.0000
1064 1105 0.8530 700.0000
1064 1108 0.6375 700.0000
1065 1067 0.5582 700.0000
1065 1068 0.4120 700.0000
1065 1069 0.4991 700.0000
1065 1070 0.8214 700.0000
1065 1108 0.8522 700.0000
1066 1068 0.7589 700.0000
1066 1069 0.5106 700.0000
1066 1070 0.7999 700.0000
1067 1069 0.7101 700.0000
1067 1070 0.5532 700.0000
1067 1071 0.6148 700.0000
1067 1093 0.6171 700.0000
1067 1094 0.7277 700.0000
1067 1100 0.7364 700.0000
1067 1105 0.6830 700.0000
1067 1108 0.6110 700.0000
1067 1109 0.6760 700.0000
1067 1112 0.8162 700.0000
1068 1070 0.7016 700.0000
1068 1071 0.6619 700.0000
1068 1072 0.7241 700.0000
1068 1108 0.5992 700.0000
1068 1109 0.7889 700.0000
1068 1111 0.8695 700.0000
1068 1112 0.5438 700.0000
1069 1071 0.8338 700.0000
1069 1072 0.7156 700.0000
1069 1073 0.7623 700.0000
1070 1072 0.5432 700.0000
1070 1073 0.4778 700.0000
1070 1074 0.5829 700.0000
1070 1075 0.8373 700.0000
1070 1093 0.7654 700.0000
1070 1109 0.8964 700.0000
1070 1112 0.8872 700.0000
1071 1073 0.6113 700.0000
1071 1074 0.5100 700.0000
1071 1075 0.6088 700.0000
1071 1076 0.8944 700.0000
1071 1090 0.7912 700.0000
1071 1093 0.7914 700.0000
1071 1108 0.8337 700.0000
1071 1109 0.6052 700.0000
1071 1112 0.5880 700.0000
1071 1113 0.6832 700.0000
1071 1116 0.8671 700.0000
1072 1074 0.6092 700.0000
1072 1075 0.5201 700.0000
1072 1076 0.5429 700.0000
1072 1112 0.6994 700.0000
1072 1113 0.8421 700.0000
1072 1116 0.6762 700.0000
1073 1075 0.6182 700.0000
1073 1076 0.5116 700.0000
1073 1077 0.7696 700.0000
1073 1078 0.8964 700.0000
1074 1076 0.6674 700.0000
1074 1077 0.6768 700.0000
1074 1078 0.6563 700.0000
1074 1088 0.8165 700.0000
1074 1090 0.7870 700.0000
1075 1077 0.8096 700.0000
1075 1078 0.5577 700.0000
1075 1079 0.5873 700.0000
1075 1080 0.7939 700.0000
1075 1088 0.8643 700.0000
1075 1112 0.8601 700.0000
1075 1113 0.7006 700.0000
1075 1116 0.6753 700.0000
1075 1117 0.7904 700.0000
1075 1126 0.8652 700.0000
1075 1129 0.8729 700.0000
1076 1078 0.6758 700.0000
1076 1079 0.5714 700.0000
1076 1080 0.5083 700.0000
1076 1081 0.6694 700.0000
1076 1116 0.8579 700.0000
1077 1079 0.7658 700.0000
1077 1080 0.8450 700.0000
1077 1081 0.4448 700.0000
1077 1082 0.5045 700.0000
1077 1083 0.8668 700.0000
1077 1085 0.7422 700.0000
1078 1080 0.7207 700.0000
1078 1081 0.7420 700.0000
1078 1082 0.5783 700.0000
1078 1083 0.7220 700.0000
1078 1085 0.5025 700.0000
1078 1087 0.8672 700.0000
1078 1088 0.7259 700.0000
1078 1124 0.7983 700.0000
1078 1125 0.8959 700.0000
1078 1126 0.6265 700.0000
1079 1081 0.7849 700.0000
1079 1082 0.7957 700.0000
1079 1083 0.7176 700.0000
1079 1085 0.8076 700.0000
1079 1117 0.8910 700.0000
1079 1122 0.6524 700.0000
1079 1123 0.8616 700.0000
1079 1124 0.5396 700.0000
1079 1125 0.8355 700.0000
1079 1126 0.6304 700.0000
1080 1083 0.8272 700.0000
1080 1120 0.8806 700.0000
1080 1122 0.7747 700.0000
1080 1123 0.8298 700.0000
1080 1124 0.7467 700.0000
1081 1083 0.8382 700.0000
1082 1084 0.5118 700.0000
1082 1085 0.4924 700.0000
1082 1125 0.8954 700.0000
1083 1085 0.6022 700.0000
1083 1086 0.8284 700.0000
1083 1123 0.8795 700.0000
1083 1124 0.6343 700.0000
1083 1125 0.5427 700.0000
1083 1126 0.8346 700.0000
1084 1086 0.7523 700.0000
1084 1125 0.7056 700.0000
1085 1087 0.5895 700.0000
1085 1088 0.7311 700.0000
1085 1124 0.8651 700.0000
1085 1125 0.7002 700.0000
1085 1126 0.6424 700.0000
1086 1124 0.8611 700.0000
1086 1125 0.5299 700.0000
1086 1126 0.5991 700.0000
1086 1127 0.5151 700.0000
1086 1128 0.7095 700.0000
1087 1089 0.7343 700.0000
1087 1126 0.6835 700.0000
1087 1127 0.6984 700.0000
1087 1128 0.4927 700.0000
1087 1129 0.7515 700.0000
1087 1130 0.6760 700.0000
1088 1090 0.6012 700.0000
1088 1126 0.7637 700.0000
1088 1128 0.6870 700.0000
1088 1129 0.5131 700.0000
1088 1130 0.5497 700.0000
1088 1131 0.8589 700.0000
1089 1091 0.6556 700.0000
1089 1129 0.7160 700.0000
1089 1130 0.5355 700.0000
1089 1131 0.7105 700.0000
1089 1132 0.6166 700.0000
1090 1092 0.7364 700.0000
1090 1093 0.7850 700.0000
1090 1109 0.7580 700.0000
1090 1129 0.6929 700.0000
1090 1130 0.6997 700.0000
1090 1131 0.5194 700.0000
1090 1132 0.6181 700.0000
1090 1142 0.8635 700.0000
1091 1093 0.5409 700.0000
1091 1094 0.8705 700.0000
1091 1095 0.8705 700.0000
1091 1109 0.8330 700.0000
1091 1131 0.6932 700.0000
1091 1132 0.5828 700.0000
1091 1133 0.7640 700.0000
1091 1142 0.8315 700.0000
1092 1094 0.6154 700.0000
1092 1095 0.4978 700.0000
1092 1096 0.7705 700.0000
1092 1100 0.8453 700.0000
1092 1102 0.7165 700.0000
1092 1105 0.5801 700.0000
1092 1106 0.7027 700.0000
1092 1109 0.7622 700.0000
1092 1131 0.8440 700.0000
1092 1132 0.8060 700.0000
1092 1133 0.7932 700.0000
1092 1138 0.6753 700.0000
1092 1142 0.7141 700.0000
1093 1095 0.6651 700.0000
1093 1096 0.8471 700.0000
1093 1098 0.8166 700.0000
1093 1100 0.7800 700.0000
1093 1105 0.6699 700.0000
1093 1109 0.7619 700.0000
1094 1096 0.5449 700.0000
1094 1097 0.7295 700.0000
1094 1098 0.4663 700.0000
1094 1099 0.7720 700.0000
1094 1100 0.5093 700.0000
1094 1101 0.8188 700.0000
1094 1105 0.6844 700.0000
1095 1097 0.7470 700.0000
1095 1098 0.7452 700.0000
1095 1099 0.7103 700.0000
1095 1100 0.5800 700.0000
1095 1101 0.6729 700.0000
1095 1102 0.5609 700.0000
1095 1105 0.6367 700.0000
1095 1106 0.8905 700.0000
1095 1138 0.7981 700.0000
1096 1098 0.5842 700.0000
1096 1099 0.5544 700.0000
1096 1100 0.7771 700.0000
1096 1101 0.8828 700.0000
1096 1102 0.8638 700.0000
1097 1099 0.6437 700.0000
1098 1100 0.7788 700.0000
1099 1101 0.7437 700.0000
1100 1102 0.7089 700.0000
1100 1104 0.5965 700.0000
1100 1105 0.5116 700.0000
1100 1106 0.8888 700.0000
1100 1108 0.8593 700.0000
1101 1103 0.6400 700.0000
1101 1104 0.5032 700.0000
1101 1105 0.6103 700.0000
1101 1106 0.8637 700.0000
1102 1104 0.6993 700.0000
1102 1105 0.5396 700.0000
1102 1106 0.5759 700.0000
1102 1137 0.7674 700.0000
1102 1138 0.6186 700.0000
1102 1140 0.8827 700.0000
1102 1141 0.6243 700.0000
1102 1142 0.7989 700.0000
1103 1105 0.6793 700.0000
1103 1106 0.5686 700.0000
1103 1107 0.6912 700.0000
1103 1138 0.8931 700.0000
1103 1140 0.8793 700.0000
1103 1141 0.5837 700.0000
1103 1142 0.8793 700.0000
1103 1144 0.8209 700.0000
1103 1145 0.8090 700.0000
1104 1106 0.6427 700.0000
1104 1107 0.5544 700.0000
1104 1108 0.5711 700.0000
1104 1109 0.8856 700.0000
1105 1107 0.7249 700.0000
1105 1108 0.5392 700.0000
1105 1109 0.5686 700.0000
1105 1110 0.8881 700.0000
1105 1141 0.8617 700.0000
1105 1142 0.7782 700.0000
1106 1108 0.6110 700.0000
1106 1109 0.5406 700.0000
1106 1110 0.6477 700.0000
1106 1131 0.8677 700.0000
1106 1138 0.7799 700.0000
1106 1140 0.8835 700.0000
1106 1141 0.5437 700.0000
1106 1142 0.4659 700.0000
1106 1144 0.7813 700.0000
1106 1145 0.5937 700.0000
1106 1146 0.8294 700.0000
1107 1109 0.7470 700.0000
1107 1110 0.6467 700.0000
1107 1111 0.6482 700.0000
1107 1144 0.8517 700.0000
1107 1145 0.5806 700.0000
1107 1146 0.8712 700.0000
1107 1148 0.7289 700.0000
1107 1149 0.6947 700.0000
1108 1110 0.6377 700.0000
1108 1111 0.6348 700.0000
1108 1112 0.5959 700.0000
1108 1113 0.8872 700.0000
1109 1111 0.7598 700.0000
1109 1112 0.5763 700.0000
1109 1113 0.6353 700.0000
1109 1131 0.8004 700.0000
1109 1142 0.7308 700.0000
1109 1145 0.8875 700.0000
1110 1112 0.6139 700.0000
1110 1113 0.5203 700.0000
1110 1114 0.6942 700.0000
1110 1131 0.8179 700.0000
1110 1142 0.7392 700.0000
1110 1145 0.6053 700.0000
1110 1146 0.6032 700.0000
1110 1149 0.5994 700.0000
1110 1150 0.7357 700.0000
1111 1113 0.6745 700.0000
1111 1114 0.4474 700.0000
1111 1115 0.5813 700.0000
1111 1116 0.8720 700.0000
1111 1145 0.8878 700.0000
1111 1149 0.5851 700.0000
1111 1150 0.8637 700.0000
1112 1114 0.6915 700.0000
1112 1115 0.5518 700.0000
1112 1116 0.5930 700.0000
1112 1117 0.8806 700.0000
1113 1115 0.6620 700.0000
1113 1116 0.5698 700.0000
1113 1117 0.6207 700.0000
1113 1129 0.7403 700.0000
1114 1116 0.7149 700.0000
1114 1117 0.7125 700.0000
1114 1118 0.5330 700.0000
1114 1149 0.6574 700.0000
1114 1150 0.7115 700.0000
1115 1117 0.6371 700.0000
1115 1118 0.4775 700.0000
1115 1119 0.8925 700.0000
1116 1118 0.6351 700.0000
1116 1119 0.8520 700.0000
1116 1120 0.6854 700.0000
1117 1119 0.7341 700.0000
1117 1120 0.6435 700.0000
1117 1122 0.6929 700.0000
1118 1120 0.7273 700.0000
1119 1121 0.6229 700.0000
1119 1122 0.8306 700.0000
1120 1122 0.6185 700.0000
1121 1123 0.6843 700.0000
1122 1124 0.4930 700.0000
1122 1126 0.7678 700.0000
1123 1125 0.8105 700.0000
1124 1126 0.5232 700.0000
1124 1127 0.8241 700.0000
1125 1127 0.6628 700.0000
1126 1128 0.6750 700.0000
1126 1129 0.7422 700.0000
1127 1129 0.8953 700.0000
1128 1130 0.5661 700.0000
1129 1131 0.6568 700.0000
1130 1132 0.6604 700.0000
1131 1133 0.7973 700.0000
1131 1139 0.8179 700.0000
1131 1142 0.5090 700.0000
1131 1146 0.8670 700.0000
1132 1134 0.7774 700.0000
1132 1138 0.8298 700.0000
1132 1139 0.7758 700.0000
1132 1142 0.7680 700.0000
1133 1135 0.5194 700.0000
1133 1136 0.7545 700.0000
1133 1137 0.8103 700.0000
1133 1138 0.5408 700.0000
1133 1139 0.5553 700.0000
1133 1142 0.7917 700.0000
1134 1136 0.7338 700.0000
1134 1137 0.8956 700.0000
1134 1138 0.7944 700.0000
1134 1139 0.8408 700.0000
1135 1137 0.5271 700.0000
1135 1138 0.5065 700.0000
1135 1139 0.7284 700.0000
1136 1138 0.6740 700.0000
1136 1139 0.5624 700.0000
1136 1140 0.6938 700.0000
1137 1139 0.5886 700.0000
1137 1140 0.5650 700.0000
1137 1141 0.6841 700.0000
1138 1140 0.5797 700.0000
1138 1141 0.5454 700.0000
1138 1142 0.5837 700.0000
1139 1141 0.5756 700.0000
1139 1142 0.5741 700.0000
1139 1143 0.6616 700.0000
1139 1144 0.8848 700.0000
1140 1142 0.6495 700.0000
1140 1143 0.5146 700.0000
1140 1144 0.5996 700.0000
1140 1145 0.8326 700.0000
1141 1143 0.6407 700.0000
1141 1144 0.4974 700.0000
1141 1145 0.6036 700.0000
1141 1146 0.8080 700.0000
1142 1144 0.7181 700.0000
1142 1145 0.6386 700.0000
1142 1146 0.6947 700.0000
1143 1145 0.6820 700.0000
1143 1146 0.6046 700.0000
1143 1147 0.5060 700.0000
1144 1146 0.5190 700.0000
1144 1147 0.4743 700.0000
1144 1148 0.6665 700.0000
1144 1149 0.8232 700.0000
1145 1147 0.6052 700.0000
1145 1148 0.5648 700.0000
1145 1149 0.5489 700.0000
1145 1150 0.7496 700.0000
1146 1148 0.7192 700.0000
1146 1149 0.5449 700.0000
1146 1150 0.5022 700.0000
1147 1149 0.7818 700.0000
1147 1150 0.7170 700.0000
1148 1150 0.7846 700.0000
1165 1167 0.7090 700.0000
1165 1172 0.7444 700.0000
1165 1173 0.6067 700.0000
1165 1174 0.5653 700.0000
1165 1175 0.7074 700.0000
1165 1337 0.6490 700.0000
1165 1341 0.8846 700.0000
1166 1168 0.6268 700.0000
1166 1171 0.7590 700.0000
1166 1172 0.6738 700.0000
1166 1173 0.4396 700.0000
1166 1174 0.7650 700.0000
1166 1175 0.8959 700.0000
1166 1301 0.8267 700.0000
1166 1305 0.8395 700.0000
1166 1337 0.5502 700.0000
1166 1338 0.8690 700.0000
1166 1340 0.8761 700.0000
1166 1341 0.6240 700.0000
1166 1344 0.8488 700.0000
1166 1346 0.6888 700.0000
1167 1169 0.6655 700.0000
1167 1170 0.7932 700.0000
1167 1171 0.6075 700.0000
1167 1172 0.5525 700.0000
1167 1173 0.7159 700.0000
1167 1346 0.6838 700.0000
1167 1347 0.8652 700.0000
1168 1170 0.7073 700.0000
1168 1171 0.4686 700.0000
1168 1172 0.7173 700.0000
1168 1173 0.7807 700.0000
1168 1304 0.8355 700.0000
1168 1305 0.6644 700.0000
1168 1308 0.5598 700.0000
1168 1309 0.7640 700.0000
1168 1312 0.8524 700.0000
1168 1344 0.7943 700.0000
1168 1346 0.7922 700.0000
1169 1171 0.6204 700.0000
1169 1308 0.5731 700.0000
1169 1309 0.7513 700.0000
1169 1312 0.5338 700.0000
1170 1172 0.7831 700.0000
1170 1308 0.7878 700.0000
1170 1312 0.5910 700.0000
1170 1313 0.7553 700.0000
1170 1314 0.6894 700.0000
1170 1315 0.5217 700.0000
1170 1316 0.7536 700.0000
1171 1173 0.6327 700.0000
1171 1304 0.7041 700.0000
1171 1305 0.8005 700.0000
1171 1307 0.7550 700.0000
1171 1308 0.5746 700.0000
1171 1312 0.8692 700.0000
1171 1314 0.8079 700.0000
1171 1315 0.7532 700.0000
1171 1316 0.5095 700.0000
1171 1317 0.6575 700.0000
1171 1318 0.6631 700.0000
1172 1174 0.5948 700.0000
1172 1315 0.8122 700.0000
1172 1316 0.6273 700.0000
1172 1317 0.4603 700.0000
1172 1318 0.5811 700.0000
1172 1319 0.8276 700.0000
1173 1175 0.7035 700.0000
1173 1301 0.7217 700.0000
1173 1304 0.7162 700.0000
1173 1305 0.8543 700.0000
1173 1316 0.8884 700.0000
1173 1317 0.7363 700.0000
1173 1318 0.4845 700.0000
1173 1319 0.7416 700.0000
1173 1320 0.6666 700.0000
1173 1337 0.6875 700.0000
1174 1176 0.6499 700.0000
1174 1317 0.6764 700.0000
1174 1318 0.5915 700.0000
1174 1319 0.4711 700.0000
1174 1320 0.7121 700.0000
1175 1177 0.7648 700.0000
1175 1319 0.7574 700.0000
1175 1320 0.5632 700.0000
1175 1321 0.7459 700.0000
1175 1322 0.7170 700.0000
1175 1330 0.6358 700.0000
1175 1333 0.6743 700.0000
1175 1334 0.6490 700.0000
1175 1337 0.6599 700.0000
1176 1178 0.5896 700.0000
1176 1183 0.8147 700.0000
1176 1319 0.6368 700.0000
1176 1320 0.7151 700.0000
1176 1321 0.4953 700.0000
1176 1322 0.5795 700.0000
1176 1330 0.7583 700.0000
1177 1179 0.8758 700.0000
1177 1321 0.7646 700.0000
1177 1322 0.5438 700.0000
1177 1323 0.7599 700.0000
1177 1324 0.5077 700.0000
1177 1325 0.8617 700.0000
1177 1326 0.8410 700.0000
1177 1327 0.8118 700.0000
1177 1330 0.5613 700.0000
1178 1180 0.6744 700.0000
1178 1181 0.8108 700.0000
1178 1182 0.7307 700.0000
1178 1183 0.7427 700.0000
1178 1321 0.5237 700.0000
1178 1322 0.5426 700.0000
1178 1323 0.5315 700.0000
1178 1324 0.5156 700.0000
1178 1325 0.8963 700.0000
1178 1326 0.8859 700.0000
1179 1181 0.5150 700.0000
1179 1182 0.4375 700.0000
1179 1183 0.7525 700.0000
1179 1205 0.8186 700.0000
1179 1321 0.7744 700.0000
1179 1322 0.8632 700.0000
1179 1323 0.5778 700.0000
1179 1324 0.6814 700.0000
1180 1182 0.6951 700.0000
1180 1183 0.5304 700.0000
1180 1188 0.6274 700.0000
1180 1189 0.7265 700.0000
1180 1190 0.8484 700.0000
1180 1202 0.6887 700.0000
1180 1205 0.7633 700.0000
1180 1206 0.6960 700.0000
1180 1280 0.6465 700.0000
1180 1281 0.8578 700.0000
1180 1282 0.6241 700.0000
1180 1321 0.5490 700.0000
1180 1322 0.8792 700.0000
1180 1323 0.8893 700.0000
1181 1183 0.6819 700.0000
1181 1188 0.8429 700.0000
1181 1202 0.7760 700.0000
1181 1205 0.5125 700.0000
1181 1206 0.5694 700.0000
1181 1208 0.8283 700.0000
1181 1209 0.6007 700.0000
1181 1240 0.7448 700.0000
1182 1205 0.8640 700.0000
1182 1209 0.7664 700.0000
1182 1241 0.8462 700.0000
1183 1185 0.6698 700.0000
1183 1188 0.7352 700.0000
1183 1240 0.8876 700.0000
1183 1241 0.7431 700.0000
1183 1280 0.6280 700.0000
1183 1319 0.6929 700.0000
1183 1321 0.7000 700.0000
1184 1186 0.7950 700.0000
1184 1188 0.8693 700.0000
1184 1240 0.8989 700.0000
1184 1241 0.5566 700.0000
1184 1242 0.7511 700.0000
1184 1278 0.7965 700.0000
1184 1280 0.8172 700.0000
1184 1319 0.8305 700.0000
1185 1187 0.5115 700.0000
1185 1188 0.6263 700.0000
1185 1240 0.8722 700.0000
1185 1241 0.7313 700.0000
1185 1242 0.5373 700.0000
1185 1243 0.6980 700.0000
1185 1276 0.8890 700.0000
1185 1277 0.8124 700.0000
1185 1278 0.4745 700.0000
1185 1279 0.6743 700.0000
1185 1280 0.6251 700.0000
1185 1317 0.8600 700.0000
1185 1319 0.7905 700.0000
1186 1188 0.8260 700.0000
1186 1242 0.6381 700.0000
1186 1243 0.4498 700.0000
1186 1244 0.6735 700.0000
1186 1271 0.8485 700.0000
1186 1274 0.8977 700.0000
1186 1276 0.5343 700.0000
1186 1277 0.5647 700.0000
1186 1278 0.4034 700.0000
1186 1279 0.7159 700.0000
1186 1280 0.8771 700.0000
1186 1317 0.8933 700.0000
1187 1189 0.6558 700.0000
1187 1242 0.6106 700.0000
1187 1243 0.6888 700.0000
1187 1244 0.6256 700.0000
1187 1245 0.6705 700.0000
1187 1246 0.5503 700.0000
1187 1267 0.8503 700.0000
1187 1271 0.7604 700.0000
1187 1276 0.6852 700.0000
1187 1277 0.8696 700.0000
1187 1278 0.5557 700.0000
1187 1279 0.4598 700.0000
1187 1280 0.5645 700.0000
1187 1281 0.8084 700.0000
1188 1190 0.7201 700.0000
1188 1206 0.7623 700.0000
1188 1237 0.7751 700.0000
1188 1240 0.7004 700.0000
1188 1242 0.5616 700.0000
1188 1244 0.8509 700.0000
1188 1245 0.5293 700.0000
1188 1246 0.6990 700.0000
1188 1247 0.8826 700.0000
1188 1278 0.8883 700.0000
1188 1279 0.7062 700.0000
1188 1280 0.5007 700.0000
1188 1281 0.7745 700.0000
1188 1282 0.8576 700.0000
1189 1191 0.7238 700.0000
1189 1202 0.8474 700.0000
1189 1206 0.8731 700.0000
1189 1245 0.6758 700.0000
1189 1246 0.6002 700.0000
1189 1247 0.7130 700.0000
1189 1248 0.6979 700.0000
1189 1267 0.7641 700.0000
1189 1279 0.7138 700.0000
1189 1280 0.5653 700.0000
1189 1281 0.4979 700.0000
1189 1282 0.5679 700.0000
1189 1284 0.7757 700.0000
1190 1192 0.5503 700.0000
1190 1197 0.8212 700.0000
1190 1202 0.5859 700.0000
1190 1203 0.5785 700.0000
1190 1206 0.6115 700.0000
1190 1245 0.6613 700.0000
1190 1246 0.8273 700.0000
1190 1247 0.4679 700.0000
1190 1248 0.5830 700.0000
1190 1249 0.8864 700.0000
1190 1282 0.7774 700.0000
1190 1284 0.8900 700.0000
1191 1193 0.8058 700.0000
1191 1197 0.8659 700.0000
1191 1199 0.8081 700.0000
1191 1200 0.7039 700.0000
1191 1201 0.7788 700.0000
1191 1202 0.5405 700.0000
1191 1203 0.6076 700.0000
1191 1206 0.8830 700.0000
1191 1247 0.7418 700.0000
1191 1248 0.5203 700.0000
1191 1249 0.7872 700.0000
1191 1250 0.6450 700.0000
1191 1282 0.7483 700.0000
1191 1283 0.8791 700.0000
1191 1284 0.6762 700.0000
1191 1285 0.8228 700.0000
1191 1288 0.8760 700.0000
1191 1289 0.8658 700.0000
1192 1194 0.5970 700.0000
1192 1196 0.7632 700.0000
1192 1197 0.5897 700.0000
1192 1198 0.8632 700.0000
1192 1199 0.6922 700.0000
1192 1200 0.7949 700.0000
1192 1202 0.8295 700.0000
1192 1203 0.6797 700.0000
1192 1218 0.8436 700.0000
1192 1233 0.8957 700.0000
1192 1247 0.6173 700.0000
1192 1248 0.5297 700.0000
1192 1249 0.5464 700.0000
1192 1250 0.6371 700.0000
1193 1195 0.5107 700.0000
1193 1196 0.5010 700.0000
1193 1197 0.6686 700.0000
1193 1198 0.8058 700.0000
1193 1199 0.5626 700.0000
1193 1200 0.8726 700.0000
1193 1249 0.7229 700.0000
1193 1250 0.7328 700.0000
1193 1251 0.8216 700.0000
1194 1196 0.7002 700.0000
1194 1197 0.7805 700.0000
1194 1218 0.8635 700.0000
1194 1222 0.7852 700.0000
1194 1226 0.8789 700.0000
1194 1248 0.8944 700.0000
1194 1249 0.5465 700.0000
1194 1250 0.8078 700.0000
1194 1251 0.6315 700.0000
1195 1197 0.8906 700.0000
1195 1222 0.8985 700.0000
1195 1251 0.8812 700.0000
1196 1198 0.4413 700.0000
1196 1199 0.4869 700.0000
1196 1200 0.8531 700.0000
1196 1203 0.8926 700.0000
1196 1215 0.8672 700.0000
1197 1199 0.6393 700.0000
1197 1200 0.8311 700.0000
1197 1203 0.6194 700.0000
1197 1204 0.8287 700.0000
1197 1207 0.6989 700.0000
1197 1214 0.7493 700.0000
1197 1215 0.5767 700.0000
1197 1218 0.6515 700.0000
1197 1219 0.8395 700.0000
1197 1247 0.8112 700.0000
1198 1200 0.6211 700.0000
1198 1203 0.6200 700.0000
1198 1204 0.5387 700.0000
1198 1207 0.7266 700.0000
1198 1215 0.8197 700.0000
1199 1201 0.7452 700.0000
1199 1202 0.8754 700.0000
1199 1203 0.6483 700.0000
1199 1204 0.6584 700.0000
1199 1288 0.7653 700.0000
1200 1202 0.5552 700.0000
1200 1203 0.4709 700.0000
1200 1204 0.4520 700.0000
1200 1205 0.8057 700.0000
1200 1288 0.6776 700.0000
1201 1203 0.5608 700.0000
1201 1204 0.5265 700.0000
1201 1205 0.6588 700.0000
1201 1206 0.8908 700.0000
1201 1287 0.8364 700.0000
1201 1288 0.7669 700.0000
1202 1204 0.6665 700.0000
1202 1205 0.5493 700.0000
1202 1206 0.5862 700.0000
1202 1282 0.7146 700.0000
1202 1283 0.8692 700.0000
1203 1205 0.5471 700.0000
1203 1206 0.4981 700.0000
1203 1207 0.5966 700.0000
1203 1208 0.8789 700.0000
1204 1206 0.7700 700.0000
1204 1207 0.6618 700.0000
1204 1208 0.7163 700.0000
1205 1207 0.6497 700.0000
1205 1208 0.5248 700.0000
1205 1209 0.6253 700.0000
1205 1210 0.8791 700.0000
1206 1208 0.7242 700.0000
1206 1209 0.6470 700.0000
1206 1210 0.6290 700.0000
1206 1211 0.7924 700.0000
1206 1214 0.7647 700.0000
1206 1240 0.7259 700.0000
1206 1245 0.7873 700.0000
1207 1209 0.7166 700.0000
1207 1210 0.5608 700.0000
1207 1211 0.4715 700.0000
1207 1212 0.6573 700.0000
1207 1214 0.5887 700.0000
1207 1215 0.6962 700.0000
1208 1210 0.7273 700.0000
1208 1211 0.7245 700.0000
1209 1211 0.7006 700.0000
1209 1239 0.6325 700.0000
1209 1240 0.6616 700.0000
1210 1212 0.7073 700.0000
1210 1213 0.6988 700.0000
1210 1214 0.5917 700.0000
1210 1237 0.6314 700.0000
1210 1238 0.5310 700.0000
1210 1239 0.4417 700.0000
1210 1240 0.5521 700.0000
1210 1245 0.8994 700.0000
1211 1213 0.5195 700.0000
1211 1214 0.5334 700.0000
1211 1215 0.7535 700.0000
1211 1216 0.8828 700.0000
1211 1237 0.8663 700.0000
1211 1238 0.6521 700.0000
1211 1239 0.6572 700.0000
1211 1240 0.8703 700.0000
1212 1214 0.6424 700.0000
1212 1215 0.5699 700.0000
1212 1216 0.6579 700.0000
1212 1238 0.8790 700.0000
1213 1215 0.8114 700.0000
1213 1216 0.6338 700.0000
1213 1217 0.7718 700.0000
1213 1238 0.5766 700.0000
1213 1239 0.8303 700.0000
1214 1216 0.6361 700.0000
1214 1217 0.6177 700.0000
1214 1218 0.6403 700.0000
1214 1219 0.8690 700.0000
1214 1235 0.6329 700.0000
1214 1236 0.8230 700.0000
1214 1237 0.7548 700.0000
1214 1238 0.6249 700.0000
1214 1245 0.7178 700.0000
1214 1247 0.7788 700.0000
1215 1217 0.8393 700.0000
1215 1218 0.6366 700.0000
1215 1219 0.5926 700.0000
1216 1218 0.7065 700.0000
1216 1219 0.5406 700.0000
1216 1220 0.6604 700.0000
1216 1221 0.8875 700.0000
1217 1219 0.7504 700.0000
1217 1220 0.6046 700.0000
1217 1221 0.5981 700.0000
1217 1234 0.7899 700.0000
1217 1235 0.5271 700.0000
1217 1236 0.5925 700.0000
1217 1238 0.7630 700.0000
1218 1220 0.6666 700.0000
1218 1221 0.5925 700.0000
1218 1222 0.5748 700.0000
1218 1233 0.6161 700.0000
1218 1234 0.8243 700.0000
1218 1235 0.7200 700.0000
1218 1247 0.6123 700.0000
1219 1221 0.6662 700.0000
1219 1222 0.5561 700.0000
1219 1223 0.6997 700.0000
1220 1222 0.6364 700.0000
1220 1223 0.5042 700.0000
1220 1224 0.5353 700.0000
1220 1225 0.8072 700.0000
1221 1223 0.5861 700.0000
1221 1224 0.5305 700.0000
1221 1225 0.5125 700.0000
1221 1226 0.8439 700.0000
1221 1233 0.6512 700.0000
1221 1234 0.7174 700.0000
1221 1235 0.7825 700.0000
1222 1224 0.7946 700.0000
1222 1225 0.7487 700.0000
1222 1226 0.4764 700.0000
1222 1230 0.8816 700.0000
1222 1233 0.7276 700.0000
1223 1225 0.6780 700.0000
1223 1226 0.6843 700.0000
1225 1227 0.7296 700.0000
1225 1230 0.7602 700.0000
1225 1233 0.7525 700.0000
1225 1234 0.8572 700.0000
1226 1228 0.7143 700.0000
1226 1229 0.7750 700.0000
1226 1230 0.5813 700.0000
1226 1233 0.8081 700.0000
1226 1249 0.8790 700.0000
1227 1229 0.5230 700.0000
1227 1230 0.5297 700.0000
1228 1251 0.7806 700.0000
1228 1253 0.7053 700.0000
1229 1231 0.6538 700.0000
1229 1251 0.8356 700.0000
1230 1232 0.5353 700.0000
1230 1233 0.6190 700.0000
1230 1249 0.7094 700.0000
1230 1251 0.8981 700.0000
1230 1266 0.7508 700.0000
1231 1233 0.7925 700.0000
1231 1248 0.6184 700.0000
1231 1249 0.4851 700.0000
1231 1250 0.7962 700.0000
1231 1251 0.6684 700.0000
1231 1259 0.6485 700.0000
1231 1262 0.7245 700.0000
1231 1263 0.5404 700.0000
1231 1266 0.6015 700.0000
1231 1267 0.8870 700.0000
1232 1234 0.6780 700.0000
1232 1246 0.6303 700.0000
1232 1247 0.6605 700.0000
1232 1248 0.5911 700.0000
1232 1249 0.6272 700.0000
1232 1263 0.6610 700.0000
1232 1266 0.4920 700.0000
1232 1267 0.6381 700.0000
1232 1270 0.7018 700.0000
1233 1235 0.7096 700.0000
1233 1245 0.8389 700.0000
1233 1246 0.7455 700.0000
1233 1247 0.4824 700.0000
1233 1248 0.7545 700.0000
1233 1249 0.6703 700.0000
1234 1236 0.7834 700.0000
1234 1244 0.6732 700.0000
1234 1245 0.6184 700.0000
1234 1246 0.5556 700.0000
1234 1247 0.6275 700.0000
1234 1270 0.8066 700.0000
1234 1274 0.8850 700.0000
1235 1237 0.6474 700.0000
1235 1238 0.7189 700.0000
1235 1244 0.6430 700.0000
1235 1245 0.4184 700.0000
1235 1246 0.7374 700.0000
1235 1247 0.6206 700.0000
1236 1238 0.5031 700.0000
1236 1242 0.8444 700.0000
1236 1243 0.8217 700.0000
1236 1244 0.6226 700.0000
1236 1245 0.7346 700.0000
1237 1239 0.6387 700.0000
1237 1240 0.4540 700.0000
1237 1241 0.8366 700.0000
1237 1242 0.4444 700.0000
1237 1243 0.7346 700.0000
1237 1244 0.6932 700.0000
1237 1245 0.5685 700.0000
1238 1240 0.6627 700.0000
1238 1242 0.7962 700.0000
1238 1245 0.7974 700.0000
1239 1241 0.7812 700.0000
1239 1242 0.8715 700.0000
1240 1242 0.4698 700.0000
1240 1245 0.7844 700.0000
1242 1244 0.6422 700.0000
1242 1245 0.6678 700.0000
1243 1274 0.8776 700.0000
1243 1276 0.7934 700.0000
1243 1278 0.8509 700.0000
1244 1246 0.6744 700.0000
1244 1274 0.6657 700.0000
1244 1276 0.8047 700.0000
1245 1247 0.5286 700.0000
1246 1248 0.8218 700.0000
1246 1266 0.8249 700.0000
1246 1267 0.5398 700.0000
1246 1270 0.6409 700.0000
1246 1271 0.7674 700.0000
1246 1274 0.8295 700.0000
1246 1279 0.7846 700.0000
1246 1281 0.8959 700.0000
1247 1249 0.7104 700.0000
1248 1250 0.5787 700.0000
1248 1259 0.8318 700.0000
1248 1260 0.8618 700.0000
1248 1263 0.6428 700.0000
1248 1266 0.8888 700.0000
1248 1267 0.8213 700.0000
1248 1284 0.7645 700.0000
1249 1251 0.5464 700.0000
1249 1259 0.8207 700.0000
1249 1263 0.8446 700.0000
1250 1252 0.8724 700.0000
1250 1256 0.6655 700.0000
1250 1259 0.5829 700.0000
1250 1260 0.7659 700.0000
1250 1263 0.8880 700.0000
1250 1284 0.8022 700.0000
1250 1285 0.7249 700.0000
1250 1288 0.8785 700.0000
1250 1289 0.5510 700.0000
1251 1253 0.5905 700.0000
1251 1254 0.6353 700.0000
1251 1259 0.7148 700.0000
1252 1254 0.6405 700.0000
1252 1255 0.8366 700.0000
1252 1256 0.8439 700.0000
1253 1255 0.8643 700.0000
1254 1256 0.8502 700.0000
1254 1258 0.6570 700.0000
1254 1259 0.6281 700.0000
1255 1257 0.5401 700.0000
1255 1258 0.4269 700.0000
1255 1259 0.6200 700.0000
1256 1258 0.7837 700.0000
1256 1259 0.6289 700.0000
1256 1260 0.7889 700.0000
1256 1285 0.7299 700.0000
1256 1289 0.5249 700.0000
1256 1290 0.7613 700.0000
1256 1291 0.6198 700.0000
1257 1259 0.5946 700.0000
1257 1260 0.5630 700.0000
1257 1261 0.7264 700.0000
1257 1262 0.8878 700.0000
1257 1285 0.8606 700.0000
1257 1291 0.6694 700.0000
1257 1295 0.7625 700.0000
1257 1296 0.8176 700.0000
1257 1299 0.7275 700.0000
1258 1260 0.7648 700.0000
1258 1261 0.6429 700.0000
1258 1262 0.6190 700.0000
1259 1261 0.7513 700.0000
1259 1262 0.5993 700.0000
1259 1263 0.6448 700.0000
1260 1262 0.7193 700.0000
1260 1263 0.5801 700.0000
1260 1264 0.6496 700.0000
1260 1284 0.6076 700.0000
1260 1285 0.7036 700.0000
1260 1291 0.7996 700.0000
1260 1296 0.6957 700.0000
1260 1299 0.5934 700.0000
1260 1300 0.6586 700.0000
1260 1303 0.8770 700.0000
1261 1263 0.6995 700.0000
1261 1264 0.7125 700.0000
1261 1265 0.6699 700.0000
1261 1299 0.5701 700.0000
1261 1300 0.8040 700.0000
1261 1302 0.8084 700.0000
1261 1303 0.5411 700.0000
1262 1264 0.8294 700.0000
1262 1265 0.6011 700.0000
1262 1266 0.7522 700.0000
1262 1303 0.8600 700.0000
1263 1265 0.6397 700.0000
1263 1266 0.5008 700.0000
1263 1267 0.5514 700.0000
1263 1268 0.8337 700.0000
1263 1284 0.8726 700.0000
1263 1303 0.8893 700.0000
1264 1266 0.7695 700.0000
1264 1267 0.5237 700.0000
1264 1268 0.5657 700.0000
1264 1281 0.6612 700.0000
1264 1284 0.8026 700.0000
1264 1299 0.8152 700.0000
1264 1300 0.5786 700.0000
1264 1303 0.5932 700.0000
1264 1304 0.7235 700.0000
1265 1267 0.7224 700.0000
1265 1268 0.6133 700.0000
1265 1269 0.5068 700.0000
1265 1303 0.6068 700.0000
1265 1306 0.8669 700.0000
1265 1307 0.7792 700.0000
1266 1268 0.7502 700.0000
1266 1269 0.5784 700.0000
1266 1270 0.5446 700.0000
1267 1269 0.6836 700.0000
1267 1270 0.5502 700.0000
1267 1271 0.6626 700.0000
1267 1279 0.7692 700.0000
1267 1281 0.7695 700.0000
1268 1270 0.7181 700.0000
1268 1271 0.5415 700.0000
1268 1272 0.7523 700.0000
1268 1279 0.7640 700.0000
1268 1281 0.8936 700.0000
1268 1303 0.7978 700.0000
1268 1304 0.7229 700.0000
1268 1307 0.5330 700.0000
1268 1311 0.8650 700.0000
1268 1316 0.7902 700.0000
1268 1318 0.8747 700.0000
1269 1271 0.7182 700.0000
1269 1272 0.6437 700.0000
1269 1273 0.6805 700.0000
1269 1307 0.7494 700.0000
1269 1311 0.8531 700.0000
1270 1272 0.7231 700.0000
1270 1273 0.4909 700.0000
1270 1274 0.5961 700.0000
1270 1276 0.8657 700.0000
1271 1273 0.6725 700.0000
1271 1274 0.5770 700.0000
1271 1275 0.7085 700.0000
1271 1276 0.4037 700.0000
1271 1277 0.7671 700.0000
1271 1278 0.7796 700.0000
1271 1279 0.7100 700.0000
1271 1307 0.8809 700.0000
1271 1314 0.7598 700.0000
1271 1316 0.7231 700.0000
1272 1274 0.7144 700.0000
1272 1275 0.6248 700.0000
1272 1276 0.6996 700.0000
1272 1307 0.8374 700.0000
1272 1311 0.7396 700.0000
1272 1314 0.5933 700.0000
1273 1275 0.7616 700.0000
1273 1276 0.8802 700.0000
1274 1276 0.5619 700.0000
1275 1277 0.7621 700.0000
1275 1314 0.7955 700.0000
1276 1278 0.5612 700.0000
1276 1279 0.7420 700.0000
1276 1314 0.7910 700.0000
1276 1316 0.7187 700.0000
1276 1317 0.8993 700.0000
1277 1279 0.7918 700.0000
1277 1314 0.7644 700.0000
1277 1315 0.5812 700.0000
1277 1316 0.5526 700.0000
1277 1317 0.6043 700.0000
1278 1280 0.7004 700.0000
1278 1315 0.8985 700.0000
1278 1316 0.6260 700.0000
1278 1317 0.4948 700.0000
1278 1318 0.7342 700.0000
1278 1319 0.7474 700.0000
1279 1281 0.5400 700.0000
1279 1316 0.6924 700.0000
1279 1317 0.6275 700.0000
1279 1318 0.5237 700.0000
1279 1319 0.6189 700.0000
1279 1320 0.8779 700.0000
1280 1282 0.6849 700.0000
1280 1317 0.8413 700.0000
1280 1318 0.6883 700.0000
1280 1319 0.4718 700.0000
1280 1320 0.7516 700.0000
1280 1321 0.6565 700.0000
1281 1283 0.7804 700.0000
1281 1284 0.6764 700.0000
1281 1300 0.7702 700.0000
1281 1318 0.6741 700.0000
1281 1319 0.7036 700.0000
1281 1320 0.5551 700.0000
1281 1321 0.7177 700.0000
1282 1284 0.4754 700.0000
1282 1285 0.8628 700.0000
1282 1286 0.8801 700.0000
1282 1320 0.6886 700.0000
1282 1321 0.5279 700.0000
1282 1322 0.7447 700.0000
1283 1285 0.5902 700.0000
1283 1286 0.5019 700.0000
1283 1287 0.7709 700.0000
1283 1296 0.7590 700.0000
1283 1297 0.8766 700.0000
1283 1300 0.8509 700.0000
1283 1320 0.7506 700.0000
1283 1321 0.6972 700.0000
1283 1322 0.6526 700.0000
1283 1326 0.8681 700.0000
1283 1329 0.6998 700.0000
1283 1333 0.7670 700.0000
1284 1286 0.6597 700.0000
1284 1287 0.8449 700.0000
1284 1289 0.8815 700.0000
1284 1291 0.8375 700.0000
1284 1296 0.7341 700.0000
1284 1300 0.7197 700.0000
1284 1320 0.8730 700.0000
1285 1287 0.4717 700.0000
1285 1288 0.7336 700.0000
1285 1289 0.5011 700.0000
1285 1290 0.7404 700.0000
1285 1291 0.4306 700.0000
1285 1296 0.6892 700.0000
1286 1288 0.7865 700.0000
1286 1289 0.7446 700.0000
1286 1290 0.7549 700.0000
1286 1291 0.5355 700.0000
1286 1292 0.8350 700.0000
1286 1293 0.6758 700.0000
1286 1296 0.7158 700.0000
1286 1326 0.8720 700.0000
1286 1329 0.6796 700.0000
1287 1289 0.5336 700.0000
1287 1290 0.5639 700.0000
1287 1291 0.6702 700.0000
1288 1290 0.6514 700.0000
1289 1291 0.6382 700.0000
1290 1292 0.8052 700.0000
1291 1293 0.7799 700.0000
1291 1294 0.8606 700.0000
1291 1295 0.6212 700.0000
1291 1296 0.6050 700.0000
1292 1294 0.5425 700.0000
1292 1295 0.5282 700.0000
1292 1296 0.7662 700.0000
1293 1295 0.7126 700.0000
1293 1296 0.6993 700.0000
1293 1297 0.7671 700.0000
1293 1328 0.6731 700.0000
1293 1329 0.5225 700.0000
1293 1331 0.8538 700.0000
1293 1332 0.5714 700.0000
1293 1333 0.7576 700.0000
1294 1296 0.6522 700.0000
1294 1297 0.6540 700.0000
1294 1298 0.6814 700.0000
1294 1329 0.8131 700.0000
1294 1332 0.5743 700.0000
1294 1333 0.8051 700.0000
1294 1335 0.8987 700.0000
1294 1336 0.8479 700.0000
1295 1297 0.5811 700.0000
1295 1298 0.4908 700.0000
1295 1299 0.6104 700.0000
1295 1300 0.8847 700.0000
1296 1298 0.5881 700.0000
1296 1299 0.4956 700.0000
1296 1300 0.5517 700.0000
1296 1301 0.8315 700.0000
1296 1332 0.8649 700.0000
1296 1333 0.7116 700.0000
1297 1299 0.5586 700.0000
1297 1300 0.4999 700.0000
1297 1301 0.5367 700.0000
1297 1302 0.8011 700.0000
1297 1320 0.8342 700.0000
1297 1329 0.8996 700.0000
1297 1332 0.6771 700.0000
1297 1333 0.4951 700.0000
1297 1336 0.5998 700.0000
1298 1300 0.7687 700.0000
1298 1301 0.7105 700.0000
1298 1302 0.6571 700.0000
1298 1333 0.8873 700.0000
1298 1336 0.5921 700.0000
1298 1339 0.8605 700.0000
1298 1340 0.8015 700.0000
1299 1301 0.7505 700.0000
1299 1302 0.5656 700.0000
1299 1303 0.6449 700.0000
1300 1302 0.6911 700.0000
1300 1303 0.6517 700.0000
1300 1304 0.6955 700.0000
1300 1320 0.6865 700.0000
1300 1333 0.7826 700.0000
1301 1303 0.8278 700.0000
1301 1304 0.6159 700.0000
1301 1305 0.6586 700.0000
1301 1320 0.7141 700.0000
1301 1333 0.6895 700.0000
1301 1336 0.5749 700.0000
1301 1337 0.6655 700.0000
1301 1339 0.8968 700.0000
1301 1340 0.6125 700.0000
1302 1304 0.6862 700.0000
1302 1305 0.5833 700.0000
1302 1306 0.6501 700.0000
1302 1336 0.8868 700.0000
1302 1340 0.7117 700.0000
1303 1305 0.7081 700.0000
1303 1306 0.5283 700.0000
1303 1307 0.7521 700.0000
1304 1306 0.6088 700.0000
1304 1307 0.5797 700.0000
1304 1308 0.6436 700.0000
1304 1309 0.8792 700.0000
1304 1316 0.8894 700.0000
1304 1318 0.7099 700.0000
1304 1320 0.8988 700.0000
1305 1307 0.7653 700.0000
1305 1308 0.5682 700.0000
1305 1309 0.6032 700.0000
1305 1340 0.7150 700.0000
1305 1344 0.8595 700.0000
1306 1308 0.5832 700.0000
1306 1309 0.4970 700.0000
1306 1310 0.5726 700.0000
1306 1311 0.8354 700.0000
1307 1309 0.7601 700.0000
1307 1310 0.5905 700.0000
1307 1311 0.4530 700.0000
1307 1312 0.8640 700.0000
1307 1314 0.7521 700.0000
1307 1316 0.7774 700.0000
1308 1310 0.5869 700.0000
1308 1311 0.5893 700.0000
1308 1312 0.6082 700.0000
1308 1314 0.8631 700.0000
1308 1316 0.8745 700.0000
1309 1311 0.7985 700.0000
1309 1312 0.7718 700.0000
1310 1312 0.7471 700.0000
1311 1313 0.7487 700.0000
1311 1314 0.6245 700.0000
1312 1314 0.7490 700.0000
1314 1316 0.5637 700.0000
1315 1317 0.7310 700.0000
1316 1318 0.5901 700.0000
1317 1319 0.6085 700.0000
1318 1320 0.6223 700.0000
1319 1321 0.6528 700.0000
1320 1322 0.7438 700.0000
1320 1333 0.6289 700.0000
1321 1323 0.8065 700.0000
1322 1324 0.6564 700.0000
1322 1325 0.8625 700.0000
1322 1326 0.6089 700.0000
1322 1327 0.8617 700.0000
1322 1329 0.6179 700.0000
1322 1330 0.6046 700.0000
1322 1333 0.7309 700.0000
1323 1325 0.4851 700.0000
1323 1326 0.5031 700.0000
1324 1326 0.5940 700.0000
1324 1327 0.7334 700.0000
1324 1330 0.8708 700.0000
1325 1327 0.5994 700.0000
1326 1328 0.7073 700.0000
1326 1329 0.5064 700.0000
1326 1330 0.8125 700.0000
1327 1329 0.6768 700.0000
1327 1330 0.6322 700.0000
1327 1331 0.5816 700.0000
1328 1330 0.8156 700.0000
1328 1331 0.4572 700.0000
1328 1332 0.7154 700.0000
1329 1331 0.6829 700.0000
1329 1332 0.5813 700.0000
1329 1333 0.5972 700.0000
1330 1332 0.6932 700.0000
1330 1333 0.6723 700.0000
1330 1334 0.5344 700.0000
1330 1335 0.8668 700.0000
1331 1333 0.8445 700.0000
1331 1334 0.6501 700.0000
1331 1335 0.7082 700.0000
1332 1334 0.5293 700.0000
1332 1335 0.4846 700.0000
1332 1336 0.6627 700.0000
1333 1335 0.7268 700.0000
1333 1336 0.6857 700.0000
1333 1337 0.7618 700.0000
1334 1336 0.7009 700.0000
1334 1337 0.5364 700.0000
1334 1338 0.6585 700.0000
1335 1337 0.6784 700.0000
1335 1338 0.5430 700.0000
1335 1339 0.6557 700.0000
1336 1338 0.6185 700.0000
1336 1339 0.4385 700.0000
1336 1340 0.5030 700.0000
1336 1341 0.8780 700.0000
1337 1339 0.7882 700.0000
1337 1340 0.7237 700.0000
1337 1341 0.6126 700.0000
1338 1340 0.6957 700.0000
1338 1341 0.4840 700.0000
1338 1342 0.5344 700.0000
1338 1343 0.8314 700.0000
1339 1341 0.7082 700.0000
1339 1342 0.6429 700.0000
1339 1343 0.5709 700.0000
1340 1342 0.8281 700.0000
1340 1343 0.5251 700.0000
1340 1344 0.7177 700.0000
1341 1343 0.6469 700.0000
1341 1344 0.5446 700.0000
1341 1345 0.6733 700.0000
1341 1346 0.4912 700.0000
1341 1347 0.8345 700.0000
1342 1344 0.7810 700.0000
1342 1345 0.7286 700.0000
1342 1346 0.8091 700.0000
1343 1345 0.7788 700.0000
1344 1346 0.4972 700.0000
1345 1347 0.7091 700.0000
1370 1372 0.5949 700.0000
1371 1373 0.6332 700.0000
1371 1385 0.8821 700.0000
1371 1388 0.7434 700.0000
1372 1374 0.6652 700.0000
1373 1375 0.6933 700.0000
1373 1381 0.5260 700.0000
1373 1384 0.7149 700.0000
1373 1385 0.7625 700.0000
1373 1388 0.8749 700.0000
1374 1376 0.7902 700.0000
1374 1381 0.7426 700.0000
1375 1377 0.6343 700.0000
1375 1378 0.7574 700.0000
1375 1380 0.6908 700.0000
1375 1381 0.5316 700.0000
1376 1380 0.7572 700.0000
1376 1381 0.8610 700.0000
1377 1379 0.4262 700.0000
1377 1380 0.3943 700.0000
1377 1381 0.6499 700.0000
1378 1380 0.6414 700.0000
1378 1381 0.5539 700.0000
1378 1382 0.7321 700.0000
1379 1381 0.7468 700.0000
1379 1382 0.7202 700.0000
1379 1383 0.7428 700.0000
1380 1382 0.8917 700.0000
1380 1383 0.7099 700.0000
1380 1384 0.7602 700.0000
1381 1383 0.7909 700.0000
1381 1384 0.5869 700.0000
1381 1385 0.7282 700.0000
1382 1384 0.6741 700.0000
1382 1385 0.5901 700.0000
1382 1386 0.5950 700.0000
1383 1385 0.7724 700.0000
1383 1386 0.5705 700.0000
1383 1387 0.8151 700.0000
1383 1390 0.8878 700.0000
1384 1386 0.5140 700.0000
1384 1387 0.5671 700.0000
1384 1388 0.5668 700.0000
1384 1389 0.8638 700.0000
1384 1390 0.8537 700.0000
1385 1387 0.8308 700.0000
1385 1388 0.5369 700.0000
1385 1389 0.5468 700.0000
1385 1390 0.8587 700.0000
1386 1388 0.5550 700.0000
1386 1389 0.5382 700.0000
1386 1390 0.4764 700.0000
1386 1391 0.8606 700.0000
1387 1389 0.7964 700.0000
1387 1390 0.5332 700.0000
1387 1391 0.5466 700.0000
1387 1392 0.8854 700.0000
1388 1390 0.6758 700.0000
1388 1391 0.5668 700.0000
1388 1392 0.6044 700.0000
1389 1391 0.6966 700.0000
1389 1392 0.5210 700.0000
1389 1393 0.6740 700.0000
1390 1392 0.8261 700.0000
1390 1393 0.7084 700.0000
1391 1393 0.6013 700.0000
1397 1399 0.6307 700.0000
1397 1439 0.6361 700.0000
1397 1440 0.5928 700.0000
1397 1441 0.5394 700.0000
1397 1442 0.7430 700.0000
1397 1447 0.8015 700.0000
1398 1400 0.5875 700.0000
1398 1438 0.8104 700.0000
1398 1439 0.7528 700.0000
1398 1440 0.5169 700.0000
1398 1441 0.8690 700.0000
1398 1447 0.6840 700.0000
1398 1451 0.6603 700.0000
1399 1401 0.6953 700.0000
1399 1430 0.8946 700.0000
1399 1437 0.6037 700.0000
1399 1438 0.6578 700.0000
1399 1439 0.5819 700.0000
1399 1440 0.6609 700.0000
1400 1402 0.6492 700.0000
1400 1405 0.8377 700.0000
1400 1436 0.8482 700.0000
1400 1437 0.6428 700.0000
1400 1438 0.4535 700.0000
1400 1439 0.8244 700.0000
1400 1440 0.7243 700.0000
1400 1451 0.7190 700.0000
1400 1454 0.6987 700.0000
1400 1455 0.6716 700.0000
1400 1458 0.8316 700.0000
1401 1403 0.7069 700.0000
1401 1434 0.8972 700.0000
1401 1435 0.5361 700.0000
1401 1436 0.6255 700.0000
1401 1437 0.5432 700.0000
1401 1438 0.8439 700.0000
1402 1404 0.4904 700.0000
1402 1405 0.5395 700.0000
1402 1406 0.8388 700.0000
1402 1436 0.6040 700.0000
1402 1437 0.7930 700.0000
1402 1438 0.8055 700.0000
1402 1455 0.8221 700.0000
1402 1458 0.6063 700.0000
1402 1462 0.8475 700.0000
1403 1405 0.6111 700.0000
1403 1406 0.6057 700.0000
1403 1407 0.7936 700.0000
1403 1434 0.6545 700.0000
1403 1435 0.7814 700.0000
1403 1436 0.4639 700.0000
1403 1437 0.8539 700.0000
1404 1406 0.6852 700.0000
1404 1407 0.5570 700.0000
1404 1408 0.7962 700.0000
1404 1436 0.8616 700.0000
1404 1458 0.6065 700.0000
1404 1459 0.8458 700.0000
1404 1461 0.5830 700.0000
1404 1462 0.5575 700.0000
1404 1465 0.7197 700.0000
1405 1407 0.7141 700.0000
1405 1408 0.5248 700.0000
1405 1429 0.6719 700.0000
1405 1431 0.8497 700.0000
1405 1436 0.5346 700.0000
1405 1437 0.8008 700.0000
1405 1438 0.6705 700.0000
1405 1457 0.8954 700.0000
1405 1458 0.7017 700.0000
1405 1461 0.8819 700.0000
1406 1408 0.6550 700.0000
1406 1429 0.8651 700.0000
1406 1431 0.7737 700.0000
1406 1436 0.6469 700.0000
1407 1409 0.8763 700.0000
1407 1461 0.7339 700.0000
1407 1465 0.6218 700.0000
1408 1411 0.8498 700.0000
1408 1412 0.5000 700.0000
1408 1413 0.5572 700.0000
1408 1416 0.8801 700.0000
1408 1429 0.8819 700.0000
1408 1457 0.7541 700.0000
1408 1458 0.8010 700.0000
1408 1461 0.7240 700.0000
1409 1411 0.5931 700.0000
1409 1412 0.4017 700.0000
1409 1413 0.4890 700.0000
1409 1414 0.7736 700.0000
1410 1412 0.8242 700.0000
1410 1413 0.7287 700.0000
1410 1414 0.7224 700.0000
1411 1413 0.7827 700.0000
1411 1414 0.6132 700.0000
1411 1415 0.6347 700.0000
1411 1457 0.8258 700.0000
1412 1414 0.6657 700.0000
1412 1415 0.5767 700.0000
1412 1416 0.7333 700.0000
1412 1457 0.5805 700.0000
1412 1458 0.8870 700.0000
1412 1461 0.7770 700.0000
1413 1415 0.7108 700.0000
1413 1416 0.5590 700.0000
1413 1417 0.7096 700.0000
1413 1429 0.8483 700.0000
1414 1416 0.6882 700.0000
1414 1417 0.5554 700.0000
1414 1418 0.7002 700.0000
1415 1417 0.6221 700.0000
1415 1418 0.5466 700.0000
1415 1419 0.6169 700.0000
1415 1453 0.8112 700.0000
1415 1454 0.8334 700.0000
1415 1457 0.6848 700.0000
1416 1418 0.7278 700.0000
1416 1419 0.5535 700.0000
1416 1420 0.6308 700.0000
1416 1427 0.6115 700.0000
1416 1438 0.8726 700.0000
1416 1450 0.8422 700.0000
1416 1454 0.7125 700.0000
1416 1457 0.7868 700.0000
1417 1419 0.6215 700.0000
1417 1420 0.5022 700.0000
1417 1421 0.5641 700.0000
1417 1422 0.8913 700.0000
1417 1427 0.8024 700.0000
1418 1420 0.7659 700.0000
1418 1421 0.5592 700.0000
1418 1422 0.5926 700.0000
1418 1423 0.8429 700.0000
1419 1421 0.7040 700.0000
1419 1422 0.5490 700.0000
1419 1423 0.5527 700.0000
1419 1425 0.7177 700.0000
1419 1427 0.7899 700.0000
1419 1449 0.7616 700.0000
1419 1450 0.5671 700.0000
1419 1453 0.7123 700.0000
1419 1454 0.8234 700.0000
1420 1422 0.7445 700.0000
1420 1423 0.6372 700.0000
1420 1424 0.8004 700.0000
1420 1425 0.5394 700.0000
1420 1426 0.5809 700.0000
1420 1427 0.5239 700.0000
1420 1450 0.8862 700.0000
1421 1423 0.7192 700.0000
1422 1424 0.7546 700.0000
1422 1425 0.8239 700.0000
1422 1446 0.8410 700.0000
1422 1449 0.8737 700.0000
1423 1425 0.4821 700.0000
1423 1426 0.8742 700.0000
1423 1443 0.8458 700.0000
1423 1446 0.5313 700.0000
1423 1447 0.8944 700.0000
1423 1449 0.7421 700.0000
1423 1450 0.7260 700.0000
1424 1426 0.7838 700.0000
1424 1442 0.6524 700.0000
1424 1443 0.6141 700.0000
1424 1445 0.8946 700.0000
1424 1446 0.5595 700.0000
1424 1447 0.8962 700.0000
1425 1427 0.6344 700.0000
1425 1440 0.6763 700.0000
1425 1441 0.6701 700.0000
1425 1442 0.5674 700.0000
1425 1443 0.6990 700.0000
1425 1446 0.6306 700.0000
1425 1447 0.6875 700.0000
1425 1450 0.6979 700.0000
1426 1428 0.6302 700.0000
1426 1439 0.7165 700.0000
1426 1440 0.5820 700.0000
1426 1441 0.4672 700.0000
1426 1442 0.7172 700.0000
1427 1429 0.7938 700.0000
1427 1438 0.6438 700.0000
1427 1439 0.6930 700.0000
1427 1440 0.5629 700.0000
1427 1441 0.7714 700.0000
1427 1450 0.8304 700.0000
1427 1454 0.8982 700.0000
1428 1430 0.6139 700.0000
1428 1437 0.8279 700.0000
1428 1438 0.6066 700.0000
1428 1439 0.4399 700.0000
1428 1440 0.7114 700.0000
1428 1441 0.7924 700.0000
1429 1431 0.6001 700.0000
1429 1436 0.7342 700.0000
1429 1437 0.7405 700.0000
1429 1438 0.6031 700.0000
1429 1439 0.8599 700.0000
1430 1432 0.6485 700.0000
1430 1435 0.7338 700.0000
1430 1436 0.6254 700.0000
1430 1437 0.4251 700.0000
1430 1438 0.6743 700.0000
1430 1439 0.6671 700.0000
1431 1433 0.7389 700.0000
1431 1434 0.8368 700.0000
1431 1435 0.8050 700.0000
1431 1436 0.5614 700.0000
1431 1437 0.7263 700.0000
1432 1434 0.5528 700.0000
1432 1435 0.5355 700.0000
1432 1436 0.6203 700.0000
1432 1437 0.7303 700.0000
1433 1435 0.7204 700.0000
1433 1436 0.8675 700.0000
1434 1436 0.6523 700.0000
1435 1437 0.4892 700.0000
1436 1438 0.7434 700.0000
1437 1439 0.6971 700.0000
1438 1440 0.6293 700.0000
1438 1454 0.7338 700.0000
1439 1441 0.5993 700.0000
1440 1442 0.7191 700.0000
1440 1447 0.5960 700.0000
1440 1450 0.7097 700.0000
1440 1451 0.7045 700.0000
1440 1454 0.8702 700.0000
1441 1443 0.8518 700.0000
1441 1447 0.8091 700.0000
1442 1444 0.8279 700.0000
1442 1445 0.7858 700.0000
1442 1446 0.6587 700.0000
1442 1447 0.5334 700.0000
1443 1445 0.5113 700.0000
1443 1446 0.4541 700.0000
1443 1447 0.5551 700.0000
1443 1448 0.8246 700.0000
1444 1446 0.8155 700.0000
1444 1447 0.6793 700.0000
1444 1448 0.6196 700.0000
1445 1447 0.5796 700.0000
1445 1448 0.5002 700.0000
1445 1449 0.6412 700.0000
1445 1450 0.8574 700.0000
1446 1448 0.6814 700.0000
1446 1449 0.5632 700.0000
1446 1450 0.6840 700.0000
1447 1449 0.7237 700.0000
1447 1450 0.5592 700.0000
1447 1451 0.5919 700.0000
1447 1452 0.8801 700.0000
1448 1450 0.6639 700.0000
1448 1451 0.5823 700.0000
1448 1452 0.5886 700.0000
1449 1451 0.7239 700.0000
1449 1452 0.6056 700.0000
1449 1453 0.6091 700.0000
1450 1452 0.6499 700.0000
1450 1453 0.5260 700.0000
1450 1454 0.5875 700.0000
1451 1453 0.6354 700.0000
1451 1454 0.5254 700.0000
1451 1455 0.6004 700.0000
1452 1454 0.7536 700.0000
1452 1455 0.6958 700.0000
1452 1456 0.7744 700.0000
1453 1455 0.7606 700.0000
1453 1456 0.5994 700.0000
1453 1457 0.6998 700.0000
1454 1456 0.6978 700.0000
1454 1457 0.5074 700.0000
1454 1458 0.6062 700.0000
1455 1457 0.7321 700.0000
1455 1458 0.5411 700.0000
1455 1459 0.6293 700.0000
1456 1458 0.6690 700.0000
1456 1459 0.5249 700.0000
1456 1460 0.5008 700.0000
1457 1459 0.7031 700.0000
1457 1460 0.5870 700.0000
1457 1461 0.6497 700.0000
1458 1460 0.6893 700.0000
1458 1461 0.5469 700.0000
1458 1462 0.6679 700.0000
1459 1461 0.6438 700.0000
1459 1462 0.5159 700.0000
1459 1463 0.7483 700.0000
1460 1462 0.7839 700.0000
1460 1463 0.7219 700.0000
1460 1464 0.7851 700.0000
1461 1463 0.7127 700.0000
1461 1464 0.5285 700.0000
1461 1465 0.6129 700.0000
1461 1466 0.8870 700.0000
1462 1464 0.8085 700.0000
1462 1465 0.6910 700.0000
1462 1466 0.6888 700.0000
1463 1465 0.7402 700.0000
1463 1466 0.5145 700.0000
1463 1467 0.4543 700.0000
1463 1468 0.8837 700.0000
1463 1470 0.8898 700.0000
1464 1466 0.6760 700.0000
1464 1467 0.5838 700.0000
1464 1468 0.5376 700.0000
1465 1467 0.7833 700.0000
1465 1468 0.4539 700.0000
1465 1469 0.6254 700.0000
1466 1468 0.5866 700.0000
1466 1469 0.5347 700.0000
1466 1470 0.5437 700.0000
1466 1471 0.7850 700.0000
1467 1470 0.6296 700.0000
1467 1471 0.6854 700.0000
1468 1470 0.7761 700.0000
1468 1471 0.5265 700.0000
1468 1472 0.8311 700.0000
1469 1471 0.7212 700.0000
1469 1472 0.5945 700.0000
1469 1473 0.6695 700.0000
1470 1472 0.6832 700.0000
1470 1473 0.6231 700.0000
1470 1474 0.6573 700.0000
1471 1473 0.8226 700.0000
1471 1474 0.8057 700.0000
1471 1475 0.6481 700.0000
1472 1474 0.6673 700.0000
1472 1475 0.4554 700.0000
1472 1476 0.5665 700.0000
1473 1475 0.7601 700.0000
1473 1476 0.5448 700.0000
1474 1476 0.7459 700.0000
1498 1500 0.5701 700.0000
1498 1527 0.7584 700.0000
1498 1528 0.6860 700.0000
1498 1529 0.4747 700.0000
1498 1530 0.7616 700.0000
1498 1570 0.8658 700.0000
1499 1501 0.7883 700.0000
1499 1526 0.4886 700.0000
1499 1527 0.7677 700.0000
1499 1528 0.6118 700.0000
1499 1529 0.8363 700.0000
1499 1567 0.7703 700.0000
1499 1570 0.6897 700.0000
1499 1672 0.7389 700.0000
1500 1502 0.6585 700.0000
1500 1525 0.8782 700.0000
1500 1526 0.5917 700.0000
1500 1527 0.5144 700.0000
1500 1528 0.7375 700.0000
1500 1529 0.7637 700.0000
1501 1503 0.6922 700.0000
1501 1524 0.7748 700.0000
1501 1525 0.6912 700.0000
1501 1526 0.5878 700.0000
1501 1527 0.7385 700.0000
1502 1504 0.6372 700.0000
1502 1505 0.7392 700.0000
1502 1508 0.7246 700.0000
1502 1524 0.8931 700.0000
1502 1525 0.5714 700.0000
1502 1526 0.7301 700.0000
1502 1527 0.6387 700.0000
1502 1671 0.7931 700.0000
1503 1505 0.5961 700.0000
1503 1508 0.7921 700.0000
1503 1525 0.8783 700.0000
1504 1506 0.7856 700.0000
1504 1508 0.6726 700.0000
1504 1509 0.6634 700.0000
1505 1507 0.5555 700.0000
1505 1508 0.4468 700.0000
1505 1509 0.5971 700.0000
1505 1510 0.8371 700.0000
1506 1508 0.6960 700.0000
1506 1509 0.4895 700.0000
1506 1510 0.5236 700.0000
1507 1509 0.7422 700.0000
1507 1510 0.6376 700.0000
1507 1511 0.6816 700.0000
1507 1556 0.8862 700.0000
1508 1510 0.6800 700.0000
1508 1511 0.6062 700.0000
1508 1512 0.7063 700.0000
1508 1525 0.7352 700.0000
1508 1671 0.7645 700.0000
1508 1673 0.7948 700.0000
1509 1511 0.7533 700.0000
1509 1512 0.5589 700.0000
1509 1513 0.6082 700.0000
1510 1512 0.7342 700.0000
1510 1513 0.4789 700.0000
1510 1514 0.6835 700.0000
1511 1513 0.6927 700.0000
1511 1514 0.4355 700.0000
1511 1515 0.5900 700.0000
1511 1556 0.8468 700.0000
1511 1558 0.8844 700.0000
1511 1596 0.8549 700.0000
1511 1617 0.7909 700.0000
1511 1673 0.7273 700.0000
1512 1514 0.7586 700.0000
1512 1515 0.6213 700.0000
1512 1516 0.5139 700.0000
1512 1520 0.8843 700.0000
1512 1521 0.8360 700.0000
1512 1522 0.5014 700.0000
1512 1525 0.8621 700.0000
1512 1673 0.7710 700.0000
1513 1515 0.8274 700.0000
1513 1516 0.5721 700.0000
1513 1517 0.6444 700.0000
1514 1516 0.7544 700.0000
1514 1517 0.5775 700.0000
1514 1518 0.7105 700.0000
1514 1596 0.6810 700.0000
1515 1517 0.7985 700.0000
1515 1518 0.6092 700.0000
1515 1519 0.7415 700.0000
1515 1520 0.4922 700.0000
1515 1521 0.8877 700.0000
1515 1522 0.6579 700.0000
1515 1558 0.8358 700.0000
1515 1596 0.5595 700.0000
1515 1599 0.8811 700.0000
1515 1615 0.7746 700.0000
1515 1673 0.6237 700.0000
1515 1675 0.7201 700.0000
1516 1518 0.7177 700.0000
1516 1519 0.6501 700.0000
1516 1520 0.6297 700.0000
1516 1521 0.6422 700.0000
1516 1522 0.6437 700.0000
1517 1519 0.7808 700.0000
1517 1520 0.8985 700.0000
1518 1520 0.5530 700.0000
1518 1595 0.8252 700.0000
1518 1596 0.5502 700.0000
1518 1597 0.5118 700.0000
1518 1598 0.8766 700.0000
1518 1599 0.8279 700.0000
1518 1600 0.6500 700.0000
1518 1601 0.8478 700.0000
1519 1521 0.7172 700.0000
1519 1596 0.8947 700.0000
1519 1597 0.8418 700.0000
1519 1600 0.6728 700.0000
1519 1604 0.8203 700.0000
1519 1675 0.8646 700.0000
1519 1676 0.7687 700.0000
1519 1677 0.6427 700.0000
1520 1522 0.6762 700.0000
1520 1596 0.7635 700.0000
1520 1599 0.8371 700.0000
1520 1600 0.6557 700.0000
1520 1613 0.7130 700.0000
1520 1615 0.8994 700.0000
1520 1675 0.5414 700.0000
1520 1676 0.6095 700.0000
1520 1677 0.6639 700.0000
1521 1523 0.5816 700.0000
1521 1674 0.8877 700.0000
1521 1675 0.6227 700.0000
1521 1676 0.4271 700.0000
1521 1677 0.7826 700.0000
1522 1524 0.7432 700.0000
1522 1525 0.7525 700.0000
1522 1673 0.6750 700.0000
1522 1674 0.6324 700.0000
1522 1675 0.5207 700.0000
1522 1676 0.6974 700.0000
1523 1525 0.8217 700.0000
1523 1612 0.8426 700.0000
1523 1674 0.5091 700.0000
1523 1675 0.5768 700.0000
1523 1676 0.6378 700.0000
1524 1526 0.5241 700.0000
1524 1672 0.6953 700.0000
1524 1673 0.7609 700.0000
1524 1674 0.4637 700.0000
1524 1675 0.8179 700.0000
1525 1527 0.8262 700.0000
1525 1671 0.6884 700.0000
1525 1672 0.6225 700.0000
1525 1673 0.5123 700.0000
1525 1674 0.6876 700.0000
1526 1528 0.6935 700.0000
1526 1671 0.7484 700.0000
1526 1672 0.4639 700.0000
1526 1673 0.7805 700.0000
1526 1674 0.7657 700.0000
1527 1529 0.6048 700.0000
1527 1669 0.8927 700.0000
1527 1670 0.6814 700.0000
1527 1671 0.5332 700.0000
1527 1672 0.8812 700.0000
1528 1530 0.7118 700.0000
1528 1569 0.8861 700.0000
1528 1570 0.5855 700.0000
1528 1616 0.8274 700.0000
1528 1668 0.7980 700.0000
1528 1669 0.5170 700.0000
1528 1670 0.6101 700.0000
1528 1671 0.6215 700.0000
1528 1672 0.7127 700.0000
1529 1531 0.6461 700.0000
1529 1534 0.8314 700.0000
1529 1570 0.8795 700.0000
1529 1669 0.8685 700.0000
1530 1532 0.5068 700.0000
1530 1533 0.4619 700.0000
1530 1534 0.6545 700.0000
1530 1535 0.8428 700.0000
1530 1570 0.7130 700.0000
1530 1571 0.8594 700.0000
1530 1572 0.8563 700.0000
1530 1668 0.8239 700.0000
1530 1669 0.7674 700.0000
1531 1533 0.7941 700.0000
1531 1534 0.6831 700.0000
1531 1535 0.7527 700.0000
1532 1534 0.7005 700.0000
1532 1535 0.5524 700.0000
1532 1536 0.6642 700.0000
1532 1572 0.8923 700.0000
1533 1535 0.6144 700.0000
1533 1536 0.5514 700.0000
1533 1537 0.6886 700.0000
1533 1570 0.8575 700.0000
1533 1572 0.6918 700.0000
1533 1573 0.6863 700.0000
1533 1664 0.8439 700.0000
1533 1665 0.7488 700.0000
1533 1667 0.7601 700.0000
1533 1668 0.6142 700.0000
1533 1669 0.7147 700.0000
1534 1536 0.6335 700.0000
1534 1537 0.5439 700.0000
1534 1538 0.5522 700.0000
1534 1619 0.8985 700.0000
1534 1668 0.6350 700.0000
1534 1669 0.8658 700.0000
1535 1537 0.6611 700.0000
1535 1538 0.5454 700.0000
1535 1539 0.6790 700.0000
1535 1665 0.8579 700.0000
1536 1538 0.6211 700.0000
1536 1539 0.5693 700.0000
1536 1540 0.6933 700.0000
1536 1664 0.8693 700.0000
1536 1665 0.5077 700.0000
1536 1667 0.8875 700.0000
1536 1668 0.8927 700.0000
1537 1539 0.8988 700.0000
1537 1540 0.6515 700.0000
1537 1541 0.5846 700.0000
1537 1619 0.6548 700.0000
1537 1620 0.8296 700.0000
1537 1621 0.6507 700.0000
1537 1664 0.8408 700.0000
1537 1665 0.6557 700.0000
1537 1666 0.7186 700.0000
1537 1667 0.5915 700.0000
1537 1668 0.5594 700.0000
1538 1540 0.7863 700.0000
1538 1541 0.4937 700.0000
1538 1542 0.7373 700.0000
1539 1542 0.6585 700.0000
1539 1543 0.5880 700.0000
1539 1665 0.8062 700.0000
1540 1542 0.7798 700.0000
1540 1543 0.4673 700.0000
1540 1544 0.5155 700.0000
1540 1545 0.8880 700.0000
1540 1621 0.6895 700.0000
1540 1647 0.8941 700.0000
1540 1663 0.7572 700.0000
1540 1664 0.8573 700.0000
1540 1665 0.5384 700.0000
1540 1666 0.5918 700.0000
1541 1543 0.7898 700.0000
1541 1544 0.5924 700.0000
1541 1545 0.5456 700.0000
1541 1551 0.7524 700.0000
1541 1552 0.5454 700.0000
1541 1554 0.8579 700.0000
1541 1619 0.8893 700.0000
1541 1621 0.6384 700.0000
1542 1544 0.7815 700.0000
1542 1545 0.5252 700.0000
1542 1546 0.5141 700.0000
1543 1545 0.7595 700.0000
1543 1546 0.5915 700.0000
1543 1547 0.7456 700.0000
1544 1546 0.7721 700.0000
1544 1547 0.6198 700.0000
1544 1548 0.6513 700.0000
1544 1552 0.5606 700.0000
1544 1553 0.8667 700.0000
1544 1621 0.6586 700.0000
1544 1622 0.8790 700.0000
1544 1623 0.7428 700.0000
1544 1624 0.8857 700.0000
1544 1647 0.6342 700.0000
1544 1666 0.7806 700.0000
1545 1547 0.8297 700.0000
1545 1548 0.6845 700.0000
1545 1549 0.7700 700.0000
1545 1550 0.8306 700.0000
1545 1551 0.5672 700.0000
1545 1552 0.5568 700.0000
1546 1548 0.7843 700.0000
1546 1549 0.6979 700.0000
1547 1549 0.7270 700.0000
1547 1644 0.6530 700.0000
1547 1645 0.7699 700.0000
1547 1647 0.8409 700.0000
1548 1550 0.5454 700.0000
1548 1551 0.8811 700.0000
1548 1552 0.7579 700.0000
1548 1623 0.8691 700.0000
1548 1624 0.6931 700.0000
1548 1647 0.8805 700.0000
1550 1552 0.8086 700.0000
1550 1624 0.8690 700.0000
1551 1553 0.7382 700.0000
1551 1554 0.8795 700.0000
1552 1554 0.6355 700.0000
1552 1621 0.6317 700.0000
1552 1622 0.7615 700.0000
1552 1623 0.6319 700.0000
1552 1624 0.8604 700.0000
1553 1555 0.6014 700.0000
1553 1620 0.8160 700.0000
1553 1621 0.6528 700.0000
1553 1622 0.4900 700.0000
1553 1623 0.4270 700.0000
1553 1624 0.7483 700.0000
1553 1625 0.8504 700.0000
1553 1647 0.8869 700.0000
1554 1556 0.8313 700.0000
1554 1557 0.8822 700.0000
1554 1619 0.5837 700.0000
1554 1620 0.5774 700.0000
1554 1621 0.5817 700.0000
1554 1622 0.6195 700.0000
1554 1623 0.7590 700.0000
1555 1557 0.6005 700.0000
1555 1594 0.7604 700.0000
1555 1618 0.8610 700.0000
1555 1619 0.7500 700.0000
1555 1620 0.5512 700.0000
1555 1621 0.7742 700.0000
1555 1622 0.5790 700.0000
1555 1623 0.8134 700.0000
1555 1656 0.8991 700.0000
1555 1659 0.7118 700.0000
1556 1558 0.7278 700.0000
1556 1594 0.8691 700.0000
1556 1617 0.5572 700.0000
1556 1618 0.5875 700.0000
1556 1619 0.6813 700.0000
1556 1620 0.8437 700.0000
1556 1670 0.7269 700.0000
1556 1671 0.8479 700.0000
1557 1559 0.8052 700.0000
1557 1592 0.5238 700.0000
1557 1593 0.5548 700.0000
1557 1594 0.6199 700.0000
1557 1617 0.7027 700.0000
1557 1618 0.4887 700.0000
1557 1619 0.7869 700.0000
1557 1620 0.5667 700.0000
1557 1659 0.6835 700.0000
1558 1592 0.7169 700.0000
1558 1593 0.5088 700.0000
1558 1594 0.7113 700.0000
1558 1595 0.7925 700.0000
1558 1596 0.5983 700.0000
1558 1599 0.7522 700.0000
1558 1615 0.6613 700.0000
1558 1616 0.7860 700.0000
1558 1617 0.5480 700.0000
1558 1618 0.6413 700.0000
1558 1673 0.8465 700.0000
1559 1561 0.5724 700.0000
1559 1569 0.8971 700.0000
1559 1574 0.6517 700.0000
1559 1579 0.5791 700.0000
1559 1590 0.7946 700.0000
1559 1591 0.8297 700.0000
1559 1592 0.5191 700.0000
1559 1593 0.7545 700.0000
1559 1599 0.8542 700.0000
1559 1615 0.6774 700.0000
1559 1616 0.5566 700.0000
1559 1618 0.8051 700.0000
1560 1562 0.6507 700.0000
1560 1579 0.6824 700.0000
1560 1599 0.5918 700.0000
1560 1600 0.8438 700.0000
1560 1602 0.7669 700.0000
1560 1603 0.6751 700.0000
1560 1606 0.8437 700.0000
1560 1613 0.6786 700.0000
1560 1614 0.7545 700.0000
1560 1615 0.6006 700.0000
1560 1616 0.8067 700.0000
1561 1563 0.8292 700.0000
1561 1564 0.8180 700.0000
1561 1565 0.6318 700.0000
1561 1566 0.5590 700.0000
1561 1569 0.7901 700.0000
1561 1574 0.8881 700.0000
1561 1578 0.7514 700.0000
1561 1579 0.6241 700.0000
1561 1613 0.8514 700.0000
1561 1614 0.6161 700.0000
1561 1615 0.6710 700.0000
1561 1616 0.6005 700.0000
1561 1672 0.8991 700.0000
1562 1564 0.5255 700.0000
1562 1565 0.4877 700.0000
1562 1566 0.6342 700.0000
1562 1578 0.7710 700.0000
1562 1579 0.7296 700.0000
1562 1614 0.6634 700.0000
1563 1565 0.7484 700.0000
1563 1566 0.5584 700.0000
1563 1567 0.7328 700.0000
1563 1612 0.8562 700.0000
1563 1614 0.6086 700.0000
1564 1566 0.7265 700.0000
1564 1567 0.8815 700.0000
1564 1568 0.8758 700.0000
1564 1578 0.8189 700.0000
1565 1567 0.7892 700.0000
1565 1568 0.6126 700.0000
1565 1569 0.7410 700.0000
1565 1577 0.7381 700.0000
1565 1578 0.4491 700.0000
1565 1579 0.8257 700.0000
1566 1568 0.6442 700.0000
1566 1569 0.5703 700.0000
1566 1570 0.6505 700.0000
1566 1578 0.8353 700.0000
1566 1614 0.6502 700.0000
1566 1616 0.6730 700.0000
1566 1672 0.7308 700.0000
1567 1569 0.6677 700.0000
1567 1570 0.5480 700.0000
1567 1571 0.7149 700.0000
1568 1570 0.5987 700.0000
1568 1571 0.5260 700.0000
1568 1572 0.5481 700.0000
1568 1573 0.6184 700.0000
1568 1574 0.8884 700.0000
1568 1575 0.8469 700.0000
1568 1578 0.6398 700.0000
1569 1571 0.7721 700.0000
1569 1572 0.5828 700.0000
1569 1573 0.3939 700.0000
1569 1574 0.5238 700.0000
1569 1575 0.7639 700.0000
1569 1578 0.6521 700.0000
1569 1616 0.6783 700.0000
1569 1669 0.6725 700.0000
1570 1572 0.7113 700.0000
1570 1573 0.6600 700.0000
1570 1574 0.8521 700.0000
1570 1616 0.7873 700.0000
1570 1669 0.6294 700.0000
1570 1672 0.8420 700.0000
1571 1573 0.7887 700.0000
1572 1574 0.7777 700.0000
1572 1575 0.7116 700.0000
1572 1578 0.8541 700.0000
1572 1664 0.8407 700.0000
1573 1575 0.5472 700.0000
1573 1578 0.7118 700.0000
1573 1664 0.6288 700.0000
1573 1665 0.8852 700.0000
1573 1667 0.7185 700.0000
1573 1668 0.8193 700.0000
1573 1669 0.7152 700.0000
1574 1578 0.7154 700.0000
1574 1579 0.8432 700.0000
1574 1590 0.6764 700.0000
1574 1592 0.7543 700.0000
1574 1616 0.7263 700.0000
1574 1618 0.8099 700.0000
1574 1661 0.8766 700.0000
1574 1663 0.8921 700.0000
1574 1664 0.5888 700.0000
1574 1667 0.5382 700.0000
1574 1668 0.7453 700.0000
1574 1669 0.6572 700.0000
1575 1577 0.5573 700.0000
1575 1578 0.4892 700.0000
1575 1579 0.8481 700.0000
1575 1589 0.8889 700.0000
1575 1590 0.6828 700.0000
1575 1663 0.8145 700.0000
1575 1664 0.6217 700.0000
1576 1578 0.8477 700.0000
1576 1579 0.7380 700.0000
1576 1580 0.5689 700.0000
1576 1581 0.7838 700.0000
1576 1584 0.8754 700.0000
1576 1587 0.8078 700.0000
1576 1588 0.5292 700.0000
1576 1589 0.4401 700.0000
1576 1590 0.6347 700.0000
1576 1591 0.7869 700.0000
1576 1662 0.8614 700.0000
1577 1579 0.7532 700.0000
1577 1580 0.7509 700.0000
1578 1580 0.8587 700.0000
1579 1581 0.6321 700.0000
1579 1589 0.8517 700.0000
1579 1590 0.7286 700.0000
1579 1591 0.7133 700.0000
1579 1592 0.8601 700.0000
1580 1582 0.6603 700.0000
1580 1584 0.7855 700.0000
1580 1589 0.7626 700.0000
1580 1590 0.8533 700.0000
1580 1591 0.7140 700.0000
1581 1583 0.5871 700.0000
1581 1584 0.5413 700.0000
1581 1585 0.8406 700.0000
1581 1587 0.8337 700.0000
1581 1589 0.7934 700.0000
1581 1591 0.5697 700.0000
1582 1584 0.7392 700.0000
1582 1602 0.8700 700.0000
1582 1606 0.8209 700.0000
1583 1585 0.4484 700.0000
1583 1586 0.8128 700.0000
1583 1587 0.8666 700.0000
1583 1630 0.8395 700.0000
1584 1586 0.6841 700.0000
1584 1587 0.4864 700.0000
1584 1588 0.6836 700.0000
1584 1589 0.7757 700.0000
1584 1591 0.7272 700.0000
1584 1630 0.5877 700.0000
1585 1587 0.7374 700.0000
1585 1628 0.8032 700.0000
1585 1629 0.8126 700.0000
1585 1630 0.6337 700.0000
1585 1651 0.8866 700.0000
1586 1591 0.7115 700.0000
1586 1627 0.6975 700.0000
1586 1628 0.4717 700.0000
1586 1629 0.7276 700.0000
1586 1630 0.6851 700.0000
1586 1632 0.8530 700.0000
1586 1649 0.6958 700.0000
1586 1650 0.6401 700.0000
1586 1651 0.5670 700.0000
1586 1658 0.6602 700.0000
1586 1660 0.7133 700.0000
1587 1589 0.5128 700.0000
1587 1590 0.8752 700.0000
1587 1591 0.6499 700.0000
1587 1628 0.7185 700.0000
1587 1629 0.7046 700.0000
1587 1630 0.5176 700.0000
1587 1631 0.7411 700.0000
1587 1632 0.5088 700.0000
1587 1633 0.7451 700.0000
1587 1634 0.8758 700.0000
1587 1649 0.7566 700.0000
1587 1660 0.6460 700.0000
1587 1662 0.7473 700.0000
1588 1590 0.7683 700.0000
1588 1591 0.7750 700.0000
1588 1630 0.7874 700.0000
1588 1631 0.8457 700.0000
1588 1632 0.6346 700.0000
1588 1633 0.5392 700.0000
1588 1634 0.7547 700.0000
1588 1660 0.7825 700.0000
1588 1661 0.8945 700.0000
1588 1662 0.6064 700.0000
1589 1591 0.5083 700.0000
1589 1632 0.8623 700.0000
1589 1633 0.8303 700.0000
1589 1649 0.8888 700.0000
1589 1660 0.5646 700.0000
1589 1661 0.6165 700.0000
1589 1662 0.5328 700.0000
1589 1663 0.8960 700.0000
1590 1592 0.5962 700.0000
1590 1660 0.5812 700.0000
1590 1661 0.4182 700.0000
1590 1662 0.6474 700.0000
1590 1663 0.7139 700.0000
1590 1664 0.7088 700.0000
1590 1666 0.8387 700.0000
1590 1667 0.8489 700.0000
1591 1593 0.8646 700.0000
1591 1649 0.8656 700.0000
1591 1658 0.6838 700.0000
1591 1659 0.8113 700.0000
1591 1660 0.5029 700.0000
1591 1661 0.7484 700.0000
1592 1618 0.7236 700.0000
1592 1620 0.6725 700.0000
1592 1658 0.7534 700.0000
1592 1659 0.6147 700.0000
1592 1660 0.6921 700.0000
1592 1661 0.6708 700.0000
1592 1667 0.8212 700.0000
1593 1595 0.5518 700.0000
1593 1596 0.6889 700.0000
1593 1598 0.7215 700.0000
1593 1599 0.6733 700.0000
1593 1657 0.6471 700.0000
1593 1658 0.5823 700.0000
1593 1659 0.6846 700.0000
1594 1596 0.7906 700.0000
1594 1656 0.6972 700.0000
1594 1657 0.5578 700.0000
1594 1658 0.8058 700.0000
1594 1659 0.7616 700.0000
1595 1597 0.5615 700.0000
1595 1598 0.4316 700.0000
1595 1599 0.6869 700.0000
1595 1600 0.8673 700.0000
1595 1601 0.8954 700.0000
1595 1657 0.5382 700.0000
1595 1658 0.8655 700.0000
1596 1598 0.6800 700.0000
1596 1599 0.5290 700.0000
1596 1600 0.6815 700.0000
1596 1615 0.8606 700.0000
1597 1599 0.7475 700.0000
1597 1600 0.6130 700.0000
1597 1601 0.5303 700.0000
1598 1600 0.6445 700.0000
1598 1601 0.5273 700.0000
1598 1602 0.6121 700.0000
1598 1657 0.7178 700.0000
1599 1601 0.6992 700.0000
1599 1602 0.5416 700.0000
1599 1603 0.6366 700.0000
1599 1604 0.8883 700.0000
1599 1613 0.8725 700.0000
1599 1615 0.7687 700.0000
1600 1602 0.6035 700.0000
1600 1603 0.4908 700.0000
1600 1604 0.5284 700.0000
1600 1605 0.8434 700.0000
1600 1613 0.8427 700.0000
1600 1677 0.7949 700.0000
1601 1603 0.7073 700.0000
1601 1604 0.5878 700.0000
1601 1605 0.6763 700.0000
1602 1604 0.7835 700.0000
1602 1605 0.5995 700.0000
1602 1606 0.6893 700.0000
1603 1605 0.6036 700.0000
1603 1606 0.5051 700.0000
1603 1607 0.5294 700.0000
1603 1608 0.8484 700.0000
1603 1610 0.8787 700.0000
1603 1613 0.7078 700.0000
1603 1677 0.7596 700.0000
1604 1606 0.7972 700.0000
1604 1607 0.6916 700.0000
1604 1608 0.8146 700.0000
1604 1677 0.5918 700.0000
1605 1607 0.7926 700.0000
1606 1608 0.7489 700.0000
1606 1610 0.8442 700.0000
1607 1609 0.5063 700.0000
1607 1610 0.4462 700.0000
1607 1611 0.8360 700.0000
1607 1612 0.8987 700.0000
1607 1613 0.8002 700.0000
1607 1677 0.7915 700.0000
1608 1610 0.6057 700.0000
1608 1611 0.8329 700.0000
1608 1677 0.8888 700.0000
1609 1611 0.6237 700.0000
1610 1612 0.6143 700.0000
1610 1613 0.7633 700.0000
1611 1613 0.8685 700.0000
1611 1676 0.7254 700.0000
1611 1677 0.7513 700.0000
1612 1614 0.5551 700.0000
1612 1674 0.6717 700.0000
1612 1675 0.6391 700.0000
1612 1676 0.6193 700.0000
1612 1677 0.8464 700.0000
1613 1615 0.6639 700.0000
1613 1674 0.6464 700.0000
1613 1675 0.4249 700.0000
1613 1676 0.6098 700.0000
1613 1677 0.7114 700.0000
1614 1616 0.8056 700.0000
1614 1672 0.7036 700.0000
1614 1674 0.5422 700.0000
1614 1675 0.6649 700.0000
1615 1617 0.7305 700.0000
1615 1672 0.6001 700.0000
1615 1673 0.5480 700.0000
1615 1674 0.7152 700.0000
1615 1675 0.6859 700.0000
1616 1618 0.7217 700.0000
1616 1669 0.6484 700.0000
1616 1670 0.8600 700.0000
1616 1671 0.8226 700.0000
1616 1672 0.5130 700.0000
1616 1673 0.7769 700.0000
1617 1619 0.8648 700.0000
1617 1669 0.7685 700.0000
1617 1670 0.5214 700.0000
1617 1671 0.4663 700.0000
1617 1672 0.7831 700.0000
1617 1673 0.6255 700.0000
1618 1620 0.5760 700.0000
1618 1667 0.6713 700.0000
1618 1668 0.5865 700.0000
1618 1669 0.5960 700.0000
1618 1670 0.5341 700.0000
1618 1671 0.7793 700.0000
1619 1621 0.6541 700.0000
1619 1667 0.6564 700.0000
1619 1668 0.5218 700.0000
1619 1669 0.7937 700.0000
1619 1670 0.6415 700.0000
1620 1622 0.5710 700.0000
1620 1623 0.8796 700.0000
1620 1659 0.7649 700.0000
1620 1661 0.7577 700.0000
1620 1666 0.6273 700.0000
1620 1667 0.5572 700.0000
1620 1668 0.7509 700.0000
1621 1623 0.6605 700.0000
1621 1647 0.7551 700.0000
1621 1648 0.8829 700.0000
1621 1661 0.8192 700.0000
1621 1663 0.8761 700.0000
1621 1665 0.8964 700.0000
1621 1666 0.4376 700.0000
1621 1667 0.6690 700.0000
1621 1668 0.8923 700.0000
1622 1624 0.7588 700.0000
1622 1625 0.6366 700.0000
1622 1647 0.6222 700.0000
1622 1648 0.5445 700.0000
1622 1649 0.8481 700.0000
1622 1659 0.6562 700.0000
1622 1660 0.8740 700.0000
1622 1661 0.7854 700.0000
1622 1666 0.7217 700.0000
1623 1625 0.5628 700.0000
1623 1646 0.8154 700.0000
1623 1647 0.5003 700.0000
1623 1648 0.5976 700.0000
1623 1666 0.8943 700.0000
1624 1626 0.8639 700.0000
1624 1638 0.8119 700.0000
1624 1645 0.8170 700.0000
1624 1646 0.6218 700.0000
1624 1647 0.5980 700.0000
1624 1648 0.7643 700.0000
1625 1627 0.8373 700.0000
1625 1646 0.7220 700.0000
1625 1647 0.7797 700.0000
1625 1648 0.5395 700.0000
1625 1649 0.6571 700.0000
1625 1650 0.5836 700.0000
1625 1652 0.8994 700.0000
1625 1653 0.5939 700.0000
1625 1656 0.7804 700.0000
1625 1659 0.7668 700.0000
1626 1628 0.6052 700.0000
1626 1635 0.7862 700.0000
1626 1636 0.6033 700.0000
1626 1637 0.8778 700.0000
1626 1638 0.8942 700.0000
1626 1646 0.5372 700.0000
1626 1647 0.8879 700.0000
1626 1648 0.5980 700.0000
1626 1649 0.4927 700.0000
1626 1650 0.5722 700.0000
1626 1653 0.7021 700.0000
1627 1629 0.7599 700.0000
1627 1649 0.6598 700.0000
1627 1650 0.5121 700.0000
1627 1651 0.6624 700.0000
1627 1652 0.6700 700.0000
1627 1653 0.6352 700.0000
1628 1630 0.6899 700.0000
1628 1632 0.6498 700.0000
1628 1636 0.8665 700.0000
1628 1649 0.5541 700.0000
1628 1650 0.5735 700.0000
1628 1651 0.7190 700.0000
1628 1660 0.8219 700.0000
1629 1631 0.4810 700.0000
1629 1632 0.5131 700.0000
1630 1632 0.5649 700.0000
1631 1633 0.7119 700.0000
1632 1634 0.5637 700.0000
1632 1635 0.6700 700.0000
1632 1636 0.6747 700.0000
1632 1649 0.7501 700.0000
1632 1660 0.8731 700.0000
1632 1662 0.7601 700.0000
1633 1635 0.7409 700.0000
1633 1662 0.6795 700.0000
1634 1636 0.6206 700.0000
1634 1637 0.8675 700.0000
1634 1645 0.8776 700.0000
1634 1662 0.5290 700.0000
1635 1637 0.6893 700.0000
1635 1645 0.5929 700.0000
1635 1646 0.5638 700.0000
1635 1647 0.6814 700.0000
1635 1648 0.6438 700.0000
1635 1649 0.7071 700.0000
1635 1660 0.8781 700.0000
1635 1661 0.8847 700.0000
1635 1662 0.5537 700.0000
1636 1638 0.7071 700.0000
1636 1639 0.8780 700.0000
1636 1645 0.6108 700.0000
1636 1646 0.4607 700.0000
1636 1647 0.8776 700.0000
1636 1648 0.7932 700.0000
1636 1649 0.7681 700.0000
1637 1639 0.5115 700.0000
1637 1640 0.6557 700.0000
1637 1641 0.6954 700.0000
1637 1642 0.5510 700.0000
1637 1643 0.8313 700.0000
1637 1644 0.7324 700.0000
1637 1645 0.5499 700.0000
1637 1646 0.5823 700.0000
1638 1640 0.7922 700.0000
1638 1641 0.8723 700.0000
1638 1642 0.6441 700.0000
1638 1643 0.8988 700.0000
1638 1644 0.5991 700.0000
1638 1645 0.5041 700.0000
1638 1646 0.5010 700.0000
1639 1641 0.5291 700.0000
1639 1642 0.4625 700.0000
1639 1643 0.8715 700.0000
1639 1644 0.7858 700.0000
1639 1645 0.8316 700.0000
1639 1646 0.8879 700.0000
1640 1642 0.5983 700.0000
1641 1643 0.6476 700.0000
1641 1644 0.8505 700.0000
1642 1644 0.5384 700.0000
1642 1645 0.7232 700.0000
1643 1645 0.7435 700.0000
1644 1646 0.8011 700.0000
1645 1647 0.6053 700.0000
1645 1648 0.8680 700.0000
1646 1648 0.5999 700.0000
1646 1649 0.7714 700.0000
1647 1649 0.8372 700.0000
1647 1661 0.8348 700.0000
1647 1662 0.8627 700.0000
1647 1666 0.7310 700.0000
1648 1650 0.6669 700.0000
1648 1659 0.7135 700.0000
1648 1660 0.5792 700.0000
1648 1661 0.6390 700.0000
1648 1662 0.7173 700.0000
1648 1666 0.8285 700.0000
1649 1651 0.7996 700.0000
1649 1658 0.8023 700.0000
1649 1659 0.6758 700.0000
1649 1660 0.4192 700.0000
1649 1661 0.7360 700.0000
1649 1662 0.7345 700.0000
1650 1652 0.5980 700.0000
1650 1653 0.6065 700.0000
1650 1655 0.8706 700.0000
1650 1656 0.6330 700.0000
1650 1657 0.8965 700.0000
1650 1658 0.5794 700.0000
1650 1659 0.5617 700.0000
1650 1660 0.6569 700.0000
1651 1653 0.7422 700.0000
1651 1654 0.8946 700.0000
1651 1655 0.7078 700.0000
1651 1656 0.5992 700.0000
1651 1657 0.6193 700.0000
1651 1658 0.4474 700.0000
1651 1659 0.7265 700.0000
1652 1654 0.4826 700.0000
1652 1655 0.4469 700.0000
1652 1656 0.5319 700.0000
1652 1657 0.7681 700.0000
1652 1658 0.8162 700.0000
1653 1655 0.6569 700.0000
1653 1656 0.6433 700.0000
1654 1656 0.6449 700.0000
1655 1657 0.6197 700.0000
1656 1658 0.6538 700.0000
1656 1659 0.6184 700.0000
1657 1659 0.7654 700.0000
1658 1660 0.6924 700.0000
1659 1661 0.7844 700.0000
1660 1662 0.5958 700.0000
1661 1663 0.5442 700.0000
1661 1664 0.6808 700.0000
1661 1666 0.5290 700.0000
1661 1667 0.7688 700.0000
1662 1664 0.8955 700.0000
1662 1666 0.8146 700.0000
1663 1665 0.5231 700.0000
1663 1666 0.4391 700.0000
1663 1667 0.7243 700.0000
1664 1666 0.5303 700.0000
1664 1667 0.4803 700.0000
1664 1668 0.8521 700.0000
1665 1667 0.6735 700.0000
1667 1669 0.6525 700.0000
1668 1670 0.5709 700.0000
1669 1671 0.7624 700.0000
1669 1672 0.8748 700.0000
1671 1673 0.6479 700.0000
1672 1674 0.6151 700.0000
1672 1675 0.8974 700.0000
1673 1675 0.7039 700.0000
1674 1676 0.7538 700.0000
1675 1677 0.7922 700.0000
